  0
SECTION
  2
HEADER
  9
$ACADVER
  1
AC1032
  9
$ACADMAINTVER
 90
      329
  9
$DWGCODEPAGE
  3
ANSI_1251
  9
$LASTSAVEDBY
  1
Анастасия
  9
$REQUIREDVERSIONS
160
                 0
  9
$INSBASE
 10
0.0
 20
0.0
 30
0.0
  9
$EXTMIN
 10
192.735705352411
 20
4067.354002138722
 30
0.0
  9
$EXTMAX
 10
2230.315009815472
 20
4644.942726812888
 30
0.0
  9
$LIMMIN
 10
0.0
 20
0.0
  9
$LIMMAX
 10
420.0
 20
297.0
  9
$ORTHOMODE
 70
     0
  9
$REGENMODE
 70
     1
  9
$FILLMODE
 70
     1
  9
$QTEXTMODE
 70
     0
  9
$MIRRTEXT
 70
     0
  9
$LTSCALE
 40
1.0
  9
$ATTMODE
 70
     1
  9
$TEXTSIZE
 40
72.86919132998446
  9
$TRACEWID
 40
1.0
  9
$TEXTSTYLE
  7
Standard
  9
$CLAYER
  8
0
  9
$CELTYPE
  6
ByLayer
  9
$CECOLOR
 62
    40
  9
$CELTSCALE
 40
1.0
  9
$DISPSILH
 70
     0
  9
$DIMSCALE
 40
1.0
  9
$DIMASZ
 40
2.5
  9
$DIMEXO
 40
0.625
  9
$DIMDLI
 40
3.75
  9
$DIMRND
 40
0.0
  9
$DIMDLE
 40
0.0
  9
$DIMEXE
 40
1.25
  9
$DIMTP
 40
0.0
  9
$DIMTM
 40
0.0
  9
$DIMTXT
 40
2.5
  9
$DIMCEN
 40
2.5
  9
$DIMTSZ
 40
0.0
  9
$DIMTOL
 70
     0
  9
$DIMLIM
 70
     0
  9
$DIMTIH
 70
     0
  9
$DIMTOH
 70
     0
  9
$DIMSE1
 70
     0
  9
$DIMSE2
 70
     0
  9
$DIMTAD
 70
     1
  9
$DIMZIN
 70
     8
  9
$DIMBLK
  1

  9
$DIMASO
 70
     1
  9
$DIMSHO
 70
     1
  9
$DIMPOST
  1

  9
$DIMAPOST
  1

  9
$DIMALT
 70
     0
  9
$DIMALTD
 70
     3
  9
$DIMALTF
 40
0.03937007874016
  9
$DIMLFAC
 40
1.0
  9
$DIMTOFL
 70
     1
  9
$DIMTVP
 40
0.0
  9
$DIMTIX
 70
     0
  9
$DIMSOXD
 70
     0
  9
$DIMSAH
 70
     0
  9
$DIMBLK1
  1

  9
$DIMBLK2
  1

  9
$DIMSTYLE
  2
ISO-25
  9
$DIMCLRD
 70
     0
  9
$DIMCLRE
 70
     0
  9
$DIMCLRT
 70
     0
  9
$DIMTFAC
 40
1.0
  9
$DIMGAP
 40
0.625
  9
$DIMJUST
 70
     0
  9
$DIMSD1
 70
     0
  9
$DIMSD2
 70
     0
  9
$DIMTOLJ
 70
     0
  9
$DIMTZIN
 70
     8
  9
$DIMALTZ
 70
     0
  9
$DIMALTTZ
 70
     0
  9
$DIMUPT
 70
     0
  9
$DIMDEC
 70
     2
  9
$DIMTDEC
 70
     2
  9
$DIMALTU
 70
     2
  9
$DIMALTTD
 70
     3
  9
$DIMTXSTY
  7
Standard
  9
$DIMAUNIT
 70
     0
  9
$DIMADEC
 70
     0
  9
$DIMALTRND
 40
0.0
  9
$DIMAZIN
 70
     0
  9
$DIMDSEP
 70
    44
  9
$DIMATFIT
 70
     3
  9
$DIMFRAC
 70
     0
  9
$DIMLDRBLK
  1

  9
$DIMLUNIT
 70
     2
  9
$DIMLWD
 70
    -2
  9
$DIMLWE
 70
    -2
  9
$DIMTMOVE
 70
     0
  9
$DIMFXL
 40
1.0
  9
$DIMFXLON
 70
     0
  9
$DIMJOGANG
 40
0.7853981633974483
  9
$DIMTFILL
 70
     0
  9
$DIMTFILLCLR
 70
     0
  9
$DIMARCSYM
 70
     0
  9
$DIMLTYPE
  6

  9
$DIMLTEX1
  6

  9
$DIMLTEX2
  6

  9
$DIMTXTDIRECTION
 70
     0
  9
$LUNITS
 70
     2
  9
$LUPREC
 70
     4
  9
$SKETCHINC
 40
1.0
  9
$FILLETRAD
 40
35.0
  9
$AUNITS
 70
     0
  9
$AUPREC
 70
     0
  9
$MENU
  1
.
  9
$ELEVATION
 40
0.0
  9
$PELEVATION
 40
0.0
  9
$THICKNESS
 40
0.0
  9
$LIMCHECK
 70
     0
  9
$CHAMFERA
 40
0.0
  9
$CHAMFERB
 40
0.0
  9
$CHAMFERC
 40
0.0
  9
$CHAMFERD
 40
0.0
  9
$SKPOLY
 70
     0
  9
$TDCREATE
 40
2461187.884641204
  9
$TDUCREATE
 40
2461187.759641204
  9
$TDUPDATE
 40
2461195.197094907
  9
$TDUUPDATE
 40
2461195.072094908
  9
$TDINDWG
 40
7.2076967593
  9
$TDUSRTIMER
 40
7.2076967593
  9
$USRTIMER
 70
     1
  9
$ANGBASE
 50
0.0
  9
$ANGDIR
 70
     0
  9
$PDMODE
 70
     0
  9
$PDSIZE
 40
0.0
  9
$PLINEWID
 40
0.0
  9
$SPLFRAME
 70
     0
  9
$SPLINETYPE
 70
     6
  9
$SPLINESEGS
 70
     8
  9
$HANDSEED
  5
3728
  9
$SURFTAB1
 70
     6
  9
$SURFTAB2
 70
     6
  9
$SURFTYPE
 70
     6
  9
$SURFU
 70
     6
  9
$SURFV
 70
     6
  9
$UCSBASE
  2

  9
$UCSNAME
  2

  9
$UCSORG
 10
0.0
 20
0.0
 30
0.0
  9
$UCSXDIR
 10
1.0
 20
0.0
 30
0.0
  9
$UCSYDIR
 10
0.0
 20
1.0
 30
0.0
  9
$UCSORTHOREF
  2

  9
$UCSORTHOVIEW
 70
     0
  9
$UCSORGTOP
 10
0.0
 20
0.0
 30
0.0
  9
$UCSORGBOTTOM
 10
0.0
 20
0.0
 30
0.0
  9
$UCSORGLEFT
 10
0.0
 20
0.0
 30
0.0
  9
$UCSORGRIGHT
 10
0.0
 20
0.0
 30
0.0
  9
$UCSORGFRONT
 10
0.0
 20
0.0
 30
0.0
  9
$UCSORGBACK
 10
0.0
 20
0.0
 30
0.0
  9
$PUCSBASE
  2

  9
$PUCSNAME
  2

  9
$PUCSORG
 10
0.0
 20
0.0
 30
0.0
  9
$PUCSXDIR
 10
1.0
 20
0.0
 30
0.0
  9
$PUCSYDIR
 10
0.0
 20
1.0
 30
0.0
  9
$PUCSORTHOREF
  2

  9
$PUCSORTHOVIEW
 70
     0
  9
$PUCSORGTOP
 10
0.0
 20
0.0
 30
0.0
  9
$PUCSORGBOTTOM
 10
0.0
 20
0.0
 30
0.0
  9
$PUCSORGLEFT
 10
0.0
 20
0.0
 30
0.0
  9
$PUCSORGRIGHT
 10
0.0
 20
0.0
 30
0.0
  9
$PUCSORGFRONT
 10
0.0
 20
0.0
 30
0.0
  9
$PUCSORGBACK
 10
0.0
 20
0.0
 30
0.0
  9
$USERI1
 70
     0
  9
$USERI2
 70
     0
  9
$USERI3
 70
     0
  9
$USERI4
 70
     0
  9
$USERI5
 70
     0
  9
$USERR1
 40
0.0
  9
$USERR2
 40
0.0
  9
$USERR3
 40
0.0
  9
$USERR4
 40
0.0
  9
$USERR5
 40
0.0
  9
$WORLDVIEW
 70
     1
  9
$SHADEDGE
 70
     3
  9
$SHADEDIF
 70
    70
  9
$TILEMODE
 70
     1
  9
$MAXACTVP
 70
    64
  9
$PINSBASE
 10
0.0
 20
0.0
 30
0.0
  9
$PLIMCHECK
 70
     0
  9
$PEXTMIN
 10
0.0
 20
0.0
 30
0.0
  9
$PEXTMAX
 10
0.0
 20
0.0
 30
0.0
  9
$PLIMMIN
 10
0.0
 20
0.0
  9
$PLIMMAX
 10
12.0
 20
9.0
  9
$UNITMODE
 70
     0
  9
$VISRETAIN
 70
     1
  9
$PLINEGEN
 70
     0
  9
$PSLTSCALE
 70
     1
  9
$TREEDEPTH
 70
  3020
  9
$CMLSTYLE
  2
Standard
  9
$CMLJUST
 70
     0
  9
$CMLSCALE
 40
20.0
  9
$PROXYGRAPHICS
 70
     1
  9
$MEASUREMENT
 70
     1
  9
$CELWEIGHT
370
    -1
  9
$ENDCAPS
280
     0
  9
$JOINSTYLE
280
     0
  9
$LWDISPLAY
290
     0
  9
$INSUNITS
 70
     4
  9
$HYPERLINKBASE
  1

  9
$STYLESHEET
  1

  9
$XEDIT
290
     1
  9
$CEPSNTYPE
380
     0
  9
$PSTYLEMODE
290
     1
  9
$FINGERPRINTGUID
  2
{50397474-0502-394F-A0AF-69C2F4D3FBEA}
  9
$VERSIONGUID
  2
{A80A74F9-C7E2-8141-8ED9-E6EE9973F0D3}
  9
$EXTNAMES
290
     1
  9
$PSVPSCALE
 40
0.0
  9
$OLESTARTUP
290
     0
  9
$SORTENTS
280
   127
  9
$INDEXCTL
280
     0
  9
$HIDETEXT
280
     1
  9
$XCLIPFRAME
280
     2
  9
$HALOGAP
280
     0
  9
$OBSCOLOR
 70
   257
  9
$OBSLTYPE
280
     0
  9
$INTERSECTIONDISPLAY
280
     0
  9
$INTERSECTIONCOLOR
 70
   257
  9
$DIMASSOC
280
     2
  9
$PROJECTNAME
  1

  9
$CAMERADISPLAY
290
     0
  9
$LENSLENGTH
 40
50.0
  9
$CAMERAHEIGHT
 40
0.0
  9
$STEPSPERSEC
 40
2.0
  9
$STEPSIZE
 40
6.0
  9
$3DDWFPREC
 40
2.0
  9
$PSOLWIDTH
 40
5.0
  9
$PSOLHEIGHT
 40
80.0
  9
$LOFTANG1
 40
1.570796326794896
  9
$LOFTANG2
 40
1.570796326794896
  9
$LOFTMAG1
 40
0.0
  9
$LOFTMAG2
 40
0.0
  9
$LOFTPARAM
 70
     7
  9
$LOFTNORMALS
280
     1
  9
$LATITUDE
 40
37.795
  9
$LONGITUDE
 40
-122.394
  9
$NORTHDIRECTION
 40
0.0
  9
$TIMEZONE
 70
 -8000
  9
$LIGHTGLYPHDISPLAY
280
     1
  9
$TILEMODELIGHTSYNCH
280
     1
  9
$CMATERIAL
347
EC
  9
$SOLIDHIST
280
     0
  9
$SHOWHIST
280
     1
  9
$DWFFRAME
280
     2
  9
$DGNFRAME
280
     0
  9
$REALWORLDSCALE
290
     1
  9
$INTERFERECOLOR
 62
     1
  9
$INTERFEREOBJVS
345
F9
  9
$INTERFEREVPVS
346
F6
  9
$CSHADOW
280
     0
  9
$SHADOWPLANELOCATION
 40
0.0
  0
ENDSEC
  0
SECTION
  2
CLASSES
  0
CLASS
  1
ACDBDICTIONARYWDFLT
  2
AcDbDictionaryWithDefault
  3
ObjectDBX Classes
 90
        0
 91
        1
280
     0
281
     0
  0
CLASS
  1
DICTIONARYVAR
  2
AcDbDictionaryVar
  3
ObjectDBX Classes
 90
        0
 91
       11
280
     0
281
     0
  0
CLASS
  1
TABLESTYLE
  2
AcDbTableStyle
  3
ObjectDBX Classes
 90
     4095
 91
        1
280
     0
281
     0
  0
CLASS
  1
MATERIAL
  2
AcDbMaterial
  3
ObjectDBX Classes
 90
     1153
 91
        3
280
     0
281
     0
  0
CLASS
  1
VISUALSTYLE
  2
AcDbVisualStyle
  3
ObjectDBX Classes
 90
     4095
 91
       24
280
     0
281
     0
  0
CLASS
  1
SCALE
  2
AcDbScale
  3
ObjectDBX Classes
 90
     1153
 91
       17
280
     0
281
     0
  0
CLASS
  1
MLEADERSTYLE
  2
AcDbMLeaderStyle
  3
ACDB_MLEADERSTYLE_CLASS
 90
     4095
 91
        2
280
     0
281
     0
  0
CLASS
  1
CELLSTYLEMAP
  2
AcDbCellStyleMap
  3
ObjectDBX Classes
 90
     1152
 91
        2
280
     0
281
     0
  0
CLASS
  1
EXACXREFPANELOBJECT
  2
ExAcXREFPanelObject
  3
EXAC_ESW
 90
     1025
 91
        0
280
     0
281
     0
  0
CLASS
  1
NPOCOLLECTION
  2
AcDbImpNonPersistentObjectsCollection
  3
ObjectDBX Classes
 90
     1153
 91
        0
280
     0
281
     0
  0
CLASS
  1
LAYER_INDEX
  2
AcDbLayerIndex
  3
ObjectDBX Classes
 90
        0
 91
        0
280
     0
281
     0
  0
CLASS
  1
SPATIAL_INDEX
  2
AcDbSpatialIndex
  3
ObjectDBX Classes
 90
        0
 91
        0
280
     0
281
     0
  0
CLASS
  1
IDBUFFER
  2
AcDbIdBuffer
  3
ObjectDBX Classes
 90
        0
 91
        0
280
     0
281
     0
  0
CLASS
  1
ACDBSECTIONVIEWSTYLE
  2
AcDbSectionViewStyle
  3
ObjectDBX Classes
 90
     1025
 91
        1
280
     0
281
     0
  0
CLASS
  1
ACDBDETAILVIEWSTYLE
  2
AcDbDetailViewStyle
  3
ObjectDBX Classes
 90
     1025
 91
        1
280
     0
281
     0
  0
CLASS
  1
RASTERVARIABLES
  2
AcDbRasterVariables
  3
ISM
 90
        0
 91
        1
280
     0
281
     0
  0
CLASS
  1
IMAGEDEF
  2
AcDbRasterImageDef
  3
ISM
 90
        0
 91
        4
280
     0
281
     0
  0
CLASS
  1
IMAGEDEF_REACTOR
  2
AcDbRasterImageDefReactor
  3
ISM
 90
        1
 91
        0
280
     0
281
     0
  0
CLASS
  1
IMAGE
  2
AcDbRasterImage
  3
ISM
 90
     2175
 91
        0
280
     0
281
     1
  0
CLASS
  1
SORTENTSTABLE
  2
AcDbSortentsTable
  3
ObjectDBX Classes
 90
        0
 91
        6
280
     0
281
     0
  0
CLASS
  1
DIMASSOC
  2
AcDbDimAssoc
  3
"AcDbDimAssoc|Product Desc:     AcDim ARX App For Dimension|Company:          Autodesk, Inc.|WEB Address:      www.autodesk.com"
 90
        0
 91
        0
280
     0
281
     0
  0
CLASS
  1
ACARRAYJIGENTITY
  2
AcArrayJigEntity
  3
ACAD_ARRAY
 90
      129
 91
        0
280
     0
281
     1
  0
CLASS
  1
ACDBASSOCNETWORK
  2
AcDbAssocNetwork
  3
ObjectDBX Classes
 90
     1025
 91
        5
280
     0
281
     0
  0
CLASS
  1
ACDBASSOCACTION
  2
AcDbAssocAction
  3
ObjectDBX Classes
 90
     1025
 91
       25
280
     0
281
     0
  0
CLASS
  1
ACDBASSOCARRAYACTIONBODY
  2
AcDbAssocArrayActionBody
  3
ObjectDBX Classes
 90
     1025
 91
       25
280
     0
281
     0
  0
CLASS
  1
ACDBASSOCVERTEXACTIONPARAM
  2
AcDbAssocVertexActionParam
  3
ObjectDBX Classes
 90
     1025
 91
       75
280
     0
281
     0
  0
CLASS
  1
ACDBASSOCEDGEACTIONPARAM
  2
AcDbAssocEdgeActionParam
  3
ObjectDBX Classes
 90
     1025
 91
       25
280
     0
281
     0
  0
CLASS
  1
ACDBASSOCDEPENDENCY
  2
AcDbAssocDependency
  3
ObjectDBX Classes
 90
     1025
 91
       75
280
     0
281
     0
  0
CLASS
  1
ACDBASSOCARRAYPATHPARAMETERS
  2
AcDbAssocArrayPathParameters
  3
ObjectDBX Classes
 90
     1025
 91
        0
280
     0
281
     0
  0
CLASS
  1
ACDBASSOCROTATEDDIMACTIONBODY
  2
AcDbAssocRotatedDimActionBody
  3
ObjectDBX Classes
 90
     1025
 91
        0
280
     0
281
     0
  0
CLASS
  1
ACDBASSOCOSNAPPOINTREFACTIONPARAM
  2
AcDbAssocOsnapPointRefActionParam
  3
ObjectDBX Classes
 90
     1025
 91
        0
280
     0
281
     0
  0
CLASS
  1
ACDBASSOCGEOMDEPENDENCY
  2
AcDbAssocGeomDependency
  3
ObjectDBX Classes
 90
     1025
 91
        0
280
     0
281
     0
  0
CLASS
  1
ACDB_DYNAMICBLOCKPURGEPREVENTER_VERSION
  2
AcDbDynamicBlockPurgePreventer
  3
ObjectDBX Classes
 90
     1153
 91
        3
280
     0
281
     0
  0
ENDSEC
  0
SECTION
  2
TABLES
  0
TABLE
  2
VPORT
  5
8
330
0
100
AcDbSymbolTable
 70
     1
  0
VPORT
  5
EA
330
8
100
AcDbSymbolTableRecord
100
AcDbViewportTableRecord
  2
*Active
 70
     0
 10
0.0
 20
0.0
 11
1.0
 21
1.0
 12
1662.685062860134
 22
4364.761763022634
 13
0.0
 23
0.0
 14
10.0
 24
10.0
 15
10.0
 25
10.0
 16
0.0
 26
0.0
 36
1.0
 17
0.0
 27
0.0
 37
0.0
 40
199.7098864758427
 41
2.570850202429149
 42
50.0
 43
0.0
 44
0.0
 50
0.0
 51
0.0
 71
     0
 72
  1000
 73
     1
 74
     3
 75
     0
 76
     1
 77
     0
 78
     0
281
     0
 65
     1
110
0.0
120
0.0
130
0.0
111
1.0
121
0.0
131
0.0
112
0.0
122
1.0
132
0.0
 79
     0
146
0.0
348
F5
 60
     3
 61
     5
292
     1
282
     1
141
0.0
142
0.0
 63
   250
421
  3355443
1001
ACAD_NAV_VCDISPLAY
1070
     3
  0
ENDTAB
  0
TABLE
  2
LTYPE
  5
5
330
0
100
AcDbSymbolTable
 70
     1
  0
LTYPE
  5
14
330
5
100
AcDbSymbolTableRecord
100
AcDbLinetypeTableRecord
  2
ByBlock
 70
     0
  3

 72
    65
 73
     0
 40
0.0
  0
LTYPE
  5
15
330
5
100
AcDbSymbolTableRecord
100
AcDbLinetypeTableRecord
  2
ByLayer
 70
     0
  3

 72
    65
 73
     0
 40
0.0
  0
LTYPE
  5
16
330
5
100
AcDbSymbolTableRecord
100
AcDbLinetypeTableRecord
  2
Continuous
 70
     0
  3
Solid line
 72
    65
 73
     0
 40
0.0
  0
ENDTAB
  0
TABLE
  2
LAYER
  5
2
102
{ACAD_XDICTIONARY
360
1FF
102
}
330
0
100
AcDbSymbolTable
 70
     2
  0
LAYER
  5
10
102
{ACAD_XDICTIONARY
360
13C
102
}
330
2
100
AcDbSymbolTableRecord
100
AcDbLayerTableRecord
  2
0
 70
     0
 62
     7
  6
Continuous
370
    -3
390
F
347
EE
348
0
  0
LAYER
  5
31A
330
2
100
AcDbSymbolTableRecord
100
AcDbLayerTableRecord
  2
Defpoints
 70
     0
 62
     7
  6
Continuous
290
     0
370
    -3
390
F
347
EE
348
0
  0
ENDTAB
  0
TABLE
  2
STYLE
  5
3
330
0
100
AcDbSymbolTable
 70
     2
  0
STYLE
  5
11
330
3
100
AcDbSymbolTableRecord
100
AcDbTextStyleTableRecord
  2
Standard
 70
     0
 40
0.0
 41
1.0
 50
0.0
 71
     0
 42
72.86919132998446
  3
arial.ttf
  4

1001
ACAD
1000
Arial
1071
       34
  0
STYLE
  5
132
330
3
100
AcDbSymbolTableRecord
100
AcDbTextStyleTableRecord
  2
Аннотативный
 70
     0
 40
0.0
 41
1.0
 50
0.0
 71
     0
 42
2.5
  3
arial.ttf
  4

1001
AcadAnnotative
1000
AnnotativeData
1002
{
1070
     1
1070
     1
1002
}
1001
ACAD
1000
Arial
1071
       34
  0
ENDTAB
  0
TABLE
  2
VIEW
  5
6
330
0
100
AcDbSymbolTable
 70
     0
  0
ENDTAB
  0
TABLE
  2
UCS
  5
7
330
0
100
AcDbSymbolTable
 70
     0
  0
ENDTAB
  0
TABLE
  2
APPID
  5
9
330
0
100
AcDbSymbolTable
 70
    13
  0
APPID
  5
12
330
9
100
AcDbSymbolTableRecord
100
AcDbRegAppTableRecord
  2
ACAD
 70
     0
  0
APPID
  5
9E
330
9
100
AcDbSymbolTableRecord
100
AcDbRegAppTableRecord
  2
ACAD_PSEXT
 70
     0
  0
APPID
  5
133
330
9
100
AcDbSymbolTableRecord
100
AcDbRegAppTableRecord
  2
AcadAnnoPO
 70
     0
  0
APPID
  5
134
330
9
100
AcDbSymbolTableRecord
100
AcDbRegAppTableRecord
  2
AcadAnnotative
 70
     0
  0
APPID
  5
135
330
9
100
AcDbSymbolTableRecord
100
AcDbRegAppTableRecord
  2
ACAD_DSTYLE_DIMJAG
 70
     0
  0
APPID
  5
136
330
9
100
AcDbSymbolTableRecord
100
AcDbRegAppTableRecord
  2
ACAD_DSTYLE_DIMTALN
 70
     0
  0
APPID
  5
165
330
9
100
AcDbSymbolTableRecord
100
AcDbRegAppTableRecord
  2
ACAD_MLEADERVER
 70
     0
  0
APPID
  5
217
330
9
100
AcDbSymbolTableRecord
100
AcDbRegAppTableRecord
  2
ACAD_NAV_VCDISPLAY
 70
     0
  0
APPID
  5
2C8
330
9
100
AcDbSymbolTableRecord
100
AcDbRegAppTableRecord
  2
ACAD_EXEMPT_FROM_CAD_STANDARDS
 70
     0
  0
APPID
  5
318
330
9
100
AcDbSymbolTableRecord
100
AcDbRegAppTableRecord
  2
Acad_TC
 70
     0
  0
APPID
  5
34A
330
9
100
AcDbSymbolTableRecord
100
AcDbRegAppTableRecord
  2
ACAD_DSTYLE_DIMRADIAL_EXTENSION
 70
     0
  0
APPID
  5
350D
330
9
100
AcDbSymbolTableRecord
100
AcDbRegAppTableRecord
  2
AcDbDynamicBlockTrueName2
 70
     0
  0
APPID
  5
350E
330
9
100
AcDbSymbolTableRecord
100
AcDbRegAppTableRecord
  2
AcDbDynamicBlockGUID
 70
     0
  0
ENDTAB
  0
TABLE
  2
DIMSTYLE
  5
A
330
0
100
AcDbSymbolTable
 70
     3
100
AcDbDimStyleTable
 71
     2
340
27
340
137
  0
DIMSTYLE
105
1B0
330
A
100
AcDbSymbolTableRecord
100
AcDbDimStyleTableRecord
  2
Standard
 70
     0
340
11
  0
DIMSTYLE
105
137
330
A
100
AcDbSymbolTableRecord
100
AcDbDimStyleTableRecord
  2
Аннотативный
 70
     0
 40
0.0
 41
2.5
 42
0.625
 43
3.75
 44
1.25
 73
     0
 74
     0
 77
     1
 78
     8
140
2.5
141
2.5
143
0.03937007874016
147
0.625
171
     3
172
     1
271
     2
272
     2
274
     3
278
    44
283
     0
284
     8
340
11
1001
AcadAnnotative
1000
AnnotativeData
1002
{
1070
     1
1070
     1
1002
}
1001
ACAD_DSTYLE_DIMJAG
1070
   388
1040
1.5
1001
ACAD_DSTYLE_DIMTALN
1070
   392
1070
     0
  0
DIMSTYLE
105
27
330
A
100
AcDbSymbolTableRecord
100
AcDbDimStyleTableRecord
  2
ISO-25
 70
     0
 41
2.5
 42
0.625
 43
3.75
 44
1.25
 73
     0
 74
     0
 77
     1
 78
     8
140
2.5
141
2.5
143
0.03937007874016
147
0.625
171
     3
172
     1
271
     2
272
     2
274
     3
278
    44
283
     0
284
     8
340
11
  0
ENDTAB
  0
TABLE
  2
BLOCK_RECORD
  5
1
330
0
100
AcDbSymbolTable
 70
   196
  0
BLOCK_RECORD
  5
1F
102
{ACAD_XDICTIONARY
360
1CE
102
}
330
1
100
AcDbSymbolTableRecord
100
AcDbBlockTableRecord
  2
*Model_Space
340
22
 70
     0
280
     1
281
     0
  0
BLOCK_RECORD
  5
D2
330
1
100
AcDbSymbolTableRecord
100
AcDbBlockTableRecord
  2
*Paper_Space
340
D3
 70
     0
280
     1
281
     0
  0
BLOCK_RECORD
  5
D6
330
1
100
AcDbSymbolTableRecord
100
AcDbBlockTableRecord
  2
*Paper_Space0
340
D7
 70
     0
280
     1
281
     0
  0
BLOCK_RECORD
  5
31B
330
1
100
AcDbSymbolTableRecord
100
AcDbBlockTableRecord
  2
*D1
340
0
 70
     0
280
     1
281
     0
  0
BLOCK_RECORD
  5
333
330
1
100
AcDbSymbolTableRecord
100
AcDbBlockTableRecord
  2
*D2
340
0
 70
     0
280
     1
281
     0
  0
BLOCK_RECORD
  5
366
330
1
100
AcDbSymbolTableRecord
100
AcDbBlockTableRecord
  2
*D3
340
0
 70
     0
280
     1
281
     0
  0
BLOCK_RECORD
  5
380
330
1
100
AcDbSymbolTableRecord
100
AcDbBlockTableRecord
  2
*D4
340
0
 70
     0
280
     1
281
     0
  0
BLOCK_RECORD
  5
398
330
1
100
AcDbSymbolTableRecord
100
AcDbBlockTableRecord
  2
*D5
340
0
 70
     0
280
     1
281
     0
  0
BLOCK_RECORD
  5
3B0
330
1
100
AcDbSymbolTableRecord
100
AcDbBlockTableRecord
  2
*D6
340
0
 70
     0
280
     1
281
     0
  0
BLOCK_RECORD
  5
3C8
330
1
100
AcDbSymbolTableRecord
100
AcDbBlockTableRecord
  2
*D7
340
0
 70
     0
280
     1
281
     0
  0
BLOCK_RECORD
  5
3E0
330
1
100
AcDbSymbolTableRecord
100
AcDbBlockTableRecord
  2
*D8
340
0
 70
     0
280
     1
281
     0
  0
BLOCK_RECORD
  5
3F8
330
1
100
AcDbSymbolTableRecord
100
AcDbBlockTableRecord
  2
*D9
340
0
 70
     0
280
     1
281
     0
  0
BLOCK_RECORD
  5
421
330
1
100
AcDbSymbolTableRecord
100
AcDbBlockTableRecord
  2
*D10
340
0
 70
     0
280
     1
281
     0
  0
BLOCK_RECORD
  5
82B
330
1
100
AcDbSymbolTableRecord
100
AcDbBlockTableRecord
  2
*D11
340
0
 70
     0
280
     1
281
     0
  0
BLOCK_RECORD
  5
837
330
1
100
AcDbSymbolTableRecord
100
AcDbBlockTableRecord
  2
*D12
340
0
 70
     0
280
     1
281
     0
  0
BLOCK_RECORD
  5
83F
330
1
100
AcDbSymbolTableRecord
100
AcDbBlockTableRecord
  2
*D13
340
0
 70
     0
280
     1
281
     0
  0
BLOCK_RECORD
  5
84B
330
1
100
AcDbSymbolTableRecord
100
AcDbBlockTableRecord
  2
*D14
340
0
 70
     0
280
     1
281
     0
  0
BLOCK_RECORD
  5
857
330
1
100
AcDbSymbolTableRecord
100
AcDbBlockTableRecord
  2
*D15
340
0
 70
     0
280
     1
281
     0
  0
BLOCK_RECORD
  5
863
330
1
100
AcDbSymbolTableRecord
100
AcDbBlockTableRecord
  2
*D16
340
0
 70
     0
280
     1
281
     0
  0
BLOCK_RECORD
  5
86F
330
1
100
AcDbSymbolTableRecord
100
AcDbBlockTableRecord
  2
*D17
340
0
 70
     0
280
     1
281
     0
  0
BLOCK_RECORD
  5
87B
330
1
100
AcDbSymbolTableRecord
100
AcDbBlockTableRecord
  2
*D18
340
0
 70
     0
280
     1
281
     0
  0
BLOCK_RECORD
  5
143E
330
1
100
AcDbSymbolTableRecord
100
AcDbBlockTableRecord
  2
*U19
340
0
 70
     0
280
     1
281
     0
  0
BLOCK_RECORD
  5
161E
330
1
100
AcDbSymbolTableRecord
100
AcDbBlockTableRecord
  2
*U20
340
0
 70
     0
280
     1
281
     0
  0
BLOCK_RECORD
  5
16F5
330
1
100
AcDbSymbolTableRecord
100
AcDbBlockTableRecord
  2
*U21
340
0
 70
     0
280
     1
281
     0
  0
BLOCK_RECORD
  5
2242
330
1
100
AcDbSymbolTableRecord
100
AcDbBlockTableRecord
  2
*D22
340
0
 70
     0
280
     1
281
     0
  0
BLOCK_RECORD
  5
224E
330
1
100
AcDbSymbolTableRecord
100
AcDbBlockTableRecord
  2
*D23
340
0
 70
     0
280
     1
281
     0
  0
BLOCK_RECORD
  5
225C
330
1
100
AcDbSymbolTableRecord
100
AcDbBlockTableRecord
  2
*D24
340
0
 70
     0
280
     1
281
     0
  0
BLOCK_RECORD
  5
2268
330
1
100
AcDbSymbolTableRecord
100
AcDbBlockTableRecord
  2
*D25
340
0
 70
     0
280
     1
281
     0
  0
BLOCK_RECORD
  5
2274
330
1
100
AcDbSymbolTableRecord
100
AcDbBlockTableRecord
  2
*D26
340
0
 70
     0
280
     1
281
     0
  0
BLOCK_RECORD
  5
2280
330
1
100
AcDbSymbolTableRecord
100
AcDbBlockTableRecord
  2
*D27
340
0
 70
     0
280
     1
281
     0
  0
BLOCK_RECORD
  5
228C
330
1
100
AcDbSymbolTableRecord
100
AcDbBlockTableRecord
  2
*D28
340
0
 70
     0
280
     1
281
     0
  0
BLOCK_RECORD
  5
2298
330
1
100
AcDbSymbolTableRecord
100
AcDbBlockTableRecord
  2
*D29
340
0
 70
     0
280
     1
281
     0
  0
BLOCK_RECORD
  5
22A4
330
1
100
AcDbSymbolTableRecord
100
AcDbBlockTableRecord
  2
*D30
340
0
 70
     0
280
     1
281
     0
  0
BLOCK_RECORD
  5
22B0
330
1
100
AcDbSymbolTableRecord
100
AcDbBlockTableRecord
  2
*D31
340
0
 70
     0
280
     1
281
     0
  0
BLOCK_RECORD
  5
22F4
330
1
100
AcDbSymbolTableRecord
100
AcDbBlockTableRecord
  2
*D32
340
0
 70
     0
280
     1
281
     0
  0
BLOCK_RECORD
  5
2311
330
1
100
AcDbSymbolTableRecord
100
AcDbBlockTableRecord
  2
*D33
340
0
 70
     0
280
     1
281
     0
  0
BLOCK_RECORD
  5
2329
330
1
100
AcDbSymbolTableRecord
100
AcDbBlockTableRecord
  2
*D34
340
0
 70
     0
280
     1
281
     0
  0
BLOCK_RECORD
  5
2341
330
1
100
AcDbSymbolTableRecord
100
AcDbBlockTableRecord
  2
*D35
340
0
 70
     0
280
     1
281
     0
  0
BLOCK_RECORD
  5
2359
330
1
100
AcDbSymbolTableRecord
100
AcDbBlockTableRecord
  2
*D36
340
0
 70
     0
280
     1
281
     0
  0
BLOCK_RECORD
  5
236D
330
1
100
AcDbSymbolTableRecord
100
AcDbBlockTableRecord
  2
*D37
340
0
 70
     0
280
     1
281
     0
  0
BLOCK_RECORD
  5
2382
330
1
100
AcDbSymbolTableRecord
100
AcDbBlockTableRecord
  2
*D38
340
0
 70
     0
280
     1
281
     0
  0
BLOCK_RECORD
  5
2396
330
1
100
AcDbSymbolTableRecord
100
AcDbBlockTableRecord
  2
*D39
340
0
 70
     0
280
     1
281
     0
  0
BLOCK_RECORD
  5
23B7
330
1
100
AcDbSymbolTableRecord
100
AcDbBlockTableRecord
  2
*D40
340
0
 70
     0
280
     1
281
     0
  0
BLOCK_RECORD
  5
23D6
102
{ACAD_XDICTIONARY
360
23D8
102
}
330
1
100
AcDbSymbolTableRecord
100
AcDbBlockTableRecord
  2
A$C0cd47db2
340
0
 70
     4
280
     1
281
     0
  0
BLOCK_RECORD
  5
243C
102
{ACAD_XDICTIONARY
360
2476
102
}
330
1
100
AcDbSymbolTableRecord
100
AcDbBlockTableRecord
  2
A$Ced010aba
340
0
 70
     4
280
     1
281
     0
  0
BLOCK_RECORD
  5
247A
330
1
100
AcDbSymbolTableRecord
100
AcDbBlockTableRecord
  2
*D43
340
0
 70
     0
280
     1
281
     0
  0
BLOCK_RECORD
  5
2486
330
1
100
AcDbSymbolTableRecord
100
AcDbBlockTableRecord
  2
*D44
340
0
 70
     0
280
     1
281
     0
  0
BLOCK_RECORD
  5
26B4
330
1
100
AcDbSymbolTableRecord
100
AcDbBlockTableRecord
  2
*D45
340
0
 70
     0
280
     1
281
     0
  0
BLOCK_RECORD
  5
26C0
330
1
100
AcDbSymbolTableRecord
100
AcDbBlockTableRecord
  2
*D46
340
0
 70
     0
280
     1
281
     0
  0
BLOCK_RECORD
  5
2705
330
1
100
AcDbSymbolTableRecord
100
AcDbBlockTableRecord
  2
*U47
340
0
102
{BLKREFS
331
2719
331
271A
331
271B
331
271C
331
271D
331
271E
331
271F
331
2720
331
2721
331
2722
331
2723
331
2724
331
2725
331
2726
331
2727
331
2728
331
2729
331
272A
331
272B
331
272C
331
272D
102
}
 70
     0
280
     1
281
     0
  0
BLOCK_RECORD
  5
2708
330
1
100
AcDbSymbolTableRecord
100
AcDbBlockTableRecord
  2
*U48
340
0
 70
     0
280
     1
281
     1
  0
BLOCK_RECORD
  5
2730
330
1
100
AcDbSymbolTableRecord
100
AcDbBlockTableRecord
  2
*U49
340
0
102
{BLKREFS
331
2744
331
2745
331
2746
331
2747
331
2748
331
2749
331
274A
331
274B
331
274C
331
274D
331
274E
331
274F
331
2750
331
2751
331
2752
331
2753
331
2754
331
2755
102
}
 70
     0
280
     1
281
     0
  0
BLOCK_RECORD
  5
2733
330
1
100
AcDbSymbolTableRecord
100
AcDbBlockTableRecord
  2
*U50
340
0
 70
     0
280
     1
281
     1
  0
BLOCK_RECORD
  5
2757
102
{ACAD_REACTORS
330
277B
102
}
330
1
100
AcDbSymbolTableRecord
100
AcDbBlockTableRecord
  2
*U51
340
0
102
{BLKREFS
331
275D
331
275E
331
275F
331
2760
331
2761
331
2762
331
2763
331
2764
331
2765
331
2766
331
2767
331
2768
331
2769
331
276A
331
276B
331
276C
331
276D
331
276E
102
}
 70
     0
280
     1
281
     0
  0
BLOCK_RECORD
  5
275B
102
{ACAD_REACTORS
330
277A
102
}
330
1
100
AcDbSymbolTableRecord
100
AcDbBlockTableRecord
  2
*U52
340
0
102
{BLKREFS
331
2771
102
}
 70
     0
280
     1
281
     1
  0
BLOCK_RECORD
  5
2770
102
{ACAD_XDICTIONARY
360
2772
102
}
330
1
100
AcDbSymbolTableRecord
100
AcDbBlockTableRecord
  2
A$C2b1f6e37
340
0
 70
     4
280
     1
281
     0
1001
AcDbDynamicBlockTrueName2
1000
A$C2b1f6e37
1001
AcDbDynamicBlockGUID
1000
{DE0082C4-3DF4-1544-B065-BF388F886CA6}
  0
BLOCK_RECORD
  5
2785
102
{ACAD_REACTORS
330
27A9
102
}
330
1
100
AcDbSymbolTableRecord
100
AcDbBlockTableRecord
  2
*U54
340
0
102
{BLKREFS
331
278B
331
278C
331
278D
331
278E
331
278F
331
2790
331
2791
331
2792
331
2793
331
2794
331
2795
331
2796
331
2797
331
2798
331
2799
331
279A
331
279B
331
279C
102
}
 70
     0
280
     1
281
     0
  0
BLOCK_RECORD
  5
2789
102
{ACAD_REACTORS
330
27A8
102
}
330
1
100
AcDbSymbolTableRecord
100
AcDbBlockTableRecord
  2
*U55
340
0
102
{BLKREFS
331
279F
102
}
 70
     0
280
     1
281
     1
  0
BLOCK_RECORD
  5
279E
102
{ACAD_XDICTIONARY
360
27A0
102
}
330
1
100
AcDbSymbolTableRecord
100
AcDbBlockTableRecord
  2
A$Ccdae9ad9
340
0
 70
     4
280
     1
281
     0
1001
AcDbDynamicBlockTrueName2
1000
A$Ccdae9ad9
1001
AcDbDynamicBlockGUID
1000
{5B8FE9D5-9AA2-9A4A-9DF2-AB124E574D7E}
  0
BLOCK_RECORD
  5
27B3
330
1
100
AcDbSymbolTableRecord
100
AcDbBlockTableRecord
  2
*U57
340
0
102
{BLKREFS
331
27B9
331
27BA
331
27BB
331
27BC
331
27BD
331
27BE
331
27BF
331
27C0
331
27C1
331
27C2
331
27C3
331
27C4
331
27C5
331
27C6
331
27C7
331
27C8
331
27C9
331
27CA
102
}
 70
     0
280
     1
281
     0
  0
BLOCK_RECORD
  5
27B7
330
1
100
AcDbSymbolTableRecord
100
AcDbBlockTableRecord
  2
*U58
340
0
 70
     0
280
     1
281
     1
  0
BLOCK_RECORD
  5
27EE
330
1
100
AcDbSymbolTableRecord
100
AcDbBlockTableRecord
  2
*U59
340
0
102
{BLKREFS
331
2800
331
2801
331
2802
331
2803
331
2804
331
2805
331
27F4
331
27F5
331
27F6
331
27F7
331
27F8
331
27F9
331
27FA
331
27FB
331
27FC
331
27FD
331
27FE
331
27FF
102
}
 70
     0
280
     1
281
     0
  0
BLOCK_RECORD
  5
27F2
330
1
100
AcDbSymbolTableRecord
100
AcDbBlockTableRecord
  2
*U60
340
0
 70
     0
280
     1
281
     1
  0
BLOCK_RECORD
  5
2809
330
1
100
AcDbSymbolTableRecord
100
AcDbBlockTableRecord
  2
*U61
340
0
102
{BLKREFS
331
280F
331
2810
331
2811
331
2812
331
2813
331
2814
331
2815
331
2816
331
2817
331
2818
331
2819
331
281A
331
281B
331
281C
331
281D
331
281E
331
281F
331
2820
102
}
 70
     0
280
     1
281
     0
  0
BLOCK_RECORD
  5
280D
330
1
100
AcDbSymbolTableRecord
100
AcDbBlockTableRecord
  2
*U62
340
0
 70
     0
280
     1
281
     1
  0
BLOCK_RECORD
  5
2839
330
1
100
AcDbSymbolTableRecord
100
AcDbBlockTableRecord
  2
*U63
340
0
102
{BLKREFS
331
2848
331
2849
331
284A
331
284B
331
284C
331
284D
331
284E
331
284F
331
2850
331
2851
331
2852
331
2841
331
2842
331
2843
331
2844
331
2845
331
2846
331
2847
102
}
 70
     0
280
     1
281
     0
  0
BLOCK_RECORD
  5
283F
330
1
100
AcDbSymbolTableRecord
100
AcDbBlockTableRecord
  2
*U64
340
0
 70
     0
280
     1
281
     1
  0
BLOCK_RECORD
  5
2868
330
1
100
AcDbSymbolTableRecord
100
AcDbBlockTableRecord
  2
*U65
340
0
102
{BLKREFS
331
286E
331
286F
331
2870
331
2871
331
2872
331
2873
331
2874
331
2875
331
2876
331
2877
331
2878
331
2879
331
287A
331
287B
331
287C
331
287D
331
287E
331
287F
102
}
 70
     0
280
     1
281
     0
  0
BLOCK_RECORD
  5
286C
330
1
100
AcDbSymbolTableRecord
100
AcDbBlockTableRecord
  2
*U66
340
0
 70
     0
280
     1
281
     1
  0
BLOCK_RECORD
  5
2898
330
1
100
AcDbSymbolTableRecord
100
AcDbBlockTableRecord
  2
*U67
340
0
102
{BLKREFS
331
28A0
331
28A1
331
28A2
331
28A3
331
28A4
331
28A5
331
28A6
331
28A7
331
28A8
331
28A9
331
28AA
331
28AB
331
28AC
331
28AD
331
28AE
331
28AF
331
28B0
331
28B1
102
}
 70
     0
280
     1
281
     0
  0
BLOCK_RECORD
  5
289E
330
1
100
AcDbSymbolTableRecord
100
AcDbBlockTableRecord
  2
*U68
340
0
 70
     0
280
     1
281
     1
  0
BLOCK_RECORD
  5
28BE
330
1
100
AcDbSymbolTableRecord
100
AcDbBlockTableRecord
  2
*U69
340
0
102
{BLKREFS
331
28C4
331
28C5
331
28C6
331
28C7
331
28C8
331
28C9
331
28CA
331
28CB
331
28CC
331
28CD
331
28CE
331
28CF
331
28D0
331
28D1
331
28D2
331
28D3
331
28D4
331
28D5
102
}
 70
     0
280
     1
281
     0
  0
BLOCK_RECORD
  5
28C2
330
1
100
AcDbSymbolTableRecord
100
AcDbBlockTableRecord
  2
*U70
340
0
 70
     0
280
     1
281
     1
  0
BLOCK_RECORD
  5
28EE
330
1
100
AcDbSymbolTableRecord
100
AcDbBlockTableRecord
  2
*U71
340
0
 70
     0
280
     1
281
     1
  0
BLOCK_RECORD
  5
290E
330
1
100
AcDbSymbolTableRecord
100
AcDbBlockTableRecord
  2
*U72
340
0
102
{BLKREFS
331
2900
331
2901
331
28F0
331
28F1
331
28F2
331
28F3
331
28F4
331
28F5
331
28F6
331
28F7
331
28F8
331
28F9
331
28FA
331
28FB
331
28FC
331
28FD
331
28FE
331
28FF
102
}
 70
     0
280
     1
281
     0
  0
BLOCK_RECORD
  5
2914
330
1
100
AcDbSymbolTableRecord
100
AcDbBlockTableRecord
  2
*U73
340
0
102
{BLKREFS
331
291A
331
291B
331
291C
331
291D
331
291E
331
291F
331
2920
331
2921
331
2922
331
2923
331
2924
331
2925
331
2926
331
2927
331
2928
331
2929
331
292A
331
292B
102
}
 70
     0
280
     1
281
     0
  0
BLOCK_RECORD
  5
2918
330
1
100
AcDbSymbolTableRecord
100
AcDbBlockTableRecord
  2
*U74
340
0
 70
     0
280
     1
281
     1
  0
BLOCK_RECORD
  5
2944
330
1
100
AcDbSymbolTableRecord
100
AcDbBlockTableRecord
  2
*U75
340
0
102
{BLKREFS
331
294C
331
294D
331
294E
331
294F
331
2950
331
2951
331
2952
331
2953
331
2954
331
2955
331
2956
331
2957
331
2958
331
2959
331
295A
331
295B
331
295C
331
295D
102
}
 70
     0
280
     1
281
     0
  0
BLOCK_RECORD
  5
294A
330
1
100
AcDbSymbolTableRecord
100
AcDbBlockTableRecord
  2
*U76
340
0
 70
     0
280
     1
281
     1
  0
BLOCK_RECORD
  5
296A
330
1
100
AcDbSymbolTableRecord
100
AcDbBlockTableRecord
  2
*U77
340
0
102
{BLKREFS
331
2970
331
2971
331
2972
331
2973
331
2974
331
2975
331
2976
331
2977
331
2978
331
2979
331
297A
331
297B
331
297C
331
297D
331
297E
331
297F
331
2980
331
2981
102
}
 70
     0
280
     1
281
     0
  0
BLOCK_RECORD
  5
296E
330
1
100
AcDbSymbolTableRecord
100
AcDbBlockTableRecord
  2
*U78
340
0
 70
     0
280
     1
281
     1
  0
BLOCK_RECORD
  5
299A
330
1
100
AcDbSymbolTableRecord
100
AcDbBlockTableRecord
  2
*U79
340
0
102
{BLKREFS
331
29B0
331
29B1
331
29B2
331
29B3
331
29A2
331
29A3
331
29A4
331
29A5
331
29A6
331
29A7
331
29A8
331
29A9
331
29AA
331
29AB
331
29AC
331
29AD
331
29AE
331
29AF
102
}
 70
     0
280
     1
281
     0
  0
BLOCK_RECORD
  5
29A0
330
1
100
AcDbSymbolTableRecord
100
AcDbBlockTableRecord
  2
*U80
340
0
 70
     0
280
     1
281
     1
  0
BLOCK_RECORD
  5
29C0
330
1
100
AcDbSymbolTableRecord
100
AcDbBlockTableRecord
  2
*U81
340
0
102
{BLKREFS
331
29C8
331
29C9
331
29CA
331
29CB
331
29CC
331
29CD
331
29CE
331
29CF
331
29D0
331
29D1
331
29D2
331
29D3
331
29D4
331
29D5
331
29D6
331
29D7
331
29C6
331
29C7
102
}
 70
     0
280
     1
281
     0
  0
BLOCK_RECORD
  5
29C4
330
1
100
AcDbSymbolTableRecord
100
AcDbBlockTableRecord
  2
*U82
340
0
 70
     0
280
     1
281
     1
  0
BLOCK_RECORD
  5
29F0
330
1
100
AcDbSymbolTableRecord
100
AcDbBlockTableRecord
  2
*U83
340
0
102
{BLKREFS
331
2A08
331
2A09
331
29F8
331
29F9
331
29FA
331
29FB
331
29FC
331
29FD
331
29FE
331
29FF
331
2A00
331
2A01
331
2A02
331
2A03
331
2A04
331
2A05
331
2A06
331
2A07
102
}
 70
     0
280
     1
281
     0
  0
BLOCK_RECORD
  5
29F6
330
1
100
AcDbSymbolTableRecord
100
AcDbBlockTableRecord
  2
*U84
340
0
 70
     0
280
     1
281
     1
  0
BLOCK_RECORD
  5
2A16
330
1
100
AcDbSymbolTableRecord
100
AcDbBlockTableRecord
  2
*U85
340
0
102
{BLKREFS
331
2A20
331
2A21
331
2A22
331
2A23
331
2A24
331
2A25
331
2A26
331
2A27
331
2A28
331
2A29
331
2A2A
331
2A2B
331
2A2C
331
2A2D
331
2A1C
331
2A1D
331
2A1E
331
2A1F
102
}
 70
     0
280
     1
281
     0
  0
BLOCK_RECORD
  5
2A1A
330
1
100
AcDbSymbolTableRecord
100
AcDbBlockTableRecord
  2
*U86
340
0
 70
     0
280
     1
281
     1
  0
BLOCK_RECORD
  5
2A46
330
1
100
AcDbSymbolTableRecord
100
AcDbBlockTableRecord
  2
*U87
340
0
102
{BLKREFS
331
2A4E
331
2A4F
331
2A50
331
2A51
331
2A52
331
2A53
331
2A54
331
2A55
331
2A56
331
2A57
331
2A58
331
2A59
331
2A5A
331
2A5B
331
2A5C
331
2A5D
331
2A5E
331
2A5F
102
}
 70
     0
280
     1
281
     0
  0
BLOCK_RECORD
  5
2A4C
330
1
100
AcDbSymbolTableRecord
100
AcDbBlockTableRecord
  2
*U88
340
0
 70
     0
280
     1
281
     1
  0
BLOCK_RECORD
  5
2A6C
330
1
100
AcDbSymbolTableRecord
100
AcDbBlockTableRecord
  2
*U89
340
0
102
{BLKREFS
331
2A72
331
2A73
331
2A74
331
2A75
331
2A76
331
2A77
331
2A78
331
2A79
331
2A7A
331
2A7B
331
2A7C
331
2A7D
331
2A7E
331
2A7F
331
2A80
331
2A81
331
2A82
331
2A83
102
}
 70
     0
280
     1
281
     0
  0
BLOCK_RECORD
  5
2A70
330
1
100
AcDbSymbolTableRecord
100
AcDbBlockTableRecord
  2
*U90
340
0
 70
     0
280
     1
281
     1
  0
BLOCK_RECORD
  5
2A9C
330
1
100
AcDbSymbolTableRecord
100
AcDbBlockTableRecord
  2
*U91
340
0
102
{BLKREFS
331
2AA4
331
2AA5
331
2AA6
331
2AA7
331
2AA8
331
2AA9
331
2AAA
331
2AAB
331
2AAC
331
2AAD
331
2AAE
331
2AAF
331
2AB0
331
2AB1
331
2AB2
331
2AB3
331
2AB4
331
2AB5
102
}
 70
     0
280
     1
281
     0
  0
BLOCK_RECORD
  5
2AA2
330
1
100
AcDbSymbolTableRecord
100
AcDbBlockTableRecord
  2
*U92
340
0
 70
     0
280
     1
281
     1
  0
BLOCK_RECORD
  5
2AC2
330
1
100
AcDbSymbolTableRecord
100
AcDbBlockTableRecord
  2
*U93
340
0
102
{BLKREFS
331
2AC8
331
2AC9
331
2ACA
331
2ACB
331
2ACC
331
2ACD
331
2ACE
331
2ACF
331
2AD0
331
2AD1
331
2AD2
331
2AD3
331
2AD4
331
2AD5
331
2AD6
331
2AD7
331
2AD8
331
2AD9
102
}
 70
     0
280
     1
281
     0
  0
BLOCK_RECORD
  5
2AC6
330
1
100
AcDbSymbolTableRecord
100
AcDbBlockTableRecord
  2
*U94
340
0
 70
     0
280
     1
281
     1
  0
BLOCK_RECORD
  5
2AF2
330
1
100
AcDbSymbolTableRecord
100
AcDbBlockTableRecord
  2
*U95
340
0
102
{BLKREFS
331
2AFA
331
2AFB
331
2AFC
331
2AFD
331
2AFE
331
2AFF
331
2B00
331
2B01
331
2B02
331
2B03
331
2B04
331
2B05
331
2B06
331
2B07
331
2B08
331
2B09
331
2B0A
331
2B0B
102
}
 70
     0
280
     1
281
     0
  0
BLOCK_RECORD
  5
2AF8
330
1
100
AcDbSymbolTableRecord
100
AcDbBlockTableRecord
  2
*U96
340
0
 70
     0
280
     1
281
     1
  0
BLOCK_RECORD
  5
2B18
330
1
100
AcDbSymbolTableRecord
100
AcDbBlockTableRecord
  2
*U97
340
0
102
{BLKREFS
331
2B1E
331
2B1F
331
2B20
331
2B21
331
2B22
331
2B23
331
2B24
331
2B25
331
2B26
331
2B27
331
2B28
331
2B29
331
2B2A
331
2B2B
331
2B2C
331
2B2D
331
2B2E
331
2B2F
102
}
 70
     0
280
     1
281
     0
  0
BLOCK_RECORD
  5
2B1C
330
1
100
AcDbSymbolTableRecord
100
AcDbBlockTableRecord
  2
*U98
340
0
 70
     0
280
     1
281
     1
  0
BLOCK_RECORD
  5
2B48
330
1
100
AcDbSymbolTableRecord
100
AcDbBlockTableRecord
  2
*U99
340
0
102
{BLKREFS
331
2B50
331
2B51
331
2B52
331
2B53
331
2B54
331
2B55
331
2B56
331
2B57
331
2B58
331
2B59
331
2B5A
331
2B5B
331
2B5C
331
2B5D
331
2B5E
331
2B5F
331
2B60
331
2B61
102
}
 70
     0
280
     1
281
     0
  0
BLOCK_RECORD
  5
2B4E
330
1
100
AcDbSymbolTableRecord
100
AcDbBlockTableRecord
  2
*U100
340
0
 70
     0
280
     1
281
     1
  0
BLOCK_RECORD
  5
2B79
330
1
100
AcDbSymbolTableRecord
100
AcDbBlockTableRecord
  2
*U101
340
0
 70
     0
280
     1
281
     1
  0
BLOCK_RECORD
  5
2B99
330
1
100
AcDbSymbolTableRecord
100
AcDbBlockTableRecord
  2
*U102
340
0
102
{BLKREFS
331
2B7B
331
2B7C
331
2B7D
331
2B7E
331
2B7F
331
2B80
331
2B81
331
2B82
331
2B83
331
2B84
331
2B85
331
2B86
331
2B87
331
2B88
331
2B89
331
2B8A
331
2B8B
331
2B8C
102
}
 70
     0
280
     1
281
     0
  0
BLOCK_RECORD
  5
2B9D
330
1
100
AcDbSymbolTableRecord
100
AcDbBlockTableRecord
  2
*U103
340
0
102
{BLKREFS
331
2BA3
331
2BA4
331
2BA5
331
2BA6
331
2BA7
331
2BA8
331
2BA9
331
2BAA
331
2BAB
331
2BAC
331
2BAD
331
2BAE
331
2BAF
331
2BB0
331
2BB1
331
2BB2
331
2BB3
331
2BB4
102
}
 70
     0
280
     1
281
     0
  0
BLOCK_RECORD
  5
2BA1
330
1
100
AcDbSymbolTableRecord
100
AcDbBlockTableRecord
  2
*U104
340
0
 70
     0
280
     1
281
     1
  0
BLOCK_RECORD
  5
2BC8
330
1
100
AcDbSymbolTableRecord
100
AcDbBlockTableRecord
  2
*U105
340
0
102
{BLKREFS
331
2BCE
331
2BCF
331
2BD0
331
2BD1
331
2BD2
331
2BD3
331
2BD4
331
2BD5
331
2BD6
331
2BD7
331
2BD8
331
2BD9
331
2BDA
331
2BDB
331
2BDC
331
2BDD
331
2BDE
331
2BDF
102
}
 70
     0
280
     1
281
     0
  0
BLOCK_RECORD
  5
2BCC
330
1
100
AcDbSymbolTableRecord
100
AcDbBlockTableRecord
  2
*U106
340
0
 70
     0
280
     1
281
     1
  0
BLOCK_RECORD
  5
2BE1
330
1
100
AcDbSymbolTableRecord
100
AcDbBlockTableRecord
  2
*U107
340
0
102
{BLKREFS
331
2BE7
331
2BE8
331
2BE9
331
2BEA
331
2BEB
331
2BEC
331
2BED
331
2BEE
331
2BEF
331
2BF0
331
2BF1
331
2BF2
331
2BF3
331
2BF4
331
2BF5
331
2BF6
331
2BF7
331
2BF8
102
}
 70
     0
280
     1
281
     0
  0
BLOCK_RECORD
  5
2BE5
330
1
100
AcDbSymbolTableRecord
100
AcDbBlockTableRecord
  2
*U108
340
0
 70
     0
280
     1
281
     1
  0
BLOCK_RECORD
  5
2C03
330
1
100
AcDbSymbolTableRecord
100
AcDbBlockTableRecord
  2
*U109
340
0
102
{BLKREFS
331
2C18
331
2C19
331
2C1A
331
2C09
331
2C0A
331
2C0B
331
2C0C
331
2C0D
331
2C0E
331
2C0F
331
2C10
331
2C11
331
2C12
331
2C13
331
2C14
331
2C15
331
2C16
331
2C17
102
}
 70
     0
280
     1
281
     0
  0
BLOCK_RECORD
  5
2C07
330
1
100
AcDbSymbolTableRecord
100
AcDbBlockTableRecord
  2
*U110
340
0
 70
     0
280
     1
281
     1
  0
BLOCK_RECORD
  5
2C25
330
1
100
AcDbSymbolTableRecord
100
AcDbBlockTableRecord
  2
*U111
340
0
 70
     0
280
     1
281
     1
  0
BLOCK_RECORD
  5
2C43
330
1
100
AcDbSymbolTableRecord
100
AcDbBlockTableRecord
  2
*U112
340
0
102
{BLKREFS
331
2C58
331
2C59
331
2C5A
331
2C49
331
2C4A
331
2C4B
331
2C4C
331
2C4D
331
2C4E
331
2C4F
331
2C50
331
2C51
331
2C52
331
2C53
331
2C54
331
2C55
331
2C56
331
2C57
102
}
 70
     0
280
     1
281
     0
  0
BLOCK_RECORD
  5
2C47
330
1
100
AcDbSymbolTableRecord
100
AcDbBlockTableRecord
  2
*U113
340
0
 70
     0
280
     1
281
     1
  0
BLOCK_RECORD
  5
2C65
330
1
100
AcDbSymbolTableRecord
100
AcDbBlockTableRecord
  2
*U114
340
0
102
{BLKREFS
331
2C6B
331
2C6C
331
2C6D
331
2C6E
331
2C6F
331
2C70
331
2C71
331
2C72
331
2C73
331
2C74
331
2C75
331
2C76
331
2C77
331
2C78
331
2C79
331
2C7A
331
2C7B
331
2C7C
102
}
 70
     0
280
     1
281
     0
  0
BLOCK_RECORD
  5
2C69
330
1
100
AcDbSymbolTableRecord
100
AcDbBlockTableRecord
  2
*U115
340
0
 70
     0
280
     1
281
     1
  0
BLOCK_RECORD
  5
2C90
330
1
100
AcDbSymbolTableRecord
100
AcDbBlockTableRecord
  2
*U116
340
0
102
{BLKREFS
331
2C96
331
2C97
331
2C98
331
2C99
331
2C9A
331
2C9B
331
2C9C
331
2C9D
331
2C9E
331
2C9F
331
2CA0
331
2CA1
331
2CA2
331
2CA3
331
2CA4
331
2CA5
331
2CA6
331
2CA7
102
}
 70
     0
280
     1
281
     0
  0
BLOCK_RECORD
  5
2C94
330
1
100
AcDbSymbolTableRecord
100
AcDbBlockTableRecord
  2
*U117
340
0
 70
     0
280
     1
281
     1
  0
BLOCK_RECORD
  5
2CB2
330
1
100
AcDbSymbolTableRecord
100
AcDbBlockTableRecord
  2
*U118
340
0
102
{BLKREFS
331
2C38
331
2C27
331
2C28
331
2C29
331
2C2A
331
2C2B
331
2C2C
331
2C2D
331
2C2E
331
2C2F
331
2C30
331
2C31
331
2C32
331
2C33
331
2C34
331
2C35
331
2C36
331
2C37
102
}
 70
     0
280
     1
281
     0
  0
BLOCK_RECORD
  5
2CB6
330
1
100
AcDbSymbolTableRecord
100
AcDbBlockTableRecord
  2
*U119
340
0
102
{BLKREFS
331
2CBC
331
2CBD
331
2CBE
331
2CBF
331
2CC0
331
2CC1
331
2CC2
331
2CC3
331
2CC4
331
2CC5
331
2CC6
331
2CC7
331
2CC8
331
2CC9
331
2CCA
331
2CCB
331
2CCC
331
2CCD
102
}
 70
     0
280
     1
281
     0
  0
BLOCK_RECORD
  5
2CBA
330
1
100
AcDbSymbolTableRecord
100
AcDbBlockTableRecord
  2
*U120
340
0
 70
     0
280
     1
281
     1
  0
BLOCK_RECORD
  5
2CD8
330
1
100
AcDbSymbolTableRecord
100
AcDbBlockTableRecord
  2
*U121
340
0
102
{BLKREFS
331
2CE8
331
2CE9
331
2CEA
331
2CEB
331
2CEC
331
2CED
331
2CEE
331
2CEF
331
2CDE
331
2CDF
331
2CE0
331
2CE1
331
2CE2
331
2CE3
331
2CE4
331
2CE5
331
2CE6
331
2CE7
102
}
 70
     0
280
     1
281
     0
  0
BLOCK_RECORD
  5
2CDC
330
1
100
AcDbSymbolTableRecord
100
AcDbBlockTableRecord
  2
*U122
340
0
 70
     0
280
     1
281
     1
  0
BLOCK_RECORD
  5
2CF6
102
{ACAD_REACTORS
330
2D1B
102
}
330
1
100
AcDbSymbolTableRecord
100
AcDbBlockTableRecord
  2
*U123
340
0
102
{BLKREFS
331
2CFC
331
2CFD
331
2CFE
331
2CFF
331
2D00
331
2D01
331
2D02
331
2D03
331
2D04
331
2D05
331
2D06
331
2D07
331
2D08
331
2D09
331
2D0A
331
2D0B
331
2D0C
331
2D0D
102
}
 70
     0
280
     1
281
     0
  0
BLOCK_RECORD
  5
2CFA
102
{ACAD_REACTORS
330
2D1A
102
}
330
1
100
AcDbSymbolTableRecord
100
AcDbBlockTableRecord
  2
*U124
340
0
102
{BLKREFS
331
2D11
102
}
 70
     0
280
     1
281
     1
  0
BLOCK_RECORD
  5
2D0F
102
{ACAD_XDICTIONARY
360
2D12
102
}
330
1
100
AcDbSymbolTableRecord
100
AcDbBlockTableRecord
  2
A$C89e862ac
340
0
 70
     4
280
     1
281
     0
1001
AcDbDynamicBlockTrueName2
1000
A$C89e862ac
1001
AcDbDynamicBlockGUID
1000
{235BAFEF-C3AA-6844-8ABB-7451AD105738}
  0
BLOCK_RECORD
  5
2D25
330
1
100
AcDbSymbolTableRecord
100
AcDbBlockTableRecord
  2
*U126
340
0
102
{BLKREFS
331
2D30
331
2D31
331
2D32
331
2D33
331
2D34
331
2D35
331
2D36
331
2D37
331
2D38
331
2D39
331
2D3A
331
2D3B
331
2D3C
331
2D2B
331
2D2C
331
2D2D
331
2D2E
331
2D2F
102
}
 70
     0
280
     1
281
     0
  0
BLOCK_RECORD
  5
2D29
330
1
100
AcDbSymbolTableRecord
100
AcDbBlockTableRecord
  2
*U127
340
0
 70
     0
280
     1
281
     1
  0
BLOCK_RECORD
  5
2D55
330
1
100
AcDbSymbolTableRecord
100
AcDbBlockTableRecord
  2
*U128
340
0
102
{BLKREFS
331
2D5D
331
2D5E
331
2D5F
331
2D60
331
2D61
331
2D62
331
2D63
331
2D64
331
2D65
331
2D66
331
2D67
331
2D68
331
2D69
331
2D6A
331
2D6B
331
2D6C
331
2D6D
331
2D6E
102
}
 70
     0
280
     1
281
     0
  0
BLOCK_RECORD
  5
2D5B
330
1
100
AcDbSymbolTableRecord
100
AcDbBlockTableRecord
  2
*U129
340
0
 70
     0
280
     1
281
     1
  0
BLOCK_RECORD
  5
2D7B
330
1
100
AcDbSymbolTableRecord
100
AcDbBlockTableRecord
  2
*U130
340
0
102
{BLKREFS
331
2D81
331
2D82
331
2D83
331
2D84
331
2D85
331
2D86
331
2D87
331
2D88
331
2D89
331
2D8A
331
2D8B
331
2D8C
331
2D8D
331
2D8E
331
2D8F
331
2D90
331
2D91
331
2D92
102
}
 70
     0
280
     1
281
     0
  0
BLOCK_RECORD
  5
2D7F
330
1
100
AcDbSymbolTableRecord
100
AcDbBlockTableRecord
  2
*U131
340
0
 70
     0
280
     1
281
     1
  0
BLOCK_RECORD
  5
2DAB
330
1
100
AcDbSymbolTableRecord
100
AcDbBlockTableRecord
  2
*U132
340
0
102
{BLKREFS
331
2DB3
331
2DB4
331
2DB5
331
2DB6
331
2DB7
331
2DB8
331
2DB9
331
2DBA
331
2DBB
331
2DBC
331
2DBD
331
2DBE
331
2DBF
331
2DC0
331
2DC1
331
2DC2
331
2DC3
331
2DC4
102
}
 70
     0
280
     1
281
     0
  0
BLOCK_RECORD
  5
2DB1
330
1
100
AcDbSymbolTableRecord
100
AcDbBlockTableRecord
  2
*U133
340
0
 70
     0
280
     1
281
     1
  0
BLOCK_RECORD
  5
2DD1
330
1
100
AcDbSymbolTableRecord
100
AcDbBlockTableRecord
  2
*U134
340
0
102
{BLKREFS
331
2DD7
331
2DD8
331
2DD9
331
2DDA
331
2DDB
331
2DDC
331
2DDD
331
2DDE
331
2DDF
331
2DE0
331
2DE1
331
2DE2
331
2DE3
331
2DE4
331
2DE5
331
2DE6
331
2DE7
331
2DE8
102
}
 70
     0
280
     1
281
     0
  0
BLOCK_RECORD
  5
2DD5
330
1
100
AcDbSymbolTableRecord
100
AcDbBlockTableRecord
  2
*U135
340
0
 70
     0
280
     1
281
     1
  0
BLOCK_RECORD
  5
2E01
330
1
100
AcDbSymbolTableRecord
100
AcDbBlockTableRecord
  2
*U136
340
0
102
{BLKREFS
331
2E09
331
2E0A
331
2E0B
331
2E0C
331
2E0D
331
2E0E
331
2E0F
331
2E10
331
2E11
331
2E12
331
2E13
331
2E14
331
2E15
331
2E16
331
2E17
331
2E18
331
2E19
331
2E1A
102
}
 70
     0
280
     1
281
     0
  0
BLOCK_RECORD
  5
2E07
330
1
100
AcDbSymbolTableRecord
100
AcDbBlockTableRecord
  2
*U137
340
0
 70
     0
280
     1
281
     1
  0
BLOCK_RECORD
  5
2E27
330
1
100
AcDbSymbolTableRecord
100
AcDbBlockTableRecord
  2
*U138
340
0
102
{BLKREFS
331
2E2D
331
2E2E
331
2E2F
331
2E30
331
2E31
331
2E32
331
2E33
331
2E34
331
2E35
331
2E36
331
2E37
331
2E38
331
2E39
331
2E3A
331
2E3B
331
2E3C
331
2E3D
331
2E3E
102
}
 70
     0
280
     1
281
     0
  0
BLOCK_RECORD
  5
2E2B
330
1
100
AcDbSymbolTableRecord
100
AcDbBlockTableRecord
  2
*U139
340
0
 70
     0
280
     1
281
     1
  0
BLOCK_RECORD
  5
2E57
330
1
100
AcDbSymbolTableRecord
100
AcDbBlockTableRecord
  2
*U140
340
0
102
{BLKREFS
331
2E5F
331
2E60
331
2E61
331
2E62
331
2E63
331
2E64
331
2E65
331
2E66
331
2E67
331
2E68
331
2E69
331
2E6A
331
2E6B
331
2E6C
331
2E6D
331
2E6E
331
2E6F
331
2E70
102
}
 70
     0
280
     1
281
     0
  0
BLOCK_RECORD
  5
2E5D
330
1
100
AcDbSymbolTableRecord
100
AcDbBlockTableRecord
  2
*U141
340
0
 70
     0
280
     1
281
     1
  0
BLOCK_RECORD
  5
2E7D
330
1
100
AcDbSymbolTableRecord
100
AcDbBlockTableRecord
  2
*U142
340
0
102
{BLKREFS
331
2E83
331
2E84
331
2E85
331
2E86
331
2E87
331
2E88
331
2E89
331
2E8A
331
2E8B
331
2E8C
331
2E8D
331
2E8E
331
2E8F
331
2E90
331
2E91
331
2E92
331
2E93
331
2E94
102
}
 70
     0
280
     1
281
     0
  0
BLOCK_RECORD
  5
2E81
330
1
100
AcDbSymbolTableRecord
100
AcDbBlockTableRecord
  2
*U143
340
0
 70
     0
280
     1
281
     1
  0
BLOCK_RECORD
  5
2EAD
330
1
100
AcDbSymbolTableRecord
100
AcDbBlockTableRecord
  2
*U144
340
0
102
{BLKREFS
331
2EB8
331
2EB9
331
2EBA
331
2EBB
331
2EBC
331
2EBD
331
2EBE
331
2EBF
331
2EC0
331
2EC1
331
2EC2
331
2EC3
331
2EC4
331
2EC5
331
2EC6
331
2EB5
331
2EB6
331
2EB7
102
}
 70
     0
280
     1
281
     0
  0
BLOCK_RECORD
  5
2EB3
330
1
100
AcDbSymbolTableRecord
100
AcDbBlockTableRecord
  2
*U145
340
0
 70
     0
280
     1
281
     1
  0
BLOCK_RECORD
  5
2ED3
330
1
100
AcDbSymbolTableRecord
100
AcDbBlockTableRecord
  2
*U146
340
0
102
{BLKREFS
331
2ED9
331
2EDA
331
2EDB
331
2EDC
331
2EDD
331
2EDE
331
2EDF
331
2EE0
331
2EE1
331
2EE2
331
2EE3
331
2EE4
331
2EE5
331
2EE6
331
2EE7
331
2EE8
331
2EE9
331
2EEA
102
}
 70
     0
280
     1
281
     0
  0
BLOCK_RECORD
  5
2ED7
330
1
100
AcDbSymbolTableRecord
100
AcDbBlockTableRecord
  2
*U147
340
0
 70
     0
280
     1
281
     1
  0
BLOCK_RECORD
  5
2F0E
330
1
100
AcDbSymbolTableRecord
100
AcDbBlockTableRecord
  2
*U148
340
0
102
{BLKREFS
331
2F18
331
2F19
331
2F1A
331
2F1B
331
2F1C
331
2F1D
331
2F1E
331
2F1F
331
2F20
331
2F21
331
2F22
331
2F23
331
2F24
331
2F25
331
2F14
331
2F15
331
2F16
331
2F17
102
}
 70
     0
280
     1
281
     0
  0
BLOCK_RECORD
  5
2F12
330
1
100
AcDbSymbolTableRecord
100
AcDbBlockTableRecord
  2
*U149
340
0
 70
     0
280
     1
281
     1
  0
BLOCK_RECORD
  5
2F29
330
1
100
AcDbSymbolTableRecord
100
AcDbBlockTableRecord
  2
*U150
340
0
102
{BLKREFS
331
2F2F
331
2F30
331
2F31
331
2F32
331
2F33
331
2F34
331
2F35
331
2F36
331
2F37
331
2F38
331
2F39
331
2F3A
331
2F3B
331
2F3C
331
2F3D
331
2F3E
331
2F3F
331
2F40
102
}
 70
     0
280
     1
281
     0
  0
BLOCK_RECORD
  5
2F2D
330
1
100
AcDbSymbolTableRecord
100
AcDbBlockTableRecord
  2
*U151
340
0
 70
     0
280
     1
281
     1
  0
BLOCK_RECORD
  5
2F59
330
1
100
AcDbSymbolTableRecord
100
AcDbBlockTableRecord
  2
*U152
340
0
102
{BLKREFS
331
2F61
331
2F62
331
2F63
331
2F64
331
2F65
331
2F66
331
2F67
331
2F68
331
2F69
331
2F6A
331
2F6B
331
2F6C
331
2F6D
331
2F6E
331
2F6F
331
2F70
331
2F71
331
2F72
102
}
 70
     0
280
     1
281
     0
  0
BLOCK_RECORD
  5
2F5F
330
1
100
AcDbSymbolTableRecord
100
AcDbBlockTableRecord
  2
*U153
340
0
 70
     0
280
     1
281
     1
  0
BLOCK_RECORD
  5
2F7F
330
1
100
AcDbSymbolTableRecord
100
AcDbBlockTableRecord
  2
*U154
340
0
102
{BLKREFS
331
2F85
331
2F86
331
2F87
331
2F88
331
2F89
331
2F8A
331
2F8B
331
2F8C
331
2F8D
331
2F8E
331
2F8F
331
2F90
331
2F91
331
2F92
331
2F93
331
2F94
331
2F95
331
2F96
102
}
 70
     0
280
     1
281
     0
  0
BLOCK_RECORD
  5
2F83
330
1
100
AcDbSymbolTableRecord
100
AcDbBlockTableRecord
  2
*U155
340
0
 70
     0
280
     1
281
     1
  0
BLOCK_RECORD
  5
2FAF
330
1
100
AcDbSymbolTableRecord
100
AcDbBlockTableRecord
  2
*U156
340
0
102
{BLKREFS
331
2FB7
331
2FB8
331
2FB9
331
2FBA
331
2FBB
331
2FBC
331
2FBD
331
2FBE
331
2FBF
331
2FC0
331
2FC1
331
2FC2
331
2FC3
331
2FC4
331
2FC5
331
2FC6
331
2FC7
331
2FC8
102
}
 70
     0
280
     1
281
     0
  0
BLOCK_RECORD
  5
2FB5
330
1
100
AcDbSymbolTableRecord
100
AcDbBlockTableRecord
  2
*U157
340
0
 70
     0
280
     1
281
     1
  0
BLOCK_RECORD
  5
2FD6
330
1
100
AcDbSymbolTableRecord
100
AcDbBlockTableRecord
  2
*U158
340
0
102
{BLKREFS
331
2FE8
331
2FE9
331
2FEA
331
2FEB
331
2FEC
331
2FED
331
2FDC
331
2FDD
331
2FDE
331
2FDF
331
2FE0
331
2FE1
331
2FE2
331
2FE3
331
2FE4
331
2FE5
331
2FE6
331
2FE7
102
}
 70
     0
280
     1
281
     0
  0
BLOCK_RECORD
  5
2FDA
330
1
100
AcDbSymbolTableRecord
100
AcDbBlockTableRecord
  2
*U159
340
0
 70
     0
280
     1
281
     1
  0
BLOCK_RECORD
  5
3006
330
1
100
AcDbSymbolTableRecord
100
AcDbBlockTableRecord
  2
*U160
340
0
102
{BLKREFS
331
300E
331
300F
331
3010
331
3011
331
3012
331
3013
331
3014
331
3015
331
3016
331
3017
331
3018
331
3019
331
301A
331
301B
331
301C
331
301D
331
301E
331
301F
102
}
 70
     0
280
     1
281
     0
  0
BLOCK_RECORD
  5
300C
330
1
100
AcDbSymbolTableRecord
100
AcDbBlockTableRecord
  2
*U161
340
0
 70
     0
280
     1
281
     1
  0
BLOCK_RECORD
  5
302C
330
1
100
AcDbSymbolTableRecord
100
AcDbBlockTableRecord
  2
*U162
340
0
102
{BLKREFS
331
3040
331
3041
331
3042
331
3043
331
3032
331
3033
331
3034
331
3035
331
3036
331
3037
331
3038
331
3039
331
303A
331
303B
331
303C
331
303D
331
303E
331
303F
102
}
 70
     0
280
     1
281
     0
  0
BLOCK_RECORD
  5
3030
330
1
100
AcDbSymbolTableRecord
100
AcDbBlockTableRecord
  2
*U163
340
0
 70
     0
280
     1
281
     1
  0
BLOCK_RECORD
  5
3067
330
1
100
AcDbSymbolTableRecord
100
AcDbBlockTableRecord
  2
*U164
340
0
102
{BLKREFS
331
306D
331
306E
331
306F
331
3070
331
3071
331
3072
331
3073
331
3074
331
3075
331
3076
331
3077
331
3078
331
3079
331
307A
331
307B
331
307C
331
307D
331
307E
102
}
 70
     0
280
     1
281
     0
  0
BLOCK_RECORD
  5
306B
330
1
100
AcDbSymbolTableRecord
100
AcDbBlockTableRecord
  2
*U165
340
0
 70
     0
280
     1
281
     1
  0
BLOCK_RECORD
  5
3082
330
1
100
AcDbSymbolTableRecord
100
AcDbBlockTableRecord
  2
*U166
340
0
102
{BLKREFS
331
3090
331
3091
331
3092
331
3093
331
3094
331
3095
331
3096
331
3097
331
3098
331
3099
331
3088
331
3089
331
308A
331
308B
331
308C
331
308D
331
308E
331
308F
102
}
 70
     0
280
     1
281
     0
  0
BLOCK_RECORD
  5
3086
330
1
100
AcDbSymbolTableRecord
100
AcDbBlockTableRecord
  2
*U167
340
0
 70
     0
280
     1
281
     1
  0
BLOCK_RECORD
  5
30B2
330
1
100
AcDbSymbolTableRecord
100
AcDbBlockTableRecord
  2
*U168
340
0
102
{BLKREFS
331
30BA
331
30BB
331
30BC
331
30BD
331
30BE
331
30BF
331
30C0
331
30C1
331
30C2
331
30C3
331
30C4
331
30C5
331
30C6
331
30C7
331
30C8
331
30C9
331
30CA
331
30CB
102
}
 70
     0
280
     1
281
     0
  0
BLOCK_RECORD
  5
30B8
330
1
100
AcDbSymbolTableRecord
100
AcDbBlockTableRecord
  2
*U169
340
0
 70
     0
280
     1
281
     1
  0
BLOCK_RECORD
  5
30FA
330
1
100
AcDbSymbolTableRecord
100
AcDbBlockTableRecord
  2
*U170
340
0
102
{BLKREFS
331
3108
331
3109
331
310A
331
310B
331
310C
331
310D
331
310E
331
310F
331
3110
331
3111
331
3100
331
3101
331
3102
331
3103
331
3104
331
3105
331
3106
331
3107
102
}
 70
     0
280
     1
281
     0
  0
BLOCK_RECORD
  5
30FE
330
1
100
AcDbSymbolTableRecord
100
AcDbBlockTableRecord
  2
*U171
340
0
 70
     0
280
     1
281
     1
  0
BLOCK_RECORD
  5
311C
330
1
100
AcDbSymbolTableRecord
100
AcDbBlockTableRecord
  2
*U172
340
0
 70
     0
280
     1
281
     1
  0
BLOCK_RECORD
  5
3143
330
1
100
AcDbSymbolTableRecord
100
AcDbBlockTableRecord
  2
*U173
340
0
102
{BLKREFS
331
3149
331
314A
331
314B
331
314C
331
314D
331
314E
331
314F
331
3150
331
3151
331
3152
331
3153
331
3154
331
3155
331
3156
331
3157
331
3158
331
3159
331
315A
102
}
 70
     0
280
     1
281
     0
  0
BLOCK_RECORD
  5
3147
330
1
100
AcDbSymbolTableRecord
100
AcDbBlockTableRecord
  2
*U174
340
0
 70
     0
280
     1
281
     1
  0
BLOCK_RECORD
  5
315C
330
1
100
AcDbSymbolTableRecord
100
AcDbBlockTableRecord
  2
*U175
340
0
102
{BLKREFS
331
3162
331
3163
331
3164
331
3165
331
3166
331
3167
331
3168
331
3169
331
316A
331
316B
331
316C
331
316D
331
316E
331
316F
331
3170
331
3171
331
3172
331
3173
102
}
 70
     0
280
     1
281
     0
  0
BLOCK_RECORD
  5
3160
330
1
100
AcDbSymbolTableRecord
100
AcDbBlockTableRecord
  2
*U176
340
0
 70
     0
280
     1
281
     1
  0
BLOCK_RECORD
  5
317E
330
1
100
AcDbSymbolTableRecord
100
AcDbBlockTableRecord
  2
*U177
340
0
102
{BLKREFS
331
3184
331
3185
331
3186
331
3187
331
3188
331
3189
331
318A
331
318B
331
318C
331
318D
331
318E
331
318F
331
3190
331
3191
331
3192
331
3193
331
3194
331
3195
102
}
 70
     0
280
     1
281
     0
  0
BLOCK_RECORD
  5
3182
330
1
100
AcDbSymbolTableRecord
100
AcDbBlockTableRecord
  2
*U178
340
0
 70
     0
280
     1
281
     1
  0
BLOCK_RECORD
  5
31A0
330
1
100
AcDbSymbolTableRecord
100
AcDbBlockTableRecord
  2
*U179
340
0
102
{BLKREFS
331
31A6
331
31A7
331
31A8
331
31A9
331
31AA
331
31AB
331
31AC
331
31AD
331
31AE
331
31AF
331
31B0
331
31B1
331
31B2
331
31B3
331
31B4
331
31B5
331
31B6
331
31B7
102
}
 70
     0
280
     1
281
     0
  0
BLOCK_RECORD
  5
31A4
330
1
100
AcDbSymbolTableRecord
100
AcDbBlockTableRecord
  2
*U180
340
0
 70
     0
280
     1
281
     1
  0
BLOCK_RECORD
  5
31B9
330
1
100
AcDbSymbolTableRecord
100
AcDbBlockTableRecord
  2
*U181
340
0
102
{BLKREFS
331
3120
331
3121
331
3122
331
3123
331
3124
331
3125
331
3126
331
3127
331
3128
331
3129
331
312A
331
312B
331
312C
331
312D
331
312E
331
312F
331
311E
331
311F
102
}
 70
     0
280
     1
281
     0
  0
BLOCK_RECORD
  5
31BD
330
1
100
AcDbSymbolTableRecord
100
AcDbBlockTableRecord
  2
*U182
340
0
102
{BLKREFS
331
31C8
331
31C9
331
31CA
331
31CB
331
31CC
331
31CD
331
31CE
331
31CF
331
31D0
331
31D1
331
31D2
331
31D3
331
31D4
331
31C3
331
31C4
331
31C5
331
31C6
331
31C7
102
}
 70
     0
280
     1
281
     0
  0
BLOCK_RECORD
  5
31C1
330
1
100
AcDbSymbolTableRecord
100
AcDbBlockTableRecord
  2
*U183
340
0
 70
     0
280
     1
281
     1
  0
BLOCK_RECORD
  5
31DF
330
1
100
AcDbSymbolTableRecord
100
AcDbBlockTableRecord
  2
*U184
340
0
102
{BLKREFS
331
31E5
331
31E6
331
31E7
331
31E8
331
31E9
331
31EA
331
31EB
331
31EC
331
31ED
331
31EE
331
31EF
331
31F0
331
31F1
331
31F2
331
31F3
331
31F4
331
31F5
331
31F6
102
}
 70
     0
280
     1
281
     0
  0
BLOCK_RECORD
  5
31E3
330
1
100
AcDbSymbolTableRecord
100
AcDbBlockTableRecord
  2
*U185
340
0
 70
     0
280
     1
281
     1
  0
BLOCK_RECORD
  5
31F8
330
1
100
AcDbSymbolTableRecord
100
AcDbBlockTableRecord
  2
*U186
340
0
102
{BLKREFS
331
3208
331
3209
331
320A
331
320B
331
320C
331
320D
331
320E
331
320F
331
31FE
331
31FF
331
3200
331
3201
331
3202
331
3203
331
3204
331
3205
331
3206
331
3207
102
}
 70
     0
280
     1
281
     0
  0
BLOCK_RECORD
  5
31FC
330
1
100
AcDbSymbolTableRecord
100
AcDbBlockTableRecord
  2
*U187
340
0
 70
     0
280
     1
281
     1
  0
BLOCK_RECORD
  5
321A
330
1
100
AcDbSymbolTableRecord
100
AcDbBlockTableRecord
  2
*U188
340
0
102
{BLKREFS
331
3220
331
3221
331
3222
331
3223
331
3224
331
3225
331
3226
331
3227
331
3228
331
3229
331
322A
331
322B
331
322C
331
322D
331
322E
331
322F
331
3230
331
3231
102
}
 70
     0
280
     1
281
     0
  0
BLOCK_RECORD
  5
321E
330
1
100
AcDbSymbolTableRecord
100
AcDbBlockTableRecord
  2
*U189
340
0
 70
     0
280
     1
281
     1
  0
BLOCK_RECORD
  5
3245
330
1
100
AcDbSymbolTableRecord
100
AcDbBlockTableRecord
  2
*U190
340
0
102
{BLKREFS
331
324B
331
324C
331
324D
331
324E
331
324F
331
3250
331
3251
331
3252
331
3253
331
3254
331
3255
331
3256
331
3257
331
3258
331
3259
331
325A
331
325B
331
325C
102
}
 70
     0
280
     1
281
     0
  0
BLOCK_RECORD
  5
3249
330
1
100
AcDbSymbolTableRecord
100
AcDbBlockTableRecord
  2
*U191
340
0
 70
     0
280
     1
281
     1
  0
BLOCK_RECORD
  5
341A
330
1
100
AcDbSymbolTableRecord
100
AcDbBlockTableRecord
  2
*U192
340
0
102
{BLKREFS
331
3420
331
3421
331
3422
331
3423
331
3424
331
3425
331
3426
102
}
 70
     0
280
     1
281
     0
  0
BLOCK_RECORD
  5
341E
330
1
100
AcDbSymbolTableRecord
100
AcDbBlockTableRecord
  2
*U193
340
0
 70
     0
280
     1
281
     1
  0
BLOCK_RECORD
  5
3467
330
1
100
AcDbSymbolTableRecord
100
AcDbBlockTableRecord
  2
*U194
340
0
102
{BLKREFS
331
346F
331
3470
331
3471
331
3472
331
3473
331
3474
331
3475
102
}
 70
     0
280
     1
281
     0
  0
BLOCK_RECORD
  5
346D
330
1
100
AcDbSymbolTableRecord
100
AcDbBlockTableRecord
  2
*U195
340
0
 70
     0
280
     1
281
     1
  0
ENDTAB
  0
ENDSEC
  0
SECTION
  2
BLOCKS
  0
BLOCK
  5
20
330
1F
100
AcDbEntity
  8
0
100
AcDbBlockBegin
  2
*Model_Space
 70
     0
 10
0.0
 20
0.0
 30
0.0
  3
*Model_Space
  1

  0
ENDBLK
  5
21
330
1F
100
AcDbEntity
  8
0
100
AcDbBlockEnd
  0
BLOCK
  5
D4
330
D2
100
AcDbEntity
 67
     1
  8
0
100
AcDbBlockBegin
  2
*Paper_Space
 70
     0
 10
0.0
 20
0.0
 30
0.0
  3
*Paper_Space
  1

  0
ENDBLK
  5
D5
330
D2
100
AcDbEntity
 67
     1
  8
0
100
AcDbBlockEnd
  0
BLOCK
  5
D8
330
D6
100
AcDbEntity
 67
     1
  8
0
100
AcDbBlockBegin
  2
*Paper_Space0
 70
     0
 10
0.0
 20
0.0
 30
0.0
  3
*Paper_Space0
  1

  0
ENDBLK
  5
D9
330
D6
100
AcDbEntity
 67
     1
  8
0
100
AcDbBlockEnd
  0
BLOCK
  5
31C
330
31B
100
AcDbEntity
  8
0
100
AcDbBlockBegin
  2
*D1
 70
     1
 10
0.0
 20
0.0
 30
0.0
  3
*D1
  1

  0
LINE
  5
328
330
31B
100
AcDbEntity
  8
0
 62
     0
440
 16777216
370
    -2
100
AcDbLine
 10
2444.091486192258
 20
4130.744279747234
 30
0.0
 11
2433.411523656775
 21
4131.002043783733
 31
0.0
  0
LINE
  5
329
330
31B
100
AcDbEntity
  8
0
 62
     0
440
 16777216
370
    -2
100
AcDbLine
 10
2440.920656466733
 20
3999.366981599271
 30
0.0
 11
2430.24069393125
 21
3999.62474563577
 31
0.0
  0
LINE
  5
32A
330
31B
100
AcDbEntity
  8
0
 62
     0
440
 16777216
370
    -2
100
AcDbLine
 10
2434.600839076516
 20
4128.472611271812
 30
0.0
 11
2431.550650688942
 21
4002.093857478715
 31
0.0
  0
SOLID
  5
32B
330
31B
100
AcDbEntity
  8
0
 62
     0
440
 16777216
100
AcDbTrace
 10
2434.184293713611
 20
4128.482664716641
 30
0.0
 11
2435.017384439422
 21
4128.462557826981
 31
0.0
 12
2434.661159745492
 22
4130.971883449245
 32
0.0
 13
2434.661159745492
 23
4130.971883449245
 33
0.0
  0
SOLID
  5
32C
330
31B
100
AcDbEntity
  8
0
 62
     0
440
 16777216
100
AcDbTrace
 10
2431.134105326036
 20
4002.103910923545
 30
0.0
 11
2431.967196051847
 21
4002.083804033886
 31
0.0
 12
2431.490330019967
 22
3999.594585301283
 32
0.0
 13
2431.490330019967
 23
3999.594585301283
 33
0.0
  0
MTEXT
  5
32D
330
31B
100
AcDbEntity
  8
0
 62
     0
440
 16777216
100
AcDbMText
 10
2430.948976778126
 20
4065.334564548896
 30
0.0
 40
2.5
 41
0.0
 46
0.0
 71
     5
 72
     1
  1
131,42
 11
0.0241282675899092
 21
0.9997088709734999
 31
0.0
 73
     1
 44
1.0
  0
POINT
  5
32E
330
31B
100
AcDbEntity
  8
Defpoints
 62
     0
440
 16777216
100
AcDbPoint
 10
2444.716304236616
 20
4130.729199579991
 30
0.0
  0
POINT
  5
32F
330
31B
100
AcDbEntity
  8
Defpoints
 62
     0
440
 16777216
100
AcDbPoint
 10
2441.545474511091
 20
3999.351901432027
 30
0.0
  0
POINT
  5
330
330
31B
100
AcDbEntity
  8
Defpoints
 62
     0
440
 16777216
100
AcDbPoint
 10
2431.490330019967
 20
3999.594585301283
 30
0.0
  0
ENDBLK
  5
31D
330
31B
100
AcDbEntity
  8
0
100
AcDbBlockEnd
  0
BLOCK
  5
334
330
333
100
AcDbEntity
  8
0
100
AcDbBlockBegin
  2
*D2
 70
     1
 10
0.0
 20
0.0
 30
0.0
  3
*D2
  1

  0
LINE
  5
340
330
333
100
AcDbEntity
  8
0
 62
     0
440
 16777216
370
    -2
100
AcDbLine
 10
2480.577571006685
 20
4164.083796202846
 30
0.0
 11
2480.577571006685
 21
4218.705502560304
 31
0.0
  0
LINE
  5
341
330
333
100
AcDbEntity
  8
0
 62
     0
440
 16777216
370
    -2
100
AcDbLine
 10
2446.007255410308
 20
4164.959989658837
 30
0.0
 11
2446.007255410308
 21
4218.705502560304
 31
0.0
  0
LINE
  5
342
330
333
100
AcDbEntity
  8
0
 62
     0
440
 16777216
370
    -2
100
AcDbLine
 10
2478.077571006685
 20
4217.455502560304
 30
0.0
 11
2448.507255410308
 21
4217.455502560304
 31
0.0
  0
SOLID
  5
343
330
333
100
AcDbEntity
  8
0
 62
     0
440
 16777216
100
AcDbTrace
 10
2478.077571006685
 20
4217.87216922697
 30
0.0
 11
2478.077571006685
 21
4217.038835893637
 31
0.0
 12
2480.577571006685
 22
4217.455502560304
 32
0.0
 13
2480.577571006685
 23
4217.455502560304
 33
0.0
  0
SOLID
  5
344
330
333
100
AcDbEntity
  8
0
 62
     0
440
 16777216
100
AcDbTrace
 10
2448.507255410308
 20
4217.87216922697
 30
0.0
 11
2448.507255410308
 21
4217.038835893637
 31
0.0
 12
2446.007255410308
 22
4217.455502560304
 32
0.0
 13
2446.007255410308
 23
4217.455502560304
 33
0.0
  0
MTEXT
  5
345
330
333
100
AcDbEntity
  8
0
 62
     0
440
 16777216
100
AcDbMText
 10
2463.292413208496
 20
4219.582890009145
 30
0.0
 40
2.5
 41
0.0
 46
0.0
 71
     5
 72
     1
  1
34,57
 73
     1
 44
1.0
  0
POINT
  5
346
330
333
100
AcDbEntity
  8
Defpoints
 62
     0
440
 16777216
100
AcDbPoint
 10
2480.577571006685
 20
4163.458796202846
 30
0.0
  0
POINT
  5
347
330
333
100
AcDbEntity
  8
Defpoints
 62
     0
440
 16777216
100
AcDbPoint
 10
2446.007255410308
 20
4164.334989658835
 30
0.0
  0
POINT
  5
348
330
333
100
AcDbEntity
  8
Defpoints
 62
     0
440
 16777216
100
AcDbPoint
 10
2446.007255410308
 20
4217.455502560304
 30
0.0
  0
ENDBLK
  5
335
330
333
100
AcDbEntity
  8
0
100
AcDbBlockEnd
  0
BLOCK
  5
367
330
366
100
AcDbEntity
  8
0
100
AcDbBlockBegin
  2
*D3
 70
     1
 10
0.0
 20
0.0
 30
0.0
  3
*D3
  1

  0
LINE
  5
374
330
366
100
AcDbEntity
  8
0
 62
     0
440
 16777216
370
    -2
100
AcDbLine
 10
2541.810049648034
 20
3738.872907595967
 30
0.0
 11
2541.810049648034
 21
3739.497907595966
 31
0.0
  0
LINE
  5
375
330
366
100
AcDbEntity
  8
0
 62
     0
440
 16777216
370
    -2
100
AcDbLine
 10
2541.810049648034
 20
3738.872907595967
 30
0.0
 11
2541.810049648034
 21
3739.497907595966
 31
0.0
  0
LINE
  5
376
330
366
100
AcDbEntity
  8
0
 62
     0
440
 16777216
370
    -2
100
AcDbLine
 10
2539.310049648034
 20
3738.247907595968
 30
0.0
 11
2536.810049648034
 21
3738.247907595968
 31
0.0
  0
LINE
  5
377
330
366
100
AcDbEntity
  8
0
 62
     0
440
 16777216
370
    -2
100
AcDbLine
 10
2544.310049648034
 20
3738.247907595968
 30
0.0
 11
2549.690336141895
 21
3738.247907595968
 31
0.0
  0
SOLID
  5
378
330
366
100
AcDbEntity
  8
0
 62
     0
440
 16777216
100
AcDbTrace
 10
2539.310049648034
 20
3738.664574262633
 30
0.0
 11
2539.310049648034
 21
3737.8312409293
 31
0.0
 12
2541.810049648034
 22
3738.247907595968
 32
0.0
 13
2541.810049648034
 23
3738.247907595968
 33
0.0
  0
SOLID
  5
379
330
366
100
AcDbEntity
  8
0
 62
     0
440
 16777216
100
AcDbTrace
 10
2544.310049648034
 20
3738.664574262633
 30
0.0
 11
2544.310049648034
 21
3737.8312409293
 31
0.0
 12
2541.810049648034
 22
3738.247907595968
 32
0.0
 13
2541.810049648034
 23
3738.247907595968
 33
0.0
  0
MTEXT
  5
37A
330
366
100
AcDbEntity
  8
0
 62
     0
440
 16777216
100
AcDbMText
 10
2548.250192894964
 20
3740.149340065271
 30
0.0
 40
2.5
 41
0.0
 46
0.0
 71
     5
 72
     1
  1
0
 73
     1
 44
1.0
  0
POINT
  5
37B
330
366
100
AcDbEntity
  8
Defpoints
 62
     0
440
 16777216
100
AcDbPoint
 10
2541.810049648034
 20
3738.247907595968
 30
0.0
  0
POINT
  5
37C
330
366
100
AcDbEntity
  8
Defpoints
 62
     0
440
 16777216
100
AcDbPoint
 10
2541.810049648034
 20
3738.247907595968
 30
0.0
  0
POINT
  5
37D
330
366
100
AcDbEntity
  8
Defpoints
 62
     0
440
 16777216
100
AcDbPoint
 10
2541.810049648034
 20
3738.247907595968
 30
0.0
  0
ENDBLK
  5
368
330
366
100
AcDbEntity
  8
0
100
AcDbBlockEnd
  0
BLOCK
  5
381
330
380
100
AcDbEntity
  8
0
100
AcDbBlockBegin
  2
*D4
 70
     1
 10
0.0
 20
0.0
 30
0.0
  3
*D4
  1

  0
LINE
  5
38D
330
380
100
AcDbEntity
  8
0
 62
     0
440
 16777216
370
    -2
100
AcDbLine
 10
3135.210567784161
 20
3378.975412760239
 30
0.0
 11
3135.210567784161
 21
3420.811360748056
 31
0.0
  0
LINE
  5
38E
330
380
100
AcDbEntity
  8
0
 62
     0
440
 16777216
370
    -2
100
AcDbLine
 10
2435.210567784161
 20
3378.975412760239
 30
0.0
 11
2435.210567784161
 21
3420.811360748056
 31
0.0
  0
LINE
  5
38F
330
380
100
AcDbEntity
  8
0
 62
     0
440
 16777216
370
    -2
100
AcDbLine
 10
3132.710567784161
 20
3419.561360748055
 30
0.0
 11
2437.710567784161
 21
3419.561360748055
 31
0.0
  0
SOLID
  5
390
330
380
100
AcDbEntity
  8
0
 62
     0
440
 16777216
100
AcDbTrace
 10
3132.710567784161
 20
3419.978027414722
 30
0.0
 11
3132.710567784161
 21
3419.144694081389
 31
0.0
 12
3135.210567784161
 22
3419.561360748055
 32
0.0
 13
3135.210567784161
 23
3419.561360748055
 33
0.0
  0
SOLID
  5
391
330
380
100
AcDbEntity
  8
0
 62
     0
440
 16777216
100
AcDbTrace
 10
2437.710567784161
 20
3419.978027414722
 30
0.0
 11
2437.710567784161
 21
3419.144694081389
 31
0.0
 12
2435.210567784161
 22
3419.561360748055
 32
0.0
 13
2435.210567784161
 23
3419.561360748055
 33
0.0
  0
MTEXT
  5
392
330
380
100
AcDbEntity
  8
0
 62
     0
440
 16777216
100
AcDbMText
 10
2785.210567784161
 20
3421.462793217361
 30
0.0
 40
2.5
 41
0.0
 46
0.0
 71
     5
 72
     1
  1
700
 73
     1
 44
1.0
  0
POINT
  5
393
330
380
100
AcDbEntity
  8
Defpoints
 62
     0
440
 16777216
100
AcDbPoint
 10
3135.210567784161
 20
3378.350412760239
 30
0.0
  0
POINT
  5
394
330
380
100
AcDbEntity
  8
Defpoints
 62
     0
440
 16777216
100
AcDbPoint
 10
2435.210567784161
 20
3378.350412760239
 30
0.0
  0
POINT
  5
395
330
380
100
AcDbEntity
  8
Defpoints
 62
     0
440
 16777216
100
AcDbPoint
 10
2435.210567784161
 20
3419.561360748055
 30
0.0
  0
ENDBLK
  5
382
330
380
100
AcDbEntity
  8
0
100
AcDbBlockEnd
  0
BLOCK
  5
399
330
398
100
AcDbEntity
  8
0
100
AcDbBlockBegin
  2
*D5
 70
     1
 10
0.0
 20
0.0
 30
0.0
  3
*D5
  1

  0
LINE
  5
3A5
330
398
100
AcDbEntity
  8
0
 62
     0
440
 16777216
370
    -2
100
AcDbLine
 10
2539.31184938275
 20
3739.289571671391
 30
0.0
 11
2539.378795871591
 21
3762.538210316049
 31
0.0
  0
LINE
  5
3A6
330
398
100
AcDbEntity
  8
0
 62
     0
440
 16777216
370
    -2
100
AcDbLine
 10
2648.411331246622
 20
3738.975410168997
 30
0.0
 11
2648.478277735463
 21
3762.224048813655
 31
0.0
  0
LINE
  5
3A7
330
398
100
AcDbEntity
  8
0
 62
     0
440
 16777216
370
    -2
100
AcDbLine
 10
2541.875186037195
 20
3761.281016559671
 30
0.0
 11
2645.974688630999
 21
3760.981252934999
 31
0.0
  0
SOLID
  5
3A8
330
398
100
AcDbEntity
  8
0
 62
     0
440
 16777216
100
AcDbTrace
 10
2541.876385860339
 20
3761.697681498843
 30
0.0
 11
2541.873986214052
 21
3760.8643516205
 31
0.0
 12
2539.37519640216
 22
3761.288215498532
 32
0.0
 13
2539.37519640216
 23
3761.288215498532
 33
0.0
  0
SOLID
  5
3A9
330
398
100
AcDbEntity
  8
0
 62
     0
440
 16777216
100
AcDbTrace
 10
2645.975888454142
 20
3761.397917874171
 30
0.0
 11
2645.973488807855
 21
3760.564587995827
 31
0.0
 12
2648.474678266033
 22
3760.974053996138
 32
0.0
 13
2648.474678266033
 23
3760.974053996138
 33
0.0
  0
MTEXT
  5
3AA
330
398
100
AcDbEntity
  8
0
 62
     0
440
 16777216
100
AcDbMText
 10
2593.931063306968
 20
3763.258513376056
 30
0.0
 40
2.5
 41
0.0
 46
0.0
 71
     5
 72
     1
  1
109,1
 11
0.9999958540137473
 21
-0.0028795755444238
 31
0.0
 73
     1
 44
1.0
  0
POINT
  5
3AB
330
398
100
AcDbEntity
  8
Defpoints
 62
     0
440
 16777216
100
AcDbPoint
 10
2539.310049648034
 20
3738.664574262633
 30
0.0
  0
POINT
  5
3AC
330
398
100
AcDbEntity
  8
Defpoints
 62
     0
440
 16777216
100
AcDbPoint
 10
2648.409531511906
 20
3738.350412760239
 30
0.0
  0
POINT
  5
3AD
330
398
100
AcDbEntity
  8
Defpoints
 62
     0
440
 16777216
100
AcDbPoint
 10
2648.474678266033
 20
3760.974053996138
 30
0.0
  0
ENDBLK
  5
39A
330
398
100
AcDbEntity
  8
0
100
AcDbBlockEnd
  0
BLOCK
  5
3B1
330
3B0
100
AcDbEntity
  8
0
100
AcDbBlockBegin
  2
*D6
 70
     1
 10
0.0
 20
0.0
 30
0.0
  3
*D6
  1

  0
LINE
  5
3BD
330
3B0
100
AcDbEntity
  8
0
 62
     0
440
 16777216
370
    -2
100
AcDbLine
 10
3141.183784958091
 20
3808.630784183886
 30
0.0
 11
3141.183784958091
 21
3821.751503486586
 31
0.0
  0
LINE
  5
3BE
330
3B0
100
AcDbEntity
  8
0
 62
     0
440
 16777216
370
    -2
100
AcDbLine
 10
3104.729613479686
 20
3808.630784183886
 30
0.0
 11
3104.729613479686
 21
3821.751503486586
 31
0.0
  0
LINE
  5
3BF
330
3B0
100
AcDbEntity
  8
0
 62
     0
440
 16777216
370
    -2
100
AcDbLine
 10
3138.683784958091
 20
3820.501503486588
 30
0.0
 11
3107.229613479685
 21
3820.501503486588
 31
0.0
  0
SOLID
  5
3C0
330
3B0
100
AcDbEntity
  8
0
 62
     0
440
 16777216
100
AcDbTrace
 10
3138.683784958091
 20
3820.918170153253
 30
0.0
 11
3138.683784958091
 21
3820.084836819921
 31
0.0
 12
3141.183784958091
 22
3820.501503486588
 32
0.0
 13
3141.183784958091
 23
3820.501503486588
 33
0.0
  0
SOLID
  5
3C1
330
3B0
100
AcDbEntity
  8
0
 62
     0
440
 16777216
100
AcDbTrace
 10
3107.229613479685
 20
3820.918170153253
 30
0.0
 11
3107.229613479685
 21
3820.084836819921
 31
0.0
 12
3104.729613479686
 22
3820.501503486588
 32
0.0
 13
3104.729613479686
 23
3820.501503486588
 33
0.0
  0
MTEXT
  5
3C2
330
3B0
100
AcDbEntity
  8
0
 62
     0
440
 16777216
100
AcDbMText
 10
3122.956699218889
 20
3822.628890935428
 30
0.0
 40
2.5
 41
0.0
 46
0.0
 71
     5
 72
     1
  1
36,45
 73
     1
 44
1.0
  0
POINT
  5
3C3
330
3B0
100
AcDbEntity
  8
Defpoints
 62
     0
440
 16777216
100
AcDbPoint
 10
3141.183784958091
 20
3808.005784183887
 30
0.0
  0
POINT
  5
3C4
330
3B0
100
AcDbEntity
  8
Defpoints
 62
     0
440
 16777216
100
AcDbPoint
 10
3104.729613479686
 20
3808.005784183887
 30
0.0
  0
POINT
  5
3C5
330
3B0
100
AcDbEntity
  8
Defpoints
 62
     0
440
 16777216
100
AcDbPoint
 10
3104.729613479686
 20
3820.501503486588
 30
0.0
  0
ENDBLK
  5
3B2
330
3B0
100
AcDbEntity
  8
0
100
AcDbBlockEnd
  0
BLOCK
  5
3C9
330
3C8
100
AcDbEntity
  8
0
100
AcDbBlockBegin
  2
*D7
 70
     1
 10
0.0
 20
0.0
 30
0.0
  3
*D7
  1

  0
LINE
  5
3D5
330
3C8
100
AcDbEntity
  8
0
 62
     0
440
 16777216
370
    -2
100
AcDbLine
 10
3135.835567784163
 20
3738.350412760241
 30
0.0
 11
3195.581403950903
 21
3738.350412760241
 31
0.0
  0
LINE
  5
3D6
330
3C8
100
AcDbEntity
  8
0
 62
     0
440
 16777216
370
    -2
100
AcDbLine
 10
3135.835567784163
 20
3378.350412760241
 30
0.0
 11
3195.581403950903
 21
3378.350412760241
 31
0.0
  0
LINE
  5
3D7
330
3C8
100
AcDbEntity
  8
0
 62
     0
440
 16777216
370
    -2
100
AcDbLine
 10
3194.331403950902
 20
3735.850412760241
 30
0.0
 11
3194.331403950902
 21
3380.850412760241
 31
0.0
  0
SOLID
  5
3D8
330
3C8
100
AcDbEntity
  8
0
 62
     0
440
 16777216
100
AcDbTrace
 10
3193.914737284236
 20
3735.850412760241
 30
0.0
 11
3194.748070617569
 21
3735.850412760241
 31
0.0
 12
3194.331403950902
 22
3738.350412760241
 32
0.0
 13
3194.331403950902
 23
3738.350412760241
 33
0.0
  0
SOLID
  5
3D9
330
3C8
100
AcDbEntity
  8
0
 62
     0
440
 16777216
100
AcDbTrace
 10
3193.914737284236
 20
3380.850412760241
 30
0.0
 11
3194.748070617569
 21
3380.850412760241
 31
0.0
 12
3194.331403950902
 22
3378.350412760241
 32
0.0
 13
3194.331403950902
 23
3378.350412760241
 33
0.0
  0
MTEXT
  5
3DA
330
3C8
100
AcDbEntity
  8
0
 62
     0
440
 16777216
100
AcDbMText
 10
3192.429118821298
 20
3558.350412760239
 30
0.0
 40
2.5
 41
0.0
 46
0.0
 71
     5
 72
     1
  1
360
 11
0.0000000000000001
 21
1.0
 31
0.0
 73
     1
 44
1.0
  0
POINT
  5
3DB
330
3C8
100
AcDbEntity
  8
Defpoints
 62
     0
440
 16777216
100
AcDbPoint
 10
3135.210567784163
 20
3738.350412760241
 30
0.0
  0
POINT
  5
3DC
330
3C8
100
AcDbEntity
  8
Defpoints
 62
     0
440
 16777216
100
AcDbPoint
 10
3135.210567784163
 20
3378.350412760241
 30
0.0
  0
POINT
  5
3DD
330
3C8
100
AcDbEntity
  8
Defpoints
 62
     0
440
 16777216
100
AcDbPoint
 10
3194.331403950902
 20
3378.350412760241
 30
0.0
  0
ENDBLK
  5
3CA
330
3C8
100
AcDbEntity
  8
0
100
AcDbBlockEnd
  0
BLOCK
  5
3E1
330
3E0
100
AcDbEntity
  8
0
100
AcDbBlockBegin
  2
*D8
 70
     1
 10
0.0
 20
0.0
 30
0.0
  3
*D8
  1

  0
LINE
  5
3ED
330
3E0
100
AcDbEntity
  8
0
 62
     0
440
 16777216
370
    -2
100
AcDbLine
 10
3135.835367136469
 20
3738.334577061479
 30
0.0
 11
3168.722047484616
 21
3737.501055769782
 31
0.0
  0
LINE
  5
3EE
330
3E0
100
AcDbEntity
  8
0
 62
     0
440
 16777216
370
    -2
100
AcDbLine
 10
3147.058869534093
 20
4181.159180840352
 30
0.0
 11
3179.945549882241
 21
4180.325659548654
 31
0.0
  0
LINE
  5
3EF
330
3E0
100
AcDbEntity
  8
0
 62
     0
440
 16777216
370
    -2
100
AcDbLine
 10
3167.535791575037
 20
3740.031924576533
 30
0.0
 11
3178.632608382586
 21
4177.85813353694
 31
0.0
  0
SOLID
  5
3F0
330
3E0
100
AcDbEntity
  8
0
 62
     0
440
 16777216
100
AcDbTrace
 10
3167.119258673498
 20
3740.042481709038
 30
0.0
 11
3167.952324476576
 21
3740.021367444026
 31
0.0
 12
3167.47244878
 22
3737.5327271673
 32
0.0
 13
3167.47244878
 23
3737.5327271673
 33
0.0
  0
SOLID
  5
3F1
330
3E0
100
AcDbEntity
  8
0
 62
     0
440
 16777216
100
AcDbTrace
 10
3178.216075481048
 20
4177.868690669446
 30
0.0
 11
3179.049141284125
 21
4177.847576404434
 31
0.0
 12
3178.695951177624
 22
4180.357330946173
 32
0.0
 13
3178.695951177624
 23
4180.357330946173
 33
0.0
  0
MTEXT
  5
3F2
330
3E0
100
AcDbEntity
  8
0
 62
     0
440
 16777216
100
AcDbMText
 10
3170.957495498583
 20
3958.998930923591
 30
0.0
 40
2.5
 41
0.0
 46
0.0
 71
     5
 72
     1
  1
442,97
 11
0.0253371180149414
 21
0.9996789636931934
 31
0.0
 73
     1
 44
1.0
  0
POINT
  5
3F3
330
3E0
100
AcDbEntity
  8
Defpoints
 62
     0
440
 16777216
100
AcDbPoint
 10
3135.210567784162
 20
3738.350412760239
 30
0.0
  0
POINT
  5
3F4
330
3E0
100
AcDbEntity
  8
Defpoints
 62
     0
440
 16777216
100
AcDbPoint
 10
3146.434070181786
 20
4181.17501653911
 30
0.0
  0
POINT
  5
3F5
330
3E0
100
AcDbEntity
  8
Defpoints
 62
     0
440
 16777216
100
AcDbPoint
 10
3178.695951177624
 20
4180.357330946173
 30
0.0
  0
ENDBLK
  5
3E2
330
3E0
100
AcDbEntity
  8
0
100
AcDbBlockEnd
  0
BLOCK
  5
3F9
330
3F8
100
AcDbEntity
  8
0
100
AcDbBlockBegin
  2
*D9
 70
     1
 10
0.0
 20
0.0
 30
0.0
  3
*D9
  1

  0
LINE
  5
405
330
3F8
100
AcDbEntity
  8
0
 62
     0
440
 16777216
370
    -2
100
AcDbLine
 10
2804.301583738977
 20
3851.057718260128
 30
0.0
 11
2798.611049469366
 21
3851.057718260128
 31
0.0
  0
LINE
  5
406
330
3F8
100
AcDbEntity
  8
0
 62
     0
440
 16777216
370
    -2
100
AcDbLine
 10
2804.301583738977
 20
3738.350412760241
 30
0.0
 11
2798.611049469366
 21
3738.350412760241
 31
0.0
  0
LINE
  5
407
330
3F8
100
AcDbEntity
  8
0
 62
     0
440
 16777216
370
    -2
100
AcDbLine
 10
2799.861049469366
 20
3848.557718260128
 30
0.0
 11
2799.861049469366
 21
3740.850412760241
 31
0.0
  0
SOLID
  5
408
330
3F8
100
AcDbEntity
  8
0
 62
     0
440
 16777216
100
AcDbTrace
 10
2799.444382802699
 20
3848.557718260128
 30
0.0
 11
2800.277716136033
 21
3848.557718260128
 31
0.0
 12
2799.861049469366
 22
3851.057718260128
 32
0.0
 13
2799.861049469366
 23
3851.057718260128
 33
0.0
  0
SOLID
  5
409
330
3F8
100
AcDbEntity
  8
0
 62
     0
440
 16777216
100
AcDbTrace
 10
2799.444382802699
 20
3740.850412760241
 30
0.0
 11
2800.277716136033
 21
3740.850412760241
 31
0.0
 12
2799.861049469366
 22
3738.350412760241
 32
0.0
 13
2799.861049469366
 23
3738.350412760241
 33
0.0
  0
MTEXT
  5
40A
330
3F8
100
AcDbEntity
  8
0
 62
     0
440
 16777216
100
AcDbMText
 10
2797.733662020526
 20
3794.704065510183
 30
0.0
 40
2.5
 41
0.0
 46
0.0
 71
     5
 72
     1
  1
112,71
 11
0.0000000000000001
 21
1.0
 31
0.0
 73
     1
 44
1.0
  0
POINT
  5
40B
330
3F8
100
AcDbEntity
  8
Defpoints
 62
     0
440
 16777216
100
AcDbPoint
 10
2804.926583738977
 20
3851.057718260128
 30
0.0
  0
POINT
  5
40C
330
3F8
100
AcDbEntity
  8
Defpoints
 62
     0
440
 16777216
100
AcDbPoint
 10
2804.926583738977
 20
3738.350412760241
 30
0.0
  0
POINT
  5
40D
330
3F8
100
AcDbEntity
  8
Defpoints
 62
     0
440
 16777216
100
AcDbPoint
 10
2799.861049469366
 20
3738.350412760241
 30
0.0
  0
ENDBLK
  5
3FA
330
3F8
100
AcDbEntity
  8
0
100
AcDbBlockEnd
  0
BLOCK
  5
422
330
421
100
AcDbEntity
  8
0
100
AcDbBlockBegin
  2
*D10
 70
     1
 10
0.0
 20
0.0
 30
0.0
  3
*D10
  1

  0
LINE
  5
424
330
421
100
AcDbEntity
  8
0
 62
     0
440
 16777216
370
    -2
100
AcDbLine
 10
2479.076377550728
 20
4198.029111799226
 30
0.0
 11
2463.220708633512
 21
4198.029111799226
 31
0.0
  0
LINE
  5
425
330
421
100
AcDbEntity
  8
0
 62
     0
440
 16777216
370
    -2
100
AcDbLine
 10
2479.076377550728
 20
4129.673099121102
 30
0.0
 11
2463.220708633512
 21
4129.673099121102
 31
0.0
  0
LINE
  5
426
330
421
100
AcDbEntity
  8
0
 62
     0
440
 16777216
370
    -2
100
AcDbLine
 10
2464.470708633512
 20
4195.529111799227
 30
0.0
 11
2464.470708633512
 21
4132.173099121103
 31
0.0
  0
SOLID
  5
427
330
421
100
AcDbEntity
  8
0
 62
     0
440
 16777216
100
AcDbTrace
 10
2464.054041966845
 20
4195.529111799227
 30
0.0
 11
2464.887375300179
 21
4195.529111799227
 31
0.0
 12
2464.470708633512
 22
4198.029111799226
 32
0.0
 13
2464.470708633512
 23
4198.029111799226
 33
0.0
  0
SOLID
  5
428
330
421
100
AcDbEntity
  8
0
 62
     0
440
 16777216
100
AcDbTrace
 10
2464.054041966845
 20
4132.173099121103
 30
0.0
 11
2464.887375300179
 21
4132.173099121103
 31
0.0
 12
2464.470708633512
 22
4129.673099121102
 32
0.0
 13
2464.470708633512
 23
4129.673099121102
 33
0.0
  0
MTEXT
  5
429
330
421
100
AcDbEntity
  8
0
 62
     0
440
 16777216
100
AcDbMText
 10
2462.343321184673
 20
4163.851105460161
 30
0.0
 40
2.5
 41
0.0
 46
0.0
 71
     5
 72
     1
  1
68,36
 11
0.0000000000000001
 21
1.0
 31
0.0
 73
     1
 44
1.0
  0
POINT
  5
42A
330
421
100
AcDbEntity
  8
Defpoints
 62
     0
440
 16777216
100
AcDbPoint
 10
2479.701377550727
 20
4198.029111799226
 30
0.0
  0
POINT
  5
42B
330
421
100
AcDbEntity
  8
Defpoints
 62
     0
440
 16777216
100
AcDbPoint
 10
2479.701377550727
 20
4129.673099121102
 30
0.0
  0
POINT
  5
42C
330
421
100
AcDbEntity
  8
Defpoints
 62
     0
440
 16777216
100
AcDbPoint
 10
2464.470708633512
 20
4129.673099121102
 30
0.0
  0
ENDBLK
  5
423
330
421
100
AcDbEntity
  8
0
100
AcDbBlockEnd
  0
BLOCK
  5
82C
330
82B
100
AcDbEntity
  8
0
 62
    40
420
 16308017
100
AcDbBlockBegin
  2
*D11
 70
     1
 10
0.0
 20
0.0
 30
0.0
  3
*D11
  1

  0
LINE
  5
887
330
82B
100
AcDbEntity
  8
0
 62
     0
440
 16777216
370
    -2
100
AcDbLine
 10
3871.897697866728
 20
4119.08382615737
 30
0.0
 11
3871.897697866728
 21
4114.90833782525
 31
0.0
  0
LINE
  5
888
330
82B
100
AcDbEntity
  8
0
 62
     0
440
 16777216
370
    -2
100
AcDbLine
 10
3891.039407349942
 20
4119.08382615737
 30
0.0
 11
3891.039407349942
 21
4114.90833782525
 31
0.0
  0
LINE
  5
889
330
82B
100
AcDbEntity
  8
0
 62
     0
440
 16777216
370
    -2
100
AcDbLine
 10
3874.397697866728
 20
4116.158337825249
 30
0.0
 11
3888.539407349941
 21
4116.158337825249
 31
0.0
  0
SOLID
  5
88A
330
82B
100
AcDbEntity
  8
0
 62
     0
440
 16777216
100
AcDbTrace
 10
3874.397697866728
 20
4116.575004491917
 30
0.0
 11
3874.397697866728
 21
4115.741671158583
 31
0.0
 12
3871.897697866728
 22
4116.158337825249
 32
0.0
 13
3871.897697866728
 23
4116.158337825249
 33
0.0
  0
SOLID
  5
88B
330
82B
100
AcDbEntity
  8
0
 62
     0
440
 16777216
100
AcDbTrace
 10
3888.539407349941
 20
4116.575004491917
 30
0.0
 11
3888.539407349941
 21
4115.741671158583
 31
0.0
 12
3891.039407349942
 22
4116.158337825249
 32
0.0
 13
3891.039407349942
 23
4116.158337825249
 33
0.0
  0
MTEXT
  5
88C
330
82B
100
AcDbEntity
  8
0
 62
     0
440
 16777216
100
AcDbMText
 10
3881.468552608334
 20
4118.285725274088
 30
0.0
 40
2.5
 41
0.0
 46
0.0
 71
     5
 72
     1
  1
19,14
 73
     1
 44
1.0
  0
POINT
  5
88D
330
82B
100
AcDbEntity
  8
Defpoints
 62
     0
440
 16777216
100
AcDbPoint
 10
3871.897697866728
 20
4119.708826157371
 30
0.0
  0
POINT
  5
88E
330
82B
100
AcDbEntity
  8
Defpoints
 62
     0
440
 16777216
100
AcDbPoint
 10
3891.039407349942
 20
4119.708826157371
 30
0.0
  0
POINT
  5
88F
330
82B
100
AcDbEntity
  8
Defpoints
 62
     0
440
 16777216
100
AcDbPoint
 10
3891.039407349942
 20
4116.158337825249
 30
0.0
  0
ENDBLK
  5
82D
330
82B
100
AcDbEntity
  8
0
 62
    40
420
 16308017
100
AcDbBlockEnd
  0
BLOCK
  5
838
330
837
100
AcDbEntity
  8
0
 62
    40
420
 16308017
100
AcDbBlockBegin
  2
*D12
 70
     1
 10
0.0
 20
0.0
 30
0.0
  3
*D12
  1

  0
LINE
  5
22DD
330
837
100
AcDbEntity
  8
0
 62
     0
440
 16777216
370
    -2
100
AcDbLine
 10
3832.961687790367
 20
4637.143738166074
 30
0.0
 11
3832.961687790367
 21
4652.039713609467
 31
0.0
  0
MTEXT
  5
22DE
330
837
100
AcDbEntity
  8
0
 62
     0
440
 16777216
100
AcDbMText
 10
3830.793372647118
 20
4643.341725887765
 30
0.0
 40
2.5
 41
0.0
 46
0.0
 71
     5
 72
     1
  1
∅70,34
 11
0.0000000000000001
 21
1.0
 31
0.0
 73
     1
 44
1.0
  0
SOLID
  5
22DF
330
837
100
AcDbEntity
  8
0
 62
     0
440
 16777216
100
AcDbTrace
 10
3832.545021123698
 20
4652.039713609467
 30
0.0
 11
3833.378354457031
 21
4652.039713609467
 31
0.0
 12
3832.961687790367
 22
4654.539713609467
 32
0.0
 13
3832.961687790367
 23
4654.539713609467
 33
0.0
  0
POINT
  5
22E0
330
837
100
AcDbEntity
  8
Defpoints
 62
     0
440
 16777216
100
AcDbPoint
 10
3832.961687790367
 20
4654.539713609467
 30
0.0
  0
POINT
  5
22E1
330
837
100
AcDbEntity
  8
Defpoints
 62
     0
440
 16777216
100
AcDbPoint
 10
3832.961687790367
 20
4584.204350937016
 30
0.0
  0
ENDBLK
  5
839
330
837
100
AcDbEntity
  8
0
 62
    40
420
 16308017
100
AcDbBlockEnd
  0
BLOCK
  5
840
330
83F
100
AcDbEntity
  8
0
 62
    40
420
 16308017
100
AcDbBlockBegin
  2
*D13
 70
     1
 10
0.0
 20
0.0
 30
0.0
  3
*D13
  1

  0
LINE
  5
842
330
83F
100
AcDbEntity
  8
0
 62
     0
440
 16777216
370
    -2
100
AcDbLine
 10
3797.912083765413
 20
4621.626453788172
 30
0.0
 11
3797.912083765413
 21
4613.015305144637
 31
0.0
  0
LINE
  5
843
330
83F
100
AcDbEntity
  8
0
 62
     0
440
 16777216
370
    -2
100
AcDbLine
 10
3878.612754036721
 20
4621.626453788172
 30
0.0
 11
3878.612754036721
 21
4613.015305144637
 31
0.0
  0
LINE
  5
844
330
83F
100
AcDbEntity
  8
0
 62
     0
440
 16777216
370
    -2
100
AcDbLine
 10
3800.412083765412
 20
4614.265305144637
 30
0.0
 11
3876.112754036721
 21
4614.265305144637
 31
0.0
  0
SOLID
  5
845
330
83F
100
AcDbEntity
  8
0
 62
     0
440
 16777216
100
AcDbTrace
 10
3800.412083765412
 20
4614.681971811303
 30
0.0
 11
3800.412083765412
 21
4613.848638477969
 31
0.0
 12
3797.912083765413
 22
4614.265305144637
 32
0.0
 13
3797.912083765413
 23
4614.265305144637
 33
0.0
  0
SOLID
  5
846
330
83F
100
AcDbEntity
  8
0
 62
     0
440
 16777216
100
AcDbTrace
 10
3876.112754036721
 20
4614.681971811303
 30
0.0
 11
3876.112754036721
 21
4613.848638477969
 31
0.0
 12
3878.612754036721
 22
4614.265305144637
 32
0.0
 13
3878.612754036721
 23
4614.265305144637
 33
0.0
  0
MTEXT
  5
847
330
83F
100
AcDbEntity
  8
0
 62
     0
440
 16777216
100
AcDbMText
 10
3838.262418901067
 20
4616.392692593477
 30
0.0
 40
2.5
 41
0.0
 46
0.0
 71
     5
 72
     1
  1
80,7
 73
     1
 44
1.0
  0
POINT
  5
848
330
83F
100
AcDbEntity
  8
Defpoints
 62
     0
440
 16777216
100
AcDbPoint
 10
3797.912083765413
 20
4622.25145378817
 30
0.0
  0
POINT
  5
849
330
83F
100
AcDbEntity
  8
Defpoints
 62
     0
440
 16777216
100
AcDbPoint
 10
3878.612754036721
 20
4622.25145378817
 30
0.0
  0
POINT
  5
84A
330
83F
100
AcDbEntity
  8
Defpoints
 62
     0
440
 16777216
100
AcDbPoint
 10
3878.612754036721
 20
4614.265305144637
 30
0.0
  0
ENDBLK
  5
841
330
83F
100
AcDbEntity
  8
0
 62
    40
420
 16308017
100
AcDbBlockEnd
  0
BLOCK
  5
84C
330
84B
100
AcDbEntity
  8
0
 62
    40
420
 16308017
100
AcDbBlockBegin
  2
*D14
 70
     1
 10
0.0
 20
0.0
 30
0.0
  3
*D14
  1

  0
LINE
  5
84E
330
84B
100
AcDbEntity
  8
0
 62
     0
440
 16777216
370
    -2
100
AcDbLine
 10
3587.710903927663
 20
4130.864690369688
 30
0.0
 11
3581.999475046405
 21
4130.864690369688
 31
0.0
  0
LINE
  5
84F
330
84B
100
AcDbEntity
  8
0
 62
     0
440
 16777216
370
    -2
100
AcDbLine
 10
3587.710903927663
 20
4107.745349349747
 30
0.0
 11
3581.999475046405
 21
4107.745349349747
 31
0.0
  0
LINE
  5
850
330
84B
100
AcDbEntity
  8
0
 62
     0
440
 16777216
370
    -2
100
AcDbLine
 10
3583.249475046405
 20
4128.364690369688
 30
0.0
 11
3583.249475046405
 21
4110.245349349748
 31
0.0
  0
SOLID
  5
851
330
84B
100
AcDbEntity
  8
0
 62
     0
440
 16777216
100
AcDbTrace
 10
3582.832808379738
 20
4128.364690369688
 30
0.0
 11
3583.666141713071
 21
4128.364690369688
 31
0.0
 12
3583.249475046405
 22
4130.864690369688
 32
0.0
 13
3583.249475046405
 23
4130.864690369688
 33
0.0
  0
SOLID
  5
852
330
84B
100
AcDbEntity
  8
0
 62
     0
440
 16777216
100
AcDbTrace
 10
3582.832808379738
 20
4110.245349349748
 30
0.0
 11
3583.666141713071
 21
4110.245349349748
 31
0.0
 12
3583.249475046405
 22
4107.745349349747
 32
0.0
 13
3583.249475046405
 23
4107.745349349747
 33
0.0
  0
MTEXT
  5
853
330
84B
100
AcDbEntity
  8
0
 62
     0
440
 16777216
100
AcDbMText
 10
3581.122087597565
 20
4119.305019859715
 30
0.0
 40
2.5
 41
0.0
 46
0.0
 71
     5
 72
     1
  1
23,12
 11
0.0000000000000001
 21
1.0
 31
0.0
 73
     1
 44
1.0
  0
POINT
  5
854
330
84B
100
AcDbEntity
  8
Defpoints
 62
     0
440
 16777216
100
AcDbPoint
 10
3588.335903927664
 20
4130.864690369688
 30
0.0
  0
POINT
  5
855
330
84B
100
AcDbEntity
  8
Defpoints
 62
     0
440
 16777216
100
AcDbPoint
 10
3588.335903927664
 20
4107.745349349747
 30
0.0
  0
POINT
  5
856
330
84B
100
AcDbEntity
  8
Defpoints
 62
     0
440
 16777216
100
AcDbPoint
 10
3583.249475046405
 20
4107.745349349747
 30
0.0
  0
ENDBLK
  5
84D
330
84B
100
AcDbEntity
  8
0
 62
    40
420
 16308017
100
AcDbBlockEnd
  0
BLOCK
  5
858
330
857
100
AcDbEntity
  8
0
 62
    40
420
 16308017
100
AcDbBlockBegin
  2
*D15
 70
     1
 10
0.0
 20
0.0
 30
0.0
  3
*D15
  1

  0
LINE
  5
85A
330
857
100
AcDbEntity
  8
0
 62
     0
440
 16777216
370
    -2
100
AcDbLine
 10
3531.430352356041
 20
4131.489690369686
 30
0.0
 11
3531.430352356041
 21
4139.102987857664
 31
0.0
  0
LINE
  5
85B
330
857
100
AcDbEntity
  8
0
 62
     0
440
 16777216
370
    -2
100
AcDbLine
 10
3588.335903927662
 20
4131.489690369686
 30
0.0
 11
3588.335903927662
 21
4139.102987857664
 31
0.0
  0
LINE
  5
85C
330
857
100
AcDbEntity
  8
0
 62
     0
440
 16777216
370
    -2
100
AcDbLine
 10
3533.930352356041
 20
4137.852987857661
 30
0.0
 11
3585.835903927661
 21
4137.852987857661
 31
0.0
  0
SOLID
  5
85D
330
857
100
AcDbEntity
  8
0
 62
     0
440
 16777216
100
AcDbTrace
 10
3533.930352356041
 20
4138.26965452433
 30
0.0
 11
3533.930352356041
 21
4137.436321190995
 31
0.0
 12
3531.430352356041
 22
4137.852987857661
 32
0.0
 13
3531.430352356041
 23
4137.852987857661
 33
0.0
  0
SOLID
  5
85E
330
857
100
AcDbEntity
  8
0
 62
     0
440
 16777216
100
AcDbTrace
 10
3585.835903927661
 20
4138.26965452433
 30
0.0
 11
3585.835903927661
 21
4137.436321190995
 31
0.0
 12
3588.335903927662
 22
4137.852987857661
 32
0.0
 13
3588.335903927662
 23
4137.852987857661
 33
0.0
  0
MTEXT
  5
85F
330
857
100
AcDbEntity
  8
0
 62
     0
440
 16777216
100
AcDbMText
 10
3559.883128141851
 20
4139.980375306504
 30
0.0
 40
2.5
 41
0.0
 46
0.0
 71
     5
 72
     1
  1
56,91
 73
     1
 44
1.0
  0
POINT
  5
860
330
857
100
AcDbEntity
  8
Defpoints
 62
     0
440
 16777216
100
AcDbPoint
 10
3531.430352356041
 20
4130.864690369686
 30
0.0
  0
POINT
  5
861
330
857
100
AcDbEntity
  8
Defpoints
 62
     0
440
 16777216
100
AcDbPoint
 10
3588.335903927662
 20
4130.864690369686
 30
0.0
  0
POINT
  5
862
330
857
100
AcDbEntity
  8
Defpoints
 62
     0
440
 16777216
100
AcDbPoint
 10
3588.335903927662
 20
4137.852987857661
 30
0.0
  0
ENDBLK
  5
859
330
857
100
AcDbEntity
  8
0
 62
    40
420
 16308017
100
AcDbBlockEnd
  0
BLOCK
  5
864
330
863
100
AcDbEntity
  8
0
 62
    40
420
 16308017
100
AcDbBlockBegin
  2
*D16
 70
     1
 10
0.0
 20
0.0
 30
0.0
  3
*D16
  1

  0
LINE
  5
866
330
863
100
AcDbEntity
  8
0
 62
     0
440
 16777216
370
    -2
100
AcDbLine
 10
3691.020304767643
 20
4125.474900284944
 30
0.0
 11
3691.020304767643
 21
4118.179232883984
 31
0.0
  0
LINE
  5
867
330
863
100
AcDbEntity
  8
0
 62
     0
440
 16777216
370
    -2
100
AcDbLine
 10
3588.335903927662
 20
4125.474900284944
 30
0.0
 11
3588.335903927662
 21
4118.179232883984
 31
0.0
  0
LINE
  5
868
330
863
100
AcDbEntity
  8
0
 62
     0
440
 16777216
370
    -2
100
AcDbLine
 10
3688.520304767644
 20
4119.429232883986
 30
0.0
 11
3590.835903927662
 21
4119.429232883986
 31
0.0
  0
SOLID
  5
869
330
863
100
AcDbEntity
  8
0
 62
     0
440
 16777216
100
AcDbTrace
 10
3688.520304767644
 20
4119.845899550653
 30
0.0
 11
3688.520304767644
 21
4119.012566217318
 31
0.0
 12
3691.020304767643
 22
4119.429232883986
 32
0.0
 13
3691.020304767643
 23
4119.429232883986
 33
0.0
  0
SOLID
  5
86A
330
863
100
AcDbEntity
  8
0
 62
     0
440
 16777216
100
AcDbTrace
 10
3590.835903927662
 20
4119.845899550653
 30
0.0
 11
3590.835903927662
 21
4119.012566217318
 31
0.0
 12
3588.335903927662
 22
4119.429232883986
 32
0.0
 13
3588.335903927662
 23
4119.429232883986
 33
0.0
  0
MTEXT
  5
86B
330
863
100
AcDbEntity
  8
0
 62
     0
440
 16777216
100
AcDbMText
 10
3639.678104347652
 20
4121.556620332826
 30
0.0
 40
2.5
 41
0.0
 46
0.0
 71
     5
 72
     1
  1
102,68
 73
     1
 44
1.0
  0
POINT
  5
86C
330
863
100
AcDbEntity
  8
Defpoints
 62
     0
440
 16777216
100
AcDbPoint
 10
3691.020304767643
 20
4126.099900284946
 30
0.0
  0
POINT
  5
86D
330
863
100
AcDbEntity
  8
Defpoints
 62
     0
440
 16777216
100
AcDbPoint
 10
3588.335903927662
 20
4126.099900284946
 30
0.0
  0
POINT
  5
86E
330
863
100
AcDbEntity
  8
Defpoints
 62
     0
440
 16777216
100
AcDbPoint
 10
3588.335903927662
 20
4119.429232883986
 30
0.0
  0
ENDBLK
  5
865
330
863
100
AcDbEntity
  8
0
 62
    40
420
 16308017
100
AcDbBlockEnd
  0
BLOCK
  5
870
330
86F
100
AcDbEntity
  8
0
 62
    40
420
 16308017
100
AcDbBlockBegin
  2
*D17
 70
     1
 10
0.0
 20
0.0
 30
0.0
  3
*D17
  1

  0
LINE
  5
872
330
86F
100
AcDbEntity
  8
0
 62
     0
440
 16777216
370
    -2
100
AcDbLine
 10
3798.716563212066
 20
4473.688462188247
 30
0.0
 11
3798.716563212066
 21
4492.762964412622
 31
0.0
  0
LINE
  5
873
330
86F
100
AcDbEntity
  8
0
 62
     0
440
 16777216
370
    -2
100
AcDbLine
 10
3882.82930643469
 20
4473.688462188247
 30
0.0
 11
3882.82930643469
 21
4492.762964412622
 31
0.0
  0
LINE
  5
874
330
86F
100
AcDbEntity
  8
0
 62
     0
440
 16777216
370
    -2
100
AcDbLine
 10
3801.216563212068
 20
4491.512964412621
 30
0.0
 11
3880.329306434691
 21
4491.512964412621
 31
0.0
  0
SOLID
  5
875
330
86F
100
AcDbEntity
  8
0
 62
     0
440
 16777216
100
AcDbTrace
 10
3801.216563212068
 20
4491.929631079289
 30
0.0
 11
3801.216563212068
 21
4491.096297745953
 31
0.0
 12
3798.716563212066
 22
4491.512964412621
 32
0.0
 13
3798.716563212066
 23
4491.512964412621
 33
0.0
  0
SOLID
  5
876
330
86F
100
AcDbEntity
  8
0
 62
     0
440
 16777216
100
AcDbTrace
 10
3880.329306434691
 20
4491.929631079289
 30
0.0
 11
3880.329306434691
 21
4491.096297745953
 31
0.0
 12
3882.82930643469
 22
4491.512964412621
 32
0.0
 13
3882.82930643469
 23
4491.512964412621
 33
0.0
  0
MTEXT
  5
877
330
86F
100
AcDbEntity
  8
0
 62
     0
440
 16777216
100
AcDbMText
 10
3840.772934823379
 20
4493.640351861461
 30
0.0
 40
2.5
 41
0.0
 46
0.0
 71
     5
 72
     1
  1
84,11
 73
     1
 44
1.0
  0
POINT
  5
878
330
86F
100
AcDbEntity
  8
Defpoints
 62
     0
440
 16777216
100
AcDbPoint
 10
3798.716563212066
 20
4473.063462188247
 30
0.0
  0
POINT
  5
879
330
86F
100
AcDbEntity
  8
Defpoints
 62
     0
440
 16777216
100
AcDbPoint
 10
3882.82930643469
 20
4473.063462188247
 30
0.0
  0
POINT
  5
87A
330
86F
100
AcDbEntity
  8
Defpoints
 62
     0
440
 16777216
100
AcDbPoint
 10
3882.82930643469
 20
4491.512964412621
 30
0.0
  0
ENDBLK
  5
871
330
86F
100
AcDbEntity
  8
0
 62
    40
420
 16308017
100
AcDbBlockEnd
  0
BLOCK
  5
87C
330
87B
100
AcDbEntity
  8
0
 62
    40
420
 16308017
100
AcDbBlockBegin
  2
*D18
 70
     1
 10
0.0
 20
0.0
 30
0.0
  3
*D18
  1

  0
LINE
  5
87E
330
87B
100
AcDbEntity
  8
0
 62
     0
440
 16777216
370
    -2
100
AcDbLine
 10
3772.777259923153
 20
4133.591963050886
 30
0.0
 11
3772.777259923153
 21
4124.51233059778
 31
0.0
  0
LINE
  5
87F
330
87B
100
AcDbEntity
  8
0
 62
     0
440
 16777216
370
    -2
100
AcDbLine
 10
3871.897697866728
 20
4133.591963050886
 30
0.0
 11
3871.897697866728
 21
4124.51233059778
 31
0.0
  0
LINE
  5
880
330
87B
100
AcDbEntity
  8
0
 62
     0
440
 16777216
370
    -2
100
AcDbLine
 10
3775.277259923154
 20
4125.762330597779
 30
0.0
 11
3869.397697866727
 21
4125.762330597779
 31
0.0
  0
SOLID
  5
881
330
87B
100
AcDbEntity
  8
0
 62
     0
440
 16777216
100
AcDbTrace
 10
3775.277259923154
 20
4126.178997264447
 30
0.0
 11
3775.277259923154
 21
4125.345663931113
 31
0.0
 12
3772.777259923153
 22
4125.762330597779
 32
0.0
 13
3772.777259923153
 23
4125.762330597779
 33
0.0
  0
SOLID
  5
882
330
87B
100
AcDbEntity
  8
0
 62
     0
440
 16777216
100
AcDbTrace
 10
3869.397697866727
 20
4126.178997264447
 30
0.0
 11
3869.397697866727
 21
4125.345663931113
 31
0.0
 12
3871.897697866728
 22
4125.762330597779
 32
0.0
 13
3871.897697866728
 23
4125.762330597779
 33
0.0
  0
MTEXT
  5
883
330
87B
100
AcDbEntity
  8
0
 62
     0
440
 16777216
100
AcDbMText
 10
3822.337478894939
 20
4127.88971804662
 30
0.0
 40
2.5
 41
0.0
 46
0.0
 71
     5
 72
     1
  1
99,12
 73
     1
 44
1.0
  0
POINT
  5
884
330
87B
100
AcDbEntity
  8
Defpoints
 62
     0
440
 16777216
100
AcDbPoint
 10
3772.777259923153
 20
4134.216963050886
 30
0.0
  0
POINT
  5
885
330
87B
100
AcDbEntity
  8
Defpoints
 62
     0
440
 16777216
100
AcDbPoint
 10
3871.897697866728
 20
4134.216963050886
 30
0.0
  0
POINT
  5
886
330
87B
100
AcDbEntity
  8
Defpoints
 62
     0
440
 16777216
100
AcDbPoint
 10
3871.897697866728
 20
4125.762330597779
 30
0.0
  0
ENDBLK
  5
87D
330
87B
100
AcDbEntity
  8
0
 62
    40
420
 16308017
100
AcDbBlockEnd
  0
BLOCK
  5
143F
330
143E
100
AcDbEntity
  8
0
 62
   251
420
  6513766
100
AcDbBlockBegin
  2
*U19
 70
     1
 10
0.0
 20
0.0
 30
0.0
  3
*U19
  1

  0
CIRCLE
  5
1445
330
143E
100
AcDbEntity
  8
0
100
AcDbCircle
 10
145.0
 20
0.0
 30
0.0
 40
0.75
  0
ENDBLK
  5
1440
330
143E
100
AcDbEntity
  8
0
 62
   251
420
  6513766
100
AcDbBlockEnd
  0
BLOCK
  5
161F
330
161E
100
AcDbEntity
  8
0
 62
   251
420
  6513766
100
AcDbBlockBegin
  2
*U20
 70
     1
 10
0.0
 20
0.0
 30
0.0
  3
*U20
  1

  0
CIRCLE
  5
1625
330
161E
100
AcDbEntity
  8
0
 62
   251
420
  6513766
100
AcDbCircle
 10
1.620263837976381
 20
0.0
 30
0.0
 40
0.75
  0
ENDBLK
  5
1620
330
161E
100
AcDbEntity
  8
0
 62
   251
420
  6513766
100
AcDbBlockEnd
  0
BLOCK
  5
16F6
330
16F5
100
AcDbEntity
  8
0
 62
   251
420
  6513766
100
AcDbBlockBegin
  2
*U21
 70
     1
 10
0.0
 20
0.0
 30
0.0
  3
*U21
  1

  0
CIRCLE
  5
16F7
330
16F5
100
AcDbEntity
  8
0
 62
   251
420
  6513766
100
AcDbCircle
 10
1.620263837976381
 20
0.0
 30
0.0
 40
0.75
  0
ENDBLK
  5
16F8
330
16F5
100
AcDbEntity
  8
0
 62
   251
420
  6513766
100
AcDbBlockEnd
  0
BLOCK
  5
2243
330
2242
100
AcDbEntity
  8
0
 62
    40
420
 16308017
100
AcDbBlockBegin
  2
*D22
 70
     1
 10
0.0
 20
0.0
 30
0.0
  3
*D22
  1

  0
LINE
  5
22BC
330
2242
100
AcDbEntity
  8
0
 62
     0
440
 16777216
370
    -2
100
AcDbLine
 10
2066.450007159088
 20
5129.728344279729
 30
0.0
 11
2066.450007159088
 21
5128.874762388166
 31
0.0
  0
LINE
  5
22BD
330
2242
100
AcDbEntity
  8
0
 62
     0
440
 16777216
370
    -2
100
AcDbLine
 10
1931.967345394863
 20
5129.728344279729
 30
0.0
 11
1931.967345394863
 21
5128.874762388166
 31
0.0
  0
LINE
  5
22BE
330
2242
100
AcDbEntity
  8
0
 62
     0
440
 16777216
370
    -2
100
AcDbLine
 10
2063.950007159089
 20
5130.124762388167
 30
0.0
 11
1934.467345394862
 21
5130.124762388167
 31
0.0
  0
SOLID
  5
22BF
330
2242
100
AcDbEntity
  8
0
 62
     0
440
 16777216
100
AcDbTrace
 10
2063.950007159089
 20
5130.541429054833
 30
0.0
 11
2063.950007159089
 21
5129.708095721499
 31
0.0
 12
2066.450007159088
 22
5130.124762388167
 32
0.0
 13
2066.450007159088
 23
5130.124762388167
 33
0.0
  0
SOLID
  5
22C0
330
2242
100
AcDbEntity
  8
0
 62
     0
440
 16777216
100
AcDbTrace
 10
1934.467345394862
 20
5130.541429054833
 30
0.0
 11
1934.467345394862
 21
5129.708095721499
 31
0.0
 12
1931.967345394863
 22
5130.124762388167
 32
0.0
 13
1931.967345394863
 23
5130.124762388167
 33
0.0
  0
MTEXT
  5
22C1
330
2242
100
AcDbEntity
  8
0
 62
     0
440
 16777216
100
AcDbMText
 10
1999.208676276975
 20
5132.252149837007
 30
0.0
 40
2.5
 41
0.0
 46
0.0
 71
     5
 72
     1
  1
134,48
 73
     1
 44
1.0
  0
POINT
  5
22C2
330
2242
100
AcDbEntity
  8
Defpoints
 62
     0
440
 16777216
100
AcDbPoint
 10
2066.450007159088
 20
5130.353344279729
 30
0.0
  0
POINT
  5
22C3
330
2242
100
AcDbEntity
  8
Defpoints
 62
     0
440
 16777216
100
AcDbPoint
 10
1931.967345394863
 20
5130.353344279729
 30
0.0
  0
POINT
  5
22C4
330
2242
100
AcDbEntity
  8
Defpoints
 62
     0
440
 16777216
100
AcDbPoint
 10
1931.967345394863
 20
5130.124762388167
 30
0.0
  0
ENDBLK
  5
2244
330
2242
100
AcDbEntity
  8
0
 62
    40
420
 16308017
100
AcDbBlockEnd
  0
BLOCK
  5
224F
330
224E
100
AcDbEntity
  8
0
 62
    40
420
 16308017
100
AcDbBlockBegin
  2
*D23
 70
     1
 10
0.0
 20
0.0
 30
0.0
  3
*D23
  1

  0
LINE
  5
22C5
330
224E
100
AcDbEntity
  8
0
 62
     0
440
 16777216
370
    -2
100
AcDbLine
 10
1931.967345394863
 20
5166.940206630502
 30
0.0
 11
1931.967345394863
 21
5167.565206630502
 31
0.0
  0
LINE
  5
22C6
330
224E
100
AcDbEntity
  8
0
 62
     0
440
 16777216
370
    -2
100
AcDbLine
 10
2031.087783338436
 20
5166.940206630502
 30
0.0
 11
2031.087783338436
 21
5167.565206630502
 31
0.0
  0
LINE
  5
22C7
330
224E
100
AcDbEntity
  8
0
 62
     0
440
 16777216
370
    -2
100
AcDbLine
 10
1934.467345394862
 20
5166.315206630502
 30
0.0
 11
2028.587783338436
 21
5166.315206630502
 31
0.0
  0
SOLID
  5
22C8
330
224E
100
AcDbEntity
  8
0
 62
     0
440
 16777216
100
AcDbTrace
 10
1934.467345394862
 20
5166.73187329717
 30
0.0
 11
1934.467345394862
 21
5165.898539963835
 31
0.0
 12
1931.967345394863
 22
5166.315206630502
 32
0.0
 13
1931.967345394863
 23
5166.315206630502
 33
0.0
  0
SOLID
  5
22C9
330
224E
100
AcDbEntity
  8
0
 62
     0
440
 16777216
100
AcDbTrace
 10
2028.587783338436
 20
5166.73187329717
 30
0.0
 11
2028.587783338436
 21
5165.898539963835
 31
0.0
 12
2031.087783338436
 22
5166.315206630502
 32
0.0
 13
2031.087783338436
 23
5166.315206630502
 33
0.0
  0
MTEXT
  5
22CA
330
224E
100
AcDbEntity
  8
0
 62
     0
440
 16777216
100
AcDbMText
 10
1981.527564366649
 20
5168.442594079341
 30
0.0
 40
2.5
 41
0.0
 46
0.0
 71
     5
 72
     1
  1
99,12
 73
     1
 44
1.0
  0
POINT
  5
22CB
330
224E
100
AcDbEntity
  8
Defpoints
 62
     0
440
 16777216
100
AcDbPoint
 10
1931.967345394863
 20
5166.315206630502
 30
0.0
  0
POINT
  5
22CC
330
224E
100
AcDbEntity
  8
Defpoints
 62
     0
440
 16777216
100
AcDbPoint
 10
2031.087783338436
 20
5166.315206630502
 30
0.0
  0
POINT
  5
22CD
330
224E
100
AcDbEntity
  8
Defpoints
 62
     0
440
 16777216
100
AcDbPoint
 10
2031.087783338436
 20
5166.315206630502
 30
0.0
  0
ENDBLK
  5
2250
330
224E
100
AcDbEntity
  8
0
 62
    40
420
 16308017
100
AcDbBlockEnd
  0
BLOCK
  5
225D
330
225C
100
AcDbEntity
  8
0
 62
    40
420
 16308017
100
AcDbBlockBegin
  2
*D24
 70
     1
 10
0.0
 20
0.0
 30
0.0
  3
*D24
  1

  0
LINE
  5
225F
330
225C
100
AcDbEntity
  8
0
 62
     0
440
 16777216
370
    -2
100
AcDbLine
 10
1761.396803438502
 20
5118.472685299671
 30
0.0
 11
1755.685374557247
 21
5118.472685299671
 31
0.0
  0
LINE
  5
2260
330
225C
100
AcDbEntity
  8
0
 62
     0
440
 16777216
370
    -2
100
AcDbLine
 10
1761.396803438502
 20
5095.353344279732
 30
0.0
 11
1755.685374557247
 21
5095.353344279732
 31
0.0
  0
LINE
  5
2261
330
225C
100
AcDbEntity
  8
0
 62
     0
440
 16777216
370
    -2
100
AcDbLine
 10
1756.935374557247
 20
5115.972685299672
 30
0.0
 11
1756.935374557247
 21
5097.85334427973
 31
0.0
  0
SOLID
  5
2262
330
225C
100
AcDbEntity
  8
0
 62
     0
440
 16777216
100
AcDbTrace
 10
1756.51870789058
 20
5115.972685299672
 30
0.0
 11
1757.352041223914
 21
5115.972685299672
 31
0.0
 12
1756.935374557247
 22
5118.472685299671
 32
0.0
 13
1756.935374557247
 23
5118.472685299671
 33
0.0
  0
SOLID
  5
2263
330
225C
100
AcDbEntity
  8
0
 62
     0
440
 16777216
100
AcDbTrace
 10
1756.51870789058
 20
5097.85334427973
 30
0.0
 11
1757.352041223914
 21
5097.85334427973
 31
0.0
 12
1756.935374557247
 22
5095.353344279732
 32
0.0
 13
1756.935374557247
 23
5095.353344279732
 33
0.0
  0
MTEXT
  5
2264
330
225C
100
AcDbEntity
  8
0
 62
     0
440
 16777216
100
AcDbMText
 10
1754.807987108408
 20
5106.913014789701
 30
0.0
 40
2.5
 41
0.0
 46
0.0
 71
     5
 72
     1
  1
23,12
 11
0.0000000000000001
 21
1.0
 31
0.0
 73
     1
 44
1.0
  0
POINT
  5
2265
330
225C
100
AcDbEntity
  8
Defpoints
 62
     0
440
 16777216
100
AcDbPoint
 10
1762.021803438502
 20
5118.472685299671
 30
0.0
  0
POINT
  5
2266
330
225C
100
AcDbEntity
  8
Defpoints
 62
     0
440
 16777216
100
AcDbPoint
 10
1762.021803438502
 20
5095.353344279732
 30
0.0
  0
POINT
  5
2267
330
225C
100
AcDbEntity
  8
Defpoints
 62
     0
440
 16777216
100
AcDbPoint
 10
1756.935374557247
 20
5095.353344279732
 30
0.0
  0
ENDBLK
  5
225E
330
225C
100
AcDbEntity
  8
0
 62
    40
420
 16308017
100
AcDbBlockEnd
  0
BLOCK
  5
2269
330
2268
100
AcDbEntity
  8
0
 62
    40
420
 16308017
100
AcDbBlockBegin
  2
*D25
 70
     1
 10
0.0
 20
0.0
 30
0.0
  3
*D25
  1

  0
LINE
  5
3514
330
2268
100
AcDbEntity
  8
0
 62
     0
440
 16777216
370
    -2
100
AcDbLine
 10
2030.645732002842
 20
5642.147708539447
 30
0.0
 11
2027.616636725279
 21
5642.147708539447
 31
0.0
  0
LINE
  5
3515
330
2268
100
AcDbEntity
  8
0
 62
     0
440
 16777216
370
    -2
100
AcDbLine
 10
2030.645732002842
 20
5606.980027203224
 30
0.0
 11
2027.616636725279
 21
5606.980027203224
 31
0.0
  0
LINE
  5
3516
330
2268
100
AcDbEntity
  8
0
 62
     0
440
 16777216
370
    -2
100
AcDbLine
 10
2028.866636725279
 20
5639.647708539447
 30
0.0
 11
2028.866636725279
 21
5609.480027203224
 31
0.0
  0
SOLID
  5
3517
330
2268
100
AcDbEntity
  8
0
 62
     0
440
 16777216
100
AcDbTrace
 10
2028.449970058612
 20
5639.647708539447
 30
0.0
 11
2029.283303391946
 21
5639.647708539447
 31
0.0
 12
2028.866636725279
 22
5642.147708539447
 32
0.0
 13
2028.866636725279
 23
5642.147708539447
 33
0.0
  0
SOLID
  5
3518
330
2268
100
AcDbEntity
  8
0
 62
     0
440
 16777216
100
AcDbTrace
 10
2028.449970058613
 20
5609.480027203224
 30
0.0
 11
2029.283303391946
 21
5609.480027203224
 31
0.0
 12
2028.866636725279
 22
5606.980027203224
 32
0.0
 13
2028.866636725279
 23
5606.980027203224
 33
0.0
  0
MTEXT
  5
3519
330
2268
100
AcDbEntity
  8
0
 62
     0
440
 16777216
100
AcDbMText
 10
2026.73924927644
 20
5624.563867871334
 30
0.0
 40
2.5
 41
0.0
 46
0.0
 71
     5
 72
     1
  1
35,17
 11
0.0000000000000001
 21
1.0
 31
0.0
 73
     1
 44
1.0
  0
POINT
  5
351A
330
2268
100
AcDbEntity
  8
Defpoints
 62
     0
440
 16777216
100
AcDbPoint
 10
2031.270732002842
 20
5642.147708539447
 30
0.0
  0
POINT
  5
351B
330
2268
100
AcDbEntity
  8
Defpoints
 62
     0
440
 16777216
100
AcDbPoint
 10
2031.270732002842
 20
5606.980027203224
 30
0.0
  0
POINT
  5
351C
330
2268
100
AcDbEntity
  8
Defpoints
 62
     0
440
 16777216
100
AcDbPoint
 10
2028.866636725279
 20
5606.980027203224
 30
0.0
  0
ENDBLK
  5
226A
330
2268
100
AcDbEntity
  8
0
 62
    40
420
 16308017
100
AcDbBlockEnd
  0
BLOCK
  5
2275
330
2274
100
AcDbEntity
  8
0
 62
    40
420
 16308017
100
AcDbBlockBegin
  2
*D26
 70
     1
 10
0.0
 20
0.0
 30
0.0
  3
*D26
  1

  0
LINE
  5
2277
330
2274
100
AcDbEntity
  8
0
 62
     0
440
 16777216
370
    -2
100
AcDbLine
 10
1996.221127977893
 20
5606.355027203221
 30
0.0
 11
1996.221127977893
 21
5600.184218108904
 31
0.0
  0
LINE
  5
2278
330
2274
100
AcDbEntity
  8
0
 62
     0
440
 16777216
370
    -2
100
AcDbLine
 10
2066.450007159087
 20
5606.355027203221
 30
0.0
 11
2066.450007159087
 21
5600.184218108904
 31
0.0
  0
LINE
  5
2279
330
2274
100
AcDbEntity
  8
0
 62
     0
440
 16777216
370
    -2
100
AcDbLine
 10
1998.721127977893
 20
5601.434218108904
 30
0.0
 11
2063.950007159087
 21
5601.434218108904
 31
0.0
  0
SOLID
  5
227A
330
2274
100
AcDbEntity
  8
0
 62
     0
440
 16777216
100
AcDbTrace
 10
1998.721127977893
 20
5601.850884775571
 30
0.0
 11
1998.721127977893
 21
5601.017551442237
 31
0.0
 12
1996.221127977893
 22
5601.434218108904
 32
0.0
 13
1996.221127977893
 23
5601.434218108904
 33
0.0
  0
SOLID
  5
227B
330
2274
100
AcDbEntity
  8
0
 62
     0
440
 16777216
100
AcDbTrace
 10
2063.950007159087
 20
5601.850884775571
 30
0.0
 11
2063.950007159087
 21
5601.017551442237
 31
0.0
 12
2066.450007159087
 22
5601.434218108904
 32
0.0
 13
2066.450007159087
 23
5601.434218108904
 33
0.0
  0
MTEXT
  5
227C
330
2274
100
AcDbEntity
  8
0
 62
     0
440
 16777216
100
AcDbMText
 10
2031.33556756849
 20
5603.561605557747
 30
0.0
 40
2.5
 41
0.0
 46
0.0
 71
     5
 72
     1
  1
70,23
 73
     1
 44
1.0
  0
POINT
  5
227D
330
2274
100
AcDbEntity
  8
Defpoints
 62
     0
440
 16777216
100
AcDbPoint
 10
1996.221127977893
 20
5606.980027203221
 30
0.0
  0
POINT
  5
227E
330
2274
100
AcDbEntity
  8
Defpoints
 62
     0
440
 16777216
100
AcDbPoint
 10
2066.450007159087
 20
5606.980027203221
 30
0.0
  0
POINT
  5
227F
330
2274
100
AcDbEntity
  8
Defpoints
 62
     0
440
 16777216
100
AcDbPoint
 10
2066.450007159087
 20
5601.434218108904
 30
0.0
  0
ENDBLK
  5
2276
330
2274
100
AcDbEntity
  8
0
 62
    40
420
 16308017
100
AcDbBlockEnd
  0
BLOCK
  5
2281
330
2280
100
AcDbEntity
  8
0
 62
    40
420
 16308017
100
AcDbBlockBegin
  2
*D27
 70
     1
 10
0.0
 20
0.0
 30
0.0
  3
*D27
  1

  0
LINE
  5
2283
330
2280
100
AcDbEntity
  8
0
 62
     0
440
 16777216
370
    -2
100
AcDbLine
 10
1995.478299473299
 20
5607.11348451764
 30
0.0
 11
1992.31974596186
 21
5607.125261645913
 31
0.0
  0
LINE
  5
2284
330
2280
100
AcDbEntity
  8
0
 62
     0
440
 16777216
370
    -2
100
AcDbLine
 10
1995.608938385705
 20
5642.150038927065
 30
0.0
 11
1992.450384874267
 21
5642.161816055338
 31
0.0
  0
LINE
  5
2285
330
2280
100
AcDbEntity
  8
0
 62
     0
440
 16777216
370
    -2
100
AcDbLine
 10
1993.579058823184
 20
5609.62058349235
 30
0.0
 11
1993.691054634622
 21
5639.657172658417
 31
0.0
  0
SOLID
  5
2286
330
2280
100
AcDbEntity
  8
0
 62
     0
440
 16777216
100
AcDbTrace
 10
1993.162395052905
 20
5609.622137084095
 30
0.0
 11
1993.995722593464
 21
5609.619029900603
 31
0.0
 12
1993.5697372727
 22
5607.12060087067
 32
0.0
 13
1993.5697372727
 23
5607.12060087067
 33
0.0
  0
SOLID
  5
2287
330
2280
100
AcDbEntity
  8
0
 62
     0
440
 16777216
100
AcDbTrace
 10
1993.274390864342
 20
5639.658726250163
 30
0.0
 11
1994.107718404902
 21
5639.655619066669
 31
0.0
 12
1993.700376185106
 22
5642.157155280095
 32
0.0
 13
1993.700376185106
 23
5642.157155280095
 33
0.0
  0
MTEXT
  5
2288
330
2280
100
AcDbEntity
  8
0
 62
     0
440
 16777216
100
AcDbMText
 10
1991.507684068231
 20
5624.646810295185
 30
0.0
 40
2.5
 41
0.0
 46
0.0
 71
     5
 72
     1
  1
35,04
 11
0.0037286201938114
 21
0.9999930486715648
 31
0.0
 73
     1
 44
1.0
  0
POINT
  5
2289
330
2280
100
AcDbEntity
  8
Defpoints
 62
     0
440
 16777216
100
AcDbPoint
 10
1996.103295128718
 20
5607.11115413002
 30
0.0
  0
POINT
  5
228A
330
2280
100
AcDbEntity
  8
Defpoints
 62
     0
440
 16777216
100
AcDbPoint
 10
1996.233934041125
 20
5642.147708539443
 30
0.0
  0
POINT
  5
228B
330
2280
100
AcDbEntity
  8
Defpoints
 62
     0
440
 16777216
100
AcDbPoint
 10
1993.700376185106
 20
5642.157155280095
 30
0.0
  0
ENDBLK
  5
2282
330
2280
100
AcDbEntity
  8
0
 62
    40
420
 16308017
100
AcDbBlockEnd
  0
BLOCK
  5
228D
330
228C
100
AcDbEntity
  8
0
 62
    40
420
 16308017
100
AcDbBlockBegin
  2
*D28
 70
     1
 10
0.0
 20
0.0
 30
0.0
  3
*D28
  1

  0
LINE
  5
228F
330
228C
100
AcDbEntity
  8
0
 62
     0
440
 16777216
370
    -2
100
AcDbLine
 10
2031.087783338436
 20
5192.61164561855
 30
0.0
 11
2031.087783338436
 21
5193.23664561855
 31
0.0
  0
LINE
  5
2290
330
228C
100
AcDbEntity
  8
0
 62
     0
440
 16777216
370
    -2
100
AcDbLine
 10
2066.450007159087
 20
5192.61164561855
 30
0.0
 11
2066.450007159087
 21
5193.23664561855
 31
0.0
  0
LINE
  5
2291
330
228C
100
AcDbEntity
  8
0
 62
     0
440
 16777216
370
    -2
100
AcDbLine
 10
2033.587783338436
 20
5191.98664561855
 30
0.0
 11
2063.950007159087
 21
5191.98664561855
 31
0.0
  0
SOLID
  5
2292
330
228C
100
AcDbEntity
  8
0
 62
     0
440
 16777216
100
AcDbTrace
 10
2033.587783338436
 20
5192.403312285217
 30
0.0
 11
2033.587783338436
 21
5191.569978951883
 31
0.0
 12
2031.087783338436
 22
5191.98664561855
 32
0.0
 13
2031.087783338436
 23
5191.98664561855
 33
0.0
  0
SOLID
  5
2293
330
228C
100
AcDbEntity
  8
0
 62
     0
440
 16777216
100
AcDbTrace
 10
2063.950007159087
 20
5192.403312285217
 30
0.0
 11
2063.950007159087
 21
5191.569978951883
 31
0.0
 12
2066.450007159087
 22
5191.98664561855
 32
0.0
 13
2066.450007159087
 23
5191.98664561855
 33
0.0
  0
MTEXT
  5
2294
330
228C
100
AcDbEntity
  8
0
 62
     0
440
 16777216
100
AcDbMText
 10
2048.768895248762
 20
5194.114033067391
 30
0.0
 40
2.5
 41
0.0
 46
0.0
 71
     5
 72
     1
  1
35,36
 73
     1
 44
1.0
  0
POINT
  5
2295
330
228C
100
AcDbEntity
  8
Defpoints
 62
     0
440
 16777216
100
AcDbPoint
 10
2031.087783338436
 20
5191.98664561855
 30
0.0
  0
POINT
  5
2296
330
228C
100
AcDbEntity
  8
Defpoints
 62
     0
440
 16777216
100
AcDbPoint
 10
2066.450007159087
 20
5191.98664561855
 30
0.0
  0
POINT
  5
2297
330
228C
100
AcDbEntity
  8
Defpoints
 62
     0
440
 16777216
100
AcDbPoint
 10
2066.450007159087
 20
5191.98664561855
 30
0.0
  0
ENDBLK
  5
228E
330
228C
100
AcDbEntity
  8
0
 62
    40
420
 16308017
100
AcDbBlockEnd
  0
BLOCK
  5
2299
330
2298
100
AcDbEntity
  8
0
 62
    40
420
 16308017
100
AcDbBlockBegin
  2
*D29
 70
     1
 10
0.0
 20
0.0
 30
0.0
  3
*D29
  1

  0
LINE
  5
229B
330
2298
100
AcDbEntity
  8
0
 62
     0
440
 16777216
370
    -2
100
AcDbLine
 10
1762.021803438501
 20
5166.492572887235
 30
0.0
 11
1762.021803438501
 21
5167.117572887235
 31
0.0
  0
LINE
  5
229C
330
2298
100
AcDbEntity
  8
0
 62
     0
440
 16777216
370
    -2
100
AcDbLine
 10
1706.450007159086
 20
5166.492572887235
 30
0.0
 11
1706.450007159086
 21
5167.117572887235
 31
0.0
  0
LINE
  5
229D
330
2298
100
AcDbEntity
  8
0
 62
     0
440
 16777216
370
    -2
100
AcDbLine
 10
1759.521803438502
 20
5165.867572887235
 30
0.0
 11
1708.950007159086
 21
5165.867572887235
 31
0.0
  0
SOLID
  5
229E
330
2298
100
AcDbEntity
  8
0
 62
     0
440
 16777216
100
AcDbTrace
 10
1759.521803438502
 20
5166.284239553903
 30
0.0
 11
1759.521803438502
 21
5165.450906220568
 31
0.0
 12
1762.021803438501
 22
5165.867572887235
 32
0.0
 13
1762.021803438501
 23
5165.867572887235
 33
0.0
  0
SOLID
  5
229F
330
2298
100
AcDbEntity
  8
0
 62
     0
440
 16777216
100
AcDbTrace
 10
1708.950007159086
 20
5166.284239553903
 30
0.0
 11
1708.950007159086
 21
5165.450906220568
 31
0.0
 12
1706.450007159086
 22
5165.867572887235
 32
0.0
 13
1706.450007159086
 23
5165.867572887235
 33
0.0
  0
MTEXT
  5
22A0
330
2298
100
AcDbEntity
  8
0
 62
     0
440
 16777216
100
AcDbMText
 10
1734.235905298794
 20
5167.989844374274
 30
0.0
 40
2.5
 41
0.0
 46
0.0
 71
     5
 72
     1
  1
55,57
 73
     1
 44
1.0
  0
POINT
  5
22A1
330
2298
100
AcDbEntity
  8
Defpoints
 62
     0
440
 16777216
100
AcDbPoint
 10
1762.021803438501
 20
5165.867572887235
 30
0.0
  0
POINT
  5
22A2
330
2298
100
AcDbEntity
  8
Defpoints
 62
     0
440
 16777216
100
AcDbPoint
 10
1706.450007159086
 20
5165.867572887235
 30
0.0
  0
POINT
  5
22A3
330
2298
100
AcDbEntity
  8
Defpoints
 62
     0
440
 16777216
100
AcDbPoint
 10
1706.450007159086
 20
5165.867572887235
 30
0.0
  0
ENDBLK
  5
229A
330
2298
100
AcDbEntity
  8
0
 62
    40
420
 16308017
100
AcDbBlockEnd
  0
BLOCK
  5
22A5
330
22A4
100
AcDbEntity
  8
0
 62
    40
420
 16308017
100
AcDbBlockBegin
  2
*D30
 70
     1
 10
0.0
 20
0.0
 30
0.0
  3
*D30
  1

  0
LINE
  5
22A7
330
22A4
100
AcDbEntity
  8
0
 62
     0
440
 16777216
370
    -2
100
AcDbLine
 10
1862.194790172592
 20
5130.978344279728
 30
0.0
 11
1862.194790172592
 21
5131.60334427973
 31
0.0
  0
LINE
  5
22A8
330
22A4
100
AcDbEntity
  8
0
 62
     0
440
 16777216
370
    -2
100
AcDbLine
 10
1706.450007159086
 20
5130.978344279728
 30
0.0
 11
1706.450007159086
 21
5131.60334427973
 31
0.0
  0
LINE
  5
22A9
330
22A4
100
AcDbEntity
  8
0
 62
     0
440
 16777216
370
    -2
100
AcDbLine
 10
1859.694790172592
 20
5130.353344279729
 30
0.0
 11
1708.950007159086
 21
5130.353344279729
 31
0.0
  0
SOLID
  5
22AA
330
22A4
100
AcDbEntity
  8
0
 62
     0
440
 16777216
100
AcDbTrace
 10
1859.694790172592
 20
5130.770010946395
 30
0.0
 11
1859.694790172592
 21
5129.936677613063
 31
0.0
 12
1862.194790172592
 22
5130.353344279729
 32
0.0
 13
1862.194790172592
 23
5130.353344279729
 33
0.0
  0
SOLID
  5
22AB
330
22A4
100
AcDbEntity
  8
0
 62
     0
440
 16777216
100
AcDbTrace
 10
1708.950007159086
 20
5130.770010946395
 30
0.0
 11
1708.950007159086
 21
5129.936677613063
 31
0.0
 12
1706.450007159086
 22
5130.353344279729
 32
0.0
 13
1706.450007159086
 23
5130.353344279729
 33
0.0
  0
MTEXT
  5
22AC
330
22A4
100
AcDbEntity
  8
0
 62
     0
440
 16777216
100
AcDbMText
 10
1784.322398665838
 20
5132.48073172857
 30
0.0
 40
2.5
 41
0.0
 46
0.0
 71
     5
 72
     1
  1
155,74
 73
     1
 44
1.0
  0
POINT
  5
22AD
330
22A4
100
AcDbEntity
  8
Defpoints
 62
     0
440
 16777216
100
AcDbPoint
 10
1862.194790172592
 20
5130.353344279729
 30
0.0
  0
POINT
  5
22AE
330
22A4
100
AcDbEntity
  8
Defpoints
 62
     0
440
 16777216
100
AcDbPoint
 10
1706.450007159086
 20
5130.353344279729
 30
0.0
  0
POINT
  5
22AF
330
22A4
100
AcDbEntity
  8
Defpoints
 62
     0
440
 16777216
100
AcDbPoint
 10
1706.450007159086
 20
5130.353344279729
 30
0.0
  0
ENDBLK
  5
22A6
330
22A4
100
AcDbEntity
  8
0
 62
    40
420
 16308017
100
AcDbBlockEnd
  0
BLOCK
  5
22B1
330
22B0
100
AcDbEntity
  8
0
 62
    40
420
 16308017
100
AcDbBlockBegin
  2
*D31
 70
     1
 10
0.0
 20
0.0
 30
0.0
  3
*D31
  1

  0
LINE
  5
22B3
330
22B0
100
AcDbEntity
  8
0
 62
     0
440
 16777216
370
    -2
100
AcDbLine
 10
1862.194790172592
 20
5113.08289521493
 30
0.0
 11
1862.194790172592
 21
5107.078124110284
 31
0.0
  0
LINE
  5
22B4
330
22B0
100
AcDbEntity
  8
0
 62
     0
440
 16777216
370
    -2
100
AcDbLine
 10
1762.021803438501
 20
5113.08289521493
 30
0.0
 11
1762.021803438501
 21
5107.078124110284
 31
0.0
  0
LINE
  5
22B5
330
22B0
100
AcDbEntity
  8
0
 62
     0
440
 16777216
370
    -2
100
AcDbLine
 10
1859.694790172592
 20
5108.328124110283
 30
0.0
 11
1764.521803438501
 21
5108.328124110283
 31
0.0
  0
SOLID
  5
22B6
330
22B0
100
AcDbEntity
  8
0
 62
     0
440
 16777216
100
AcDbTrace
 10
1859.694790172592
 20
5108.74479077695
 30
0.0
 11
1859.694790172592
 21
5107.911457443615
 31
0.0
 12
1862.194790172592
 22
5108.328124110283
 32
0.0
 13
1862.194790172592
 23
5108.328124110283
 33
0.0
  0
SOLID
  5
22B7
330
22B0
100
AcDbEntity
  8
0
 62
     0
440
 16777216
100
AcDbTrace
 10
1764.521803438501
 20
5108.74479077695
 30
0.0
 11
1764.521803438501
 21
5107.911457443615
 31
0.0
 12
1762.021803438501
 22
5108.328124110283
 32
0.0
 13
1762.021803438501
 23
5108.328124110283
 33
0.0
  0
MTEXT
  5
22B8
330
22B0
100
AcDbEntity
  8
0
 62
     0
440
 16777216
100
AcDbMText
 10
1812.108296805547
 20
5110.455511559123
 30
0.0
 40
2.5
 41
0.0
 46
0.0
 71
     5
 72
     1
  1
100,17
 73
     1
 44
1.0
  0
POINT
  5
22B9
330
22B0
100
AcDbEntity
  8
Defpoints
 62
     0
440
 16777216
100
AcDbPoint
 10
1862.194790172592
 20
5113.707895214929
 30
0.0
  0
POINT
  5
22BA
330
22B0
100
AcDbEntity
  8
Defpoints
 62
     0
440
 16777216
100
AcDbPoint
 10
1762.021803438501
 20
5113.707895214929
 30
0.0
  0
POINT
  5
22BB
330
22B0
100
AcDbEntity
  8
Defpoints
 62
     0
440
 16777216
100
AcDbPoint
 10
1762.021803438501
 20
5108.328124110283
 30
0.0
  0
ENDBLK
  5
22B2
330
22B0
100
AcDbEntity
  8
0
 62
    40
420
 16308017
100
AcDbBlockEnd
  0
BLOCK
  5
22F5
330
22F4
100
AcDbEntity
  8
0
 62
    40
420
 16308017
100
AcDbBlockBegin
  2
*D32
 70
     1
 10
0.0
 20
0.0
 30
0.0
  3
*D32
  1

  0
LINE
  5
22FE
330
22F4
100
AcDbEntity
  8
0
 62
     0
440
 16777216
370
    -2
100
AcDbLine
 10
4121.905645341045
 20
3912.544117066295
 30
0.0
 11
4139.563397328242
 21
3908.677943130013
 31
0.0
  0
MTEXT
  5
22FF
330
22F4
100
AcDbEntity
  8
0
 62
     0
440
 16777216
100
AcDbMText
 10
4128.024576133943
 20
3913.382157299164
 30
0.0
 40
2.5
 41
0.0
 46
0.0
 71
     5
 72
     1
  1
R45,81
 11
0.9768591080523151
 21
-0.2138838072768368
 31
0.0
 73
     1
 44
1.0
  0
LINE
  5
2300
330
22F4
100
AcDbEntity
  8
0
 62
     0
440
 16777216
370
    -2
100
AcDbLine
 10
4186.759403274423
 20
3898.344353202028
 30
0.0
 11
4142.005545098373
 21
3908.143233611821
 31
0.0
  0
SOLID
  5
2301
330
22F4
100
AcDbEntity
  8
0
 62
     0
440
 16777216
100
AcDbTrace
 10
4139.652515581274
 20
3909.084967758369
 30
0.0
 11
4139.474279075209
 21
3908.270918501658
 31
0.0
 12
4142.005545098373
 22
3908.143233611821
 32
0.0
 13
4142.005545098373
 23
3908.143233611821
 33
0.0
  0
POINT
  5
2302
330
22F4
100
AcDbEntity
  8
Defpoints
 62
     0
440
 16777216
100
AcDbPoint
 10
4142.005545098373
 20
3908.143233611821
 30
0.0
  0
POINT
  5
2303
330
22F4
100
AcDbEntity
  8
Defpoints
 62
     0
440
 16777216
100
AcDbPoint
 10
4186.759403274423
 20
3898.344353202028
 30
0.0
  0
ENDBLK
  5
22F6
330
22F4
100
AcDbEntity
  8
0
 62
    40
420
 16308017
100
AcDbBlockEnd
  0
BLOCK
  5
2312
330
2311
100
AcDbEntity
  8
0
 62
    40
420
 16308017
100
AcDbBlockBegin
  2
*D33
 70
     1
 10
0.0
 20
0.0
 30
0.0
  3
*D33
  1

  0
LINE
  5
231E
330
2311
100
AcDbEntity
  8
0
 62
     0
440
 16777216
370
    -2
100
AcDbLine
 10
4236.492322580192
 20
3356.426562062932
 30
0.0
 11
4198.567503190136
 21
3356.426562062932
 31
0.0
  0
LINE
  5
231F
330
2311
100
AcDbEntity
  8
0
 62
     0
440
 16777216
370
    -2
100
AcDbLine
 10
4236.492322580192
 20
3263.73135309719
 30
0.0
 11
4198.567503190136
 21
3263.73135309719
 31
0.0
  0
LINE
  5
2320
330
2311
100
AcDbEntity
  8
0
 62
     0
440
 16777216
370
    -2
100
AcDbLine
 10
4199.817503190137
 20
3353.926562062933
 30
0.0
 11
4199.817503190137
 21
3266.23135309719
 31
0.0
  0
SOLID
  5
2321
330
2311
100
AcDbEntity
  8
0
 62
     0
440
 16777216
100
AcDbTrace
 10
4199.40083652347
 20
3353.926562062933
 30
0.0
 11
4200.234169856805
 21
3353.926562062933
 31
0.0
 12
4199.817503190137
 22
3356.426562062932
 32
0.0
 13
4199.817503190137
 23
3356.426562062932
 33
0.0
  0
SOLID
  5
2322
330
2311
100
AcDbEntity
  8
0
 62
     0
440
 16777216
100
AcDbTrace
 10
4199.40083652347
 20
3266.23135309719
 30
0.0
 11
4200.234169856805
 21
3266.23135309719
 31
0.0
 12
4199.817503190137
 22
3263.73135309719
 32
0.0
 13
4199.817503190137
 23
3263.73135309719
 33
0.0
  0
MTEXT
  5
2323
330
2311
100
AcDbEntity
  8
0
 62
     0
440
 16777216
100
AcDbMText
 10
4197.690115741297
 20
3310.078957580059
 30
0.0
 40
2.5
 41
0.0
 46
0.0
 71
     5
 72
     1
  1
92,7
 11
0.0000000000000001
 21
1.0
 31
0.0
 73
     1
 44
1.0
  0
POINT
  5
2324
330
2311
100
AcDbEntity
  8
Defpoints
 62
     0
440
 16777216
100
AcDbPoint
 10
4237.117322580192
 20
3356.426562062932
 30
0.0
  0
POINT
  5
2325
330
2311
100
AcDbEntity
  8
Defpoints
 62
     0
440
 16777216
100
AcDbPoint
 10
4237.117322580192
 20
3263.73135309719
 30
0.0
  0
POINT
  5
2326
330
2311
100
AcDbEntity
  8
Defpoints
 62
     0
440
 16777216
100
AcDbPoint
 10
4199.817503190137
 20
3263.73135309719
 30
0.0
  0
ENDBLK
  5
2313
330
2311
100
AcDbEntity
  8
0
 62
    40
420
 16308017
100
AcDbBlockEnd
  0
BLOCK
  5
232A
330
2329
100
AcDbEntity
  8
0
 62
    40
420
 16308017
100
AcDbBlockBegin
  2
*D34
 70
     1
 10
0.0
 20
0.0
 30
0.0
  3
*D34
  1

  0
LINE
  5
2336
330
2329
100
AcDbEntity
  8
0
 62
     0
440
 16777216
370
    -2
100
AcDbLine
 10
4212.123869656442
 20
3796.484070582494
 30
0.0
 11
4199.478168336212
 21
3796.484070582494
 31
0.0
  0
LINE
  5
2337
330
2329
100
AcDbEntity
  8
0
 62
     0
440
 16777216
370
    -2
100
AcDbLine
 10
4212.123869656442
 20
3736.804983514756
 30
0.0
 11
4199.478168336212
 21
3736.804983514756
 31
0.0
  0
LINE
  5
2338
330
2329
100
AcDbEntity
  8
0
 62
     0
440
 16777216
370
    -2
100
AcDbLine
 10
4200.728168336212
 20
3793.984070582492
 30
0.0
 11
4200.728168336212
 21
3739.304983514756
 31
0.0
  0
SOLID
  5
2339
330
2329
100
AcDbEntity
  8
0
 62
     0
440
 16777216
100
AcDbTrace
 10
4200.311501669545
 20
3793.984070582492
 30
0.0
 11
4201.144835002877
 21
3793.984070582492
 31
0.0
 12
4200.728168336212
 22
3796.484070582494
 32
0.0
 13
4200.728168336212
 23
3796.484070582494
 33
0.0
  0
SOLID
  5
233A
330
2329
100
AcDbEntity
  8
0
 62
     0
440
 16777216
100
AcDbTrace
 10
4200.311501669545
 20
3739.304983514756
 30
0.0
 11
4201.144835002877
 21
3739.304983514756
 31
0.0
 12
4200.728168336212
 22
3736.804983514756
 32
0.0
 13
4200.728168336212
 23
3736.804983514756
 33
0.0
  0
MTEXT
  5
233B
330
2329
100
AcDbEntity
  8
0
 62
     0
440
 16777216
100
AcDbMText
 10
4198.600780887372
 20
3766.644527048621
 30
0.0
 40
2.5
 41
0.0
 46
0.0
 71
     5
 72
     1
  1
59,68
 11
0.0000000000000001
 21
1.0
 31
0.0
 73
     1
 44
1.0
  0
POINT
  5
233C
330
2329
100
AcDbEntity
  8
Defpoints
 62
     0
440
 16777216
100
AcDbPoint
 10
4212.748869656441
 20
3796.484070582494
 30
0.0
  0
POINT
  5
233D
330
2329
100
AcDbEntity
  8
Defpoints
 62
     0
440
 16777216
100
AcDbPoint
 10
4212.748869656441
 20
3736.804983514756
 30
0.0
  0
POINT
  5
233E
330
2329
100
AcDbEntity
  8
Defpoints
 62
     0
440
 16777216
100
AcDbPoint
 10
4200.728168336212
 20
3736.804983514756
 30
0.0
  0
ENDBLK
  5
232B
330
2329
100
AcDbEntity
  8
0
 62
    40
420
 16308017
100
AcDbBlockEnd
  0
BLOCK
  5
2342
330
2341
100
AcDbEntity
  8
0
 62
    40
420
 16308017
100
AcDbBlockBegin
  2
*D35
 70
     1
 10
0.0
 20
0.0
 30
0.0
  3
*D35
  1

  0
LINE
  5
234E
330
2341
100
AcDbEntity
  8
0
 62
     0
440
 16777216
370
    -2
100
AcDbLine
 10
4190.209928313563
 20
3859.606139798462
 30
0.0
 11
4197.159724722619
 21
3859.606139798462
 31
0.0
  0
LINE
  5
234F
330
2341
100
AcDbEntity
  8
0
 62
     0
440
 16777216
370
    -2
100
AcDbLine
 10
4190.209928313563
 20
3829.001496275758
 30
0.0
 11
4197.159724722619
 21
3829.001496275758
 31
0.0
  0
LINE
  5
2350
330
2341
100
AcDbEntity
  8
0
 62
     0
440
 16777216
370
    -2
100
AcDbLine
 10
4195.90972472262
 20
3857.106139798462
 30
0.0
 11
4195.90972472262
 21
3831.501496275758
 31
0.0
  0
SOLID
  5
2351
330
2341
100
AcDbEntity
  8
0
 62
     0
440
 16777216
100
AcDbTrace
 10
4195.493058055953
 20
3857.106139798462
 30
0.0
 11
4196.326391389287
 21
3857.106139798462
 31
0.0
 12
4195.90972472262
 22
3859.606139798462
 32
0.0
 13
4195.90972472262
 23
3859.606139798462
 33
0.0
  0
SOLID
  5
2352
330
2341
100
AcDbEntity
  8
0
 62
     0
440
 16777216
100
AcDbTrace
 10
4195.493058055953
 20
3831.501496275758
 30
0.0
 11
4196.326391389287
 21
3831.501496275758
 31
0.0
 12
4195.90972472262
 22
3829.001496275758
 32
0.0
 13
4195.90972472262
 23
3829.001496275758
 33
0.0
  0
MTEXT
  5
2353
330
2341
100
AcDbEntity
  8
0
 62
     0
440
 16777216
100
AcDbMText
 10
4193.78233727378
 20
3844.303818037108
 30
0.0
 40
2.5
 41
0.0
 46
0.0
 71
     5
 72
     1
  1
30,6
 11
0.0000000000000001
 21
1.0
 31
0.0
 73
     1
 44
1.0
  0
POINT
  5
2354
330
2341
100
AcDbEntity
  8
Defpoints
 62
     0
440
 16777216
100
AcDbPoint
 10
4189.584928313563
 20
3859.606139798462
 30
0.0
  0
POINT
  5
2355
330
2341
100
AcDbEntity
  8
Defpoints
 62
     0
440
 16777216
100
AcDbPoint
 10
4189.584928313563
 20
3829.001496275758
 30
0.0
  0
POINT
  5
2356
330
2341
100
AcDbEntity
  8
Defpoints
 62
     0
440
 16777216
100
AcDbPoint
 10
4195.90972472262
 20
3829.001496275758
 30
0.0
  0
ENDBLK
  5
2343
330
2341
100
AcDbEntity
  8
0
 62
    40
420
 16308017
100
AcDbBlockEnd
  0
BLOCK
  5
235A
330
2359
100
AcDbEntity
  8
0
 62
    40
420
 16308017
100
AcDbBlockBegin
  2
*D36
 70
     1
 10
0.0
 20
0.0
 30
0.0
  3
*D36
  1

  0
LINE
  5
235B
330
2359
100
AcDbEntity
  8
0
 62
     0
440
 16777216
370
    -2
100
AcDbLine
 10
1762.021803438501
 20
5166.492572887235
 30
0.0
 11
1762.021803438501
 21
5167.117572887235
 31
0.0
  0
LINE
  5
235C
330
2359
100
AcDbEntity
  8
0
 62
     0
440
 16777216
370
    -2
100
AcDbLine
 10
1706.450007159086
 20
5166.492572887235
 30
0.0
 11
1706.450007159086
 21
5167.117572887235
 31
0.0
  0
LINE
  5
235D
330
2359
100
AcDbEntity
  8
0
 62
     0
440
 16777216
370
    -2
100
AcDbLine
 10
1759.521803438502
 20
5165.867572887235
 30
0.0
 11
1708.950007159086
 21
5165.867572887235
 31
0.0
  0
SOLID
  5
235E
330
2359
100
AcDbEntity
  8
0
 62
     0
440
 16777216
100
AcDbTrace
 10
1759.521803438502
 20
5166.284239553903
 30
0.0
 11
1759.521803438502
 21
5165.450906220568
 31
0.0
 12
1762.021803438501
 22
5165.867572887235
 32
0.0
 13
1762.021803438501
 23
5165.867572887235
 33
0.0
  0
SOLID
  5
235F
330
2359
100
AcDbEntity
  8
0
 62
     0
440
 16777216
100
AcDbTrace
 10
1708.950007159086
 20
5166.284239553903
 30
0.0
 11
1708.950007159086
 21
5165.450906220568
 31
0.0
 12
1706.450007159086
 22
5165.867572887235
 32
0.0
 13
1706.450007159086
 23
5165.867572887235
 33
0.0
  0
MTEXT
  5
2360
330
2359
100
AcDbEntity
  8
0
 62
     0
440
 16777216
100
AcDbMText
 10
1734.235905298794
 20
5167.989844374274
 30
0.0
 40
2.5
 41
0.0
 46
0.0
 71
     5
 72
     1
  1
55,57
 73
     1
 44
1.0
  0
POINT
  5
2361
330
2359
100
AcDbEntity
  8
Defpoints
 62
     0
440
 16777216
100
AcDbPoint
 10
1762.021803438501
 20
5165.867572887235
 30
0.0
  0
POINT
  5
2362
330
2359
100
AcDbEntity
  8
Defpoints
 62
     0
440
 16777216
100
AcDbPoint
 10
1706.450007159086
 20
5165.867572887235
 30
0.0
  0
POINT
  5
2363
330
2359
100
AcDbEntity
  8
Defpoints
 62
     0
440
 16777216
100
AcDbPoint
 10
1706.450007159086
 20
5165.867572887235
 30
0.0
  0
ENDBLK
  5
2364
330
2359
100
AcDbEntity
  8
0
 62
    40
420
 16308017
100
AcDbBlockEnd
  0
BLOCK
  5
236E
330
236D
100
AcDbEntity
  8
0
 62
    40
420
 16308017
100
AcDbBlockBegin
  2
*D37
 70
     1
 10
0.0
 20
0.0
 30
0.0
  3
*D37
  1

  0
LINE
  5
2379
330
236D
100
AcDbEntity
  8
0
 62
     0
440
 16777216
370
    -2
100
AcDbLine
 10
248.3075016318265
 20
4164.398713059786
 30
0.0
 11
248.3075016318265
 21
4165.023713059786
 31
0.0
  0
LINE
  5
237A
330
236D
100
AcDbEntity
  8
0
 62
     0
440
 16777216
370
    -2
100
AcDbLine
 10
192.7357053524114
 20
4164.398713059786
 30
0.0
 11
192.7357053524114
 21
4165.023713059786
 31
0.0
  0
LINE
  5
237B
330
236D
100
AcDbEntity
  8
0
 62
     0
440
 16777216
370
    -2
100
AcDbLine
 10
245.8075016318265
 20
4163.773713059786
 30
0.0
 11
195.2357053524114
 21
4163.773713059786
 31
0.0
  0
SOLID
  5
237C
330
236D
100
AcDbEntity
  8
0
 62
     0
440
 16777216
100
AcDbTrace
 10
245.8075016318265
 20
4164.190379726453
 30
0.0
 11
245.8075016318265
 21
4163.357046393119
 31
0.0
 12
248.3075016318265
 22
4163.773713059786
 32
0.0
 13
248.3075016318265
 23
4163.773713059786
 33
0.0
  0
SOLID
  5
237D
330
236D
100
AcDbEntity
  8
0
 62
     0
440
 16777216
100
AcDbTrace
 10
195.2357053524114
 20
4164.190379726453
 30
0.0
 11
195.2357053524114
 21
4163.357046393119
 31
0.0
 12
192.7357053524114
 22
4163.773713059786
 32
0.0
 13
192.7357053524114
 23
4163.773713059786
 33
0.0
  0
MTEXT
  5
237E
330
236D
100
AcDbEntity
  8
0
 62
     0
440
 16777216
100
AcDbMText
 10
220.521603492119
 20
4165.895984546825
 30
0.0
 40
2.5
 41
0.0
 46
0.0
 71
     5
 72
     1
  1
55,57
 73
     1
 44
1.0
  0
POINT
  5
237F
330
236D
100
AcDbEntity
  8
Defpoints
 62
     0
440
 16777216
100
AcDbPoint
 10
248.3075016318265
 20
4163.773713059786
 30
0.0
  0
POINT
  5
2380
330
236D
100
AcDbEntity
  8
Defpoints
 62
     0
440
 16777216
100
AcDbPoint
 10
192.7357053524114
 20
4163.773713059786
 30
0.0
  0
POINT
  5
2381
330
236D
100
AcDbEntity
  8
Defpoints
 62
     0
440
 16777216
100
AcDbPoint
 10
192.7357053524114
 20
4163.773713059786
 30
0.0
  0
ENDBLK
  5
236F
330
236D
100
AcDbEntity
  8
0
 62
    40
420
 16308017
100
AcDbBlockEnd
  0
BLOCK
  5
2383
330
2382
100
AcDbEntity
  8
0
 62
    40
420
 16308017
100
AcDbBlockBegin
  2
*D38
 70
     1
 10
0.0
 20
0.0
 30
0.0
  3
*D38
  1

  0
LINE
  5
2384
330
2382
100
AcDbEntity
  8
0
 62
     0
440
 16777216
370
    -2
100
AcDbLine
 10
1762.021803438501
 20
5166.492572887235
 30
0.0
 11
1762.021803438501
 21
5167.117572887235
 31
0.0
  0
LINE
  5
2385
330
2382
100
AcDbEntity
  8
0
 62
     0
440
 16777216
370
    -2
100
AcDbLine
 10
1706.450007159086
 20
5166.492572887235
 30
0.0
 11
1706.450007159086
 21
5167.117572887235
 31
0.0
  0
LINE
  5
2386
330
2382
100
AcDbEntity
  8
0
 62
     0
440
 16777216
370
    -2
100
AcDbLine
 10
1759.521803438502
 20
5165.867572887235
 30
0.0
 11
1708.950007159086
 21
5165.867572887235
 31
0.0
  0
SOLID
  5
2387
330
2382
100
AcDbEntity
  8
0
 62
     0
440
 16777216
100
AcDbTrace
 10
1759.521803438502
 20
5166.284239553903
 30
0.0
 11
1759.521803438502
 21
5165.450906220568
 31
0.0
 12
1762.021803438501
 22
5165.867572887235
 32
0.0
 13
1762.021803438501
 23
5165.867572887235
 33
0.0
  0
SOLID
  5
2388
330
2382
100
AcDbEntity
  8
0
 62
     0
440
 16777216
100
AcDbTrace
 10
1708.950007159086
 20
5166.284239553903
 30
0.0
 11
1708.950007159086
 21
5165.450906220568
 31
0.0
 12
1706.450007159086
 22
5165.867572887235
 32
0.0
 13
1706.450007159086
 23
5165.867572887235
 33
0.0
  0
MTEXT
  5
2389
330
2382
100
AcDbEntity
  8
0
 62
     0
440
 16777216
100
AcDbMText
 10
1734.235905298794
 20
5167.989844374274
 30
0.0
 40
2.5
 41
0.0
 46
0.0
 71
     5
 72
     1
  1
55,57
 73
     1
 44
1.0
  0
POINT
  5
238A
330
2382
100
AcDbEntity
  8
Defpoints
 62
     0
440
 16777216
100
AcDbPoint
 10
1762.021803438501
 20
5165.867572887235
 30
0.0
  0
POINT
  5
238B
330
2382
100
AcDbEntity
  8
Defpoints
 62
     0
440
 16777216
100
AcDbPoint
 10
1706.450007159086
 20
5165.867572887235
 30
0.0
  0
POINT
  5
238C
330
2382
100
AcDbEntity
  8
Defpoints
 62
     0
440
 16777216
100
AcDbPoint
 10
1706.450007159086
 20
5165.867572887235
 30
0.0
  0
ENDBLK
  5
238D
330
2382
100
AcDbEntity
  8
0
 62
    40
420
 16308017
100
AcDbBlockEnd
  0
BLOCK
  5
2397
330
2396
100
AcDbEntity
  8
0
 62
    40
420
 16308017
100
AcDbBlockBegin
  2
*D39
 70
     1
 10
0.0
 20
0.0
 30
0.0
  3
*D39
  1

  0
LINE
  5
23A2
330
2396
100
AcDbEntity
  8
0
 62
     0
440
 16777216
370
    -2
100
AcDbLine
 10
248.3075016318265
 20
4164.398713059786
 30
0.0
 11
248.3075016318265
 21
4165.023713059786
 31
0.0
  0
LINE
  5
23A3
330
2396
100
AcDbEntity
  8
0
 62
     0
440
 16777216
370
    -2
100
AcDbLine
 10
192.7357053524114
 20
4164.398713059786
 30
0.0
 11
192.7357053524114
 21
4165.023713059786
 31
0.0
  0
LINE
  5
23A4
330
2396
100
AcDbEntity
  8
0
 62
     0
440
 16777216
370
    -2
100
AcDbLine
 10
245.8075016318265
 20
4163.773713059786
 30
0.0
 11
195.2357053524114
 21
4163.773713059786
 31
0.0
  0
SOLID
  5
23A5
330
2396
100
AcDbEntity
  8
0
 62
     0
440
 16777216
100
AcDbTrace
 10
245.8075016318265
 20
4164.190379726453
 30
0.0
 11
245.8075016318265
 21
4163.357046393119
 31
0.0
 12
248.3075016318265
 22
4163.773713059786
 32
0.0
 13
248.3075016318265
 23
4163.773713059786
 33
0.0
  0
SOLID
  5
23A6
330
2396
100
AcDbEntity
  8
0
 62
     0
440
 16777216
100
AcDbTrace
 10
195.2357053524114
 20
4164.190379726453
 30
0.0
 11
195.2357053524114
 21
4163.357046393119
 31
0.0
 12
192.7357053524114
 22
4163.773713059786
 32
0.0
 13
192.7357053524114
 23
4163.773713059786
 33
0.0
  0
MTEXT
  5
23A7
330
2396
100
AcDbEntity
  8
0
 62
     0
440
 16777216
100
AcDbMText
 10
220.521603492119
 20
4165.895984546825
 30
0.0
 40
2.5
 41
0.0
 46
0.0
 71
     5
 72
     1
  1
55,57
 73
     1
 44
1.0
  0
POINT
  5
23A8
330
2396
100
AcDbEntity
  8
Defpoints
 62
     0
440
 16777216
100
AcDbPoint
 10
248.3075016318265
 20
4163.773713059786
 30
0.0
  0
POINT
  5
23A9
330
2396
100
AcDbEntity
  8
Defpoints
 62
     0
440
 16777216
100
AcDbPoint
 10
192.7357053524114
 20
4163.773713059786
 30
0.0
  0
POINT
  5
23AA
330
2396
100
AcDbEntity
  8
Defpoints
 62
     0
440
 16777216
100
AcDbPoint
 10
192.7357053524114
 20
4163.773713059786
 30
0.0
  0
ENDBLK
  5
2398
330
2396
100
AcDbEntity
  8
0
 62
    40
420
 16308017
100
AcDbBlockEnd
  0
BLOCK
  5
23B8
330
23B7
100
AcDbEntity
  8
0
 62
    40
420
 16308017
100
AcDbBlockBegin
  2
*D40
 70
     1
 10
0.0
 20
0.0
 30
0.0
  3
*D40
  1

  0
LINE
  5
23C4
330
23B7
100
AcDbEntity
  8
0
 62
     0
440
 16777216
370
    -2
100
AcDbLine
 10
1931.967345394863
 20
5445.973266225087
 30
0.0
 11
1931.967345394863
 21
5454.858942570805
 31
0.0
  0
LINE
  5
23C5
330
23B7
100
AcDbEntity
  8
0
 62
     0
440
 16777216
370
    -2
100
AcDbLine
 10
1862.194790172592
 20
5445.973266225087
 30
0.0
 11
1862.194790172592
 21
5454.858942570805
 31
0.0
  0
LINE
  5
23C6
330
23B7
100
AcDbEntity
  8
0
 62
     0
440
 16777216
370
    -2
100
AcDbLine
 10
1929.467345394862
 20
5453.608942570805
 30
0.0
 11
1864.694790172593
 21
5453.608942570805
 31
0.0
  0
SOLID
  5
23C7
330
23B7
100
AcDbEntity
  8
0
 62
     0
440
 16777216
100
AcDbTrace
 10
1929.467345394862
 20
5454.025609237472
 30
0.0
 11
1929.467345394862
 21
5453.192275904138
 31
0.0
 12
1931.967345394863
 22
5453.608942570805
 32
0.0
 13
1931.967345394863
 23
5453.608942570805
 33
0.0
  0
SOLID
  5
23C8
330
23B7
100
AcDbEntity
  8
0
 62
     0
440
 16777216
100
AcDbTrace
 10
1864.694790172593
 20
5454.025609237472
 30
0.0
 11
1864.694790172593
 21
5453.192275904138
 31
0.0
 12
1862.194790172592
 22
5453.608942570805
 32
0.0
 13
1862.194790172592
 23
5453.608942570805
 33
0.0
  0
MTEXT
  5
23C9
330
23B7
100
AcDbEntity
  8
0
 62
     0
440
 16777216
100
AcDbMText
 10
1897.081067783727
 20
5455.736330019646
 30
0.0
 40
2.5
 41
0.0
 46
0.0
 71
     5
 72
     1
  1
69,77
 73
     1
 44
1.0
  0
POINT
  5
23CA
330
23B7
100
AcDbEntity
  8
Defpoints
 62
     0
440
 16777216
100
AcDbPoint
 10
1931.967345394863
 20
5445.348266225087
 30
0.0
  0
POINT
  5
23CB
330
23B7
100
AcDbEntity
  8
Defpoints
 62
     0
440
 16777216
100
AcDbPoint
 10
1862.194790172592
 20
5445.348266225087
 30
0.0
  0
POINT
  5
23CC
330
23B7
100
AcDbEntity
  8
Defpoints
 62
     0
440
 16777216
100
AcDbPoint
 10
1862.194790172592
 20
5453.608942570805
 30
0.0
  0
ENDBLK
  5
23B9
330
23B7
100
AcDbEntity
  8
0
 62
    40
420
 16308017
100
AcDbBlockEnd
  0
BLOCK
  5
23DA
330
23D6
100
AcDbEntity
  8
0
 62
    40
420
 16308017
100
AcDbBlockBegin
  2
A$C0cd47db2
 70
     0
 10
0.0
 20
0.0
 30
0.0
  3
A$C0cd47db2
  1

  0
LINE
  5
23D7
330
23D6
100
AcDbEntity
  8
0
 62
    40
420
 16308017
100
AcDbLine
 10
69.77255522227006
 20
0.0
 30
0.0
 11
0.0
 21
0.0
 31
0.0
  0
ENDBLK
  5
23DB
330
23D6
100
AcDbEntity
  8
0
 62
    40
420
 16308017
100
AcDbBlockEnd
  0
BLOCK
  5
2478
330
243C
100
AcDbEntity
  8
0
 62
    40
420
 16308017
100
AcDbBlockBegin
  2
A$Ced010aba
 70
     0
 10
0.0
 20
0.0
 30
0.0
  3
A$Ced010aba
  1

  0
LWPOLYLINE
  5
243D
330
243C
100
AcDbEntity
  8
0
100
AcDbPolyline
 90
        4
 70
     0
 43
0.0
 10
0.0
 20
0.0
 42
-0.4142135623730951
 10
35.0
 20
35.0
 10
325.0
 20
35.0
 42
-0.4142135623730951
 10
360.0
 20
0.0
  0
CIRCLE
  5
243E
330
243C
100
AcDbEntity
  8
0
 62
   251
420
  6513766
100
AcDbCircle
 10
180.602184697098
 20
31.25
 30
0.0
 40
0.75
  0
CIRCLE
  5
243F
330
243C
100
AcDbEntity
  8
0
 62
   251
420
  6513766
100
AcDbCircle
 10
171.7682116787464
 20
31.25
 30
0.0
 40
0.75
  0
CIRCLE
  5
2440
330
243C
100
AcDbEntity
  8
0
 62
   251
420
  6513766
100
AcDbCircle
 10
165.1566871954692
 20
31.25
 30
0.0
 40
0.75
  0
CIRCLE
  5
2441
330
243C
100
AcDbEntity
  8
0
 62
   251
420
  6513766
100
AcDbCircle
 10
158.545162712192
 20
31.25
 30
0.0
 40
0.75
  0
CIRCLE
  5
2442
330
243C
100
AcDbEntity
  8
0
 62
   251
420
  6513766
100
AcDbCircle
 10
151.9336382289148
 20
31.25
 30
0.0
 40
0.75
  0
CIRCLE
  5
2443
330
243C
100
AcDbEntity
  8
0
 62
   251
420
  6513766
100
AcDbCircle
 10
145.322113745638
 20
31.25
 30
0.0
 40
0.75
  0
CIRCLE
  5
2444
330
243C
100
AcDbEntity
  8
0
 62
   251
420
  6513766
100
AcDbCircle
 10
138.7105892623608
 20
31.25
 30
0.0
 40
0.75
  0
CIRCLE
  5
2445
330
243C
100
AcDbEntity
  8
0
 62
   251
420
  6513766
100
AcDbCircle
 10
132.0990647790836
 20
31.25
 30
0.0
 40
0.75
  0
CIRCLE
  5
2446
330
243C
100
AcDbEntity
  8
0
 62
   251
420
  6513766
100
AcDbCircle
 10
125.4875402958064
 20
31.25
 30
0.0
 40
0.75
  0
CIRCLE
  5
2447
330
243C
100
AcDbEntity
  8
0
 62
   251
420
  6513766
100
AcDbCircle
 10
118.8760158125292
 20
31.25
 30
0.0
 40
0.75
  0
CIRCLE
  5
2448
330
243C
100
AcDbEntity
  8
0
 62
   251
420
  6513766
100
AcDbCircle
 10
112.264491329252
 20
31.25
 30
0.0
 40
0.75
  0
CIRCLE
  5
2449
330
243C
100
AcDbEntity
  8
0
 62
   251
420
  6513766
100
AcDbCircle
 10
105.6529668459748
 20
31.25
 30
0.0
 40
0.75
  0
CIRCLE
  5
244A
330
243C
100
AcDbEntity
  8
0
 62
   251
420
  6513766
100
AcDbCircle
 10
99.04144236269758
 20
31.25
 30
0.0
 40
0.75
  0
CIRCLE
  5
244B
330
243C
100
AcDbEntity
  8
0
 62
   251
420
  6513766
100
AcDbCircle
 10
92.42991787942036
 20
31.25
 30
0.0
 40
0.75
  0
CIRCLE
  5
244C
330
243C
100
AcDbEntity
  8
0
 62
   251
420
  6513766
100
AcDbCircle
 10
85.81839339614317
 20
31.25
 30
0.0
 40
0.75
  0
CIRCLE
  5
244D
330
243C
100
AcDbEntity
  8
0
 62
   251
420
  6513766
100
AcDbCircle
 10
79.20686891286639
 20
31.25
 30
0.0
 40
0.75
  0
CIRCLE
  5
244E
330
243C
100
AcDbEntity
  8
0
 62
   251
420
  6513766
100
AcDbCircle
 10
72.5953444295892
 20
31.25
 30
0.0
 40
0.75
  0
CIRCLE
  5
244F
330
243C
100
AcDbEntity
  8
0
 62
   251
420
  6513766
100
AcDbCircle
 10
65.983819946312
 20
31.25
 30
0.0
 40
0.75
  0
CIRCLE
  5
2450
330
243C
100
AcDbEntity
  8
0
 62
   251
420
  6513766
100
AcDbCircle
 10
59.37229546303479
 20
31.25
 30
0.0
 40
0.75
  0
CIRCLE
  5
2451
330
243C
100
AcDbEntity
  8
0
 62
   251
420
  6513766
100
AcDbCircle
 10
52.76077097975758
 20
31.25
 30
0.0
 40
0.75
  0
CIRCLE
  5
2452
330
243C
100
AcDbEntity
  8
0
 62
   251
420
  6513766
100
AcDbCircle
 10
46.14924649648037
 20
31.25
 30
0.0
 40
0.75
  0
CIRCLE
  5
2453
330
243C
100
AcDbEntity
  8
0
 62
   251
420
  6513766
100
AcDbCircle
 10
39.53772201320362
 20
31.25
 30
0.0
 40
0.75
  0
CIRCLE
  5
2454
330
243C
100
AcDbEntity
  8
0
 62
   251
420
  6513766
100
AcDbCircle
 10
32.92638408988887
 20
31.22319445479571
 30
0.0
 40
0.75
  0
CIRCLE
  5
2455
330
243C
100
AcDbEntity
  8
0
 62
   251
420
  6513766
100
AcDbCircle
 10
26.41593786944168
 20
30.09155416796239
 30
0.0
 40
0.75
  0
CIRCLE
  5
2456
330
243C
100
AcDbEntity
  8
0
 62
   251
420
  6513766
100
AcDbCircle
 10
20.2882947595258
 20
27.6179920309578
 30
0.0
 40
0.75
  0
CIRCLE
  5
2457
330
243C
100
AcDbEntity
  8
0
 62
   251
420
  6513766
100
AcDbCircle
 10
14.81671476304154
 20
23.91281564241672
 30
0.0
 40
0.75
  0
CIRCLE
  5
2458
330
243C
100
AcDbEntity
  8
0
 62
   251
420
  6513766
100
AcDbCircle
 10
10.24520098834546
 20
19.14125598797636
 30
0.0
 40
0.75
  0
CIRCLE
  5
2459
330
243C
100
AcDbEntity
  8
0
 62
   251
420
  6513766
100
AcDbCircle
 10
6.777618419890131
 20
13.516099024916
 30
0.0
 40
0.75
  0
CIRCLE
  5
245A
330
243C
100
AcDbEntity
  8
0
 62
   251
420
  6513766
100
AcDbCircle
 10
4.568602633821228
 20
7.288196570235411
 30
0.0
 40
0.7500000000000002
  0
CIRCLE
  5
245B
330
243C
100
AcDbEntity
  8
0
 62
   251
420
  6513766
100
AcDbCircle
 10
188.2317883212531
 20
31.25
 30
0.0
 40
0.75
  0
CIRCLE
  5
245C
330
243C
100
AcDbEntity
  8
0
 62
   251
420
  6513766
100
AcDbCircle
 10
194.8433128045303
 20
31.25
 30
0.0
 40
0.75
  0
CIRCLE
  5
245D
330
243C
100
AcDbEntity
  8
0
 62
   251
420
  6513766
100
AcDbCircle
 10
201.4548372878075
 20
31.25
 30
0.0
 40
0.75
  0
CIRCLE
  5
245E
330
243C
100
AcDbEntity
  8
0
 62
   251
420
  6513766
100
AcDbCircle
 10
208.0663617710848
 20
31.25
 30
0.0
 40
0.75
  0
CIRCLE
  5
245F
330
243C
100
AcDbEntity
  8
0
 62
   251
420
  6513766
100
AcDbCircle
 10
214.6778862543619
 20
31.25
 30
0.0
 40
0.75
  0
CIRCLE
  5
2460
330
243C
100
AcDbEntity
  8
0
 62
   251
420
  6513766
100
AcDbCircle
 10
221.2894107376392
 20
31.25
 30
0.0
 40
0.75
  0
CIRCLE
  5
2461
330
243C
100
AcDbEntity
  8
0
 62
   251
420
  6513766
100
AcDbCircle
 10
227.9009352209164
 20
31.25
 30
0.0
 40
0.75
  0
CIRCLE
  5
2462
330
243C
100
AcDbEntity
  8
0
 62
   251
420
  6513766
100
AcDbCircle
 10
234.5124597041936
 20
31.25
 30
0.0
 40
0.75
  0
CIRCLE
  5
2463
330
243C
100
AcDbEntity
  8
0
 62
   251
420
  6513766
100
AcDbCircle
 10
241.1239841874708
 20
31.25
 30
0.0
 40
0.75
  0
CIRCLE
  5
2464
330
243C
100
AcDbEntity
  8
0
 62
   251
420
  6513766
100
AcDbCircle
 10
247.735508670748
 20
31.25
 30
0.0
 40
0.75
  0
CIRCLE
  5
2465
330
243C
100
AcDbEntity
  8
0
 62
   251
420
  6513766
100
AcDbCircle
 10
254.3470331540248
 20
31.25
 30
0.0
 40
0.75
  0
CIRCLE
  5
2466
330
243C
100
AcDbEntity
  8
0
 62
   251
420
  6513766
100
AcDbCircle
 10
260.958557637302
 20
31.25
 30
0.0
 40
0.75
  0
CIRCLE
  5
2467
330
243C
100
AcDbEntity
  8
0
 62
   251
420
  6513766
100
AcDbCircle
 10
267.5700821205792
 20
31.25
 30
0.0
 40
0.75
  0
CIRCLE
  5
2468
330
243C
100
AcDbEntity
  8
0
 62
   251
420
  6513766
100
AcDbCircle
 10
274.1816066038564
 20
31.25
 30
0.0
 40
0.75
  0
CIRCLE
  5
2469
330
243C
100
AcDbEntity
  8
0
 62
   251
420
  6513766
100
AcDbCircle
 10
280.7931310871336
 20
31.25
 30
0.0
 40
0.75
  0
CIRCLE
  5
246A
330
243C
100
AcDbEntity
  8
0
 62
   251
420
  6513766
100
AcDbCircle
 10
287.4046555704108
 20
31.25
 30
0.0
 40
0.75
  0
CIRCLE
  5
246B
330
243C
100
AcDbEntity
  8
0
 62
   251
420
  6513766
100
AcDbCircle
 10
294.0161800536876
 20
31.25
 30
0.0
 40
0.75
  0
CIRCLE
  5
246C
330
243C
100
AcDbEntity
  8
0
 62
   251
420
  6513766
100
AcDbCircle
 10
300.6277045369647
 20
31.25
 30
0.0
 40
0.75
  0
CIRCLE
  5
246D
330
243C
100
AcDbEntity
  8
0
 62
   251
420
  6513766
100
AcDbCircle
 10
307.239229020242
 20
31.25
 30
0.0
 40
0.75
  0
CIRCLE
  5
246E
330
243C
100
AcDbEntity
  8
0
 62
   251
420
  6513766
100
AcDbCircle
 10
313.8507535035192
 20
31.25
 30
0.0
 40
0.75
  0
CIRCLE
  5
246F
330
243C
100
AcDbEntity
  8
0
 62
   251
420
  6513766
100
AcDbCircle
 10
320.4622779867964
 20
31.25
 30
0.0
 40
0.75
  0
CIRCLE
  5
2470
330
243C
100
AcDbEntity
  8
0
 62
   251
420
  6513766
100
AcDbCircle
 10
327.0736159101111
 20
31.22319445479571
 30
0.0
 40
0.75
  0
CIRCLE
  5
2471
330
243C
100
AcDbEntity
  8
0
 62
   251
420
  6513766
100
AcDbCircle
 10
333.5840621305583
 20
30.09155416796239
 30
0.0
 40
0.75
  0
CIRCLE
  5
2472
330
243C
100
AcDbEntity
  8
0
 62
   251
420
  6513766
100
AcDbCircle
 10
339.7117052404742
 20
27.6179920309578
 30
0.0
 40
0.75
  0
CIRCLE
  5
2473
330
243C
100
AcDbEntity
  8
0
 62
   251
420
  6513766
100
AcDbCircle
 10
345.1832852369585
 20
23.91281564241672
 30
0.0
 40
0.75
  0
CIRCLE
  5
2474
330
243C
100
AcDbEntity
  8
0
 62
   251
420
  6513766
100
AcDbCircle
 10
349.7547990116542
 20
19.14125598797636
 30
0.0
 40
0.75
  0
CIRCLE
  5
2475
330
243C
100
AcDbEntity
  8
0
 62
   251
420
  6513766
100
AcDbCircle
 10
353.2223815801094
 20
13.516099024916
 30
0.0
 40
0.75
  0
ENDBLK
  5
2479
330
243C
100
AcDbEntity
  8
0
 62
    40
420
 16308017
100
AcDbBlockEnd
  0
BLOCK
  5
247B
330
247A
100
AcDbEntity
  8
0
 62
    40
420
 16308017
100
AcDbBlockBegin
  2
*D43
 70
     1
 10
0.0
 20
0.0
 30
0.0
  3
*D43
  1

  0
LINE
  5
247C
330
247A
100
AcDbEntity
  8
0
 62
     0
440
 16777216
370
    -2
100
AcDbLine
 10
248.3075016318265
 20
4164.398713059786
 30
0.0
 11
248.3075016318265
 21
4165.023713059786
 31
0.0
  0
LINE
  5
247D
330
247A
100
AcDbEntity
  8
0
 62
     0
440
 16777216
370
    -2
100
AcDbLine
 10
192.7357053524114
 20
4164.398713059786
 30
0.0
 11
192.7357053524114
 21
4165.023713059786
 31
0.0
  0
LINE
  5
247E
330
247A
100
AcDbEntity
  8
0
 62
     0
440
 16777216
370
    -2
100
AcDbLine
 10
245.8075016318265
 20
4163.773713059786
 30
0.0
 11
195.2357053524114
 21
4163.773713059786
 31
0.0
  0
SOLID
  5
247F
330
247A
100
AcDbEntity
  8
0
 62
     0
440
 16777216
100
AcDbTrace
 10
245.8075016318265
 20
4164.190379726453
 30
0.0
 11
245.8075016318265
 21
4163.357046393119
 31
0.0
 12
248.3075016318265
 22
4163.773713059786
 32
0.0
 13
248.3075016318265
 23
4163.773713059786
 33
0.0
  0
SOLID
  5
2480
330
247A
100
AcDbEntity
  8
0
 62
     0
440
 16777216
100
AcDbTrace
 10
195.2357053524114
 20
4164.190379726453
 30
0.0
 11
195.2357053524114
 21
4163.357046393119
 31
0.0
 12
192.7357053524114
 22
4163.773713059786
 32
0.0
 13
192.7357053524114
 23
4163.773713059786
 33
0.0
  0
MTEXT
  5
2481
330
247A
100
AcDbEntity
  8
0
 62
     0
440
 16777216
100
AcDbMText
 10
220.521603492119
 20
4165.895984546825
 30
0.0
 40
2.5
 41
0.0
 46
0.0
 71
     5
 72
     1
  1
55,57
 73
     1
 44
1.0
  0
POINT
  5
2482
330
247A
100
AcDbEntity
  8
Defpoints
 62
     0
440
 16777216
100
AcDbPoint
 10
248.3075016318265
 20
4163.773713059786
 30
0.0
  0
POINT
  5
2483
330
247A
100
AcDbEntity
  8
Defpoints
 62
     0
440
 16777216
100
AcDbPoint
 10
192.7357053524114
 20
4163.773713059786
 30
0.0
  0
POINT
  5
2484
330
247A
100
AcDbEntity
  8
Defpoints
 62
     0
440
 16777216
100
AcDbPoint
 10
192.7357053524114
 20
4163.773713059786
 30
0.0
  0
ENDBLK
  5
2485
330
247A
100
AcDbEntity
  8
0
 62
    40
420
 16308017
100
AcDbBlockEnd
  0
BLOCK
  5
2487
330
2486
100
AcDbEntity
  8
0
 62
    40
420
 16308017
100
AcDbBlockBegin
  2
*D44
 70
     1
 10
0.0
 20
0.0
 30
0.0
  3
*D44
  1

  0
LINE
  5
2488
330
2486
100
AcDbEntity
  8
0
 62
     0
440
 16777216
370
    -2
100
AcDbLine
 10
248.3075016318265
 20
4164.398713059786
 30
0.0
 11
248.3075016318265
 21
4165.023713059786
 31
0.0
  0
LINE
  5
2489
330
2486
100
AcDbEntity
  8
0
 62
     0
440
 16777216
370
    -2
100
AcDbLine
 10
192.7357053524114
 20
4164.398713059786
 30
0.0
 11
192.7357053524114
 21
4165.023713059786
 31
0.0
  0
LINE
  5
248A
330
2486
100
AcDbEntity
  8
0
 62
     0
440
 16777216
370
    -2
100
AcDbLine
 10
245.8075016318265
 20
4163.773713059786
 30
0.0
 11
195.2357053524114
 21
4163.773713059786
 31
0.0
  0
SOLID
  5
248B
330
2486
100
AcDbEntity
  8
0
 62
     0
440
 16777216
100
AcDbTrace
 10
245.8075016318265
 20
4164.190379726453
 30
0.0
 11
245.8075016318265
 21
4163.357046393119
 31
0.0
 12
248.3075016318265
 22
4163.773713059786
 32
0.0
 13
248.3075016318265
 23
4163.773713059786
 33
0.0
  0
SOLID
  5
248C
330
2486
100
AcDbEntity
  8
0
 62
     0
440
 16777216
100
AcDbTrace
 10
195.2357053524114
 20
4164.190379726453
 30
0.0
 11
195.2357053524114
 21
4163.357046393119
 31
0.0
 12
192.7357053524114
 22
4163.773713059786
 32
0.0
 13
192.7357053524114
 23
4163.773713059786
 33
0.0
  0
MTEXT
  5
248D
330
2486
100
AcDbEntity
  8
0
 62
     0
440
 16777216
100
AcDbMText
 10
220.521603492119
 20
4165.895984546825
 30
0.0
 40
2.5
 41
0.0
 46
0.0
 71
     5
 72
     1
  1
55,57
 73
     1
 44
1.0
  0
POINT
  5
248E
330
2486
100
AcDbEntity
  8
Defpoints
 62
     0
440
 16777216
100
AcDbPoint
 10
248.3075016318265
 20
4163.773713059786
 30
0.0
  0
POINT
  5
248F
330
2486
100
AcDbEntity
  8
Defpoints
 62
     0
440
 16777216
100
AcDbPoint
 10
192.7357053524114
 20
4163.773713059786
 30
0.0
  0
POINT
  5
2490
330
2486
100
AcDbEntity
  8
Defpoints
 62
     0
440
 16777216
100
AcDbPoint
 10
192.7357053524114
 20
4163.773713059786
 30
0.0
  0
ENDBLK
  5
2491
330
2486
100
AcDbEntity
  8
0
 62
    40
420
 16308017
100
AcDbBlockEnd
  0
BLOCK
  5
26B5
330
26B4
100
AcDbEntity
  8
0
 62
    40
420
 16308017
100
AcDbBlockBegin
  2
*D45
 70
     1
 10
0.0
 20
0.0
 30
0.0
  3
*D45
  1

  0
LINE
  5
26F9
330
26B4
100
AcDbEntity
  8
0
 62
     0
440
 16777216
370
    -2
100
AcDbLine
 10
1795.177143510446
 20
4151.798718331169
 30
0.0
 11
1795.177143510446
 21
4152.423718331169
 31
0.0
  0
LINE
  5
26FA
330
26B4
100
AcDbEntity
  8
0
 62
     0
440
 16777216
370
    -2
100
AcDbLine
 10
1739.60534723103
 20
4151.798718331169
 30
0.0
 11
1739.60534723103
 21
4152.423718331169
 31
0.0
  0
LINE
  5
26FB
330
26B4
100
AcDbEntity
  8
0
 62
     0
440
 16777216
370
    -2
100
AcDbLine
 10
1792.677143510445
 20
4151.173718331167
 30
0.0
 11
1742.10534723103
 21
4151.173718331167
 31
0.0
  0
SOLID
  5
26FC
330
26B4
100
AcDbEntity
  8
0
 62
     0
440
 16777216
100
AcDbTrace
 10
1792.677143510445
 20
4151.590384997835
 30
0.0
 11
1792.677143510445
 21
4150.757051664501
 31
0.0
 12
1795.177143510446
 22
4151.173718331167
 32
0.0
 13
1795.177143510446
 23
4151.173718331167
 33
0.0
  0
SOLID
  5
26FD
330
26B4
100
AcDbEntity
  8
0
 62
     0
440
 16777216
100
AcDbTrace
 10
1742.10534723103
 20
4151.590384997835
 30
0.0
 11
1742.10534723103
 21
4150.757051664501
 31
0.0
 12
1739.60534723103
 22
4151.173718331167
 32
0.0
 13
1739.60534723103
 23
4151.173718331167
 33
0.0
  0
MTEXT
  5
26FE
330
26B4
100
AcDbEntity
  8
0
 62
     0
440
 16777216
100
AcDbMText
 10
1767.391245370738
 20
4153.295989818206
 30
0.0
 40
2.5
 41
0.0
 46
0.0
 71
     5
 72
     1
  1
55,57
 73
     1
 44
1.0
  0
POINT
  5
26FF
330
26B4
100
AcDbEntity
  8
Defpoints
 62
     0
440
 16777216
100
AcDbPoint
 10
1795.177143510446
 20
4151.173718331167
 30
0.0
  0
POINT
  5
2700
330
26B4
100
AcDbEntity
  8
Defpoints
 62
     0
440
 16777216
100
AcDbPoint
 10
1739.60534723103
 20
4151.173718331167
 30
0.0
  0
POINT
  5
2701
330
26B4
100
AcDbEntity
  8
Defpoints
 62
     0
440
 16777216
100
AcDbPoint
 10
1739.60534723103
 20
4151.173718331167
 30
0.0
  0
ENDBLK
  5
26B6
330
26B4
100
AcDbEntity
  8
0
 62
    40
420
 16308017
100
AcDbBlockEnd
  0
BLOCK
  5
26C1
330
26C0
100
AcDbEntity
  8
0
 62
    40
420
 16308017
100
AcDbBlockBegin
  2
*D46
 70
     1
 10
0.0
 20
0.0
 30
0.0
  3
*D46
  1

  0
LINE
  5
26F0
330
26C0
100
AcDbEntity
  8
0
 62
     0
440
 16777216
370
    -2
100
AcDbLine
 10
1795.177143510446
 20
4151.798718331169
 30
0.0
 11
1795.177143510446
 21
4152.423718331169
 31
0.0
  0
LINE
  5
26F1
330
26C0
100
AcDbEntity
  8
0
 62
     0
440
 16777216
370
    -2
100
AcDbLine
 10
1739.60534723103
 20
4151.798718331169
 30
0.0
 11
1739.60534723103
 21
4152.423718331169
 31
0.0
  0
LINE
  5
26F2
330
26C0
100
AcDbEntity
  8
0
 62
     0
440
 16777216
370
    -2
100
AcDbLine
 10
1792.677143510445
 20
4151.173718331167
 30
0.0
 11
1742.10534723103
 21
4151.173718331167
 31
0.0
  0
SOLID
  5
26F3
330
26C0
100
AcDbEntity
  8
0
 62
     0
440
 16777216
100
AcDbTrace
 10
1792.677143510445
 20
4151.590384997835
 30
0.0
 11
1792.677143510445
 21
4150.757051664501
 31
0.0
 12
1795.177143510446
 22
4151.173718331167
 32
0.0
 13
1795.177143510446
 23
4151.173718331167
 33
0.0
  0
SOLID
  5
26F4
330
26C0
100
AcDbEntity
  8
0
 62
     0
440
 16777216
100
AcDbTrace
 10
1742.10534723103
 20
4151.590384997835
 30
0.0
 11
1742.10534723103
 21
4150.757051664501
 31
0.0
 12
1739.60534723103
 22
4151.173718331167
 32
0.0
 13
1739.60534723103
 23
4151.173718331167
 33
0.0
  0
MTEXT
  5
26F5
330
26C0
100
AcDbEntity
  8
0
 62
     0
440
 16777216
100
AcDbMText
 10
1767.391245370738
 20
4153.295989818206
 30
0.0
 40
2.5
 41
0.0
 46
0.0
 71
     5
 72
     1
  1
55,57
 73
     1
 44
1.0
  0
POINT
  5
26F6
330
26C0
100
AcDbEntity
  8
Defpoints
 62
     0
440
 16777216
100
AcDbPoint
 10
1795.177143510446
 20
4151.173718331167
 30
0.0
  0
POINT
  5
26F7
330
26C0
100
AcDbEntity
  8
Defpoints
 62
     0
440
 16777216
100
AcDbPoint
 10
1739.60534723103
 20
4151.173718331167
 30
0.0
  0
POINT
  5
26F8
330
26C0
100
AcDbEntity
  8
Defpoints
 62
     0
440
 16777216
100
AcDbPoint
 10
1739.60534723103
 20
4151.173718331167
 30
0.0
  0
ENDBLK
  5
26C2
330
26C0
100
AcDbEntity
  8
0
 62
    40
420
 16308017
100
AcDbBlockEnd
  0
BLOCK
  5
2706
330
2705
100
AcDbEntity
  8
0
 62
    40
420
 16308017
100
AcDbBlockBegin
  2
*U47
 70
     1
 10
0.0
 20
0.0
 30
0.0
  3
*U47
  1

  0
CIRCLE
  5
270C
330
2705
100
AcDbEntity
  8
0
 62
    40
420
 16308017
100
AcDbCircle
 10
0.0
 20
0.0
 30
0.0
 40
0.75
  0
ENDBLK
  5
2707
330
2705
100
AcDbEntity
  8
0
 62
    40
420
 16308017
100
AcDbBlockEnd
  0
BLOCK
  5
2709
330
2708
100
AcDbEntity
  8
0
 62
    40
420
 16308017
100
AcDbBlockBegin
  2
*U48
 70
     1
 10
0.0
 20
0.0
 30
0.0
  3
*U48
  1

  0
INSERT
  5
2719
330
2708
100
AcDbEntity
  8
0
  6
ByBlock
347
ED
 62
     0
440
 16777216
370
    -2
380
     1
100
AcDbBlockReference
  2
*U47
 10
248.3126996687799
 20
4162.107046393119
 30
0.0
  0
INSERT
  5
271A
330
2708
100
AcDbEntity
  8
0
  6
ByBlock
347
ED
 62
     0
440
 16777216
370
    -2
380
     1
100
AcDbBlockReference
  2
*U47
 10
253.31269966878
 20
4162.107046393119
 30
0.0
  0
INSERT
  5
271B
330
2708
100
AcDbEntity
  8
0
  6
ByBlock
347
ED
 62
     0
440
 16777216
370
    -2
380
     1
100
AcDbBlockReference
  2
*U47
 10
258.3126996687799
 20
4162.107046393119
 30
0.0
  0
INSERT
  5
271C
330
2708
100
AcDbEntity
  8
0
  6
ByBlock
347
ED
 62
     0
440
 16777216
370
    -2
380
     1
100
AcDbBlockReference
  2
*U47
 10
263.3126996687799
 20
4162.107046393119
 30
0.0
  0
INSERT
  5
271D
330
2708
100
AcDbEntity
  8
0
  6
ByBlock
347
ED
 62
     0
440
 16777216
370
    -2
380
     1
100
AcDbBlockReference
  2
*U47
 10
268.3126996687799
 20
4162.107046393119
 30
0.0
  0
INSERT
  5
271E
330
2708
100
AcDbEntity
  8
0
  6
ByBlock
347
ED
 62
     0
440
 16777216
370
    -2
380
     1
100
AcDbBlockReference
  2
*U47
 10
273.3126996687799
 20
4162.107046393119
 30
0.0
  0
INSERT
  5
271F
330
2708
100
AcDbEntity
  8
0
  6
ByBlock
347
ED
 62
     0
440
 16777216
370
    -2
380
     1
100
AcDbBlockReference
  2
*U47
 10
278.31269966878
 20
4162.107046393119
 30
0.0
  0
INSERT
  5
2720
330
2708
100
AcDbEntity
  8
0
  6
ByBlock
347
ED
 62
     0
440
 16777216
370
    -2
380
     1
100
AcDbBlockReference
  2
*U47
 10
283.3126996687799
 20
4162.107046393119
 30
0.0
  0
INSERT
  5
2721
330
2708
100
AcDbEntity
  8
0
  6
ByBlock
347
ED
 62
     0
440
 16777216
370
    -2
380
     1
100
AcDbBlockReference
  2
*U47
 10
288.3126996687799
 20
4162.107046393119
 30
0.0
  0
INSERT
  5
2722
330
2708
100
AcDbEntity
  8
0
  6
ByBlock
347
ED
 62
     0
440
 16777216
370
    -2
380
     1
100
AcDbBlockReference
  2
*U47
 10
293.31269966878
 20
4162.107046393119
 30
0.0
  0
INSERT
  5
2723
330
2708
100
AcDbEntity
  8
0
  6
ByBlock
347
ED
 62
     0
440
 16777216
370
    -2
380
     1
100
AcDbBlockReference
  2
*U47
 10
298.3126996687799
 20
4162.107046393119
 30
0.0
  0
INSERT
  5
2724
330
2708
100
AcDbEntity
  8
0
  6
ByBlock
347
ED
 62
     0
440
 16777216
370
    -2
380
     1
100
AcDbBlockReference
  2
*U47
 10
303.31269966878
 20
4162.107046393119
 30
0.0
  0
INSERT
  5
2725
330
2708
100
AcDbEntity
  8
0
  6
ByBlock
347
ED
 62
     0
440
 16777216
370
    -2
380
     1
100
AcDbBlockReference
  2
*U47
 10
308.3126996687799
 20
4162.107046393119
 30
0.0
  0
INSERT
  5
2726
330
2708
100
AcDbEntity
  8
0
  6
ByBlock
347
ED
 62
     0
440
 16777216
370
    -2
380
     1
100
AcDbBlockReference
  2
*U47
 10
313.31269966878
 20
4162.107046393119
 30
0.0
  0
INSERT
  5
2727
330
2708
100
AcDbEntity
  8
0
  6
ByBlock
347
ED
 62
     0
440
 16777216
370
    -2
380
     1
100
AcDbBlockReference
  2
*U47
 10
318.3126996687799
 20
4162.107046393119
 30
0.0
  0
INSERT
  5
2728
330
2708
100
AcDbEntity
  8
0
  6
ByBlock
347
ED
 62
     0
440
 16777216
370
    -2
380
     1
100
AcDbBlockReference
  2
*U47
 10
323.3126996687799
 20
4162.107046393119
 30
0.0
  0
INSERT
  5
2729
330
2708
100
AcDbEntity
  8
0
  6
ByBlock
347
ED
 62
     0
440
 16777216
370
    -2
380
     1
100
AcDbBlockReference
  2
*U47
 10
328.31269966878
 20
4162.107046393119
 30
0.0
  0
INSERT
  5
272A
330
2708
100
AcDbEntity
  8
0
  6
ByBlock
347
ED
 62
     0
440
 16777216
370
    -2
380
     1
100
AcDbBlockReference
  2
*U47
 10
333.3126996687799
 20
4162.107046393119
 30
0.0
  0
INSERT
  5
272B
330
2708
100
AcDbEntity
  8
0
  6
ByBlock
347
ED
 62
     0
440
 16777216
370
    -2
380
     1
100
AcDbBlockReference
  2
*U47
 10
338.31269966878
 20
4162.107046393119
 30
0.0
  0
INSERT
  5
272C
330
2708
100
AcDbEntity
  8
0
  6
ByBlock
347
ED
 62
     0
440
 16777216
370
    -2
380
     1
100
AcDbBlockReference
  2
*U47
 10
343.3126996687799
 20
4162.107046393119
 30
0.0
  0
INSERT
  5
272D
330
2708
100
AcDbEntity
  8
0
  6
ByBlock
347
ED
 62
     0
440
 16777216
370
    -2
380
     1
100
AcDbBlockReference
  2
*U47
 10
348.3126996687799
 20
4162.107046393119
 30
0.0
  0
ENDBLK
  5
270A
330
2708
100
AcDbEntity
  8
0
 62
    40
420
 16308017
100
AcDbBlockEnd
  0
BLOCK
  5
2731
330
2730
100
AcDbEntity
  8
0
 62
    40
420
 16308017
100
AcDbBlockBegin
  2
*U49
 70
     1
 10
0.0
 20
0.0
 30
0.0
  3
*U49
  1

  0
CIRCLE
  5
2737
330
2730
100
AcDbEntity
  8
0
 62
    40
420
 16308017
100
AcDbCircle
 10
0.0
 20
0.0
 30
0.0
 40
0.75
  0
ENDBLK
  5
2732
330
2730
100
AcDbEntity
  8
0
 62
    40
420
 16308017
100
AcDbBlockEnd
  0
BLOCK
  5
2734
330
2733
100
AcDbEntity
  8
0
 62
    40
420
 16308017
100
AcDbBlockBegin
  2
*U50
 70
     1
 10
0.0
 20
0.0
 30
0.0
  3
*U50
  1

  0
INSERT
  5
2744
330
2733
100
AcDbEntity
  8
0
  6
ByBlock
347
ED
 62
     0
440
 16777216
370
    -2
380
     1
100
AcDbBlockReference
  2
*U49
 10
245.8126996687799
 20
4162.107046393119
 30
0.0
  0
INSERT
  5
2745
330
2733
100
AcDbEntity
  8
0
  6
ByBlock
347
ED
 62
     0
440
 16777216
370
    -2
380
     1
100
AcDbBlockReference
  2
*U49
 10
251.9987344134967
 20
4162.107046393119
 30
0.0
  0
INSERT
  5
2746
330
2733
100
AcDbEntity
  8
0
  6
ByBlock
347
ED
 62
     0
440
 16777216
370
    -2
380
     1
100
AcDbBlockReference
  2
*U49
 10
258.1847691582134
 20
4162.107046393119
 30
0.0
  0
INSERT
  5
2747
330
2733
100
AcDbEntity
  8
0
  6
ByBlock
347
ED
 62
     0
440
 16777216
370
    -2
380
     1
100
AcDbBlockReference
  2
*U49
 10
264.3708039029301
 20
4162.107046393119
 30
0.0
  0
INSERT
  5
2748
330
2733
100
AcDbEntity
  8
0
  6
ByBlock
347
ED
 62
     0
440
 16777216
370
    -2
380
     1
100
AcDbBlockReference
  2
*U49
 10
270.5568386476468
 20
4162.107046393119
 30
0.0
  0
INSERT
  5
2749
330
2733
100
AcDbEntity
  8
0
  6
ByBlock
347
ED
 62
     0
440
 16777216
370
    -2
380
     1
100
AcDbBlockReference
  2
*U49
 10
276.7428733923635
 20
4162.107046393119
 30
0.0
  0
INSERT
  5
274A
330
2733
100
AcDbEntity
  8
0
  6
ByBlock
347
ED
 62
     0
440
 16777216
370
    -2
380
     1
100
AcDbBlockReference
  2
*U49
 10
282.9289081370802
 20
4162.107046393119
 30
0.0
  0
INSERT
  5
274B
330
2733
100
AcDbEntity
  8
0
  6
ByBlock
347
ED
 62
     0
440
 16777216
370
    -2
380
     1
100
AcDbBlockReference
  2
*U49
 10
289.1149428817969
 20
4162.107046393119
 30
0.0
  0
INSERT
  5
274C
330
2733
100
AcDbEntity
  8
0
  6
ByBlock
347
ED
 62
     0
440
 16777216
370
    -2
380
     1
100
AcDbBlockReference
  2
*U49
 10
295.3009776265137
 20
4162.107046393119
 30
0.0
  0
INSERT
  5
274D
330
2733
100
AcDbEntity
  8
0
  6
ByBlock
347
ED
 62
     0
440
 16777216
370
    -2
380
     1
100
AcDbBlockReference
  2
*U49
 10
301.4870123712304
 20
4162.107046393119
 30
0.0
  0
INSERT
  5
274E
330
2733
100
AcDbEntity
  8
0
  6
ByBlock
347
ED
 62
     0
440
 16777216
370
    -2
380
     1
100
AcDbBlockReference
  2
*U49
 10
307.6730471159471
 20
4162.107046393119
 30
0.0
  0
INSERT
  5
274F
330
2733
100
AcDbEntity
  8
0
  6
ByBlock
347
ED
 62
     0
440
 16777216
370
    -2
380
     1
100
AcDbBlockReference
  2
*U49
 10
313.8590818606638
 20
4162.107046393119
 30
0.0
  0
INSERT
  5
2750
330
2733
100
AcDbEntity
  8
0
  6
ByBlock
347
ED
 62
     0
440
 16777216
370
    -2
380
     1
100
AcDbBlockReference
  2
*U49
 10
320.0451166053805
 20
4162.107046393119
 30
0.0
  0
INSERT
  5
2751
330
2733
100
AcDbEntity
  8
0
  6
ByBlock
347
ED
 62
     0
440
 16777216
370
    -2
380
     1
100
AcDbBlockReference
  2
*U49
 10
326.2311513500972
 20
4162.107046393119
 30
0.0
  0
INSERT
  5
2752
330
2733
100
AcDbEntity
  8
0
  6
ByBlock
347
ED
 62
     0
440
 16777216
370
    -2
380
     1
100
AcDbBlockReference
  2
*U49
 10
332.4171860948139
 20
4162.107046393119
 30
0.0
  0
INSERT
  5
2753
330
2733
100
AcDbEntity
  8
0
  6
ByBlock
347
ED
 62
     0
440
 16777216
370
    -2
380
     1
100
AcDbBlockReference
  2
*U49
 10
338.6032208395306
 20
4162.107046393119
 30
0.0
  0
INSERT
  5
2754
330
2733
100
AcDbEntity
  8
0
  6
ByBlock
347
ED
 62
     0
440
 16777216
370
    -2
380
     1
100
AcDbBlockReference
  2
*U49
 10
344.7892555842474
 20
4162.107046393119
 30
0.0
  0
INSERT
  5
2755
330
2733
100
AcDbEntity
  8
0
  6
ByBlock
347
ED
 62
     0
440
 16777216
370
    -2
380
     1
100
AcDbBlockReference
  2
*U49
 10
350.9752903289641
 20
4162.107046393119
 30
0.0
  0
ENDBLK
  5
2735
330
2733
100
AcDbEntity
  8
0
 62
    40
420
 16308017
100
AcDbBlockEnd
  0
BLOCK
  5
2758
330
2757
100
AcDbEntity
  8
0
 62
    40
420
 16308017
100
AcDbBlockBegin
  2
*U51
 70
     1
 10
0.0
 20
0.0
 30
0.0
  3
*U51
  1

  0
CIRCLE
  5
2759
330
2757
100
AcDbEntity
  8
0
 62
    40
420
 16308017
100
AcDbCircle
 10
0.0
 20
0.0
 30
0.0
 40
0.75
  0
ENDBLK
  5
275A
330
2757
100
AcDbEntity
  8
0
 62
    40
420
 16308017
100
AcDbBlockEnd
  0
BLOCK
  5
275C
330
275B
100
AcDbEntity
  8
0
 62
    40
420
 16308017
100
AcDbBlockBegin
  2
*U52
 70
     1
 10
0.0
 20
0.0
 30
0.0
  3
*U52
  1

  0
INSERT
  5
275D
330
275B
100
AcDbEntity
  8
0
  6
ByBlock
347
ED
 62
     0
440
 16777216
370
    -2
380
     1
100
AcDbBlockReference
  2
*U51
 10
245.8126996687799
 20
4162.107046393119
 30
0.0
  0
INSERT
  5
275E
330
275B
100
AcDbEntity
  8
0
  6
ByBlock
347
ED
 62
     0
440
 16777216
370
    -2
380
     1
100
AcDbBlockReference
  2
*U51
 10
251.9987344134967
 20
4162.107046393119
 30
0.0
  0
INSERT
  5
275F
330
275B
100
AcDbEntity
  8
0
  6
ByBlock
347
ED
 62
     0
440
 16777216
370
    -2
380
     1
100
AcDbBlockReference
  2
*U51
 10
258.1847691582134
 20
4162.107046393119
 30
0.0
  0
INSERT
  5
2760
330
275B
100
AcDbEntity
  8
0
  6
ByBlock
347
ED
 62
     0
440
 16777216
370
    -2
380
     1
100
AcDbBlockReference
  2
*U51
 10
264.3708039029301
 20
4162.107046393119
 30
0.0
  0
INSERT
  5
2761
330
275B
100
AcDbEntity
  8
0
  6
ByBlock
347
ED
 62
     0
440
 16777216
370
    -2
380
     1
100
AcDbBlockReference
  2
*U51
 10
270.5568386476468
 20
4162.107046393119
 30
0.0
  0
INSERT
  5
2762
330
275B
100
AcDbEntity
  8
0
  6
ByBlock
347
ED
 62
     0
440
 16777216
370
    -2
380
     1
100
AcDbBlockReference
  2
*U51
 10
276.7428733923635
 20
4162.107046393119
 30
0.0
  0
INSERT
  5
2763
330
275B
100
AcDbEntity
  8
0
  6
ByBlock
347
ED
 62
     0
440
 16777216
370
    -2
380
     1
100
AcDbBlockReference
  2
*U51
 10
282.9289081370802
 20
4162.107046393119
 30
0.0
  0
INSERT
  5
2764
330
275B
100
AcDbEntity
  8
0
  6
ByBlock
347
ED
 62
     0
440
 16777216
370
    -2
380
     1
100
AcDbBlockReference
  2
*U51
 10
289.1149428817969
 20
4162.107046393119
 30
0.0
  0
INSERT
  5
2765
330
275B
100
AcDbEntity
  8
0
  6
ByBlock
347
ED
 62
     0
440
 16777216
370
    -2
380
     1
100
AcDbBlockReference
  2
*U51
 10
295.3009776265137
 20
4162.107046393119
 30
0.0
  0
INSERT
  5
2766
330
275B
100
AcDbEntity
  8
0
  6
ByBlock
347
ED
 62
     0
440
 16777216
370
    -2
380
     1
100
AcDbBlockReference
  2
*U51
 10
301.4870123712304
 20
4162.107046393119
 30
0.0
  0
INSERT
  5
2767
330
275B
100
AcDbEntity
  8
0
  6
ByBlock
347
ED
 62
     0
440
 16777216
370
    -2
380
     1
100
AcDbBlockReference
  2
*U51
 10
307.6730471159471
 20
4162.107046393119
 30
0.0
  0
INSERT
  5
2768
330
275B
100
AcDbEntity
  8
0
  6
ByBlock
347
ED
 62
     0
440
 16777216
370
    -2
380
     1
100
AcDbBlockReference
  2
*U51
 10
313.8590818606638
 20
4162.107046393119
 30
0.0
  0
INSERT
  5
2769
330
275B
100
AcDbEntity
  8
0
  6
ByBlock
347
ED
 62
     0
440
 16777216
370
    -2
380
     1
100
AcDbBlockReference
  2
*U51
 10
320.0451166053805
 20
4162.107046393119
 30
0.0
  0
INSERT
  5
276A
330
275B
100
AcDbEntity
  8
0
  6
ByBlock
347
ED
 62
     0
440
 16777216
370
    -2
380
     1
100
AcDbBlockReference
  2
*U51
 10
326.2311513500972
 20
4162.107046393119
 30
0.0
  0
INSERT
  5
276B
330
275B
100
AcDbEntity
  8
0
  6
ByBlock
347
ED
 62
     0
440
 16777216
370
    -2
380
     1
100
AcDbBlockReference
  2
*U51
 10
332.4171860948139
 20
4162.107046393119
 30
0.0
  0
INSERT
  5
276C
330
275B
100
AcDbEntity
  8
0
  6
ByBlock
347
ED
 62
     0
440
 16777216
370
    -2
380
     1
100
AcDbBlockReference
  2
*U51
 10
338.6032208395306
 20
4162.107046393119
 30
0.0
  0
INSERT
  5
276D
330
275B
100
AcDbEntity
  8
0
  6
ByBlock
347
ED
 62
     0
440
 16777216
370
    -2
380
     1
100
AcDbBlockReference
  2
*U51
 10
344.7892555842474
 20
4162.107046393119
 30
0.0
  0
INSERT
  5
276E
330
275B
100
AcDbEntity
  8
0
  6
ByBlock
347
ED
 62
     0
440
 16777216
370
    -2
380
     1
100
AcDbBlockReference
  2
*U51
 10
350.9752903289641
 20
4162.107046393119
 30
0.0
  0
ENDBLK
  5
276F
330
275B
100
AcDbEntity
  8
0
 62
    40
420
 16308017
100
AcDbBlockEnd
  0
BLOCK
  5
2774
330
2770
100
AcDbEntity
  8
0
 62
    40
420
 16308017
100
AcDbBlockBegin
  2
A$C2b1f6e37
 70
     0
 10
0.0
 20
0.0
 30
0.0
  3
A$C2b1f6e37
  1

  0
INSERT
  5
2771
102
{ACAD_REACTORS
330
277C
102
}
330
2770
100
AcDbEntity
  8
0
 62
    40
420
 16308017
100
AcDbBlockReference
  2
*U52
 10
-245.06269966878
 20
-4161.357046393119
 30
0.0
  0
ENDBLK
  5
2775
330
2770
100
AcDbEntity
  8
0
 62
    40
420
 16308017
100
AcDbBlockEnd
  0
BLOCK
  5
2786
330
2785
100
AcDbEntity
  8
0
 62
    40
420
 16308017
100
AcDbBlockBegin
  2
*U54
 70
     1
 10
0.0
 20
0.0
 30
0.0
  3
*U54
  1

  0
CIRCLE
  5
2787
330
2785
100
AcDbEntity
  8
0
 62
    40
420
 16308017
100
AcDbCircle
 10
0.0
 20
0.0
 30
0.0
 40
0.75
  0
ENDBLK
  5
2788
330
2785
100
AcDbEntity
  8
0
 62
    40
420
 16308017
100
AcDbBlockEnd
  0
BLOCK
  5
278A
330
2789
100
AcDbEntity
  8
0
 62
    40
420
 16308017
100
AcDbBlockBegin
  2
*U55
 70
     1
 10
0.0
 20
0.0
 30
0.0
  3
*U55
  1

  0
INSERT
  5
278B
330
2789
100
AcDbEntity
  8
0
  6
ByBlock
347
ED
 62
     0
440
 16777216
370
    -2
380
     1
100
AcDbBlockReference
  2
*U54
 10
245.8126996687799
 20
4162.107046393119
 30
0.0
  0
INSERT
  5
278C
330
2789
100
AcDbEntity
  8
0
  6
ByBlock
347
ED
 62
     0
440
 16777216
370
    -2
380
     1
100
AcDbBlockReference
  2
*U54
 10
251.9987344134967
 20
4162.107046393119
 30
0.0
  0
INSERT
  5
278D
330
2789
100
AcDbEntity
  8
0
  6
ByBlock
347
ED
 62
     0
440
 16777216
370
    -2
380
     1
100
AcDbBlockReference
  2
*U54
 10
258.1847691582134
 20
4162.107046393119
 30
0.0
  0
INSERT
  5
278E
330
2789
100
AcDbEntity
  8
0
  6
ByBlock
347
ED
 62
     0
440
 16777216
370
    -2
380
     1
100
AcDbBlockReference
  2
*U54
 10
264.3708039029301
 20
4162.107046393119
 30
0.0
  0
INSERT
  5
278F
330
2789
100
AcDbEntity
  8
0
  6
ByBlock
347
ED
 62
     0
440
 16777216
370
    -2
380
     1
100
AcDbBlockReference
  2
*U54
 10
270.5568386476468
 20
4162.107046393119
 30
0.0
  0
INSERT
  5
2790
330
2789
100
AcDbEntity
  8
0
  6
ByBlock
347
ED
 62
     0
440
 16777216
370
    -2
380
     1
100
AcDbBlockReference
  2
*U54
 10
276.7428733923635
 20
4162.107046393119
 30
0.0
  0
INSERT
  5
2791
330
2789
100
AcDbEntity
  8
0
  6
ByBlock
347
ED
 62
     0
440
 16777216
370
    -2
380
     1
100
AcDbBlockReference
  2
*U54
 10
282.9289081370802
 20
4162.107046393119
 30
0.0
  0
INSERT
  5
2792
330
2789
100
AcDbEntity
  8
0
  6
ByBlock
347
ED
 62
     0
440
 16777216
370
    -2
380
     1
100
AcDbBlockReference
  2
*U54
 10
289.1149428817969
 20
4162.107046393119
 30
0.0
  0
INSERT
  5
2793
330
2789
100
AcDbEntity
  8
0
  6
ByBlock
347
ED
 62
     0
440
 16777216
370
    -2
380
     1
100
AcDbBlockReference
  2
*U54
 10
295.3009776265137
 20
4162.107046393119
 30
0.0
  0
INSERT
  5
2794
330
2789
100
AcDbEntity
  8
0
  6
ByBlock
347
ED
 62
     0
440
 16777216
370
    -2
380
     1
100
AcDbBlockReference
  2
*U54
 10
301.4870123712304
 20
4162.107046393119
 30
0.0
  0
INSERT
  5
2795
330
2789
100
AcDbEntity
  8
0
  6
ByBlock
347
ED
 62
     0
440
 16777216
370
    -2
380
     1
100
AcDbBlockReference
  2
*U54
 10
307.6730471159471
 20
4162.107046393119
 30
0.0
  0
INSERT
  5
2796
330
2789
100
AcDbEntity
  8
0
  6
ByBlock
347
ED
 62
     0
440
 16777216
370
    -2
380
     1
100
AcDbBlockReference
  2
*U54
 10
313.8590818606638
 20
4162.107046393119
 30
0.0
  0
INSERT
  5
2797
330
2789
100
AcDbEntity
  8
0
  6
ByBlock
347
ED
 62
     0
440
 16777216
370
    -2
380
     1
100
AcDbBlockReference
  2
*U54
 10
320.0451166053805
 20
4162.107046393119
 30
0.0
  0
INSERT
  5
2798
330
2789
100
AcDbEntity
  8
0
  6
ByBlock
347
ED
 62
     0
440
 16777216
370
    -2
380
     1
100
AcDbBlockReference
  2
*U54
 10
326.2311513500972
 20
4162.107046393119
 30
0.0
  0
INSERT
  5
2799
330
2789
100
AcDbEntity
  8
0
  6
ByBlock
347
ED
 62
     0
440
 16777216
370
    -2
380
     1
100
AcDbBlockReference
  2
*U54
 10
332.4171860948139
 20
4162.107046393119
 30
0.0
  0
INSERT
  5
279A
330
2789
100
AcDbEntity
  8
0
  6
ByBlock
347
ED
 62
     0
440
 16777216
370
    -2
380
     1
100
AcDbBlockReference
  2
*U54
 10
338.6032208395306
 20
4162.107046393119
 30
0.0
  0
INSERT
  5
279B
330
2789
100
AcDbEntity
  8
0
  6
ByBlock
347
ED
 62
     0
440
 16777216
370
    -2
380
     1
100
AcDbBlockReference
  2
*U54
 10
344.7892555842474
 20
4162.107046393119
 30
0.0
  0
INSERT
  5
279C
330
2789
100
AcDbEntity
  8
0
  6
ByBlock
347
ED
 62
     0
440
 16777216
370
    -2
380
     1
100
AcDbBlockReference
  2
*U54
 10
350.9752903289641
 20
4162.107046393119
 30
0.0
  0
ENDBLK
  5
279D
330
2789
100
AcDbEntity
  8
0
 62
    40
420
 16308017
100
AcDbBlockEnd
  0
BLOCK
  5
27A2
330
279E
100
AcDbEntity
  8
0
 62
    40
420
 16308017
100
AcDbBlockBegin
  2
A$Ccdae9ad9
 70
     0
 10
0.0
 20
0.0
 30
0.0
  3
A$Ccdae9ad9
  1

  0
INSERT
  5
279F
102
{ACAD_REACTORS
330
27AA
102
}
330
279E
100
AcDbEntity
  8
0
 62
    40
420
 16308017
100
AcDbBlockReference
  2
*U55
 10
-245.06269966878
 20
-4161.357046393119
 30
0.0
  0
ENDBLK
  5
27A3
330
279E
100
AcDbEntity
  8
0
 62
    40
420
 16308017
100
AcDbBlockEnd
  0
BLOCK
  5
27B4
330
27B3
100
AcDbEntity
  8
0
 62
    40
420
 16308017
100
AcDbBlockBegin
  2
*U57
 70
     1
 10
0.0
 20
0.0
 30
0.0
  3
*U57
  1

  0
CIRCLE
  5
27B5
330
27B3
100
AcDbEntity
  8
0
 62
    40
420
 16308017
100
AcDbCircle
 10
0.0
 20
0.0
 30
0.0
 40
0.75
  0
ENDBLK
  5
27B6
330
27B3
100
AcDbEntity
  8
0
 62
    40
420
 16308017
100
AcDbBlockEnd
  0
BLOCK
  5
27B8
330
27B7
100
AcDbEntity
  8
0
 62
    40
420
 16308017
100
AcDbBlockBegin
  2
*U58
 70
     1
 10
0.0
 20
0.0
 30
0.0
  3
*U58
  1

  0
INSERT
  5
27B9
330
27B7
100
AcDbEntity
  8
0
  6
ByBlock
347
ED
 62
     0
440
 16777216
370
    -2
380
     1
100
AcDbBlockReference
  2
*U57
 10
245.8126996687799
 20
4162.107046393119
 30
0.0
  0
INSERT
  5
27BA
330
27B7
100
AcDbEntity
  8
0
  6
ByBlock
347
ED
 62
     0
440
 16777216
370
    -2
380
     1
100
AcDbBlockReference
  2
*U57
 10
251.9987344134967
 20
4162.107046393119
 30
0.0
  0
INSERT
  5
27BB
330
27B7
100
AcDbEntity
  8
0
  6
ByBlock
347
ED
 62
     0
440
 16777216
370
    -2
380
     1
100
AcDbBlockReference
  2
*U57
 10
258.1847691582134
 20
4162.107046393119
 30
0.0
  0
INSERT
  5
27BC
330
27B7
100
AcDbEntity
  8
0
  6
ByBlock
347
ED
 62
     0
440
 16777216
370
    -2
380
     1
100
AcDbBlockReference
  2
*U57
 10
264.3708039029301
 20
4162.107046393119
 30
0.0
  0
INSERT
  5
27BD
330
27B7
100
AcDbEntity
  8
0
  6
ByBlock
347
ED
 62
     0
440
 16777216
370
    -2
380
     1
100
AcDbBlockReference
  2
*U57
 10
270.5568386476468
 20
4162.107046393119
 30
0.0
  0
INSERT
  5
27BE
330
27B7
100
AcDbEntity
  8
0
  6
ByBlock
347
ED
 62
     0
440
 16777216
370
    -2
380
     1
100
AcDbBlockReference
  2
*U57
 10
276.7428733923635
 20
4162.107046393119
 30
0.0
  0
INSERT
  5
27BF
330
27B7
100
AcDbEntity
  8
0
  6
ByBlock
347
ED
 62
     0
440
 16777216
370
    -2
380
     1
100
AcDbBlockReference
  2
*U57
 10
282.9289081370802
 20
4162.107046393119
 30
0.0
  0
INSERT
  5
27C0
330
27B7
100
AcDbEntity
  8
0
  6
ByBlock
347
ED
 62
     0
440
 16777216
370
    -2
380
     1
100
AcDbBlockReference
  2
*U57
 10
289.1149428817969
 20
4162.107046393119
 30
0.0
  0
INSERT
  5
27C1
330
27B7
100
AcDbEntity
  8
0
  6
ByBlock
347
ED
 62
     0
440
 16777216
370
    -2
380
     1
100
AcDbBlockReference
  2
*U57
 10
295.3009776265137
 20
4162.107046393119
 30
0.0
  0
INSERT
  5
27C2
330
27B7
100
AcDbEntity
  8
0
  6
ByBlock
347
ED
 62
     0
440
 16777216
370
    -2
380
     1
100
AcDbBlockReference
  2
*U57
 10
301.4870123712304
 20
4162.107046393119
 30
0.0
  0
INSERT
  5
27C3
330
27B7
100
AcDbEntity
  8
0
  6
ByBlock
347
ED
 62
     0
440
 16777216
370
    -2
380
     1
100
AcDbBlockReference
  2
*U57
 10
307.6730471159471
 20
4162.107046393119
 30
0.0
  0
INSERT
  5
27C4
330
27B7
100
AcDbEntity
  8
0
  6
ByBlock
347
ED
 62
     0
440
 16777216
370
    -2
380
     1
100
AcDbBlockReference
  2
*U57
 10
313.8590818606638
 20
4162.107046393119
 30
0.0
  0
INSERT
  5
27C5
330
27B7
100
AcDbEntity
  8
0
  6
ByBlock
347
ED
 62
     0
440
 16777216
370
    -2
380
     1
100
AcDbBlockReference
  2
*U57
 10
320.0451166053805
 20
4162.107046393119
 30
0.0
  0
INSERT
  5
27C6
330
27B7
100
AcDbEntity
  8
0
  6
ByBlock
347
ED
 62
     0
440
 16777216
370
    -2
380
     1
100
AcDbBlockReference
  2
*U57
 10
326.2311513500972
 20
4162.107046393119
 30
0.0
  0
INSERT
  5
27C7
330
27B7
100
AcDbEntity
  8
0
  6
ByBlock
347
ED
 62
     0
440
 16777216
370
    -2
380
     1
100
AcDbBlockReference
  2
*U57
 10
332.4171860948139
 20
4162.107046393119
 30
0.0
  0
INSERT
  5
27C8
330
27B7
100
AcDbEntity
  8
0
  6
ByBlock
347
ED
 62
     0
440
 16777216
370
    -2
380
     1
100
AcDbBlockReference
  2
*U57
 10
338.6032208395306
 20
4162.107046393119
 30
0.0
  0
INSERT
  5
27C9
330
27B7
100
AcDbEntity
  8
0
  6
ByBlock
347
ED
 62
     0
440
 16777216
370
    -2
380
     1
100
AcDbBlockReference
  2
*U57
 10
344.7892555842474
 20
4162.107046393119
 30
0.0
  0
INSERT
  5
27CA
330
27B7
100
AcDbEntity
  8
0
  6
ByBlock
347
ED
 62
     0
440
 16777216
370
    -2
380
     1
100
AcDbBlockReference
  2
*U57
 10
350.9752903289641
 20
4162.107046393119
 30
0.0
  0
ENDBLK
  5
27CB
330
27B7
100
AcDbEntity
  8
0
 62
    40
420
 16308017
100
AcDbBlockEnd
  0
BLOCK
  5
27EF
330
27EE
100
AcDbEntity
  8
0
 62
    40
420
 16308017
100
AcDbBlockBegin
  2
*U59
 70
     1
 10
0.0
 20
0.0
 30
0.0
  3
*U59
  1

  0
CIRCLE
  5
27F0
330
27EE
100
AcDbEntity
  8
0
 62
    40
420
 16308017
100
AcDbCircle
 10
0.0
 20
0.0
 30
0.0
 40
0.75
  0
ENDBLK
  5
27F1
330
27EE
100
AcDbEntity
  8
0
 62
    40
420
 16308017
100
AcDbBlockEnd
  0
BLOCK
  5
27F3
330
27F2
100
AcDbEntity
  8
0
 62
    40
420
 16308017
100
AcDbBlockBegin
  2
*U60
 70
     1
 10
0.0
 20
0.0
 30
0.0
  3
*U60
  1

  0
INSERT
  5
27F4
330
27F2
100
AcDbEntity
  8
0
  6
ByBlock
347
ED
 62
     0
440
 16777216
370
    -2
380
     1
100
AcDbBlockReference
  2
*U59
 10
245.8126996687799
 20
4162.107046393119
 30
0.0
  0
INSERT
  5
27F5
330
27F2
100
AcDbEntity
  8
0
  6
ByBlock
347
ED
 62
     0
440
 16777216
370
    -2
380
     1
100
AcDbBlockReference
  2
*U59
 10
251.9987344134967
 20
4162.107046393119
 30
0.0
  0
INSERT
  5
27F6
330
27F2
100
AcDbEntity
  8
0
  6
ByBlock
347
ED
 62
     0
440
 16777216
370
    -2
380
     1
100
AcDbBlockReference
  2
*U59
 10
258.1847691582134
 20
4162.107046393119
 30
0.0
  0
INSERT
  5
27F7
330
27F2
100
AcDbEntity
  8
0
  6
ByBlock
347
ED
 62
     0
440
 16777216
370
    -2
380
     1
100
AcDbBlockReference
  2
*U59
 10
264.3708039029301
 20
4162.107046393119
 30
0.0
  0
INSERT
  5
27F8
330
27F2
100
AcDbEntity
  8
0
  6
ByBlock
347
ED
 62
     0
440
 16777216
370
    -2
380
     1
100
AcDbBlockReference
  2
*U59
 10
270.5568386476468
 20
4162.107046393119
 30
0.0
  0
INSERT
  5
27F9
330
27F2
100
AcDbEntity
  8
0
  6
ByBlock
347
ED
 62
     0
440
 16777216
370
    -2
380
     1
100
AcDbBlockReference
  2
*U59
 10
276.7428733923635
 20
4162.107046393119
 30
0.0
  0
INSERT
  5
27FA
330
27F2
100
AcDbEntity
  8
0
  6
ByBlock
347
ED
 62
     0
440
 16777216
370
    -2
380
     1
100
AcDbBlockReference
  2
*U59
 10
282.9289081370802
 20
4162.107046393119
 30
0.0
  0
INSERT
  5
27FB
330
27F2
100
AcDbEntity
  8
0
  6
ByBlock
347
ED
 62
     0
440
 16777216
370
    -2
380
     1
100
AcDbBlockReference
  2
*U59
 10
289.1149428817969
 20
4162.107046393119
 30
0.0
  0
INSERT
  5
27FC
330
27F2
100
AcDbEntity
  8
0
  6
ByBlock
347
ED
 62
     0
440
 16777216
370
    -2
380
     1
100
AcDbBlockReference
  2
*U59
 10
295.3009776265137
 20
4162.107046393119
 30
0.0
  0
INSERT
  5
27FD
330
27F2
100
AcDbEntity
  8
0
  6
ByBlock
347
ED
 62
     0
440
 16777216
370
    -2
380
     1
100
AcDbBlockReference
  2
*U59
 10
301.4870123712304
 20
4162.107046393119
 30
0.0
  0
INSERT
  5
27FE
330
27F2
100
AcDbEntity
  8
0
  6
ByBlock
347
ED
 62
     0
440
 16777216
370
    -2
380
     1
100
AcDbBlockReference
  2
*U59
 10
307.6730471159471
 20
4162.107046393119
 30
0.0
  0
INSERT
  5
27FF
330
27F2
100
AcDbEntity
  8
0
  6
ByBlock
347
ED
 62
     0
440
 16777216
370
    -2
380
     1
100
AcDbBlockReference
  2
*U59
 10
313.8590818606638
 20
4162.107046393119
 30
0.0
  0
INSERT
  5
2800
330
27F2
100
AcDbEntity
  8
0
  6
ByBlock
347
ED
 62
     0
440
 16777216
370
    -2
380
     1
100
AcDbBlockReference
  2
*U59
 10
320.0451166053805
 20
4162.107046393119
 30
0.0
  0
INSERT
  5
2801
330
27F2
100
AcDbEntity
  8
0
  6
ByBlock
347
ED
 62
     0
440
 16777216
370
    -2
380
     1
100
AcDbBlockReference
  2
*U59
 10
326.2311513500972
 20
4162.107046393119
 30
0.0
  0
INSERT
  5
2802
330
27F2
100
AcDbEntity
  8
0
  6
ByBlock
347
ED
 62
     0
440
 16777216
370
    -2
380
     1
100
AcDbBlockReference
  2
*U59
 10
332.4171860948139
 20
4162.107046393119
 30
0.0
  0
INSERT
  5
2803
330
27F2
100
AcDbEntity
  8
0
  6
ByBlock
347
ED
 62
     0
440
 16777216
370
    -2
380
     1
100
AcDbBlockReference
  2
*U59
 10
338.6032208395306
 20
4162.107046393119
 30
0.0
  0
INSERT
  5
2804
330
27F2
100
AcDbEntity
  8
0
  6
ByBlock
347
ED
 62
     0
440
 16777216
370
    -2
380
     1
100
AcDbBlockReference
  2
*U59
 10
344.7892555842474
 20
4162.107046393119
 30
0.0
  0
INSERT
  5
2805
330
27F2
100
AcDbEntity
  8
0
  6
ByBlock
347
ED
 62
     0
440
 16777216
370
    -2
380
     1
100
AcDbBlockReference
  2
*U59
 10
350.9752903289641
 20
4162.107046393119
 30
0.0
  0
ENDBLK
  5
2806
330
27F2
100
AcDbEntity
  8
0
 62
    40
420
 16308017
100
AcDbBlockEnd
  0
BLOCK
  5
280A
330
2809
100
AcDbEntity
  8
0
 62
    40
420
 16308017
100
AcDbBlockBegin
  2
*U61
 70
     1
 10
0.0
 20
0.0
 30
0.0
  3
*U61
  1

  0
CIRCLE
  5
280B
330
2809
100
AcDbEntity
  8
0
 62
    40
420
 16308017
100
AcDbCircle
 10
0.0
 20
0.0
 30
0.0
 40
0.75
  0
ENDBLK
  5
280C
330
2809
100
AcDbEntity
  8
0
 62
    40
420
 16308017
100
AcDbBlockEnd
  0
BLOCK
  5
280E
330
280D
100
AcDbEntity
  8
0
 62
    40
420
 16308017
100
AcDbBlockBegin
  2
*U62
 70
     1
 10
0.0
 20
0.0
 30
0.0
  3
*U62
  1

  0
INSERT
  5
280F
330
280D
100
AcDbEntity
  8
0
  6
ByBlock
347
ED
 62
     0
440
 16777216
370
    -2
380
     1
100
AcDbBlockReference
  2
*U61
 10
245.8126996687799
 20
4162.107046393119
 30
0.0
  0
INSERT
  5
2810
330
280D
100
AcDbEntity
  8
0
  6
ByBlock
347
ED
 62
     0
440
 16777216
370
    -2
380
     1
100
AcDbBlockReference
  2
*U61
 10
251.9987344134967
 20
4162.107046393119
 30
0.0
  0
INSERT
  5
2811
330
280D
100
AcDbEntity
  8
0
  6
ByBlock
347
ED
 62
     0
440
 16777216
370
    -2
380
     1
100
AcDbBlockReference
  2
*U61
 10
258.1847691582134
 20
4162.107046393119
 30
0.0
  0
INSERT
  5
2812
330
280D
100
AcDbEntity
  8
0
  6
ByBlock
347
ED
 62
     0
440
 16777216
370
    -2
380
     1
100
AcDbBlockReference
  2
*U61
 10
264.3708039029301
 20
4162.107046393119
 30
0.0
  0
INSERT
  5
2813
330
280D
100
AcDbEntity
  8
0
  6
ByBlock
347
ED
 62
     0
440
 16777216
370
    -2
380
     1
100
AcDbBlockReference
  2
*U61
 10
270.5568386476468
 20
4162.107046393119
 30
0.0
  0
INSERT
  5
2814
330
280D
100
AcDbEntity
  8
0
  6
ByBlock
347
ED
 62
     0
440
 16777216
370
    -2
380
     1
100
AcDbBlockReference
  2
*U61
 10
276.7428733923635
 20
4162.107046393119
 30
0.0
  0
INSERT
  5
2815
330
280D
100
AcDbEntity
  8
0
  6
ByBlock
347
ED
 62
     0
440
 16777216
370
    -2
380
     1
100
AcDbBlockReference
  2
*U61
 10
282.9289081370802
 20
4162.107046393119
 30
0.0
  0
INSERT
  5
2816
330
280D
100
AcDbEntity
  8
0
  6
ByBlock
347
ED
 62
     0
440
 16777216
370
    -2
380
     1
100
AcDbBlockReference
  2
*U61
 10
289.1149428817969
 20
4162.107046393119
 30
0.0
  0
INSERT
  5
2817
330
280D
100
AcDbEntity
  8
0
  6
ByBlock
347
ED
 62
     0
440
 16777216
370
    -2
380
     1
100
AcDbBlockReference
  2
*U61
 10
295.3009776265137
 20
4162.107046393119
 30
0.0
  0
INSERT
  5
2818
330
280D
100
AcDbEntity
  8
0
  6
ByBlock
347
ED
 62
     0
440
 16777216
370
    -2
380
     1
100
AcDbBlockReference
  2
*U61
 10
301.4870123712304
 20
4162.107046393119
 30
0.0
  0
INSERT
  5
2819
330
280D
100
AcDbEntity
  8
0
  6
ByBlock
347
ED
 62
     0
440
 16777216
370
    -2
380
     1
100
AcDbBlockReference
  2
*U61
 10
307.6730471159471
 20
4162.107046393119
 30
0.0
  0
INSERT
  5
281A
330
280D
100
AcDbEntity
  8
0
  6
ByBlock
347
ED
 62
     0
440
 16777216
370
    -2
380
     1
100
AcDbBlockReference
  2
*U61
 10
313.8590818606638
 20
4162.107046393119
 30
0.0
  0
INSERT
  5
281B
330
280D
100
AcDbEntity
  8
0
  6
ByBlock
347
ED
 62
     0
440
 16777216
370
    -2
380
     1
100
AcDbBlockReference
  2
*U61
 10
320.0451166053805
 20
4162.107046393119
 30
0.0
  0
INSERT
  5
281C
330
280D
100
AcDbEntity
  8
0
  6
ByBlock
347
ED
 62
     0
440
 16777216
370
    -2
380
     1
100
AcDbBlockReference
  2
*U61
 10
326.2311513500972
 20
4162.107046393119
 30
0.0
  0
INSERT
  5
281D
330
280D
100
AcDbEntity
  8
0
  6
ByBlock
347
ED
 62
     0
440
 16777216
370
    -2
380
     1
100
AcDbBlockReference
  2
*U61
 10
332.4171860948139
 20
4162.107046393119
 30
0.0
  0
INSERT
  5
281E
330
280D
100
AcDbEntity
  8
0
  6
ByBlock
347
ED
 62
     0
440
 16777216
370
    -2
380
     1
100
AcDbBlockReference
  2
*U61
 10
338.6032208395306
 20
4162.107046393119
 30
0.0
  0
INSERT
  5
281F
330
280D
100
AcDbEntity
  8
0
  6
ByBlock
347
ED
 62
     0
440
 16777216
370
    -2
380
     1
100
AcDbBlockReference
  2
*U61
 10
344.7892555842474
 20
4162.107046393119
 30
0.0
  0
INSERT
  5
2820
330
280D
100
AcDbEntity
  8
0
  6
ByBlock
347
ED
 62
     0
440
 16777216
370
    -2
380
     1
100
AcDbBlockReference
  2
*U61
 10
350.9752903289641
 20
4162.107046393119
 30
0.0
  0
ENDBLK
  5
2821
330
280D
100
AcDbEntity
  8
0
 62
    40
420
 16308017
100
AcDbBlockEnd
  0
BLOCK
  5
283A
330
2839
100
AcDbEntity
  8
0
 62
    40
420
 16308017
100
AcDbBlockBegin
  2
*U63
 70
     1
 10
0.0
 20
0.0
 30
0.0
  3
*U63
  1

  0
CIRCLE
  5
283B
330
2839
100
AcDbEntity
  8
0
 62
    40
420
 16308017
100
AcDbCircle
 10
0.0
 20
0.0
 30
0.0
 40
0.75
  0
ENDBLK
  5
283C
330
2839
100
AcDbEntity
  8
0
 62
    40
420
 16308017
100
AcDbBlockEnd
  0
BLOCK
  5
2840
330
283F
100
AcDbEntity
  8
0
 62
    40
420
 16308017
100
AcDbBlockBegin
  2
*U64
 70
     1
 10
0.0
 20
0.0
 30
0.0
  3
*U64
  1

  0
INSERT
  5
2841
330
283F
100
AcDbEntity
  8
0
  6
ByBlock
347
ED
 62
     0
440
 16777216
370
    -2
380
     1
100
AcDbBlockReference
  2
*U63
 10
245.8126996687799
 20
4162.107046393119
 30
0.0
  0
INSERT
  5
2842
330
283F
100
AcDbEntity
  8
0
  6
ByBlock
347
ED
 62
     0
440
 16777216
370
    -2
380
     1
100
AcDbBlockReference
  2
*U63
 10
251.9987344134967
 20
4162.107046393119
 30
0.0
  0
INSERT
  5
2843
330
283F
100
AcDbEntity
  8
0
  6
ByBlock
347
ED
 62
     0
440
 16777216
370
    -2
380
     1
100
AcDbBlockReference
  2
*U63
 10
258.1847691582134
 20
4162.107046393119
 30
0.0
  0
INSERT
  5
2844
330
283F
100
AcDbEntity
  8
0
  6
ByBlock
347
ED
 62
     0
440
 16777216
370
    -2
380
     1
100
AcDbBlockReference
  2
*U63
 10
264.3708039029301
 20
4162.107046393119
 30
0.0
  0
INSERT
  5
2845
330
283F
100
AcDbEntity
  8
0
  6
ByBlock
347
ED
 62
     0
440
 16777216
370
    -2
380
     1
100
AcDbBlockReference
  2
*U63
 10
270.5568386476468
 20
4162.107046393119
 30
0.0
  0
INSERT
  5
2846
330
283F
100
AcDbEntity
  8
0
  6
ByBlock
347
ED
 62
     0
440
 16777216
370
    -2
380
     1
100
AcDbBlockReference
  2
*U63
 10
276.7428733923635
 20
4162.107046393119
 30
0.0
  0
INSERT
  5
2847
330
283F
100
AcDbEntity
  8
0
  6
ByBlock
347
ED
 62
     0
440
 16777216
370
    -2
380
     1
100
AcDbBlockReference
  2
*U63
 10
282.9289081370802
 20
4162.107046393119
 30
0.0
  0
INSERT
  5
2848
330
283F
100
AcDbEntity
  8
0
  6
ByBlock
347
ED
 62
     0
440
 16777216
370
    -2
380
     1
100
AcDbBlockReference
  2
*U63
 10
289.1149428817969
 20
4162.107046393119
 30
0.0
  0
INSERT
  5
2849
330
283F
100
AcDbEntity
  8
0
  6
ByBlock
347
ED
 62
     0
440
 16777216
370
    -2
380
     1
100
AcDbBlockReference
  2
*U63
 10
295.3009776265137
 20
4162.107046393119
 30
0.0
  0
INSERT
  5
284A
330
283F
100
AcDbEntity
  8
0
  6
ByBlock
347
ED
 62
     0
440
 16777216
370
    -2
380
     1
100
AcDbBlockReference
  2
*U63
 10
301.4870123712304
 20
4162.107046393119
 30
0.0
  0
INSERT
  5
284B
330
283F
100
AcDbEntity
  8
0
  6
ByBlock
347
ED
 62
     0
440
 16777216
370
    -2
380
     1
100
AcDbBlockReference
  2
*U63
 10
307.6730471159471
 20
4162.107046393119
 30
0.0
  0
INSERT
  5
284C
330
283F
100
AcDbEntity
  8
0
  6
ByBlock
347
ED
 62
     0
440
 16777216
370
    -2
380
     1
100
AcDbBlockReference
  2
*U63
 10
313.8590818606638
 20
4162.107046393119
 30
0.0
  0
INSERT
  5
284D
330
283F
100
AcDbEntity
  8
0
  6
ByBlock
347
ED
 62
     0
440
 16777216
370
    -2
380
     1
100
AcDbBlockReference
  2
*U63
 10
320.0451166053805
 20
4162.107046393119
 30
0.0
  0
INSERT
  5
284E
330
283F
100
AcDbEntity
  8
0
  6
ByBlock
347
ED
 62
     0
440
 16777216
370
    -2
380
     1
100
AcDbBlockReference
  2
*U63
 10
326.2311513500972
 20
4162.107046393119
 30
0.0
  0
INSERT
  5
284F
330
283F
100
AcDbEntity
  8
0
  6
ByBlock
347
ED
 62
     0
440
 16777216
370
    -2
380
     1
100
AcDbBlockReference
  2
*U63
 10
332.4171860948139
 20
4162.107046393119
 30
0.0
  0
INSERT
  5
2850
330
283F
100
AcDbEntity
  8
0
  6
ByBlock
347
ED
 62
     0
440
 16777216
370
    -2
380
     1
100
AcDbBlockReference
  2
*U63
 10
338.6032208395306
 20
4162.107046393119
 30
0.0
  0
INSERT
  5
2851
330
283F
100
AcDbEntity
  8
0
  6
ByBlock
347
ED
 62
     0
440
 16777216
370
    -2
380
     1
100
AcDbBlockReference
  2
*U63
 10
344.7892555842474
 20
4162.107046393119
 30
0.0
  0
INSERT
  5
2852
330
283F
100
AcDbEntity
  8
0
  6
ByBlock
347
ED
 62
     0
440
 16777216
370
    -2
380
     1
100
AcDbBlockReference
  2
*U63
 10
350.9752903289641
 20
4162.107046393119
 30
0.0
  0
ENDBLK
  5
2853
330
283F
100
AcDbEntity
  8
0
 62
    40
420
 16308017
100
AcDbBlockEnd
  0
BLOCK
  5
2869
330
2868
100
AcDbEntity
  8
0
 62
    40
420
 16308017
100
AcDbBlockBegin
  2
*U65
 70
     1
 10
0.0
 20
0.0
 30
0.0
  3
*U65
  1

  0
CIRCLE
  5
286A
330
2868
100
AcDbEntity
  8
0
 62
    40
420
 16308017
100
AcDbCircle
 10
0.0
 20
0.0
 30
0.0
 40
0.75
  0
ENDBLK
  5
286B
330
2868
100
AcDbEntity
  8
0
 62
    40
420
 16308017
100
AcDbBlockEnd
  0
BLOCK
  5
286D
330
286C
100
AcDbEntity
  8
0
 62
    40
420
 16308017
100
AcDbBlockBegin
  2
*U66
 70
     1
 10
0.0
 20
0.0
 30
0.0
  3
*U66
  1

  0
INSERT
  5
286E
330
286C
100
AcDbEntity
  8
0
  6
ByBlock
347
ED
 62
     0
440
 16777216
370
    -2
380
     1
100
AcDbBlockReference
  2
*U65
 10
245.8126996687799
 20
4162.107046393119
 30
0.0
  0
INSERT
  5
286F
330
286C
100
AcDbEntity
  8
0
  6
ByBlock
347
ED
 62
     0
440
 16777216
370
    -2
380
     1
100
AcDbBlockReference
  2
*U65
 10
251.9987344134967
 20
4162.107046393119
 30
0.0
  0
INSERT
  5
2870
330
286C
100
AcDbEntity
  8
0
  6
ByBlock
347
ED
 62
     0
440
 16777216
370
    -2
380
     1
100
AcDbBlockReference
  2
*U65
 10
258.1847691582134
 20
4162.107046393119
 30
0.0
  0
INSERT
  5
2871
330
286C
100
AcDbEntity
  8
0
  6
ByBlock
347
ED
 62
     0
440
 16777216
370
    -2
380
     1
100
AcDbBlockReference
  2
*U65
 10
264.3708039029301
 20
4162.107046393119
 30
0.0
  0
INSERT
  5
2872
330
286C
100
AcDbEntity
  8
0
  6
ByBlock
347
ED
 62
     0
440
 16777216
370
    -2
380
     1
100
AcDbBlockReference
  2
*U65
 10
270.5568386476468
 20
4162.107046393119
 30
0.0
  0
INSERT
  5
2873
330
286C
100
AcDbEntity
  8
0
  6
ByBlock
347
ED
 62
     0
440
 16777216
370
    -2
380
     1
100
AcDbBlockReference
  2
*U65
 10
276.7428733923635
 20
4162.107046393119
 30
0.0
  0
INSERT
  5
2874
330
286C
100
AcDbEntity
  8
0
  6
ByBlock
347
ED
 62
     0
440
 16777216
370
    -2
380
     1
100
AcDbBlockReference
  2
*U65
 10
282.9289081370802
 20
4162.107046393119
 30
0.0
  0
INSERT
  5
2875
330
286C
100
AcDbEntity
  8
0
  6
ByBlock
347
ED
 62
     0
440
 16777216
370
    -2
380
     1
100
AcDbBlockReference
  2
*U65
 10
289.1149428817969
 20
4162.107046393119
 30
0.0
  0
INSERT
  5
2876
330
286C
100
AcDbEntity
  8
0
  6
ByBlock
347
ED
 62
     0
440
 16777216
370
    -2
380
     1
100
AcDbBlockReference
  2
*U65
 10
295.3009776265137
 20
4162.107046393119
 30
0.0
  0
INSERT
  5
2877
330
286C
100
AcDbEntity
  8
0
  6
ByBlock
347
ED
 62
     0
440
 16777216
370
    -2
380
     1
100
AcDbBlockReference
  2
*U65
 10
301.4870123712304
 20
4162.107046393119
 30
0.0
  0
INSERT
  5
2878
330
286C
100
AcDbEntity
  8
0
  6
ByBlock
347
ED
 62
     0
440
 16777216
370
    -2
380
     1
100
AcDbBlockReference
  2
*U65
 10
307.6730471159471
 20
4162.107046393119
 30
0.0
  0
INSERT
  5
2879
330
286C
100
AcDbEntity
  8
0
  6
ByBlock
347
ED
 62
     0
440
 16777216
370
    -2
380
     1
100
AcDbBlockReference
  2
*U65
 10
313.8590818606638
 20
4162.107046393119
 30
0.0
  0
INSERT
  5
287A
330
286C
100
AcDbEntity
  8
0
  6
ByBlock
347
ED
 62
     0
440
 16777216
370
    -2
380
     1
100
AcDbBlockReference
  2
*U65
 10
320.0451166053805
 20
4162.107046393119
 30
0.0
  0
INSERT
  5
287B
330
286C
100
AcDbEntity
  8
0
  6
ByBlock
347
ED
 62
     0
440
 16777216
370
    -2
380
     1
100
AcDbBlockReference
  2
*U65
 10
326.2311513500972
 20
4162.107046393119
 30
0.0
  0
INSERT
  5
287C
330
286C
100
AcDbEntity
  8
0
  6
ByBlock
347
ED
 62
     0
440
 16777216
370
    -2
380
     1
100
AcDbBlockReference
  2
*U65
 10
332.4171860948139
 20
4162.107046393119
 30
0.0
  0
INSERT
  5
287D
330
286C
100
AcDbEntity
  8
0
  6
ByBlock
347
ED
 62
     0
440
 16777216
370
    -2
380
     1
100
AcDbBlockReference
  2
*U65
 10
338.6032208395306
 20
4162.107046393119
 30
0.0
  0
INSERT
  5
287E
330
286C
100
AcDbEntity
  8
0
  6
ByBlock
347
ED
 62
     0
440
 16777216
370
    -2
380
     1
100
AcDbBlockReference
  2
*U65
 10
344.7892555842474
 20
4162.107046393119
 30
0.0
  0
INSERT
  5
287F
330
286C
100
AcDbEntity
  8
0
  6
ByBlock
347
ED
 62
     0
440
 16777216
370
    -2
380
     1
100
AcDbBlockReference
  2
*U65
 10
350.9752903289641
 20
4162.107046393119
 30
0.0
  0
ENDBLK
  5
2880
330
286C
100
AcDbEntity
  8
0
 62
    40
420
 16308017
100
AcDbBlockEnd
  0
BLOCK
  5
2899
330
2898
100
AcDbEntity
  8
0
 62
    40
420
 16308017
100
AcDbBlockBegin
  2
*U67
 70
     1
 10
0.0
 20
0.0
 30
0.0
  3
*U67
  1

  0
CIRCLE
  5
289A
330
2898
100
AcDbEntity
  8
0
 62
    40
420
 16308017
100
AcDbCircle
 10
0.0
 20
0.0
 30
0.0
 40
0.75
  0
ENDBLK
  5
289B
330
2898
100
AcDbEntity
  8
0
 62
    40
420
 16308017
100
AcDbBlockEnd
  0
BLOCK
  5
289F
330
289E
100
AcDbEntity
  8
0
 62
    40
420
 16308017
100
AcDbBlockBegin
  2
*U68
 70
     1
 10
0.0
 20
0.0
 30
0.0
  3
*U68
  1

  0
INSERT
  5
28A0
330
289E
100
AcDbEntity
  8
0
  6
ByBlock
347
ED
 62
     0
440
 16777216
370
    -2
380
     1
100
AcDbBlockReference
  2
*U67
 10
245.8126996687799
 20
4162.107046393119
 30
0.0
  0
INSERT
  5
28A1
330
289E
100
AcDbEntity
  8
0
  6
ByBlock
347
ED
 62
     0
440
 16777216
370
    -2
380
     1
100
AcDbBlockReference
  2
*U67
 10
251.9987344134967
 20
4162.107046393119
 30
0.0
  0
INSERT
  5
28A2
330
289E
100
AcDbEntity
  8
0
  6
ByBlock
347
ED
 62
     0
440
 16777216
370
    -2
380
     1
100
AcDbBlockReference
  2
*U67
 10
258.1847691582134
 20
4162.107046393119
 30
0.0
  0
INSERT
  5
28A3
330
289E
100
AcDbEntity
  8
0
  6
ByBlock
347
ED
 62
     0
440
 16777216
370
    -2
380
     1
100
AcDbBlockReference
  2
*U67
 10
264.3708039029301
 20
4162.107046393119
 30
0.0
  0
INSERT
  5
28A4
330
289E
100
AcDbEntity
  8
0
  6
ByBlock
347
ED
 62
     0
440
 16777216
370
    -2
380
     1
100
AcDbBlockReference
  2
*U67
 10
270.5568386476468
 20
4162.107046393119
 30
0.0
  0
INSERT
  5
28A5
330
289E
100
AcDbEntity
  8
0
  6
ByBlock
347
ED
 62
     0
440
 16777216
370
    -2
380
     1
100
AcDbBlockReference
  2
*U67
 10
276.7428733923635
 20
4162.107046393119
 30
0.0
  0
INSERT
  5
28A6
330
289E
100
AcDbEntity
  8
0
  6
ByBlock
347
ED
 62
     0
440
 16777216
370
    -2
380
     1
100
AcDbBlockReference
  2
*U67
 10
282.9289081370802
 20
4162.107046393119
 30
0.0
  0
INSERT
  5
28A7
330
289E
100
AcDbEntity
  8
0
  6
ByBlock
347
ED
 62
     0
440
 16777216
370
    -2
380
     1
100
AcDbBlockReference
  2
*U67
 10
289.1149428817969
 20
4162.107046393119
 30
0.0
  0
INSERT
  5
28A8
330
289E
100
AcDbEntity
  8
0
  6
ByBlock
347
ED
 62
     0
440
 16777216
370
    -2
380
     1
100
AcDbBlockReference
  2
*U67
 10
295.3009776265137
 20
4162.107046393119
 30
0.0
  0
INSERT
  5
28A9
330
289E
100
AcDbEntity
  8
0
  6
ByBlock
347
ED
 62
     0
440
 16777216
370
    -2
380
     1
100
AcDbBlockReference
  2
*U67
 10
301.4870123712304
 20
4162.107046393119
 30
0.0
  0
INSERT
  5
28AA
330
289E
100
AcDbEntity
  8
0
  6
ByBlock
347
ED
 62
     0
440
 16777216
370
    -2
380
     1
100
AcDbBlockReference
  2
*U67
 10
307.6730471159471
 20
4162.107046393119
 30
0.0
  0
INSERT
  5
28AB
330
289E
100
AcDbEntity
  8
0
  6
ByBlock
347
ED
 62
     0
440
 16777216
370
    -2
380
     1
100
AcDbBlockReference
  2
*U67
 10
313.8590818606638
 20
4162.107046393119
 30
0.0
  0
INSERT
  5
28AC
330
289E
100
AcDbEntity
  8
0
  6
ByBlock
347
ED
 62
     0
440
 16777216
370
    -2
380
     1
100
AcDbBlockReference
  2
*U67
 10
320.0451166053805
 20
4162.107046393119
 30
0.0
  0
INSERT
  5
28AD
330
289E
100
AcDbEntity
  8
0
  6
ByBlock
347
ED
 62
     0
440
 16777216
370
    -2
380
     1
100
AcDbBlockReference
  2
*U67
 10
326.2311513500972
 20
4162.107046393119
 30
0.0
  0
INSERT
  5
28AE
330
289E
100
AcDbEntity
  8
0
  6
ByBlock
347
ED
 62
     0
440
 16777216
370
    -2
380
     1
100
AcDbBlockReference
  2
*U67
 10
332.4171860948139
 20
4162.107046393119
 30
0.0
  0
INSERT
  5
28AF
330
289E
100
AcDbEntity
  8
0
  6
ByBlock
347
ED
 62
     0
440
 16777216
370
    -2
380
     1
100
AcDbBlockReference
  2
*U67
 10
338.6032208395306
 20
4162.107046393119
 30
0.0
  0
INSERT
  5
28B0
330
289E
100
AcDbEntity
  8
0
  6
ByBlock
347
ED
 62
     0
440
 16777216
370
    -2
380
     1
100
AcDbBlockReference
  2
*U67
 10
344.7892555842474
 20
4162.107046393119
 30
0.0
  0
INSERT
  5
28B1
330
289E
100
AcDbEntity
  8
0
  6
ByBlock
347
ED
 62
     0
440
 16777216
370
    -2
380
     1
100
AcDbBlockReference
  2
*U67
 10
350.9752903289641
 20
4162.107046393119
 30
0.0
  0
ENDBLK
  5
28B2
330
289E
100
AcDbEntity
  8
0
 62
    40
420
 16308017
100
AcDbBlockEnd
  0
BLOCK
  5
28BF
330
28BE
100
AcDbEntity
  8
0
 62
    40
420
 16308017
100
AcDbBlockBegin
  2
*U69
 70
     1
 10
0.0
 20
0.0
 30
0.0
  3
*U69
  1

  0
CIRCLE
  5
28C0
330
28BE
100
AcDbEntity
  8
0
 62
    40
420
 16308017
100
AcDbCircle
 10
0.0
 20
0.0
 30
0.0
 40
0.75
  0
ENDBLK
  5
28C1
330
28BE
100
AcDbEntity
  8
0
 62
    40
420
 16308017
100
AcDbBlockEnd
  0
BLOCK
  5
28C3
330
28C2
100
AcDbEntity
  8
0
 62
    40
420
 16308017
100
AcDbBlockBegin
  2
*U70
 70
     1
 10
0.0
 20
0.0
 30
0.0
  3
*U70
  1

  0
INSERT
  5
28C4
330
28C2
100
AcDbEntity
  8
0
  6
ByBlock
347
ED
 62
     0
440
 16777216
370
    -2
380
     1
100
AcDbBlockReference
  2
*U69
 10
245.8126996687799
 20
4162.107046393119
 30
0.0
  0
INSERT
  5
28C5
330
28C2
100
AcDbEntity
  8
0
  6
ByBlock
347
ED
 62
     0
440
 16777216
370
    -2
380
     1
100
AcDbBlockReference
  2
*U69
 10
251.9987344134967
 20
4162.107046393119
 30
0.0
  0
INSERT
  5
28C6
330
28C2
100
AcDbEntity
  8
0
  6
ByBlock
347
ED
 62
     0
440
 16777216
370
    -2
380
     1
100
AcDbBlockReference
  2
*U69
 10
258.1847691582134
 20
4162.107046393119
 30
0.0
  0
INSERT
  5
28C7
330
28C2
100
AcDbEntity
  8
0
  6
ByBlock
347
ED
 62
     0
440
 16777216
370
    -2
380
     1
100
AcDbBlockReference
  2
*U69
 10
264.3708039029301
 20
4162.107046393119
 30
0.0
  0
INSERT
  5
28C8
330
28C2
100
AcDbEntity
  8
0
  6
ByBlock
347
ED
 62
     0
440
 16777216
370
    -2
380
     1
100
AcDbBlockReference
  2
*U69
 10
270.5568386476468
 20
4162.107046393119
 30
0.0
  0
INSERT
  5
28C9
330
28C2
100
AcDbEntity
  8
0
  6
ByBlock
347
ED
 62
     0
440
 16777216
370
    -2
380
     1
100
AcDbBlockReference
  2
*U69
 10
276.7428733923635
 20
4162.107046393119
 30
0.0
  0
INSERT
  5
28CA
330
28C2
100
AcDbEntity
  8
0
  6
ByBlock
347
ED
 62
     0
440
 16777216
370
    -2
380
     1
100
AcDbBlockReference
  2
*U69
 10
282.9289081370802
 20
4162.107046393119
 30
0.0
  0
INSERT
  5
28CB
330
28C2
100
AcDbEntity
  8
0
  6
ByBlock
347
ED
 62
     0
440
 16777216
370
    -2
380
     1
100
AcDbBlockReference
  2
*U69
 10
289.1149428817969
 20
4162.107046393119
 30
0.0
  0
INSERT
  5
28CC
330
28C2
100
AcDbEntity
  8
0
  6
ByBlock
347
ED
 62
     0
440
 16777216
370
    -2
380
     1
100
AcDbBlockReference
  2
*U69
 10
295.3009776265137
 20
4162.107046393119
 30
0.0
  0
INSERT
  5
28CD
330
28C2
100
AcDbEntity
  8
0
  6
ByBlock
347
ED
 62
     0
440
 16777216
370
    -2
380
     1
100
AcDbBlockReference
  2
*U69
 10
301.4870123712304
 20
4162.107046393119
 30
0.0
  0
INSERT
  5
28CE
330
28C2
100
AcDbEntity
  8
0
  6
ByBlock
347
ED
 62
     0
440
 16777216
370
    -2
380
     1
100
AcDbBlockReference
  2
*U69
 10
307.6730471159471
 20
4162.107046393119
 30
0.0
  0
INSERT
  5
28CF
330
28C2
100
AcDbEntity
  8
0
  6
ByBlock
347
ED
 62
     0
440
 16777216
370
    -2
380
     1
100
AcDbBlockReference
  2
*U69
 10
313.8590818606638
 20
4162.107046393119
 30
0.0
  0
INSERT
  5
28D0
330
28C2
100
AcDbEntity
  8
0
  6
ByBlock
347
ED
 62
     0
440
 16777216
370
    -2
380
     1
100
AcDbBlockReference
  2
*U69
 10
320.0451166053805
 20
4162.107046393119
 30
0.0
  0
INSERT
  5
28D1
330
28C2
100
AcDbEntity
  8
0
  6
ByBlock
347
ED
 62
     0
440
 16777216
370
    -2
380
     1
100
AcDbBlockReference
  2
*U69
 10
326.2311513500972
 20
4162.107046393119
 30
0.0
  0
INSERT
  5
28D2
330
28C2
100
AcDbEntity
  8
0
  6
ByBlock
347
ED
 62
     0
440
 16777216
370
    -2
380
     1
100
AcDbBlockReference
  2
*U69
 10
332.4171860948139
 20
4162.107046393119
 30
0.0
  0
INSERT
  5
28D3
330
28C2
100
AcDbEntity
  8
0
  6
ByBlock
347
ED
 62
     0
440
 16777216
370
    -2
380
     1
100
AcDbBlockReference
  2
*U69
 10
338.6032208395306
 20
4162.107046393119
 30
0.0
  0
INSERT
  5
28D4
330
28C2
100
AcDbEntity
  8
0
  6
ByBlock
347
ED
 62
     0
440
 16777216
370
    -2
380
     1
100
AcDbBlockReference
  2
*U69
 10
344.7892555842474
 20
4162.107046393119
 30
0.0
  0
INSERT
  5
28D5
330
28C2
100
AcDbEntity
  8
0
  6
ByBlock
347
ED
 62
     0
440
 16777216
370
    -2
380
     1
100
AcDbBlockReference
  2
*U69
 10
350.9752903289641
 20
4162.107046393119
 30
0.0
  0
ENDBLK
  5
28D6
330
28C2
100
AcDbEntity
  8
0
 62
    40
420
 16308017
100
AcDbBlockEnd
  0
BLOCK
  5
28EF
330
28EE
100
AcDbEntity
  8
0
 62
    40
420
 16308017
100
AcDbBlockBegin
  2
*U71
 70
     1
 10
0.0
 20
0.0
 30
0.0
  3
*U71
  1

  0
INSERT
  5
28F0
330
28EE
100
AcDbEntity
  8
0
  6
ByBlock
347
ED
 62
     0
440
 16777216
370
    -2
380
     1
100
AcDbBlockReference
  2
*U72
 10
245.8126996687799
 20
4162.107046393119
 30
0.0
  0
INSERT
  5
28F1
330
28EE
100
AcDbEntity
  8
0
  6
ByBlock
347
ED
 62
     0
440
 16777216
370
    -2
380
     1
100
AcDbBlockReference
  2
*U72
 10
251.9987344134967
 20
4162.107046393119
 30
0.0
  0
INSERT
  5
28F2
330
28EE
100
AcDbEntity
  8
0
  6
ByBlock
347
ED
 62
     0
440
 16777216
370
    -2
380
     1
100
AcDbBlockReference
  2
*U72
 10
258.1847691582134
 20
4162.107046393119
 30
0.0
  0
INSERT
  5
28F3
330
28EE
100
AcDbEntity
  8
0
  6
ByBlock
347
ED
 62
     0
440
 16777216
370
    -2
380
     1
100
AcDbBlockReference
  2
*U72
 10
264.3708039029301
 20
4162.107046393119
 30
0.0
  0
INSERT
  5
28F4
330
28EE
100
AcDbEntity
  8
0
  6
ByBlock
347
ED
 62
     0
440
 16777216
370
    -2
380
     1
100
AcDbBlockReference
  2
*U72
 10
270.5568386476468
 20
4162.107046393119
 30
0.0
  0
INSERT
  5
28F5
330
28EE
100
AcDbEntity
  8
0
  6
ByBlock
347
ED
 62
     0
440
 16777216
370
    -2
380
     1
100
AcDbBlockReference
  2
*U72
 10
276.7428733923635
 20
4162.107046393119
 30
0.0
  0
INSERT
  5
28F6
330
28EE
100
AcDbEntity
  8
0
  6
ByBlock
347
ED
 62
     0
440
 16777216
370
    -2
380
     1
100
AcDbBlockReference
  2
*U72
 10
282.9289081370802
 20
4162.107046393119
 30
0.0
  0
INSERT
  5
28F7
330
28EE
100
AcDbEntity
  8
0
  6
ByBlock
347
ED
 62
     0
440
 16777216
370
    -2
380
     1
100
AcDbBlockReference
  2
*U72
 10
289.1149428817969
 20
4162.107046393119
 30
0.0
  0
INSERT
  5
28F8
330
28EE
100
AcDbEntity
  8
0
  6
ByBlock
347
ED
 62
     0
440
 16777216
370
    -2
380
     1
100
AcDbBlockReference
  2
*U72
 10
295.3009776265137
 20
4162.107046393119
 30
0.0
  0
INSERT
  5
28F9
330
28EE
100
AcDbEntity
  8
0
  6
ByBlock
347
ED
 62
     0
440
 16777216
370
    -2
380
     1
100
AcDbBlockReference
  2
*U72
 10
301.4870123712304
 20
4162.107046393119
 30
0.0
  0
INSERT
  5
28FA
330
28EE
100
AcDbEntity
  8
0
  6
ByBlock
347
ED
 62
     0
440
 16777216
370
    -2
380
     1
100
AcDbBlockReference
  2
*U72
 10
307.6730471159471
 20
4162.107046393119
 30
0.0
  0
INSERT
  5
28FB
330
28EE
100
AcDbEntity
  8
0
  6
ByBlock
347
ED
 62
     0
440
 16777216
370
    -2
380
     1
100
AcDbBlockReference
  2
*U72
 10
313.8590818606638
 20
4162.107046393119
 30
0.0
  0
INSERT
  5
28FC
330
28EE
100
AcDbEntity
  8
0
  6
ByBlock
347
ED
 62
     0
440
 16777216
370
    -2
380
     1
100
AcDbBlockReference
  2
*U72
 10
320.0451166053805
 20
4162.107046393119
 30
0.0
  0
INSERT
  5
28FD
330
28EE
100
AcDbEntity
  8
0
  6
ByBlock
347
ED
 62
     0
440
 16777216
370
    -2
380
     1
100
AcDbBlockReference
  2
*U72
 10
326.2311513500972
 20
4162.107046393119
 30
0.0
  0
INSERT
  5
28FE
330
28EE
100
AcDbEntity
  8
0
  6
ByBlock
347
ED
 62
     0
440
 16777216
370
    -2
380
     1
100
AcDbBlockReference
  2
*U72
 10
332.4171860948139
 20
4162.107046393119
 30
0.0
  0
INSERT
  5
28FF
330
28EE
100
AcDbEntity
  8
0
  6
ByBlock
347
ED
 62
     0
440
 16777216
370
    -2
380
     1
100
AcDbBlockReference
  2
*U72
 10
338.6032208395306
 20
4162.107046393119
 30
0.0
  0
INSERT
  5
2900
330
28EE
100
AcDbEntity
  8
0
  6
ByBlock
347
ED
 62
     0
440
 16777216
370
    -2
380
     1
100
AcDbBlockReference
  2
*U72
 10
344.7892555842474
 20
4162.107046393119
 30
0.0
  0
INSERT
  5
2901
330
28EE
100
AcDbEntity
  8
0
  6
ByBlock
347
ED
 62
     0
440
 16777216
370
    -2
380
     1
100
AcDbBlockReference
  2
*U72
 10
350.9752903289641
 20
4162.107046393119
 30
0.0
  0
ENDBLK
  5
2902
330
28EE
100
AcDbEntity
  8
0
 62
    40
420
 16308017
100
AcDbBlockEnd
  0
BLOCK
  5
290F
330
290E
100
AcDbEntity
  8
0
 62
    40
420
 16308017
100
AcDbBlockBegin
  2
*U72
 70
     1
 10
0.0
 20
0.0
 30
0.0
  3
*U72
  1

  0
CIRCLE
  5
2910
330
290E
100
AcDbEntity
  8
0
 62
    40
420
 16308017
100
AcDbCircle
 10
0.0
 20
0.0
 30
0.0
 40
0.75
  0
ENDBLK
  5
2911
330
290E
100
AcDbEntity
  8
0
 62
    40
420
 16308017
100
AcDbBlockEnd
  0
BLOCK
  5
2915
330
2914
100
AcDbEntity
  8
0
 62
    40
420
 16308017
100
AcDbBlockBegin
  2
*U73
 70
     1
 10
0.0
 20
0.0
 30
0.0
  3
*U73
  1

  0
CIRCLE
  5
2916
330
2914
100
AcDbEntity
  8
0
 62
    40
420
 16308017
100
AcDbCircle
 10
0.0
 20
0.0
 30
0.0
 40
0.75
  0
ENDBLK
  5
2917
330
2914
100
AcDbEntity
  8
0
 62
    40
420
 16308017
100
AcDbBlockEnd
  0
BLOCK
  5
2919
330
2918
100
AcDbEntity
  8
0
 62
    40
420
 16308017
100
AcDbBlockBegin
  2
*U74
 70
     1
 10
0.0
 20
0.0
 30
0.0
  3
*U74
  1

  0
INSERT
  5
291A
330
2918
100
AcDbEntity
  8
0
  6
ByBlock
347
ED
 62
     0
440
 16777216
370
    -2
380
     1
100
AcDbBlockReference
  2
*U73
 10
245.8126996687799
 20
4162.107046393119
 30
0.0
  0
INSERT
  5
291B
330
2918
100
AcDbEntity
  8
0
  6
ByBlock
347
ED
 62
     0
440
 16777216
370
    -2
380
     1
100
AcDbBlockReference
  2
*U73
 10
251.9987344134967
 20
4162.107046393119
 30
0.0
  0
INSERT
  5
291C
330
2918
100
AcDbEntity
  8
0
  6
ByBlock
347
ED
 62
     0
440
 16777216
370
    -2
380
     1
100
AcDbBlockReference
  2
*U73
 10
258.1847691582134
 20
4162.107046393119
 30
0.0
  0
INSERT
  5
291D
330
2918
100
AcDbEntity
  8
0
  6
ByBlock
347
ED
 62
     0
440
 16777216
370
    -2
380
     1
100
AcDbBlockReference
  2
*U73
 10
264.3708039029301
 20
4162.107046393119
 30
0.0
  0
INSERT
  5
291E
330
2918
100
AcDbEntity
  8
0
  6
ByBlock
347
ED
 62
     0
440
 16777216
370
    -2
380
     1
100
AcDbBlockReference
  2
*U73
 10
270.5568386476468
 20
4162.107046393119
 30
0.0
  0
INSERT
  5
291F
330
2918
100
AcDbEntity
  8
0
  6
ByBlock
347
ED
 62
     0
440
 16777216
370
    -2
380
     1
100
AcDbBlockReference
  2
*U73
 10
276.7428733923635
 20
4162.107046393119
 30
0.0
  0
INSERT
  5
2920
330
2918
100
AcDbEntity
  8
0
  6
ByBlock
347
ED
 62
     0
440
 16777216
370
    -2
380
     1
100
AcDbBlockReference
  2
*U73
 10
282.9289081370802
 20
4162.107046393119
 30
0.0
  0
INSERT
  5
2921
330
2918
100
AcDbEntity
  8
0
  6
ByBlock
347
ED
 62
     0
440
 16777216
370
    -2
380
     1
100
AcDbBlockReference
  2
*U73
 10
289.1149428817969
 20
4162.107046393119
 30
0.0
  0
INSERT
  5
2922
330
2918
100
AcDbEntity
  8
0
  6
ByBlock
347
ED
 62
     0
440
 16777216
370
    -2
380
     1
100
AcDbBlockReference
  2
*U73
 10
295.3009776265137
 20
4162.107046393119
 30
0.0
  0
INSERT
  5
2923
330
2918
100
AcDbEntity
  8
0
  6
ByBlock
347
ED
 62
     0
440
 16777216
370
    -2
380
     1
100
AcDbBlockReference
  2
*U73
 10
301.4870123712304
 20
4162.107046393119
 30
0.0
  0
INSERT
  5
2924
330
2918
100
AcDbEntity
  8
0
  6
ByBlock
347
ED
 62
     0
440
 16777216
370
    -2
380
     1
100
AcDbBlockReference
  2
*U73
 10
307.6730471159471
 20
4162.107046393119
 30
0.0
  0
INSERT
  5
2925
330
2918
100
AcDbEntity
  8
0
  6
ByBlock
347
ED
 62
     0
440
 16777216
370
    -2
380
     1
100
AcDbBlockReference
  2
*U73
 10
313.8590818606638
 20
4162.107046393119
 30
0.0
  0
INSERT
  5
2926
330
2918
100
AcDbEntity
  8
0
  6
ByBlock
347
ED
 62
     0
440
 16777216
370
    -2
380
     1
100
AcDbBlockReference
  2
*U73
 10
320.0451166053805
 20
4162.107046393119
 30
0.0
  0
INSERT
  5
2927
330
2918
100
AcDbEntity
  8
0
  6
ByBlock
347
ED
 62
     0
440
 16777216
370
    -2
380
     1
100
AcDbBlockReference
  2
*U73
 10
326.2311513500972
 20
4162.107046393119
 30
0.0
  0
INSERT
  5
2928
330
2918
100
AcDbEntity
  8
0
  6
ByBlock
347
ED
 62
     0
440
 16777216
370
    -2
380
     1
100
AcDbBlockReference
  2
*U73
 10
332.4171860948139
 20
4162.107046393119
 30
0.0
  0
INSERT
  5
2929
330
2918
100
AcDbEntity
  8
0
  6
ByBlock
347
ED
 62
     0
440
 16777216
370
    -2
380
     1
100
AcDbBlockReference
  2
*U73
 10
338.6032208395306
 20
4162.107046393119
 30
0.0
  0
INSERT
  5
292A
330
2918
100
AcDbEntity
  8
0
  6
ByBlock
347
ED
 62
     0
440
 16777216
370
    -2
380
     1
100
AcDbBlockReference
  2
*U73
 10
344.7892555842474
 20
4162.107046393119
 30
0.0
  0
INSERT
  5
292B
330
2918
100
AcDbEntity
  8
0
  6
ByBlock
347
ED
 62
     0
440
 16777216
370
    -2
380
     1
100
AcDbBlockReference
  2
*U73
 10
350.9752903289641
 20
4162.107046393119
 30
0.0
  0
ENDBLK
  5
292C
330
2918
100
AcDbEntity
  8
0
 62
    40
420
 16308017
100
AcDbBlockEnd
  0
BLOCK
  5
2945
330
2944
100
AcDbEntity
  8
0
 62
    40
420
 16308017
100
AcDbBlockBegin
  2
*U75
 70
     1
 10
0.0
 20
0.0
 30
0.0
  3
*U75
  1

  0
CIRCLE
  5
2946
330
2944
100
AcDbEntity
  8
0
 62
    40
420
 16308017
100
AcDbCircle
 10
0.0
 20
0.0
 30
0.0
 40
0.75
  0
ENDBLK
  5
2947
330
2944
100
AcDbEntity
  8
0
 62
    40
420
 16308017
100
AcDbBlockEnd
  0
BLOCK
  5
294B
330
294A
100
AcDbEntity
  8
0
 62
    40
420
 16308017
100
AcDbBlockBegin
  2
*U76
 70
     1
 10
0.0
 20
0.0
 30
0.0
  3
*U76
  1

  0
INSERT
  5
294C
330
294A
100
AcDbEntity
  8
0
  6
ByBlock
347
ED
 62
     0
440
 16777216
370
    -2
380
     1
100
AcDbBlockReference
  2
*U75
 10
245.8126996687799
 20
4162.107046393119
 30
0.0
  0
INSERT
  5
294D
330
294A
100
AcDbEntity
  8
0
  6
ByBlock
347
ED
 62
     0
440
 16777216
370
    -2
380
     1
100
AcDbBlockReference
  2
*U75
 10
251.9987344134967
 20
4162.107046393119
 30
0.0
  0
INSERT
  5
294E
330
294A
100
AcDbEntity
  8
0
  6
ByBlock
347
ED
 62
     0
440
 16777216
370
    -2
380
     1
100
AcDbBlockReference
  2
*U75
 10
258.1847691582134
 20
4162.107046393119
 30
0.0
  0
INSERT
  5
294F
330
294A
100
AcDbEntity
  8
0
  6
ByBlock
347
ED
 62
     0
440
 16777216
370
    -2
380
     1
100
AcDbBlockReference
  2
*U75
 10
264.3708039029301
 20
4162.107046393119
 30
0.0
  0
INSERT
  5
2950
330
294A
100
AcDbEntity
  8
0
  6
ByBlock
347
ED
 62
     0
440
 16777216
370
    -2
380
     1
100
AcDbBlockReference
  2
*U75
 10
270.5568386476468
 20
4162.107046393119
 30
0.0
  0
INSERT
  5
2951
330
294A
100
AcDbEntity
  8
0
  6
ByBlock
347
ED
 62
     0
440
 16777216
370
    -2
380
     1
100
AcDbBlockReference
  2
*U75
 10
276.7428733923635
 20
4162.107046393119
 30
0.0
  0
INSERT
  5
2952
330
294A
100
AcDbEntity
  8
0
  6
ByBlock
347
ED
 62
     0
440
 16777216
370
    -2
380
     1
100
AcDbBlockReference
  2
*U75
 10
282.9289081370802
 20
4162.107046393119
 30
0.0
  0
INSERT
  5
2953
330
294A
100
AcDbEntity
  8
0
  6
ByBlock
347
ED
 62
     0
440
 16777216
370
    -2
380
     1
100
AcDbBlockReference
  2
*U75
 10
289.1149428817969
 20
4162.107046393119
 30
0.0
  0
INSERT
  5
2954
330
294A
100
AcDbEntity
  8
0
  6
ByBlock
347
ED
 62
     0
440
 16777216
370
    -2
380
     1
100
AcDbBlockReference
  2
*U75
 10
295.3009776265137
 20
4162.107046393119
 30
0.0
  0
INSERT
  5
2955
330
294A
100
AcDbEntity
  8
0
  6
ByBlock
347
ED
 62
     0
440
 16777216
370
    -2
380
     1
100
AcDbBlockReference
  2
*U75
 10
301.4870123712304
 20
4162.107046393119
 30
0.0
  0
INSERT
  5
2956
330
294A
100
AcDbEntity
  8
0
  6
ByBlock
347
ED
 62
     0
440
 16777216
370
    -2
380
     1
100
AcDbBlockReference
  2
*U75
 10
307.6730471159471
 20
4162.107046393119
 30
0.0
  0
INSERT
  5
2957
330
294A
100
AcDbEntity
  8
0
  6
ByBlock
347
ED
 62
     0
440
 16777216
370
    -2
380
     1
100
AcDbBlockReference
  2
*U75
 10
313.8590818606638
 20
4162.107046393119
 30
0.0
  0
INSERT
  5
2958
330
294A
100
AcDbEntity
  8
0
  6
ByBlock
347
ED
 62
     0
440
 16777216
370
    -2
380
     1
100
AcDbBlockReference
  2
*U75
 10
320.0451166053805
 20
4162.107046393119
 30
0.0
  0
INSERT
  5
2959
330
294A
100
AcDbEntity
  8
0
  6
ByBlock
347
ED
 62
     0
440
 16777216
370
    -2
380
     1
100
AcDbBlockReference
  2
*U75
 10
326.2311513500972
 20
4162.107046393119
 30
0.0
  0
INSERT
  5
295A
330
294A
100
AcDbEntity
  8
0
  6
ByBlock
347
ED
 62
     0
440
 16777216
370
    -2
380
     1
100
AcDbBlockReference
  2
*U75
 10
332.4171860948139
 20
4162.107046393119
 30
0.0
  0
INSERT
  5
295B
330
294A
100
AcDbEntity
  8
0
  6
ByBlock
347
ED
 62
     0
440
 16777216
370
    -2
380
     1
100
AcDbBlockReference
  2
*U75
 10
338.6032208395306
 20
4162.107046393119
 30
0.0
  0
INSERT
  5
295C
330
294A
100
AcDbEntity
  8
0
  6
ByBlock
347
ED
 62
     0
440
 16777216
370
    -2
380
     1
100
AcDbBlockReference
  2
*U75
 10
344.7892555842474
 20
4162.107046393119
 30
0.0
  0
INSERT
  5
295D
330
294A
100
AcDbEntity
  8
0
  6
ByBlock
347
ED
 62
     0
440
 16777216
370
    -2
380
     1
100
AcDbBlockReference
  2
*U75
 10
350.9752903289641
 20
4162.107046393119
 30
0.0
  0
ENDBLK
  5
295E
330
294A
100
AcDbEntity
  8
0
 62
    40
420
 16308017
100
AcDbBlockEnd
  0
BLOCK
  5
296B
330
296A
100
AcDbEntity
  8
0
 62
    40
420
 16308017
100
AcDbBlockBegin
  2
*U77
 70
     1
 10
0.0
 20
0.0
 30
0.0
  3
*U77
  1

  0
CIRCLE
  5
296C
330
296A
100
AcDbEntity
  8
0
 62
    40
420
 16308017
100
AcDbCircle
 10
0.0
 20
0.0
 30
0.0
 40
0.75
  0
ENDBLK
  5
296D
330
296A
100
AcDbEntity
  8
0
 62
    40
420
 16308017
100
AcDbBlockEnd
  0
BLOCK
  5
296F
330
296E
100
AcDbEntity
  8
0
 62
    40
420
 16308017
100
AcDbBlockBegin
  2
*U78
 70
     1
 10
0.0
 20
0.0
 30
0.0
  3
*U78
  1

  0
INSERT
  5
2970
330
296E
100
AcDbEntity
  8
0
  6
ByBlock
347
ED
 62
     0
440
 16777216
370
    -2
380
     1
100
AcDbBlockReference
  2
*U77
 10
245.8126996687799
 20
4162.107046393119
 30
0.0
  0
INSERT
  5
2971
330
296E
100
AcDbEntity
  8
0
  6
ByBlock
347
ED
 62
     0
440
 16777216
370
    -2
380
     1
100
AcDbBlockReference
  2
*U77
 10
251.9987344134967
 20
4162.107046393119
 30
0.0
  0
INSERT
  5
2972
330
296E
100
AcDbEntity
  8
0
  6
ByBlock
347
ED
 62
     0
440
 16777216
370
    -2
380
     1
100
AcDbBlockReference
  2
*U77
 10
258.1847691582134
 20
4162.107046393119
 30
0.0
  0
INSERT
  5
2973
330
296E
100
AcDbEntity
  8
0
  6
ByBlock
347
ED
 62
     0
440
 16777216
370
    -2
380
     1
100
AcDbBlockReference
  2
*U77
 10
264.3708039029301
 20
4162.107046393119
 30
0.0
  0
INSERT
  5
2974
330
296E
100
AcDbEntity
  8
0
  6
ByBlock
347
ED
 62
     0
440
 16777216
370
    -2
380
     1
100
AcDbBlockReference
  2
*U77
 10
270.5568386476468
 20
4162.107046393119
 30
0.0
  0
INSERT
  5
2975
330
296E
100
AcDbEntity
  8
0
  6
ByBlock
347
ED
 62
     0
440
 16777216
370
    -2
380
     1
100
AcDbBlockReference
  2
*U77
 10
276.7428733923635
 20
4162.107046393119
 30
0.0
  0
INSERT
  5
2976
330
296E
100
AcDbEntity
  8
0
  6
ByBlock
347
ED
 62
     0
440
 16777216
370
    -2
380
     1
100
AcDbBlockReference
  2
*U77
 10
282.9289081370802
 20
4162.107046393119
 30
0.0
  0
INSERT
  5
2977
330
296E
100
AcDbEntity
  8
0
  6
ByBlock
347
ED
 62
     0
440
 16777216
370
    -2
380
     1
100
AcDbBlockReference
  2
*U77
 10
289.1149428817969
 20
4162.107046393119
 30
0.0
  0
INSERT
  5
2978
330
296E
100
AcDbEntity
  8
0
  6
ByBlock
347
ED
 62
     0
440
 16777216
370
    -2
380
     1
100
AcDbBlockReference
  2
*U77
 10
295.3009776265137
 20
4162.107046393119
 30
0.0
  0
INSERT
  5
2979
330
296E
100
AcDbEntity
  8
0
  6
ByBlock
347
ED
 62
     0
440
 16777216
370
    -2
380
     1
100
AcDbBlockReference
  2
*U77
 10
301.4870123712304
 20
4162.107046393119
 30
0.0
  0
INSERT
  5
297A
330
296E
100
AcDbEntity
  8
0
  6
ByBlock
347
ED
 62
     0
440
 16777216
370
    -2
380
     1
100
AcDbBlockReference
  2
*U77
 10
307.6730471159471
 20
4162.107046393119
 30
0.0
  0
INSERT
  5
297B
330
296E
100
AcDbEntity
  8
0
  6
ByBlock
347
ED
 62
     0
440
 16777216
370
    -2
380
     1
100
AcDbBlockReference
  2
*U77
 10
313.8590818606638
 20
4162.107046393119
 30
0.0
  0
INSERT
  5
297C
330
296E
100
AcDbEntity
  8
0
  6
ByBlock
347
ED
 62
     0
440
 16777216
370
    -2
380
     1
100
AcDbBlockReference
  2
*U77
 10
320.0451166053805
 20
4162.107046393119
 30
0.0
  0
INSERT
  5
297D
330
296E
100
AcDbEntity
  8
0
  6
ByBlock
347
ED
 62
     0
440
 16777216
370
    -2
380
     1
100
AcDbBlockReference
  2
*U77
 10
326.2311513500972
 20
4162.107046393119
 30
0.0
  0
INSERT
  5
297E
330
296E
100
AcDbEntity
  8
0
  6
ByBlock
347
ED
 62
     0
440
 16777216
370
    -2
380
     1
100
AcDbBlockReference
  2
*U77
 10
332.4171860948139
 20
4162.107046393119
 30
0.0
  0
INSERT
  5
297F
330
296E
100
AcDbEntity
  8
0
  6
ByBlock
347
ED
 62
     0
440
 16777216
370
    -2
380
     1
100
AcDbBlockReference
  2
*U77
 10
338.6032208395306
 20
4162.107046393119
 30
0.0
  0
INSERT
  5
2980
330
296E
100
AcDbEntity
  8
0
  6
ByBlock
347
ED
 62
     0
440
 16777216
370
    -2
380
     1
100
AcDbBlockReference
  2
*U77
 10
344.7892555842474
 20
4162.107046393119
 30
0.0
  0
INSERT
  5
2981
330
296E
100
AcDbEntity
  8
0
  6
ByBlock
347
ED
 62
     0
440
 16777216
370
    -2
380
     1
100
AcDbBlockReference
  2
*U77
 10
350.9752903289641
 20
4162.107046393119
 30
0.0
  0
ENDBLK
  5
2982
330
296E
100
AcDbEntity
  8
0
 62
    40
420
 16308017
100
AcDbBlockEnd
  0
BLOCK
  5
299B
330
299A
100
AcDbEntity
  8
0
 62
    40
420
 16308017
100
AcDbBlockBegin
  2
*U79
 70
     1
 10
0.0
 20
0.0
 30
0.0
  3
*U79
  1

  0
CIRCLE
  5
299C
330
299A
100
AcDbEntity
  8
0
 62
    40
420
 16308017
100
AcDbCircle
 10
0.0
 20
0.0
 30
0.0
 40
0.75
  0
ENDBLK
  5
299D
330
299A
100
AcDbEntity
  8
0
 62
    40
420
 16308017
100
AcDbBlockEnd
  0
BLOCK
  5
29A1
330
29A0
100
AcDbEntity
  8
0
 62
    40
420
 16308017
100
AcDbBlockBegin
  2
*U80
 70
     1
 10
0.0
 20
0.0
 30
0.0
  3
*U80
  1

  0
INSERT
  5
29A2
330
29A0
100
AcDbEntity
  8
0
  6
ByBlock
347
ED
 62
     0
440
 16777216
370
    -2
380
     1
100
AcDbBlockReference
  2
*U79
 10
245.8126996687799
 20
4162.107046393119
 30
0.0
  0
INSERT
  5
29A3
330
29A0
100
AcDbEntity
  8
0
  6
ByBlock
347
ED
 62
     0
440
 16777216
370
    -2
380
     1
100
AcDbBlockReference
  2
*U79
 10
251.9987344134967
 20
4162.107046393119
 30
0.0
  0
INSERT
  5
29A4
330
29A0
100
AcDbEntity
  8
0
  6
ByBlock
347
ED
 62
     0
440
 16777216
370
    -2
380
     1
100
AcDbBlockReference
  2
*U79
 10
258.1847691582134
 20
4162.107046393119
 30
0.0
  0
INSERT
  5
29A5
330
29A0
100
AcDbEntity
  8
0
  6
ByBlock
347
ED
 62
     0
440
 16777216
370
    -2
380
     1
100
AcDbBlockReference
  2
*U79
 10
264.3708039029301
 20
4162.107046393119
 30
0.0
  0
INSERT
  5
29A6
330
29A0
100
AcDbEntity
  8
0
  6
ByBlock
347
ED
 62
     0
440
 16777216
370
    -2
380
     1
100
AcDbBlockReference
  2
*U79
 10
270.5568386476468
 20
4162.107046393119
 30
0.0
  0
INSERT
  5
29A7
330
29A0
100
AcDbEntity
  8
0
  6
ByBlock
347
ED
 62
     0
440
 16777216
370
    -2
380
     1
100
AcDbBlockReference
  2
*U79
 10
276.7428733923635
 20
4162.107046393119
 30
0.0
  0
INSERT
  5
29A8
330
29A0
100
AcDbEntity
  8
0
  6
ByBlock
347
ED
 62
     0
440
 16777216
370
    -2
380
     1
100
AcDbBlockReference
  2
*U79
 10
282.9289081370802
 20
4162.107046393119
 30
0.0
  0
INSERT
  5
29A9
330
29A0
100
AcDbEntity
  8
0
  6
ByBlock
347
ED
 62
     0
440
 16777216
370
    -2
380
     1
100
AcDbBlockReference
  2
*U79
 10
289.1149428817969
 20
4162.107046393119
 30
0.0
  0
INSERT
  5
29AA
330
29A0
100
AcDbEntity
  8
0
  6
ByBlock
347
ED
 62
     0
440
 16777216
370
    -2
380
     1
100
AcDbBlockReference
  2
*U79
 10
295.3009776265137
 20
4162.107046393119
 30
0.0
  0
INSERT
  5
29AB
330
29A0
100
AcDbEntity
  8
0
  6
ByBlock
347
ED
 62
     0
440
 16777216
370
    -2
380
     1
100
AcDbBlockReference
  2
*U79
 10
301.4870123712304
 20
4162.107046393119
 30
0.0
  0
INSERT
  5
29AC
330
29A0
100
AcDbEntity
  8
0
  6
ByBlock
347
ED
 62
     0
440
 16777216
370
    -2
380
     1
100
AcDbBlockReference
  2
*U79
 10
307.6730471159471
 20
4162.107046393119
 30
0.0
  0
INSERT
  5
29AD
330
29A0
100
AcDbEntity
  8
0
  6
ByBlock
347
ED
 62
     0
440
 16777216
370
    -2
380
     1
100
AcDbBlockReference
  2
*U79
 10
313.8590818606638
 20
4162.107046393119
 30
0.0
  0
INSERT
  5
29AE
330
29A0
100
AcDbEntity
  8
0
  6
ByBlock
347
ED
 62
     0
440
 16777216
370
    -2
380
     1
100
AcDbBlockReference
  2
*U79
 10
320.0451166053805
 20
4162.107046393119
 30
0.0
  0
INSERT
  5
29AF
330
29A0
100
AcDbEntity
  8
0
  6
ByBlock
347
ED
 62
     0
440
 16777216
370
    -2
380
     1
100
AcDbBlockReference
  2
*U79
 10
326.2311513500972
 20
4162.107046393119
 30
0.0
  0
INSERT
  5
29B0
330
29A0
100
AcDbEntity
  8
0
  6
ByBlock
347
ED
 62
     0
440
 16777216
370
    -2
380
     1
100
AcDbBlockReference
  2
*U79
 10
332.4171860948139
 20
4162.107046393119
 30
0.0
  0
INSERT
  5
29B1
330
29A0
100
AcDbEntity
  8
0
  6
ByBlock
347
ED
 62
     0
440
 16777216
370
    -2
380
     1
100
AcDbBlockReference
  2
*U79
 10
338.6032208395306
 20
4162.107046393119
 30
0.0
  0
INSERT
  5
29B2
330
29A0
100
AcDbEntity
  8
0
  6
ByBlock
347
ED
 62
     0
440
 16777216
370
    -2
380
     1
100
AcDbBlockReference
  2
*U79
 10
344.7892555842474
 20
4162.107046393119
 30
0.0
  0
INSERT
  5
29B3
330
29A0
100
AcDbEntity
  8
0
  6
ByBlock
347
ED
 62
     0
440
 16777216
370
    -2
380
     1
100
AcDbBlockReference
  2
*U79
 10
350.9752903289641
 20
4162.107046393119
 30
0.0
  0
ENDBLK
  5
29B4
330
29A0
100
AcDbEntity
  8
0
 62
    40
420
 16308017
100
AcDbBlockEnd
  0
BLOCK
  5
29C1
330
29C0
100
AcDbEntity
  8
0
 62
    40
420
 16308017
100
AcDbBlockBegin
  2
*U81
 70
     1
 10
0.0
 20
0.0
 30
0.0
  3
*U81
  1

  0
CIRCLE
  5
29C2
330
29C0
100
AcDbEntity
  8
0
 62
    40
420
 16308017
100
AcDbCircle
 10
0.0
 20
0.0
 30
0.0
 40
0.75
  0
ENDBLK
  5
29C3
330
29C0
100
AcDbEntity
  8
0
 62
    40
420
 16308017
100
AcDbBlockEnd
  0
BLOCK
  5
29C5
330
29C4
100
AcDbEntity
  8
0
 62
    40
420
 16308017
100
AcDbBlockBegin
  2
*U82
 70
     1
 10
0.0
 20
0.0
 30
0.0
  3
*U82
  1

  0
INSERT
  5
29C6
330
29C4
100
AcDbEntity
  8
0
  6
ByBlock
347
ED
 62
     0
440
 16777216
370
    -2
380
     1
100
AcDbBlockReference
  2
*U81
 10
245.8126996687799
 20
4162.107046393119
 30
0.0
  0
INSERT
  5
29C7
330
29C4
100
AcDbEntity
  8
0
  6
ByBlock
347
ED
 62
     0
440
 16777216
370
    -2
380
     1
100
AcDbBlockReference
  2
*U81
 10
251.9987344134967
 20
4162.107046393119
 30
0.0
  0
INSERT
  5
29C8
330
29C4
100
AcDbEntity
  8
0
  6
ByBlock
347
ED
 62
     0
440
 16777216
370
    -2
380
     1
100
AcDbBlockReference
  2
*U81
 10
258.1847691582134
 20
4162.107046393119
 30
0.0
  0
INSERT
  5
29C9
330
29C4
100
AcDbEntity
  8
0
  6
ByBlock
347
ED
 62
     0
440
 16777216
370
    -2
380
     1
100
AcDbBlockReference
  2
*U81
 10
264.3708039029301
 20
4162.107046393119
 30
0.0
  0
INSERT
  5
29CA
330
29C4
100
AcDbEntity
  8
0
  6
ByBlock
347
ED
 62
     0
440
 16777216
370
    -2
380
     1
100
AcDbBlockReference
  2
*U81
 10
270.5568386476468
 20
4162.107046393119
 30
0.0
  0
INSERT
  5
29CB
330
29C4
100
AcDbEntity
  8
0
  6
ByBlock
347
ED
 62
     0
440
 16777216
370
    -2
380
     1
100
AcDbBlockReference
  2
*U81
 10
276.7428733923635
 20
4162.107046393119
 30
0.0
  0
INSERT
  5
29CC
330
29C4
100
AcDbEntity
  8
0
  6
ByBlock
347
ED
 62
     0
440
 16777216
370
    -2
380
     1
100
AcDbBlockReference
  2
*U81
 10
282.9289081370802
 20
4162.107046393119
 30
0.0
  0
INSERT
  5
29CD
330
29C4
100
AcDbEntity
  8
0
  6
ByBlock
347
ED
 62
     0
440
 16777216
370
    -2
380
     1
100
AcDbBlockReference
  2
*U81
 10
289.1149428817969
 20
4162.107046393119
 30
0.0
  0
INSERT
  5
29CE
330
29C4
100
AcDbEntity
  8
0
  6
ByBlock
347
ED
 62
     0
440
 16777216
370
    -2
380
     1
100
AcDbBlockReference
  2
*U81
 10
295.3009776265137
 20
4162.107046393119
 30
0.0
  0
INSERT
  5
29CF
330
29C4
100
AcDbEntity
  8
0
  6
ByBlock
347
ED
 62
     0
440
 16777216
370
    -2
380
     1
100
AcDbBlockReference
  2
*U81
 10
301.4870123712304
 20
4162.107046393119
 30
0.0
  0
INSERT
  5
29D0
330
29C4
100
AcDbEntity
  8
0
  6
ByBlock
347
ED
 62
     0
440
 16777216
370
    -2
380
     1
100
AcDbBlockReference
  2
*U81
 10
307.6730471159471
 20
4162.107046393119
 30
0.0
  0
INSERT
  5
29D1
330
29C4
100
AcDbEntity
  8
0
  6
ByBlock
347
ED
 62
     0
440
 16777216
370
    -2
380
     1
100
AcDbBlockReference
  2
*U81
 10
313.8590818606638
 20
4162.107046393119
 30
0.0
  0
INSERT
  5
29D2
330
29C4
100
AcDbEntity
  8
0
  6
ByBlock
347
ED
 62
     0
440
 16777216
370
    -2
380
     1
100
AcDbBlockReference
  2
*U81
 10
320.0451166053805
 20
4162.107046393119
 30
0.0
  0
INSERT
  5
29D3
330
29C4
100
AcDbEntity
  8
0
  6
ByBlock
347
ED
 62
     0
440
 16777216
370
    -2
380
     1
100
AcDbBlockReference
  2
*U81
 10
326.2311513500972
 20
4162.107046393119
 30
0.0
  0
INSERT
  5
29D4
330
29C4
100
AcDbEntity
  8
0
  6
ByBlock
347
ED
 62
     0
440
 16777216
370
    -2
380
     1
100
AcDbBlockReference
  2
*U81
 10
332.4171860948139
 20
4162.107046393119
 30
0.0
  0
INSERT
  5
29D5
330
29C4
100
AcDbEntity
  8
0
  6
ByBlock
347
ED
 62
     0
440
 16777216
370
    -2
380
     1
100
AcDbBlockReference
  2
*U81
 10
338.6032208395306
 20
4162.107046393119
 30
0.0
  0
INSERT
  5
29D6
330
29C4
100
AcDbEntity
  8
0
  6
ByBlock
347
ED
 62
     0
440
 16777216
370
    -2
380
     1
100
AcDbBlockReference
  2
*U81
 10
344.7892555842474
 20
4162.107046393119
 30
0.0
  0
INSERT
  5
29D7
330
29C4
100
AcDbEntity
  8
0
  6
ByBlock
347
ED
 62
     0
440
 16777216
370
    -2
380
     1
100
AcDbBlockReference
  2
*U81
 10
350.9752903289641
 20
4162.107046393119
 30
0.0
  0
ENDBLK
  5
29D8
330
29C4
100
AcDbEntity
  8
0
 62
    40
420
 16308017
100
AcDbBlockEnd
  0
BLOCK
  5
29F1
330
29F0
100
AcDbEntity
  8
0
 62
    40
420
 16308017
100
AcDbBlockBegin
  2
*U83
 70
     1
 10
0.0
 20
0.0
 30
0.0
  3
*U83
  1

  0
CIRCLE
  5
29F2
330
29F0
100
AcDbEntity
  8
0
 62
    40
420
 16308017
100
AcDbCircle
 10
0.0
 20
0.0
 30
0.0
 40
0.75
  0
ENDBLK
  5
29F3
330
29F0
100
AcDbEntity
  8
0
 62
    40
420
 16308017
100
AcDbBlockEnd
  0
BLOCK
  5
29F7
330
29F6
100
AcDbEntity
  8
0
 62
    40
420
 16308017
100
AcDbBlockBegin
  2
*U84
 70
     1
 10
0.0
 20
0.0
 30
0.0
  3
*U84
  1

  0
INSERT
  5
29F8
330
29F6
100
AcDbEntity
  8
0
  6
ByBlock
347
ED
 62
     0
440
 16777216
370
    -2
380
     1
100
AcDbBlockReference
  2
*U83
 10
245.8126996687799
 20
4162.107046393119
 30
0.0
  0
INSERT
  5
29F9
330
29F6
100
AcDbEntity
  8
0
  6
ByBlock
347
ED
 62
     0
440
 16777216
370
    -2
380
     1
100
AcDbBlockReference
  2
*U83
 10
251.9987344134967
 20
4162.107046393119
 30
0.0
  0
INSERT
  5
29FA
330
29F6
100
AcDbEntity
  8
0
  6
ByBlock
347
ED
 62
     0
440
 16777216
370
    -2
380
     1
100
AcDbBlockReference
  2
*U83
 10
258.1847691582134
 20
4162.107046393119
 30
0.0
  0
INSERT
  5
29FB
330
29F6
100
AcDbEntity
  8
0
  6
ByBlock
347
ED
 62
     0
440
 16777216
370
    -2
380
     1
100
AcDbBlockReference
  2
*U83
 10
264.3708039029301
 20
4162.107046393119
 30
0.0
  0
INSERT
  5
29FC
330
29F6
100
AcDbEntity
  8
0
  6
ByBlock
347
ED
 62
     0
440
 16777216
370
    -2
380
     1
100
AcDbBlockReference
  2
*U83
 10
270.5568386476468
 20
4162.107046393119
 30
0.0
  0
INSERT
  5
29FD
330
29F6
100
AcDbEntity
  8
0
  6
ByBlock
347
ED
 62
     0
440
 16777216
370
    -2
380
     1
100
AcDbBlockReference
  2
*U83
 10
276.7428733923635
 20
4162.107046393119
 30
0.0
  0
INSERT
  5
29FE
330
29F6
100
AcDbEntity
  8
0
  6
ByBlock
347
ED
 62
     0
440
 16777216
370
    -2
380
     1
100
AcDbBlockReference
  2
*U83
 10
282.9289081370802
 20
4162.107046393119
 30
0.0
  0
INSERT
  5
29FF
330
29F6
100
AcDbEntity
  8
0
  6
ByBlock
347
ED
 62
     0
440
 16777216
370
    -2
380
     1
100
AcDbBlockReference
  2
*U83
 10
289.1149428817969
 20
4162.107046393119
 30
0.0
  0
INSERT
  5
2A00
330
29F6
100
AcDbEntity
  8
0
  6
ByBlock
347
ED
 62
     0
440
 16777216
370
    -2
380
     1
100
AcDbBlockReference
  2
*U83
 10
295.3009776265137
 20
4162.107046393119
 30
0.0
  0
INSERT
  5
2A01
330
29F6
100
AcDbEntity
  8
0
  6
ByBlock
347
ED
 62
     0
440
 16777216
370
    -2
380
     1
100
AcDbBlockReference
  2
*U83
 10
301.4870123712304
 20
4162.107046393119
 30
0.0
  0
INSERT
  5
2A02
330
29F6
100
AcDbEntity
  8
0
  6
ByBlock
347
ED
 62
     0
440
 16777216
370
    -2
380
     1
100
AcDbBlockReference
  2
*U83
 10
307.6730471159471
 20
4162.107046393119
 30
0.0
  0
INSERT
  5
2A03
330
29F6
100
AcDbEntity
  8
0
  6
ByBlock
347
ED
 62
     0
440
 16777216
370
    -2
380
     1
100
AcDbBlockReference
  2
*U83
 10
313.8590818606638
 20
4162.107046393119
 30
0.0
  0
INSERT
  5
2A04
330
29F6
100
AcDbEntity
  8
0
  6
ByBlock
347
ED
 62
     0
440
 16777216
370
    -2
380
     1
100
AcDbBlockReference
  2
*U83
 10
320.0451166053805
 20
4162.107046393119
 30
0.0
  0
INSERT
  5
2A05
330
29F6
100
AcDbEntity
  8
0
  6
ByBlock
347
ED
 62
     0
440
 16777216
370
    -2
380
     1
100
AcDbBlockReference
  2
*U83
 10
326.2311513500972
 20
4162.107046393119
 30
0.0
  0
INSERT
  5
2A06
330
29F6
100
AcDbEntity
  8
0
  6
ByBlock
347
ED
 62
     0
440
 16777216
370
    -2
380
     1
100
AcDbBlockReference
  2
*U83
 10
332.4171860948139
 20
4162.107046393119
 30
0.0
  0
INSERT
  5
2A07
330
29F6
100
AcDbEntity
  8
0
  6
ByBlock
347
ED
 62
     0
440
 16777216
370
    -2
380
     1
100
AcDbBlockReference
  2
*U83
 10
338.6032208395306
 20
4162.107046393119
 30
0.0
  0
INSERT
  5
2A08
330
29F6
100
AcDbEntity
  8
0
  6
ByBlock
347
ED
 62
     0
440
 16777216
370
    -2
380
     1
100
AcDbBlockReference
  2
*U83
 10
344.7892555842474
 20
4162.107046393119
 30
0.0
  0
INSERT
  5
2A09
330
29F6
100
AcDbEntity
  8
0
  6
ByBlock
347
ED
 62
     0
440
 16777216
370
    -2
380
     1
100
AcDbBlockReference
  2
*U83
 10
350.9752903289641
 20
4162.107046393119
 30
0.0
  0
ENDBLK
  5
2A0A
330
29F6
100
AcDbEntity
  8
0
 62
    40
420
 16308017
100
AcDbBlockEnd
  0
BLOCK
  5
2A17
330
2A16
100
AcDbEntity
  8
0
 62
    40
420
 16308017
100
AcDbBlockBegin
  2
*U85
 70
     1
 10
0.0
 20
0.0
 30
0.0
  3
*U85
  1

  0
CIRCLE
  5
2A18
330
2A16
100
AcDbEntity
  8
0
 62
    40
420
 16308017
100
AcDbCircle
 10
0.0
 20
0.0
 30
0.0
 40
0.75
  0
ENDBLK
  5
2A19
330
2A16
100
AcDbEntity
  8
0
 62
    40
420
 16308017
100
AcDbBlockEnd
  0
BLOCK
  5
2A1B
330
2A1A
100
AcDbEntity
  8
0
 62
    40
420
 16308017
100
AcDbBlockBegin
  2
*U86
 70
     1
 10
0.0
 20
0.0
 30
0.0
  3
*U86
  1

  0
INSERT
  5
2A1C
330
2A1A
100
AcDbEntity
  8
0
  6
ByBlock
347
ED
 62
     0
440
 16777216
370
    -2
380
     1
100
AcDbBlockReference
  2
*U85
 10
245.8126996687799
 20
4162.107046393119
 30
0.0
  0
INSERT
  5
2A1D
330
2A1A
100
AcDbEntity
  8
0
  6
ByBlock
347
ED
 62
     0
440
 16777216
370
    -2
380
     1
100
AcDbBlockReference
  2
*U85
 10
251.9987344134967
 20
4162.107046393119
 30
0.0
  0
INSERT
  5
2A1E
330
2A1A
100
AcDbEntity
  8
0
  6
ByBlock
347
ED
 62
     0
440
 16777216
370
    -2
380
     1
100
AcDbBlockReference
  2
*U85
 10
258.1847691582134
 20
4162.107046393119
 30
0.0
  0
INSERT
  5
2A1F
330
2A1A
100
AcDbEntity
  8
0
  6
ByBlock
347
ED
 62
     0
440
 16777216
370
    -2
380
     1
100
AcDbBlockReference
  2
*U85
 10
264.3708039029301
 20
4162.107046393119
 30
0.0
  0
INSERT
  5
2A20
330
2A1A
100
AcDbEntity
  8
0
  6
ByBlock
347
ED
 62
     0
440
 16777216
370
    -2
380
     1
100
AcDbBlockReference
  2
*U85
 10
270.5568386476468
 20
4162.107046393119
 30
0.0
  0
INSERT
  5
2A21
330
2A1A
100
AcDbEntity
  8
0
  6
ByBlock
347
ED
 62
     0
440
 16777216
370
    -2
380
     1
100
AcDbBlockReference
  2
*U85
 10
276.7428733923635
 20
4162.107046393119
 30
0.0
  0
INSERT
  5
2A22
330
2A1A
100
AcDbEntity
  8
0
  6
ByBlock
347
ED
 62
     0
440
 16777216
370
    -2
380
     1
100
AcDbBlockReference
  2
*U85
 10
282.9289081370802
 20
4162.107046393119
 30
0.0
  0
INSERT
  5
2A23
330
2A1A
100
AcDbEntity
  8
0
  6
ByBlock
347
ED
 62
     0
440
 16777216
370
    -2
380
     1
100
AcDbBlockReference
  2
*U85
 10
289.1149428817969
 20
4162.107046393119
 30
0.0
  0
INSERT
  5
2A24
330
2A1A
100
AcDbEntity
  8
0
  6
ByBlock
347
ED
 62
     0
440
 16777216
370
    -2
380
     1
100
AcDbBlockReference
  2
*U85
 10
295.3009776265137
 20
4162.107046393119
 30
0.0
  0
INSERT
  5
2A25
330
2A1A
100
AcDbEntity
  8
0
  6
ByBlock
347
ED
 62
     0
440
 16777216
370
    -2
380
     1
100
AcDbBlockReference
  2
*U85
 10
301.4870123712304
 20
4162.107046393119
 30
0.0
  0
INSERT
  5
2A26
330
2A1A
100
AcDbEntity
  8
0
  6
ByBlock
347
ED
 62
     0
440
 16777216
370
    -2
380
     1
100
AcDbBlockReference
  2
*U85
 10
307.6730471159471
 20
4162.107046393119
 30
0.0
  0
INSERT
  5
2A27
330
2A1A
100
AcDbEntity
  8
0
  6
ByBlock
347
ED
 62
     0
440
 16777216
370
    -2
380
     1
100
AcDbBlockReference
  2
*U85
 10
313.8590818606638
 20
4162.107046393119
 30
0.0
  0
INSERT
  5
2A28
330
2A1A
100
AcDbEntity
  8
0
  6
ByBlock
347
ED
 62
     0
440
 16777216
370
    -2
380
     1
100
AcDbBlockReference
  2
*U85
 10
320.0451166053805
 20
4162.107046393119
 30
0.0
  0
INSERT
  5
2A29
330
2A1A
100
AcDbEntity
  8
0
  6
ByBlock
347
ED
 62
     0
440
 16777216
370
    -2
380
     1
100
AcDbBlockReference
  2
*U85
 10
326.2311513500972
 20
4162.107046393119
 30
0.0
  0
INSERT
  5
2A2A
330
2A1A
100
AcDbEntity
  8
0
  6
ByBlock
347
ED
 62
     0
440
 16777216
370
    -2
380
     1
100
AcDbBlockReference
  2
*U85
 10
332.4171860948139
 20
4162.107046393119
 30
0.0
  0
INSERT
  5
2A2B
330
2A1A
100
AcDbEntity
  8
0
  6
ByBlock
347
ED
 62
     0
440
 16777216
370
    -2
380
     1
100
AcDbBlockReference
  2
*U85
 10
338.6032208395306
 20
4162.107046393119
 30
0.0
  0
INSERT
  5
2A2C
330
2A1A
100
AcDbEntity
  8
0
  6
ByBlock
347
ED
 62
     0
440
 16777216
370
    -2
380
     1
100
AcDbBlockReference
  2
*U85
 10
344.7892555842474
 20
4162.107046393119
 30
0.0
  0
INSERT
  5
2A2D
330
2A1A
100
AcDbEntity
  8
0
  6
ByBlock
347
ED
 62
     0
440
 16777216
370
    -2
380
     1
100
AcDbBlockReference
  2
*U85
 10
350.9752903289641
 20
4162.107046393119
 30
0.0
  0
ENDBLK
  5
2A2E
330
2A1A
100
AcDbEntity
  8
0
 62
    40
420
 16308017
100
AcDbBlockEnd
  0
BLOCK
  5
2A47
330
2A46
100
AcDbEntity
  8
0
 62
    40
420
 16308017
100
AcDbBlockBegin
  2
*U87
 70
     1
 10
0.0
 20
0.0
 30
0.0
  3
*U87
  1

  0
CIRCLE
  5
2A48
330
2A46
100
AcDbEntity
  8
0
 62
    40
420
 16308017
100
AcDbCircle
 10
0.0
 20
0.0
 30
0.0
 40
0.75
  0
ENDBLK
  5
2A49
330
2A46
100
AcDbEntity
  8
0
 62
    40
420
 16308017
100
AcDbBlockEnd
  0
BLOCK
  5
2A4D
330
2A4C
100
AcDbEntity
  8
0
 62
    40
420
 16308017
100
AcDbBlockBegin
  2
*U88
 70
     1
 10
0.0
 20
0.0
 30
0.0
  3
*U88
  1

  0
INSERT
  5
2A4E
330
2A4C
100
AcDbEntity
  8
0
  6
ByBlock
347
ED
 62
     0
440
 16777216
370
    -2
380
     1
100
AcDbBlockReference
  2
*U87
 10
245.8126996687799
 20
4162.107046393119
 30
0.0
  0
INSERT
  5
2A4F
330
2A4C
100
AcDbEntity
  8
0
  6
ByBlock
347
ED
 62
     0
440
 16777216
370
    -2
380
     1
100
AcDbBlockReference
  2
*U87
 10
251.9987344134967
 20
4162.107046393119
 30
0.0
  0
INSERT
  5
2A50
330
2A4C
100
AcDbEntity
  8
0
  6
ByBlock
347
ED
 62
     0
440
 16777216
370
    -2
380
     1
100
AcDbBlockReference
  2
*U87
 10
258.1847691582134
 20
4162.107046393119
 30
0.0
  0
INSERT
  5
2A51
330
2A4C
100
AcDbEntity
  8
0
  6
ByBlock
347
ED
 62
     0
440
 16777216
370
    -2
380
     1
100
AcDbBlockReference
  2
*U87
 10
264.3708039029301
 20
4162.107046393119
 30
0.0
  0
INSERT
  5
2A52
330
2A4C
100
AcDbEntity
  8
0
  6
ByBlock
347
ED
 62
     0
440
 16777216
370
    -2
380
     1
100
AcDbBlockReference
  2
*U87
 10
270.5568386476468
 20
4162.107046393119
 30
0.0
  0
INSERT
  5
2A53
330
2A4C
100
AcDbEntity
  8
0
  6
ByBlock
347
ED
 62
     0
440
 16777216
370
    -2
380
     1
100
AcDbBlockReference
  2
*U87
 10
276.7428733923635
 20
4162.107046393119
 30
0.0
  0
INSERT
  5
2A54
330
2A4C
100
AcDbEntity
  8
0
  6
ByBlock
347
ED
 62
     0
440
 16777216
370
    -2
380
     1
100
AcDbBlockReference
  2
*U87
 10
282.9289081370802
 20
4162.107046393119
 30
0.0
  0
INSERT
  5
2A55
330
2A4C
100
AcDbEntity
  8
0
  6
ByBlock
347
ED
 62
     0
440
 16777216
370
    -2
380
     1
100
AcDbBlockReference
  2
*U87
 10
289.1149428817969
 20
4162.107046393119
 30
0.0
  0
INSERT
  5
2A56
330
2A4C
100
AcDbEntity
  8
0
  6
ByBlock
347
ED
 62
     0
440
 16777216
370
    -2
380
     1
100
AcDbBlockReference
  2
*U87
 10
295.3009776265137
 20
4162.107046393119
 30
0.0
  0
INSERT
  5
2A57
330
2A4C
100
AcDbEntity
  8
0
  6
ByBlock
347
ED
 62
     0
440
 16777216
370
    -2
380
     1
100
AcDbBlockReference
  2
*U87
 10
301.4870123712304
 20
4162.107046393119
 30
0.0
  0
INSERT
  5
2A58
330
2A4C
100
AcDbEntity
  8
0
  6
ByBlock
347
ED
 62
     0
440
 16777216
370
    -2
380
     1
100
AcDbBlockReference
  2
*U87
 10
307.6730471159471
 20
4162.107046393119
 30
0.0
  0
INSERT
  5
2A59
330
2A4C
100
AcDbEntity
  8
0
  6
ByBlock
347
ED
 62
     0
440
 16777216
370
    -2
380
     1
100
AcDbBlockReference
  2
*U87
 10
313.8590818606638
 20
4162.107046393119
 30
0.0
  0
INSERT
  5
2A5A
330
2A4C
100
AcDbEntity
  8
0
  6
ByBlock
347
ED
 62
     0
440
 16777216
370
    -2
380
     1
100
AcDbBlockReference
  2
*U87
 10
320.0451166053805
 20
4162.107046393119
 30
0.0
  0
INSERT
  5
2A5B
330
2A4C
100
AcDbEntity
  8
0
  6
ByBlock
347
ED
 62
     0
440
 16777216
370
    -2
380
     1
100
AcDbBlockReference
  2
*U87
 10
326.2311513500972
 20
4162.107046393119
 30
0.0
  0
INSERT
  5
2A5C
330
2A4C
100
AcDbEntity
  8
0
  6
ByBlock
347
ED
 62
     0
440
 16777216
370
    -2
380
     1
100
AcDbBlockReference
  2
*U87
 10
332.4171860948139
 20
4162.107046393119
 30
0.0
  0
INSERT
  5
2A5D
330
2A4C
100
AcDbEntity
  8
0
  6
ByBlock
347
ED
 62
     0
440
 16777216
370
    -2
380
     1
100
AcDbBlockReference
  2
*U87
 10
338.6032208395306
 20
4162.107046393119
 30
0.0
  0
INSERT
  5
2A5E
330
2A4C
100
AcDbEntity
  8
0
  6
ByBlock
347
ED
 62
     0
440
 16777216
370
    -2
380
     1
100
AcDbBlockReference
  2
*U87
 10
344.7892555842474
 20
4162.107046393119
 30
0.0
  0
INSERT
  5
2A5F
330
2A4C
100
AcDbEntity
  8
0
  6
ByBlock
347
ED
 62
     0
440
 16777216
370
    -2
380
     1
100
AcDbBlockReference
  2
*U87
 10
350.9752903289641
 20
4162.107046393119
 30
0.0
  0
ENDBLK
  5
2A60
330
2A4C
100
AcDbEntity
  8
0
 62
    40
420
 16308017
100
AcDbBlockEnd
  0
BLOCK
  5
2A6D
330
2A6C
100
AcDbEntity
  8
0
 62
    40
420
 16308017
100
AcDbBlockBegin
  2
*U89
 70
     1
 10
0.0
 20
0.0
 30
0.0
  3
*U89
  1

  0
CIRCLE
  5
2A6E
330
2A6C
100
AcDbEntity
  8
0
 62
    40
420
 16308017
100
AcDbCircle
 10
0.0
 20
0.0
 30
0.0
 40
0.75
  0
ENDBLK
  5
2A6F
330
2A6C
100
AcDbEntity
  8
0
 62
    40
420
 16308017
100
AcDbBlockEnd
  0
BLOCK
  5
2A71
330
2A70
100
AcDbEntity
  8
0
 62
    40
420
 16308017
100
AcDbBlockBegin
  2
*U90
 70
     1
 10
0.0
 20
0.0
 30
0.0
  3
*U90
  1

  0
INSERT
  5
2A72
330
2A70
100
AcDbEntity
  8
0
  6
ByBlock
347
ED
 62
     0
440
 16777216
370
    -2
380
     1
100
AcDbBlockReference
  2
*U89
 10
245.8126996687799
 20
4162.107046393119
 30
0.0
  0
INSERT
  5
2A73
330
2A70
100
AcDbEntity
  8
0
  6
ByBlock
347
ED
 62
     0
440
 16777216
370
    -2
380
     1
100
AcDbBlockReference
  2
*U89
 10
251.9987344134967
 20
4162.107046393119
 30
0.0
  0
INSERT
  5
2A74
330
2A70
100
AcDbEntity
  8
0
  6
ByBlock
347
ED
 62
     0
440
 16777216
370
    -2
380
     1
100
AcDbBlockReference
  2
*U89
 10
258.1847691582134
 20
4162.107046393119
 30
0.0
  0
INSERT
  5
2A75
330
2A70
100
AcDbEntity
  8
0
  6
ByBlock
347
ED
 62
     0
440
 16777216
370
    -2
380
     1
100
AcDbBlockReference
  2
*U89
 10
264.3708039029301
 20
4162.107046393119
 30
0.0
  0
INSERT
  5
2A76
330
2A70
100
AcDbEntity
  8
0
  6
ByBlock
347
ED
 62
     0
440
 16777216
370
    -2
380
     1
100
AcDbBlockReference
  2
*U89
 10
270.5568386476468
 20
4162.107046393119
 30
0.0
  0
INSERT
  5
2A77
330
2A70
100
AcDbEntity
  8
0
  6
ByBlock
347
ED
 62
     0
440
 16777216
370
    -2
380
     1
100
AcDbBlockReference
  2
*U89
 10
276.7428733923635
 20
4162.107046393119
 30
0.0
  0
INSERT
  5
2A78
330
2A70
100
AcDbEntity
  8
0
  6
ByBlock
347
ED
 62
     0
440
 16777216
370
    -2
380
     1
100
AcDbBlockReference
  2
*U89
 10
282.9289081370802
 20
4162.107046393119
 30
0.0
  0
INSERT
  5
2A79
330
2A70
100
AcDbEntity
  8
0
  6
ByBlock
347
ED
 62
     0
440
 16777216
370
    -2
380
     1
100
AcDbBlockReference
  2
*U89
 10
289.1149428817969
 20
4162.107046393119
 30
0.0
  0
INSERT
  5
2A7A
330
2A70
100
AcDbEntity
  8
0
  6
ByBlock
347
ED
 62
     0
440
 16777216
370
    -2
380
     1
100
AcDbBlockReference
  2
*U89
 10
295.3009776265137
 20
4162.107046393119
 30
0.0
  0
INSERT
  5
2A7B
330
2A70
100
AcDbEntity
  8
0
  6
ByBlock
347
ED
 62
     0
440
 16777216
370
    -2
380
     1
100
AcDbBlockReference
  2
*U89
 10
301.4870123712304
 20
4162.107046393119
 30
0.0
  0
INSERT
  5
2A7C
330
2A70
100
AcDbEntity
  8
0
  6
ByBlock
347
ED
 62
     0
440
 16777216
370
    -2
380
     1
100
AcDbBlockReference
  2
*U89
 10
307.6730471159471
 20
4162.107046393119
 30
0.0
  0
INSERT
  5
2A7D
330
2A70
100
AcDbEntity
  8
0
  6
ByBlock
347
ED
 62
     0
440
 16777216
370
    -2
380
     1
100
AcDbBlockReference
  2
*U89
 10
313.8590818606638
 20
4162.107046393119
 30
0.0
  0
INSERT
  5
2A7E
330
2A70
100
AcDbEntity
  8
0
  6
ByBlock
347
ED
 62
     0
440
 16777216
370
    -2
380
     1
100
AcDbBlockReference
  2
*U89
 10
320.0451166053805
 20
4162.107046393119
 30
0.0
  0
INSERT
  5
2A7F
330
2A70
100
AcDbEntity
  8
0
  6
ByBlock
347
ED
 62
     0
440
 16777216
370
    -2
380
     1
100
AcDbBlockReference
  2
*U89
 10
326.2311513500972
 20
4162.107046393119
 30
0.0
  0
INSERT
  5
2A80
330
2A70
100
AcDbEntity
  8
0
  6
ByBlock
347
ED
 62
     0
440
 16777216
370
    -2
380
     1
100
AcDbBlockReference
  2
*U89
 10
332.4171860948139
 20
4162.107046393119
 30
0.0
  0
INSERT
  5
2A81
330
2A70
100
AcDbEntity
  8
0
  6
ByBlock
347
ED
 62
     0
440
 16777216
370
    -2
380
     1
100
AcDbBlockReference
  2
*U89
 10
338.6032208395306
 20
4162.107046393119
 30
0.0
  0
INSERT
  5
2A82
330
2A70
100
AcDbEntity
  8
0
  6
ByBlock
347
ED
 62
     0
440
 16777216
370
    -2
380
     1
100
AcDbBlockReference
  2
*U89
 10
344.7892555842474
 20
4162.107046393119
 30
0.0
  0
INSERT
  5
2A83
330
2A70
100
AcDbEntity
  8
0
  6
ByBlock
347
ED
 62
     0
440
 16777216
370
    -2
380
     1
100
AcDbBlockReference
  2
*U89
 10
350.9752903289641
 20
4162.107046393119
 30
0.0
  0
ENDBLK
  5
2A84
330
2A70
100
AcDbEntity
  8
0
 62
    40
420
 16308017
100
AcDbBlockEnd
  0
BLOCK
  5
2A9D
330
2A9C
100
AcDbEntity
  8
0
 62
    40
420
 16308017
100
AcDbBlockBegin
  2
*U91
 70
     1
 10
0.0
 20
0.0
 30
0.0
  3
*U91
  1

  0
CIRCLE
  5
2A9E
330
2A9C
100
AcDbEntity
  8
0
 62
    40
420
 16308017
100
AcDbCircle
 10
0.0
 20
0.0
 30
0.0
 40
0.75
  0
ENDBLK
  5
2A9F
330
2A9C
100
AcDbEntity
  8
0
 62
    40
420
 16308017
100
AcDbBlockEnd
  0
BLOCK
  5
2AA3
330
2AA2
100
AcDbEntity
  8
0
 62
    40
420
 16308017
100
AcDbBlockBegin
  2
*U92
 70
     1
 10
0.0
 20
0.0
 30
0.0
  3
*U92
  1

  0
INSERT
  5
2AA4
330
2AA2
100
AcDbEntity
  8
0
  6
ByBlock
347
ED
 62
     0
440
 16777216
370
    -2
380
     1
100
AcDbBlockReference
  2
*U91
 10
245.8126996687799
 20
4162.107046393119
 30
0.0
  0
INSERT
  5
2AA5
330
2AA2
100
AcDbEntity
  8
0
  6
ByBlock
347
ED
 62
     0
440
 16777216
370
    -2
380
     1
100
AcDbBlockReference
  2
*U91
 10
251.9987344134967
 20
4162.107046393119
 30
0.0
  0
INSERT
  5
2AA6
330
2AA2
100
AcDbEntity
  8
0
  6
ByBlock
347
ED
 62
     0
440
 16777216
370
    -2
380
     1
100
AcDbBlockReference
  2
*U91
 10
258.1847691582134
 20
4162.107046393119
 30
0.0
  0
INSERT
  5
2AA7
330
2AA2
100
AcDbEntity
  8
0
  6
ByBlock
347
ED
 62
     0
440
 16777216
370
    -2
380
     1
100
AcDbBlockReference
  2
*U91
 10
264.3708039029301
 20
4162.107046393119
 30
0.0
  0
INSERT
  5
2AA8
330
2AA2
100
AcDbEntity
  8
0
  6
ByBlock
347
ED
 62
     0
440
 16777216
370
    -2
380
     1
100
AcDbBlockReference
  2
*U91
 10
270.5568386476468
 20
4162.107046393119
 30
0.0
  0
INSERT
  5
2AA9
330
2AA2
100
AcDbEntity
  8
0
  6
ByBlock
347
ED
 62
     0
440
 16777216
370
    -2
380
     1
100
AcDbBlockReference
  2
*U91
 10
276.7428733923635
 20
4162.107046393119
 30
0.0
  0
INSERT
  5
2AAA
330
2AA2
100
AcDbEntity
  8
0
  6
ByBlock
347
ED
 62
     0
440
 16777216
370
    -2
380
     1
100
AcDbBlockReference
  2
*U91
 10
282.9289081370802
 20
4162.107046393119
 30
0.0
  0
INSERT
  5
2AAB
330
2AA2
100
AcDbEntity
  8
0
  6
ByBlock
347
ED
 62
     0
440
 16777216
370
    -2
380
     1
100
AcDbBlockReference
  2
*U91
 10
289.1149428817969
 20
4162.107046393119
 30
0.0
  0
INSERT
  5
2AAC
330
2AA2
100
AcDbEntity
  8
0
  6
ByBlock
347
ED
 62
     0
440
 16777216
370
    -2
380
     1
100
AcDbBlockReference
  2
*U91
 10
295.3009776265137
 20
4162.107046393119
 30
0.0
  0
INSERT
  5
2AAD
330
2AA2
100
AcDbEntity
  8
0
  6
ByBlock
347
ED
 62
     0
440
 16777216
370
    -2
380
     1
100
AcDbBlockReference
  2
*U91
 10
301.4870123712304
 20
4162.107046393119
 30
0.0
  0
INSERT
  5
2AAE
330
2AA2
100
AcDbEntity
  8
0
  6
ByBlock
347
ED
 62
     0
440
 16777216
370
    -2
380
     1
100
AcDbBlockReference
  2
*U91
 10
307.6730471159471
 20
4162.107046393119
 30
0.0
  0
INSERT
  5
2AAF
330
2AA2
100
AcDbEntity
  8
0
  6
ByBlock
347
ED
 62
     0
440
 16777216
370
    -2
380
     1
100
AcDbBlockReference
  2
*U91
 10
313.8590818606638
 20
4162.107046393119
 30
0.0
  0
INSERT
  5
2AB0
330
2AA2
100
AcDbEntity
  8
0
  6
ByBlock
347
ED
 62
     0
440
 16777216
370
    -2
380
     1
100
AcDbBlockReference
  2
*U91
 10
320.0451166053805
 20
4162.107046393119
 30
0.0
  0
INSERT
  5
2AB1
330
2AA2
100
AcDbEntity
  8
0
  6
ByBlock
347
ED
 62
     0
440
 16777216
370
    -2
380
     1
100
AcDbBlockReference
  2
*U91
 10
326.2311513500972
 20
4162.107046393119
 30
0.0
  0
INSERT
  5
2AB2
330
2AA2
100
AcDbEntity
  8
0
  6
ByBlock
347
ED
 62
     0
440
 16777216
370
    -2
380
     1
100
AcDbBlockReference
  2
*U91
 10
332.4171860948139
 20
4162.107046393119
 30
0.0
  0
INSERT
  5
2AB3
330
2AA2
100
AcDbEntity
  8
0
  6
ByBlock
347
ED
 62
     0
440
 16777216
370
    -2
380
     1
100
AcDbBlockReference
  2
*U91
 10
338.6032208395306
 20
4162.107046393119
 30
0.0
  0
INSERT
  5
2AB4
330
2AA2
100
AcDbEntity
  8
0
  6
ByBlock
347
ED
 62
     0
440
 16777216
370
    -2
380
     1
100
AcDbBlockReference
  2
*U91
 10
344.7892555842474
 20
4162.107046393119
 30
0.0
  0
INSERT
  5
2AB5
330
2AA2
100
AcDbEntity
  8
0
  6
ByBlock
347
ED
 62
     0
440
 16777216
370
    -2
380
     1
100
AcDbBlockReference
  2
*U91
 10
350.9752903289641
 20
4162.107046393119
 30
0.0
  0
ENDBLK
  5
2AB6
330
2AA2
100
AcDbEntity
  8
0
 62
    40
420
 16308017
100
AcDbBlockEnd
  0
BLOCK
  5
2AC3
330
2AC2
100
AcDbEntity
  8
0
 62
    40
420
 16308017
100
AcDbBlockBegin
  2
*U93
 70
     1
 10
0.0
 20
0.0
 30
0.0
  3
*U93
  1

  0
CIRCLE
  5
2AC4
330
2AC2
100
AcDbEntity
  8
0
 62
    40
420
 16308017
100
AcDbCircle
 10
0.0
 20
0.0
 30
0.0
 40
0.75
  0
ENDBLK
  5
2AC5
330
2AC2
100
AcDbEntity
  8
0
 62
    40
420
 16308017
100
AcDbBlockEnd
  0
BLOCK
  5
2AC7
330
2AC6
100
AcDbEntity
  8
0
 62
    40
420
 16308017
100
AcDbBlockBegin
  2
*U94
 70
     1
 10
0.0
 20
0.0
 30
0.0
  3
*U94
  1

  0
INSERT
  5
2AC8
330
2AC6
100
AcDbEntity
  8
0
  6
ByBlock
347
ED
 62
     0
440
 16777216
370
    -2
380
     1
100
AcDbBlockReference
  2
*U93
 10
245.8126996687799
 20
4162.107046393119
 30
0.0
  0
INSERT
  5
2AC9
330
2AC6
100
AcDbEntity
  8
0
  6
ByBlock
347
ED
 62
     0
440
 16777216
370
    -2
380
     1
100
AcDbBlockReference
  2
*U93
 10
251.9987344134967
 20
4162.107046393119
 30
0.0
  0
INSERT
  5
2ACA
330
2AC6
100
AcDbEntity
  8
0
  6
ByBlock
347
ED
 62
     0
440
 16777216
370
    -2
380
     1
100
AcDbBlockReference
  2
*U93
 10
258.1847691582134
 20
4162.107046393119
 30
0.0
  0
INSERT
  5
2ACB
330
2AC6
100
AcDbEntity
  8
0
  6
ByBlock
347
ED
 62
     0
440
 16777216
370
    -2
380
     1
100
AcDbBlockReference
  2
*U93
 10
264.3708039029301
 20
4162.107046393119
 30
0.0
  0
INSERT
  5
2ACC
330
2AC6
100
AcDbEntity
  8
0
  6
ByBlock
347
ED
 62
     0
440
 16777216
370
    -2
380
     1
100
AcDbBlockReference
  2
*U93
 10
270.5568386476468
 20
4162.107046393119
 30
0.0
  0
INSERT
  5
2ACD
330
2AC6
100
AcDbEntity
  8
0
  6
ByBlock
347
ED
 62
     0
440
 16777216
370
    -2
380
     1
100
AcDbBlockReference
  2
*U93
 10
276.7428733923635
 20
4162.107046393119
 30
0.0
  0
INSERT
  5
2ACE
330
2AC6
100
AcDbEntity
  8
0
  6
ByBlock
347
ED
 62
     0
440
 16777216
370
    -2
380
     1
100
AcDbBlockReference
  2
*U93
 10
282.9289081370802
 20
4162.107046393119
 30
0.0
  0
INSERT
  5
2ACF
330
2AC6
100
AcDbEntity
  8
0
  6
ByBlock
347
ED
 62
     0
440
 16777216
370
    -2
380
     1
100
AcDbBlockReference
  2
*U93
 10
289.1149428817969
 20
4162.107046393119
 30
0.0
  0
INSERT
  5
2AD0
330
2AC6
100
AcDbEntity
  8
0
  6
ByBlock
347
ED
 62
     0
440
 16777216
370
    -2
380
     1
100
AcDbBlockReference
  2
*U93
 10
295.3009776265137
 20
4162.107046393119
 30
0.0
  0
INSERT
  5
2AD1
330
2AC6
100
AcDbEntity
  8
0
  6
ByBlock
347
ED
 62
     0
440
 16777216
370
    -2
380
     1
100
AcDbBlockReference
  2
*U93
 10
301.4870123712304
 20
4162.107046393119
 30
0.0
  0
INSERT
  5
2AD2
330
2AC6
100
AcDbEntity
  8
0
  6
ByBlock
347
ED
 62
     0
440
 16777216
370
    -2
380
     1
100
AcDbBlockReference
  2
*U93
 10
307.6730471159471
 20
4162.107046393119
 30
0.0
  0
INSERT
  5
2AD3
330
2AC6
100
AcDbEntity
  8
0
  6
ByBlock
347
ED
 62
     0
440
 16777216
370
    -2
380
     1
100
AcDbBlockReference
  2
*U93
 10
313.8590818606638
 20
4162.107046393119
 30
0.0
  0
INSERT
  5
2AD4
330
2AC6
100
AcDbEntity
  8
0
  6
ByBlock
347
ED
 62
     0
440
 16777216
370
    -2
380
     1
100
AcDbBlockReference
  2
*U93
 10
320.0451166053805
 20
4162.107046393119
 30
0.0
  0
INSERT
  5
2AD5
330
2AC6
100
AcDbEntity
  8
0
  6
ByBlock
347
ED
 62
     0
440
 16777216
370
    -2
380
     1
100
AcDbBlockReference
  2
*U93
 10
326.2311513500972
 20
4162.107046393119
 30
0.0
  0
INSERT
  5
2AD6
330
2AC6
100
AcDbEntity
  8
0
  6
ByBlock
347
ED
 62
     0
440
 16777216
370
    -2
380
     1
100
AcDbBlockReference
  2
*U93
 10
332.4171860948139
 20
4162.107046393119
 30
0.0
  0
INSERT
  5
2AD7
330
2AC6
100
AcDbEntity
  8
0
  6
ByBlock
347
ED
 62
     0
440
 16777216
370
    -2
380
     1
100
AcDbBlockReference
  2
*U93
 10
338.6032208395306
 20
4162.107046393119
 30
0.0
  0
INSERT
  5
2AD8
330
2AC6
100
AcDbEntity
  8
0
  6
ByBlock
347
ED
 62
     0
440
 16777216
370
    -2
380
     1
100
AcDbBlockReference
  2
*U93
 10
344.7892555842474
 20
4162.107046393119
 30
0.0
  0
INSERT
  5
2AD9
330
2AC6
100
AcDbEntity
  8
0
  6
ByBlock
347
ED
 62
     0
440
 16777216
370
    -2
380
     1
100
AcDbBlockReference
  2
*U93
 10
350.9752903289641
 20
4162.107046393119
 30
0.0
  0
ENDBLK
  5
2ADA
330
2AC6
100
AcDbEntity
  8
0
 62
    40
420
 16308017
100
AcDbBlockEnd
  0
BLOCK
  5
2AF3
330
2AF2
100
AcDbEntity
  8
0
 62
    40
420
 16308017
100
AcDbBlockBegin
  2
*U95
 70
     1
 10
0.0
 20
0.0
 30
0.0
  3
*U95
  1

  0
CIRCLE
  5
2AF4
330
2AF2
100
AcDbEntity
  8
0
 62
    40
420
 16308017
100
AcDbCircle
 10
0.0
 20
0.0
 30
0.0
 40
0.75
  0
ENDBLK
  5
2AF5
330
2AF2
100
AcDbEntity
  8
0
 62
    40
420
 16308017
100
AcDbBlockEnd
  0
BLOCK
  5
2AF9
330
2AF8
100
AcDbEntity
  8
0
 62
    40
420
 16308017
100
AcDbBlockBegin
  2
*U96
 70
     1
 10
0.0
 20
0.0
 30
0.0
  3
*U96
  1

  0
INSERT
  5
2AFA
330
2AF8
100
AcDbEntity
  8
0
  6
ByBlock
347
ED
 62
     0
440
 16777216
370
    -2
380
     1
100
AcDbBlockReference
  2
*U95
 10
245.8126996687799
 20
4162.107046393119
 30
0.0
  0
INSERT
  5
2AFB
330
2AF8
100
AcDbEntity
  8
0
  6
ByBlock
347
ED
 62
     0
440
 16777216
370
    -2
380
     1
100
AcDbBlockReference
  2
*U95
 10
251.9987344134967
 20
4162.107046393119
 30
0.0
  0
INSERT
  5
2AFC
330
2AF8
100
AcDbEntity
  8
0
  6
ByBlock
347
ED
 62
     0
440
 16777216
370
    -2
380
     1
100
AcDbBlockReference
  2
*U95
 10
258.1847691582134
 20
4162.107046393119
 30
0.0
  0
INSERT
  5
2AFD
330
2AF8
100
AcDbEntity
  8
0
  6
ByBlock
347
ED
 62
     0
440
 16777216
370
    -2
380
     1
100
AcDbBlockReference
  2
*U95
 10
264.3708039029301
 20
4162.107046393119
 30
0.0
  0
INSERT
  5
2AFE
330
2AF8
100
AcDbEntity
  8
0
  6
ByBlock
347
ED
 62
     0
440
 16777216
370
    -2
380
     1
100
AcDbBlockReference
  2
*U95
 10
270.5568386476468
 20
4162.107046393119
 30
0.0
  0
INSERT
  5
2AFF
330
2AF8
100
AcDbEntity
  8
0
  6
ByBlock
347
ED
 62
     0
440
 16777216
370
    -2
380
     1
100
AcDbBlockReference
  2
*U95
 10
276.7428733923635
 20
4162.107046393119
 30
0.0
  0
INSERT
  5
2B00
330
2AF8
100
AcDbEntity
  8
0
  6
ByBlock
347
ED
 62
     0
440
 16777216
370
    -2
380
     1
100
AcDbBlockReference
  2
*U95
 10
282.9289081370802
 20
4162.107046393119
 30
0.0
  0
INSERT
  5
2B01
330
2AF8
100
AcDbEntity
  8
0
  6
ByBlock
347
ED
 62
     0
440
 16777216
370
    -2
380
     1
100
AcDbBlockReference
  2
*U95
 10
289.1149428817969
 20
4162.107046393119
 30
0.0
  0
INSERT
  5
2B02
330
2AF8
100
AcDbEntity
  8
0
  6
ByBlock
347
ED
 62
     0
440
 16777216
370
    -2
380
     1
100
AcDbBlockReference
  2
*U95
 10
295.3009776265137
 20
4162.107046393119
 30
0.0
  0
INSERT
  5
2B03
330
2AF8
100
AcDbEntity
  8
0
  6
ByBlock
347
ED
 62
     0
440
 16777216
370
    -2
380
     1
100
AcDbBlockReference
  2
*U95
 10
301.4870123712304
 20
4162.107046393119
 30
0.0
  0
INSERT
  5
2B04
330
2AF8
100
AcDbEntity
  8
0
  6
ByBlock
347
ED
 62
     0
440
 16777216
370
    -2
380
     1
100
AcDbBlockReference
  2
*U95
 10
307.6730471159471
 20
4162.107046393119
 30
0.0
  0
INSERT
  5
2B05
330
2AF8
100
AcDbEntity
  8
0
  6
ByBlock
347
ED
 62
     0
440
 16777216
370
    -2
380
     1
100
AcDbBlockReference
  2
*U95
 10
313.8590818606638
 20
4162.107046393119
 30
0.0
  0
INSERT
  5
2B06
330
2AF8
100
AcDbEntity
  8
0
  6
ByBlock
347
ED
 62
     0
440
 16777216
370
    -2
380
     1
100
AcDbBlockReference
  2
*U95
 10
320.0451166053805
 20
4162.107046393119
 30
0.0
  0
INSERT
  5
2B07
330
2AF8
100
AcDbEntity
  8
0
  6
ByBlock
347
ED
 62
     0
440
 16777216
370
    -2
380
     1
100
AcDbBlockReference
  2
*U95
 10
326.2311513500972
 20
4162.107046393119
 30
0.0
  0
INSERT
  5
2B08
330
2AF8
100
AcDbEntity
  8
0
  6
ByBlock
347
ED
 62
     0
440
 16777216
370
    -2
380
     1
100
AcDbBlockReference
  2
*U95
 10
332.4171860948139
 20
4162.107046393119
 30
0.0
  0
INSERT
  5
2B09
330
2AF8
100
AcDbEntity
  8
0
  6
ByBlock
347
ED
 62
     0
440
 16777216
370
    -2
380
     1
100
AcDbBlockReference
  2
*U95
 10
338.6032208395306
 20
4162.107046393119
 30
0.0
  0
INSERT
  5
2B0A
330
2AF8
100
AcDbEntity
  8
0
  6
ByBlock
347
ED
 62
     0
440
 16777216
370
    -2
380
     1
100
AcDbBlockReference
  2
*U95
 10
344.7892555842474
 20
4162.107046393119
 30
0.0
  0
INSERT
  5
2B0B
330
2AF8
100
AcDbEntity
  8
0
  6
ByBlock
347
ED
 62
     0
440
 16777216
370
    -2
380
     1
100
AcDbBlockReference
  2
*U95
 10
350.9752903289641
 20
4162.107046393119
 30
0.0
  0
ENDBLK
  5
2B0C
330
2AF8
100
AcDbEntity
  8
0
 62
    40
420
 16308017
100
AcDbBlockEnd
  0
BLOCK
  5
2B19
330
2B18
100
AcDbEntity
  8
0
 62
    40
420
 16308017
100
AcDbBlockBegin
  2
*U97
 70
     1
 10
0.0
 20
0.0
 30
0.0
  3
*U97
  1

  0
CIRCLE
  5
2B1A
330
2B18
100
AcDbEntity
  8
0
 62
    40
420
 16308017
100
AcDbCircle
 10
0.0
 20
0.0
 30
0.0
 40
0.75
  0
ENDBLK
  5
2B1B
330
2B18
100
AcDbEntity
  8
0
 62
    40
420
 16308017
100
AcDbBlockEnd
  0
BLOCK
  5
2B1D
330
2B1C
100
AcDbEntity
  8
0
 62
    40
420
 16308017
100
AcDbBlockBegin
  2
*U98
 70
     1
 10
0.0
 20
0.0
 30
0.0
  3
*U98
  1

  0
INSERT
  5
2B1E
330
2B1C
100
AcDbEntity
  8
0
  6
ByBlock
347
ED
 62
     0
440
 16777216
370
    -2
380
     1
100
AcDbBlockReference
  2
*U97
 10
245.8126996687799
 20
4162.107046393119
 30
0.0
  0
INSERT
  5
2B1F
330
2B1C
100
AcDbEntity
  8
0
  6
ByBlock
347
ED
 62
     0
440
 16777216
370
    -2
380
     1
100
AcDbBlockReference
  2
*U97
 10
251.9987344134967
 20
4162.107046393119
 30
0.0
  0
INSERT
  5
2B20
330
2B1C
100
AcDbEntity
  8
0
  6
ByBlock
347
ED
 62
     0
440
 16777216
370
    -2
380
     1
100
AcDbBlockReference
  2
*U97
 10
258.1847691582134
 20
4162.107046393119
 30
0.0
  0
INSERT
  5
2B21
330
2B1C
100
AcDbEntity
  8
0
  6
ByBlock
347
ED
 62
     0
440
 16777216
370
    -2
380
     1
100
AcDbBlockReference
  2
*U97
 10
264.3708039029301
 20
4162.107046393119
 30
0.0
  0
INSERT
  5
2B22
330
2B1C
100
AcDbEntity
  8
0
  6
ByBlock
347
ED
 62
     0
440
 16777216
370
    -2
380
     1
100
AcDbBlockReference
  2
*U97
 10
270.5568386476468
 20
4162.107046393119
 30
0.0
  0
INSERT
  5
2B23
330
2B1C
100
AcDbEntity
  8
0
  6
ByBlock
347
ED
 62
     0
440
 16777216
370
    -2
380
     1
100
AcDbBlockReference
  2
*U97
 10
276.7428733923635
 20
4162.107046393119
 30
0.0
  0
INSERT
  5
2B24
330
2B1C
100
AcDbEntity
  8
0
  6
ByBlock
347
ED
 62
     0
440
 16777216
370
    -2
380
     1
100
AcDbBlockReference
  2
*U97
 10
282.9289081370802
 20
4162.107046393119
 30
0.0
  0
INSERT
  5
2B25
330
2B1C
100
AcDbEntity
  8
0
  6
ByBlock
347
ED
 62
     0
440
 16777216
370
    -2
380
     1
100
AcDbBlockReference
  2
*U97
 10
289.1149428817969
 20
4162.107046393119
 30
0.0
  0
INSERT
  5
2B26
330
2B1C
100
AcDbEntity
  8
0
  6
ByBlock
347
ED
 62
     0
440
 16777216
370
    -2
380
     1
100
AcDbBlockReference
  2
*U97
 10
295.3009776265137
 20
4162.107046393119
 30
0.0
  0
INSERT
  5
2B27
330
2B1C
100
AcDbEntity
  8
0
  6
ByBlock
347
ED
 62
     0
440
 16777216
370
    -2
380
     1
100
AcDbBlockReference
  2
*U97
 10
301.4870123712304
 20
4162.107046393119
 30
0.0
  0
INSERT
  5
2B28
330
2B1C
100
AcDbEntity
  8
0
  6
ByBlock
347
ED
 62
     0
440
 16777216
370
    -2
380
     1
100
AcDbBlockReference
  2
*U97
 10
307.6730471159471
 20
4162.107046393119
 30
0.0
  0
INSERT
  5
2B29
330
2B1C
100
AcDbEntity
  8
0
  6
ByBlock
347
ED
 62
     0
440
 16777216
370
    -2
380
     1
100
AcDbBlockReference
  2
*U97
 10
313.8590818606638
 20
4162.107046393119
 30
0.0
  0
INSERT
  5
2B2A
330
2B1C
100
AcDbEntity
  8
0
  6
ByBlock
347
ED
 62
     0
440
 16777216
370
    -2
380
     1
100
AcDbBlockReference
  2
*U97
 10
320.0451166053805
 20
4162.107046393119
 30
0.0
  0
INSERT
  5
2B2B
330
2B1C
100
AcDbEntity
  8
0
  6
ByBlock
347
ED
 62
     0
440
 16777216
370
    -2
380
     1
100
AcDbBlockReference
  2
*U97
 10
326.2311513500972
 20
4162.107046393119
 30
0.0
  0
INSERT
  5
2B2C
330
2B1C
100
AcDbEntity
  8
0
  6
ByBlock
347
ED
 62
     0
440
 16777216
370
    -2
380
     1
100
AcDbBlockReference
  2
*U97
 10
332.4171860948139
 20
4162.107046393119
 30
0.0
  0
INSERT
  5
2B2D
330
2B1C
100
AcDbEntity
  8
0
  6
ByBlock
347
ED
 62
     0
440
 16777216
370
    -2
380
     1
100
AcDbBlockReference
  2
*U97
 10
338.6032208395306
 20
4162.107046393119
 30
0.0
  0
INSERT
  5
2B2E
330
2B1C
100
AcDbEntity
  8
0
  6
ByBlock
347
ED
 62
     0
440
 16777216
370
    -2
380
     1
100
AcDbBlockReference
  2
*U97
 10
344.7892555842474
 20
4162.107046393119
 30
0.0
  0
INSERT
  5
2B2F
330
2B1C
100
AcDbEntity
  8
0
  6
ByBlock
347
ED
 62
     0
440
 16777216
370
    -2
380
     1
100
AcDbBlockReference
  2
*U97
 10
350.9752903289641
 20
4162.107046393119
 30
0.0
  0
ENDBLK
  5
2B30
330
2B1C
100
AcDbEntity
  8
0
 62
    40
420
 16308017
100
AcDbBlockEnd
  0
BLOCK
  5
2B49
330
2B48
100
AcDbEntity
  8
0
 62
    40
420
 16308017
100
AcDbBlockBegin
  2
*U99
 70
     1
 10
0.0
 20
0.0
 30
0.0
  3
*U99
  1

  0
CIRCLE
  5
2B4A
330
2B48
100
AcDbEntity
  8
0
 62
    40
420
 16308017
100
AcDbCircle
 10
0.0
 20
0.0
 30
0.0
 40
0.75
  0
ENDBLK
  5
2B4B
330
2B48
100
AcDbEntity
  8
0
 62
    40
420
 16308017
100
AcDbBlockEnd
  0
BLOCK
  5
2B4F
330
2B4E
100
AcDbEntity
  8
0
 62
    40
420
 16308017
100
AcDbBlockBegin
  2
*U100
 70
     1
 10
0.0
 20
0.0
 30
0.0
  3
*U100
  1

  0
INSERT
  5
2B50
330
2B4E
100
AcDbEntity
  8
0
  6
ByBlock
347
ED
 62
     0
440
 16777216
370
    -2
380
     1
100
AcDbBlockReference
  2
*U99
 10
245.8126996687799
 20
4162.107046393119
 30
0.0
  0
INSERT
  5
2B51
330
2B4E
100
AcDbEntity
  8
0
  6
ByBlock
347
ED
 62
     0
440
 16777216
370
    -2
380
     1
100
AcDbBlockReference
  2
*U99
 10
251.9987344134967
 20
4162.107046393119
 30
0.0
  0
INSERT
  5
2B52
330
2B4E
100
AcDbEntity
  8
0
  6
ByBlock
347
ED
 62
     0
440
 16777216
370
    -2
380
     1
100
AcDbBlockReference
  2
*U99
 10
258.1847691582134
 20
4162.107046393119
 30
0.0
  0
INSERT
  5
2B53
330
2B4E
100
AcDbEntity
  8
0
  6
ByBlock
347
ED
 62
     0
440
 16777216
370
    -2
380
     1
100
AcDbBlockReference
  2
*U99
 10
264.3708039029301
 20
4162.107046393119
 30
0.0
  0
INSERT
  5
2B54
330
2B4E
100
AcDbEntity
  8
0
  6
ByBlock
347
ED
 62
     0
440
 16777216
370
    -2
380
     1
100
AcDbBlockReference
  2
*U99
 10
270.5568386476468
 20
4162.107046393119
 30
0.0
  0
INSERT
  5
2B55
330
2B4E
100
AcDbEntity
  8
0
  6
ByBlock
347
ED
 62
     0
440
 16777216
370
    -2
380
     1
100
AcDbBlockReference
  2
*U99
 10
276.7428733923635
 20
4162.107046393119
 30
0.0
  0
INSERT
  5
2B56
330
2B4E
100
AcDbEntity
  8
0
  6
ByBlock
347
ED
 62
     0
440
 16777216
370
    -2
380
     1
100
AcDbBlockReference
  2
*U99
 10
282.9289081370802
 20
4162.107046393119
 30
0.0
  0
INSERT
  5
2B57
330
2B4E
100
AcDbEntity
  8
0
  6
ByBlock
347
ED
 62
     0
440
 16777216
370
    -2
380
     1
100
AcDbBlockReference
  2
*U99
 10
289.1149428817969
 20
4162.107046393119
 30
0.0
  0
INSERT
  5
2B58
330
2B4E
100
AcDbEntity
  8
0
  6
ByBlock
347
ED
 62
     0
440
 16777216
370
    -2
380
     1
100
AcDbBlockReference
  2
*U99
 10
295.3009776265137
 20
4162.107046393119
 30
0.0
  0
INSERT
  5
2B59
330
2B4E
100
AcDbEntity
  8
0
  6
ByBlock
347
ED
 62
     0
440
 16777216
370
    -2
380
     1
100
AcDbBlockReference
  2
*U99
 10
301.4870123712304
 20
4162.107046393119
 30
0.0
  0
INSERT
  5
2B5A
330
2B4E
100
AcDbEntity
  8
0
  6
ByBlock
347
ED
 62
     0
440
 16777216
370
    -2
380
     1
100
AcDbBlockReference
  2
*U99
 10
307.6730471159471
 20
4162.107046393119
 30
0.0
  0
INSERT
  5
2B5B
330
2B4E
100
AcDbEntity
  8
0
  6
ByBlock
347
ED
 62
     0
440
 16777216
370
    -2
380
     1
100
AcDbBlockReference
  2
*U99
 10
313.8590818606638
 20
4162.107046393119
 30
0.0
  0
INSERT
  5
2B5C
330
2B4E
100
AcDbEntity
  8
0
  6
ByBlock
347
ED
 62
     0
440
 16777216
370
    -2
380
     1
100
AcDbBlockReference
  2
*U99
 10
320.0451166053805
 20
4162.107046393119
 30
0.0
  0
INSERT
  5
2B5D
330
2B4E
100
AcDbEntity
  8
0
  6
ByBlock
347
ED
 62
     0
440
 16777216
370
    -2
380
     1
100
AcDbBlockReference
  2
*U99
 10
326.2311513500972
 20
4162.107046393119
 30
0.0
  0
INSERT
  5
2B5E
330
2B4E
100
AcDbEntity
  8
0
  6
ByBlock
347
ED
 62
     0
440
 16777216
370
    -2
380
     1
100
AcDbBlockReference
  2
*U99
 10
332.4171860948139
 20
4162.107046393119
 30
0.0
  0
INSERT
  5
2B5F
330
2B4E
100
AcDbEntity
  8
0
  6
ByBlock
347
ED
 62
     0
440
 16777216
370
    -2
380
     1
100
AcDbBlockReference
  2
*U99
 10
338.6032208395306
 20
4162.107046393119
 30
0.0
  0
INSERT
  5
2B60
330
2B4E
100
AcDbEntity
  8
0
  6
ByBlock
347
ED
 62
     0
440
 16777216
370
    -2
380
     1
100
AcDbBlockReference
  2
*U99
 10
344.7892555842474
 20
4162.107046393119
 30
0.0
  0
INSERT
  5
2B61
330
2B4E
100
AcDbEntity
  8
0
  6
ByBlock
347
ED
 62
     0
440
 16777216
370
    -2
380
     1
100
AcDbBlockReference
  2
*U99
 10
350.9752903289641
 20
4162.107046393119
 30
0.0
  0
ENDBLK
  5
2B62
330
2B4E
100
AcDbEntity
  8
0
 62
    40
420
 16308017
100
AcDbBlockEnd
  0
BLOCK
  5
2B7A
330
2B79
100
AcDbEntity
  8
0
 62
    40
420
 16308017
100
AcDbBlockBegin
  2
*U101
 70
     1
 10
0.0
 20
0.0
 30
0.0
  3
*U101
  1

  0
INSERT
  5
2B7B
330
2B79
100
AcDbEntity
  8
0
  6
ByBlock
347
ED
 62
     0
440
 16777216
370
    -2
380
     1
100
AcDbBlockReference
  2
*U102
 10
245.8126996687799
 20
4162.107046393119
 30
0.0
  0
INSERT
  5
2B7C
330
2B79
100
AcDbEntity
  8
0
  6
ByBlock
347
ED
 62
     0
440
 16777216
370
    -2
380
     1
100
AcDbBlockReference
  2
*U102
 10
251.9987344134967
 20
4162.107046393119
 30
0.0
  0
INSERT
  5
2B7D
330
2B79
100
AcDbEntity
  8
0
  6
ByBlock
347
ED
 62
     0
440
 16777216
370
    -2
380
     1
100
AcDbBlockReference
  2
*U102
 10
258.1847691582134
 20
4162.107046393119
 30
0.0
  0
INSERT
  5
2B7E
330
2B79
100
AcDbEntity
  8
0
  6
ByBlock
347
ED
 62
     0
440
 16777216
370
    -2
380
     1
100
AcDbBlockReference
  2
*U102
 10
264.3708039029301
 20
4162.107046393119
 30
0.0
  0
INSERT
  5
2B7F
330
2B79
100
AcDbEntity
  8
0
  6
ByBlock
347
ED
 62
     0
440
 16777216
370
    -2
380
     1
100
AcDbBlockReference
  2
*U102
 10
270.5568386476468
 20
4162.107046393119
 30
0.0
  0
INSERT
  5
2B80
330
2B79
100
AcDbEntity
  8
0
  6
ByBlock
347
ED
 62
     0
440
 16777216
370
    -2
380
     1
100
AcDbBlockReference
  2
*U102
 10
276.7428733923635
 20
4162.107046393119
 30
0.0
  0
INSERT
  5
2B81
330
2B79
100
AcDbEntity
  8
0
  6
ByBlock
347
ED
 62
     0
440
 16777216
370
    -2
380
     1
100
AcDbBlockReference
  2
*U102
 10
282.9289081370802
 20
4162.107046393119
 30
0.0
  0
INSERT
  5
2B82
330
2B79
100
AcDbEntity
  8
0
  6
ByBlock
347
ED
 62
     0
440
 16777216
370
    -2
380
     1
100
AcDbBlockReference
  2
*U102
 10
289.1149428817969
 20
4162.107046393119
 30
0.0
  0
INSERT
  5
2B83
330
2B79
100
AcDbEntity
  8
0
  6
ByBlock
347
ED
 62
     0
440
 16777216
370
    -2
380
     1
100
AcDbBlockReference
  2
*U102
 10
295.3009776265137
 20
4162.107046393119
 30
0.0
  0
INSERT
  5
2B84
330
2B79
100
AcDbEntity
  8
0
  6
ByBlock
347
ED
 62
     0
440
 16777216
370
    -2
380
     1
100
AcDbBlockReference
  2
*U102
 10
301.4870123712304
 20
4162.107046393119
 30
0.0
  0
INSERT
  5
2B85
330
2B79
100
AcDbEntity
  8
0
  6
ByBlock
347
ED
 62
     0
440
 16777216
370
    -2
380
     1
100
AcDbBlockReference
  2
*U102
 10
307.6730471159471
 20
4162.107046393119
 30
0.0
  0
INSERT
  5
2B86
330
2B79
100
AcDbEntity
  8
0
  6
ByBlock
347
ED
 62
     0
440
 16777216
370
    -2
380
     1
100
AcDbBlockReference
  2
*U102
 10
313.8590818606638
 20
4162.107046393119
 30
0.0
  0
INSERT
  5
2B87
330
2B79
100
AcDbEntity
  8
0
  6
ByBlock
347
ED
 62
     0
440
 16777216
370
    -2
380
     1
100
AcDbBlockReference
  2
*U102
 10
320.0451166053805
 20
4162.107046393119
 30
0.0
  0
INSERT
  5
2B88
330
2B79
100
AcDbEntity
  8
0
  6
ByBlock
347
ED
 62
     0
440
 16777216
370
    -2
380
     1
100
AcDbBlockReference
  2
*U102
 10
326.2311513500972
 20
4162.107046393119
 30
0.0
  0
INSERT
  5
2B89
330
2B79
100
AcDbEntity
  8
0
  6
ByBlock
347
ED
 62
     0
440
 16777216
370
    -2
380
     1
100
AcDbBlockReference
  2
*U102
 10
332.4171860948139
 20
4162.107046393119
 30
0.0
  0
INSERT
  5
2B8A
330
2B79
100
AcDbEntity
  8
0
  6
ByBlock
347
ED
 62
     0
440
 16777216
370
    -2
380
     1
100
AcDbBlockReference
  2
*U102
 10
338.6032208395306
 20
4162.107046393119
 30
0.0
  0
INSERT
  5
2B8B
330
2B79
100
AcDbEntity
  8
0
  6
ByBlock
347
ED
 62
     0
440
 16777216
370
    -2
380
     1
100
AcDbBlockReference
  2
*U102
 10
344.7892555842474
 20
4162.107046393119
 30
0.0
  0
INSERT
  5
2B8C
330
2B79
100
AcDbEntity
  8
0
  6
ByBlock
347
ED
 62
     0
440
 16777216
370
    -2
380
     1
100
AcDbBlockReference
  2
*U102
 10
350.9752903289641
 20
4162.107046393119
 30
0.0
  0
ENDBLK
  5
2B8D
330
2B79
100
AcDbEntity
  8
0
 62
    40
420
 16308017
100
AcDbBlockEnd
  0
BLOCK
  5
2B9A
330
2B99
100
AcDbEntity
  8
0
 62
    40
420
 16308017
100
AcDbBlockBegin
  2
*U102
 70
     1
 10
0.0
 20
0.0
 30
0.0
  3
*U102
  1

  0
CIRCLE
  5
2B9B
330
2B99
100
AcDbEntity
  8
0
 62
    40
420
 16308017
100
AcDbCircle
 10
0.0
 20
0.0
 30
0.0
 40
0.75
  0
ENDBLK
  5
2B9C
330
2B99
100
AcDbEntity
  8
0
 62
    40
420
 16308017
100
AcDbBlockEnd
  0
BLOCK
  5
2B9E
330
2B9D
100
AcDbEntity
  8
0
 62
    40
420
 16308017
100
AcDbBlockBegin
  2
*U103
 70
     1
 10
0.0
 20
0.0
 30
0.0
  3
*U103
  1

  0
CIRCLE
  5
2B9F
330
2B9D
100
AcDbEntity
  8
0
 62
    40
420
 16308017
100
AcDbCircle
 10
0.0
 20
0.0
 30
0.0
 40
0.75
  0
ENDBLK
  5
2BA0
330
2B9D
100
AcDbEntity
  8
0
 62
    40
420
 16308017
100
AcDbBlockEnd
  0
BLOCK
  5
2BA2
330
2BA1
100
AcDbEntity
  8
0
 62
    40
420
 16308017
100
AcDbBlockBegin
  2
*U104
 70
     1
 10
0.0
 20
0.0
 30
0.0
  3
*U104
  1

  0
INSERT
  5
2BA3
330
2BA1
100
AcDbEntity
  8
0
  6
ByBlock
347
ED
 62
     0
440
 16777216
370
    -2
380
     1
100
AcDbBlockReference
  2
*U103
 10
245.8126996687799
 20
4162.107046393119
 30
0.0
  0
INSERT
  5
2BA4
330
2BA1
100
AcDbEntity
  8
0
  6
ByBlock
347
ED
 62
     0
440
 16777216
370
    -2
380
     1
100
AcDbBlockReference
  2
*U103
 10
251.9987344134967
 20
4162.107046393119
 30
0.0
  0
INSERT
  5
2BA5
330
2BA1
100
AcDbEntity
  8
0
  6
ByBlock
347
ED
 62
     0
440
 16777216
370
    -2
380
     1
100
AcDbBlockReference
  2
*U103
 10
258.1847691582134
 20
4162.107046393119
 30
0.0
  0
INSERT
  5
2BA6
330
2BA1
100
AcDbEntity
  8
0
  6
ByBlock
347
ED
 62
     0
440
 16777216
370
    -2
380
     1
100
AcDbBlockReference
  2
*U103
 10
264.3708039029301
 20
4162.107046393119
 30
0.0
  0
INSERT
  5
2BA7
330
2BA1
100
AcDbEntity
  8
0
  6
ByBlock
347
ED
 62
     0
440
 16777216
370
    -2
380
     1
100
AcDbBlockReference
  2
*U103
 10
270.5568386476468
 20
4162.107046393119
 30
0.0
  0
INSERT
  5
2BA8
330
2BA1
100
AcDbEntity
  8
0
  6
ByBlock
347
ED
 62
     0
440
 16777216
370
    -2
380
     1
100
AcDbBlockReference
  2
*U103
 10
276.7428733923635
 20
4162.107046393119
 30
0.0
  0
INSERT
  5
2BA9
330
2BA1
100
AcDbEntity
  8
0
  6
ByBlock
347
ED
 62
     0
440
 16777216
370
    -2
380
     1
100
AcDbBlockReference
  2
*U103
 10
282.9289081370802
 20
4162.107046393119
 30
0.0
  0
INSERT
  5
2BAA
330
2BA1
100
AcDbEntity
  8
0
  6
ByBlock
347
ED
 62
     0
440
 16777216
370
    -2
380
     1
100
AcDbBlockReference
  2
*U103
 10
289.1149428817969
 20
4162.107046393119
 30
0.0
  0
INSERT
  5
2BAB
330
2BA1
100
AcDbEntity
  8
0
  6
ByBlock
347
ED
 62
     0
440
 16777216
370
    -2
380
     1
100
AcDbBlockReference
  2
*U103
 10
295.3009776265137
 20
4162.107046393119
 30
0.0
  0
INSERT
  5
2BAC
330
2BA1
100
AcDbEntity
  8
0
  6
ByBlock
347
ED
 62
     0
440
 16777216
370
    -2
380
     1
100
AcDbBlockReference
  2
*U103
 10
301.4870123712304
 20
4162.107046393119
 30
0.0
  0
INSERT
  5
2BAD
330
2BA1
100
AcDbEntity
  8
0
  6
ByBlock
347
ED
 62
     0
440
 16777216
370
    -2
380
     1
100
AcDbBlockReference
  2
*U103
 10
307.6730471159471
 20
4162.107046393119
 30
0.0
  0
INSERT
  5
2BAE
330
2BA1
100
AcDbEntity
  8
0
  6
ByBlock
347
ED
 62
     0
440
 16777216
370
    -2
380
     1
100
AcDbBlockReference
  2
*U103
 10
313.8590818606638
 20
4162.107046393119
 30
0.0
  0
INSERT
  5
2BAF
330
2BA1
100
AcDbEntity
  8
0
  6
ByBlock
347
ED
 62
     0
440
 16777216
370
    -2
380
     1
100
AcDbBlockReference
  2
*U103
 10
320.0451166053805
 20
4162.107046393119
 30
0.0
  0
INSERT
  5
2BB0
330
2BA1
100
AcDbEntity
  8
0
  6
ByBlock
347
ED
 62
     0
440
 16777216
370
    -2
380
     1
100
AcDbBlockReference
  2
*U103
 10
326.2311513500972
 20
4162.107046393119
 30
0.0
  0
INSERT
  5
2BB1
330
2BA1
100
AcDbEntity
  8
0
  6
ByBlock
347
ED
 62
     0
440
 16777216
370
    -2
380
     1
100
AcDbBlockReference
  2
*U103
 10
332.4171860948139
 20
4162.107046393119
 30
0.0
  0
INSERT
  5
2BB2
330
2BA1
100
AcDbEntity
  8
0
  6
ByBlock
347
ED
 62
     0
440
 16777216
370
    -2
380
     1
100
AcDbBlockReference
  2
*U103
 10
338.6032208395306
 20
4162.107046393119
 30
0.0
  0
INSERT
  5
2BB3
330
2BA1
100
AcDbEntity
  8
0
  6
ByBlock
347
ED
 62
     0
440
 16777216
370
    -2
380
     1
100
AcDbBlockReference
  2
*U103
 10
344.7892555842474
 20
4162.107046393119
 30
0.0
  0
INSERT
  5
2BB4
330
2BA1
100
AcDbEntity
  8
0
  6
ByBlock
347
ED
 62
     0
440
 16777216
370
    -2
380
     1
100
AcDbBlockReference
  2
*U103
 10
350.9752903289641
 20
4162.107046393119
 30
0.0
  0
ENDBLK
  5
2BB5
330
2BA1
100
AcDbEntity
  8
0
 62
    40
420
 16308017
100
AcDbBlockEnd
  0
BLOCK
  5
2BC9
330
2BC8
100
AcDbEntity
  8
0
 62
    40
420
 16308017
100
AcDbBlockBegin
  2
*U105
 70
     1
 10
0.0
 20
0.0
 30
0.0
  3
*U105
  1

  0
CIRCLE
  5
2BCA
330
2BC8
100
AcDbEntity
  8
0
 62
    40
420
 16308017
100
AcDbCircle
 10
0.0
 20
0.0
 30
0.0
 40
0.75
  0
ENDBLK
  5
2BCB
330
2BC8
100
AcDbEntity
  8
0
 62
    40
420
 16308017
100
AcDbBlockEnd
  0
BLOCK
  5
2BCD
330
2BCC
100
AcDbEntity
  8
0
 62
    40
420
 16308017
100
AcDbBlockBegin
  2
*U106
 70
     1
 10
0.0
 20
0.0
 30
0.0
  3
*U106
  1

  0
INSERT
  5
2BCE
330
2BCC
100
AcDbEntity
  8
0
  6
ByBlock
347
ED
 62
     0
440
 16777216
370
    -2
380
     1
100
AcDbBlockReference
  2
*U105
 10
245.8126996687799
 20
4162.107046393119
 30
0.0
  0
INSERT
  5
2BCF
330
2BCC
100
AcDbEntity
  8
0
  6
ByBlock
347
ED
 62
     0
440
 16777216
370
    -2
380
     1
100
AcDbBlockReference
  2
*U105
 10
251.9987344134967
 20
4162.107046393119
 30
0.0
  0
INSERT
  5
2BD0
330
2BCC
100
AcDbEntity
  8
0
  6
ByBlock
347
ED
 62
     0
440
 16777216
370
    -2
380
     1
100
AcDbBlockReference
  2
*U105
 10
258.1847691582134
 20
4162.107046393119
 30
0.0
  0
INSERT
  5
2BD1
330
2BCC
100
AcDbEntity
  8
0
  6
ByBlock
347
ED
 62
     0
440
 16777216
370
    -2
380
     1
100
AcDbBlockReference
  2
*U105
 10
264.3708039029301
 20
4162.107046393119
 30
0.0
  0
INSERT
  5
2BD2
330
2BCC
100
AcDbEntity
  8
0
  6
ByBlock
347
ED
 62
     0
440
 16777216
370
    -2
380
     1
100
AcDbBlockReference
  2
*U105
 10
270.5568386476468
 20
4162.107046393119
 30
0.0
  0
INSERT
  5
2BD3
330
2BCC
100
AcDbEntity
  8
0
  6
ByBlock
347
ED
 62
     0
440
 16777216
370
    -2
380
     1
100
AcDbBlockReference
  2
*U105
 10
276.7428733923635
 20
4162.107046393119
 30
0.0
  0
INSERT
  5
2BD4
330
2BCC
100
AcDbEntity
  8
0
  6
ByBlock
347
ED
 62
     0
440
 16777216
370
    -2
380
     1
100
AcDbBlockReference
  2
*U105
 10
282.9289081370802
 20
4162.107046393119
 30
0.0
  0
INSERT
  5
2BD5
330
2BCC
100
AcDbEntity
  8
0
  6
ByBlock
347
ED
 62
     0
440
 16777216
370
    -2
380
     1
100
AcDbBlockReference
  2
*U105
 10
289.1149428817969
 20
4162.107046393119
 30
0.0
  0
INSERT
  5
2BD6
330
2BCC
100
AcDbEntity
  8
0
  6
ByBlock
347
ED
 62
     0
440
 16777216
370
    -2
380
     1
100
AcDbBlockReference
  2
*U105
 10
295.3009776265137
 20
4162.107046393119
 30
0.0
  0
INSERT
  5
2BD7
330
2BCC
100
AcDbEntity
  8
0
  6
ByBlock
347
ED
 62
     0
440
 16777216
370
    -2
380
     1
100
AcDbBlockReference
  2
*U105
 10
301.4870123712304
 20
4162.107046393119
 30
0.0
  0
INSERT
  5
2BD8
330
2BCC
100
AcDbEntity
  8
0
  6
ByBlock
347
ED
 62
     0
440
 16777216
370
    -2
380
     1
100
AcDbBlockReference
  2
*U105
 10
307.6730471159471
 20
4162.107046393119
 30
0.0
  0
INSERT
  5
2BD9
330
2BCC
100
AcDbEntity
  8
0
  6
ByBlock
347
ED
 62
     0
440
 16777216
370
    -2
380
     1
100
AcDbBlockReference
  2
*U105
 10
313.8590818606638
 20
4162.107046393119
 30
0.0
  0
INSERT
  5
2BDA
330
2BCC
100
AcDbEntity
  8
0
  6
ByBlock
347
ED
 62
     0
440
 16777216
370
    -2
380
     1
100
AcDbBlockReference
  2
*U105
 10
320.0451166053805
 20
4162.107046393119
 30
0.0
  0
INSERT
  5
2BDB
330
2BCC
100
AcDbEntity
  8
0
  6
ByBlock
347
ED
 62
     0
440
 16777216
370
    -2
380
     1
100
AcDbBlockReference
  2
*U105
 10
326.2311513500972
 20
4162.107046393119
 30
0.0
  0
INSERT
  5
2BDC
330
2BCC
100
AcDbEntity
  8
0
  6
ByBlock
347
ED
 62
     0
440
 16777216
370
    -2
380
     1
100
AcDbBlockReference
  2
*U105
 10
332.4171860948139
 20
4162.107046393119
 30
0.0
  0
INSERT
  5
2BDD
330
2BCC
100
AcDbEntity
  8
0
  6
ByBlock
347
ED
 62
     0
440
 16777216
370
    -2
380
     1
100
AcDbBlockReference
  2
*U105
 10
338.6032208395306
 20
4162.107046393119
 30
0.0
  0
INSERT
  5
2BDE
330
2BCC
100
AcDbEntity
  8
0
  6
ByBlock
347
ED
 62
     0
440
 16777216
370
    -2
380
     1
100
AcDbBlockReference
  2
*U105
 10
344.7892555842474
 20
4162.107046393119
 30
0.0
  0
INSERT
  5
2BDF
330
2BCC
100
AcDbEntity
  8
0
  6
ByBlock
347
ED
 62
     0
440
 16777216
370
    -2
380
     1
100
AcDbBlockReference
  2
*U105
 10
350.9752903289641
 20
4162.107046393119
 30
0.0
  0
ENDBLK
  5
2BE0
330
2BCC
100
AcDbEntity
  8
0
 62
    40
420
 16308017
100
AcDbBlockEnd
  0
BLOCK
  5
2BE2
330
2BE1
100
AcDbEntity
  8
0
 62
    40
420
 16308017
100
AcDbBlockBegin
  2
*U107
 70
     1
 10
0.0
 20
0.0
 30
0.0
  3
*U107
  1

  0
CIRCLE
  5
2BE3
330
2BE1
100
AcDbEntity
  8
0
 62
    40
420
 16308017
100
AcDbCircle
 10
0.0
 20
0.0
 30
0.0
 40
0.75
  0
ENDBLK
  5
2BE4
330
2BE1
100
AcDbEntity
  8
0
 62
    40
420
 16308017
100
AcDbBlockEnd
  0
BLOCK
  5
2BE6
330
2BE5
100
AcDbEntity
  8
0
 62
    40
420
 16308017
100
AcDbBlockBegin
  2
*U108
 70
     1
 10
0.0
 20
0.0
 30
0.0
  3
*U108
  1

  0
INSERT
  5
2BE7
330
2BE5
100
AcDbEntity
  8
0
  6
ByBlock
347
ED
 62
     0
440
 16777216
370
    -2
380
     1
100
AcDbBlockReference
  2
*U107
 10
245.8126996687799
 20
4162.107046393119
 30
0.0
  0
INSERT
  5
2BE8
330
2BE5
100
AcDbEntity
  8
0
  6
ByBlock
347
ED
 62
     0
440
 16777216
370
    -2
380
     1
100
AcDbBlockReference
  2
*U107
 10
251.9987344134967
 20
4162.107046393119
 30
0.0
  0
INSERT
  5
2BE9
330
2BE5
100
AcDbEntity
  8
0
  6
ByBlock
347
ED
 62
     0
440
 16777216
370
    -2
380
     1
100
AcDbBlockReference
  2
*U107
 10
258.1847691582134
 20
4162.107046393119
 30
0.0
  0
INSERT
  5
2BEA
330
2BE5
100
AcDbEntity
  8
0
  6
ByBlock
347
ED
 62
     0
440
 16777216
370
    -2
380
     1
100
AcDbBlockReference
  2
*U107
 10
264.3708039029301
 20
4162.107046393119
 30
0.0
  0
INSERT
  5
2BEB
330
2BE5
100
AcDbEntity
  8
0
  6
ByBlock
347
ED
 62
     0
440
 16777216
370
    -2
380
     1
100
AcDbBlockReference
  2
*U107
 10
270.5568386476468
 20
4162.107046393119
 30
0.0
  0
INSERT
  5
2BEC
330
2BE5
100
AcDbEntity
  8
0
  6
ByBlock
347
ED
 62
     0
440
 16777216
370
    -2
380
     1
100
AcDbBlockReference
  2
*U107
 10
276.7428733923635
 20
4162.107046393119
 30
0.0
  0
INSERT
  5
2BED
330
2BE5
100
AcDbEntity
  8
0
  6
ByBlock
347
ED
 62
     0
440
 16777216
370
    -2
380
     1
100
AcDbBlockReference
  2
*U107
 10
282.9289081370802
 20
4162.107046393119
 30
0.0
  0
INSERT
  5
2BEE
330
2BE5
100
AcDbEntity
  8
0
  6
ByBlock
347
ED
 62
     0
440
 16777216
370
    -2
380
     1
100
AcDbBlockReference
  2
*U107
 10
289.1149428817969
 20
4162.107046393119
 30
0.0
  0
INSERT
  5
2BEF
330
2BE5
100
AcDbEntity
  8
0
  6
ByBlock
347
ED
 62
     0
440
 16777216
370
    -2
380
     1
100
AcDbBlockReference
  2
*U107
 10
295.3009776265137
 20
4162.107046393119
 30
0.0
  0
INSERT
  5
2BF0
330
2BE5
100
AcDbEntity
  8
0
  6
ByBlock
347
ED
 62
     0
440
 16777216
370
    -2
380
     1
100
AcDbBlockReference
  2
*U107
 10
301.4870123712304
 20
4162.107046393119
 30
0.0
  0
INSERT
  5
2BF1
330
2BE5
100
AcDbEntity
  8
0
  6
ByBlock
347
ED
 62
     0
440
 16777216
370
    -2
380
     1
100
AcDbBlockReference
  2
*U107
 10
307.6730471159471
 20
4162.107046393119
 30
0.0
  0
INSERT
  5
2BF2
330
2BE5
100
AcDbEntity
  8
0
  6
ByBlock
347
ED
 62
     0
440
 16777216
370
    -2
380
     1
100
AcDbBlockReference
  2
*U107
 10
313.8590818606638
 20
4162.107046393119
 30
0.0
  0
INSERT
  5
2BF3
330
2BE5
100
AcDbEntity
  8
0
  6
ByBlock
347
ED
 62
     0
440
 16777216
370
    -2
380
     1
100
AcDbBlockReference
  2
*U107
 10
320.0451166053805
 20
4162.107046393119
 30
0.0
  0
INSERT
  5
2BF4
330
2BE5
100
AcDbEntity
  8
0
  6
ByBlock
347
ED
 62
     0
440
 16777216
370
    -2
380
     1
100
AcDbBlockReference
  2
*U107
 10
326.2311513500972
 20
4162.107046393119
 30
0.0
  0
INSERT
  5
2BF5
330
2BE5
100
AcDbEntity
  8
0
  6
ByBlock
347
ED
 62
     0
440
 16777216
370
    -2
380
     1
100
AcDbBlockReference
  2
*U107
 10
332.4171860948139
 20
4162.107046393119
 30
0.0
  0
INSERT
  5
2BF6
330
2BE5
100
AcDbEntity
  8
0
  6
ByBlock
347
ED
 62
     0
440
 16777216
370
    -2
380
     1
100
AcDbBlockReference
  2
*U107
 10
338.6032208395306
 20
4162.107046393119
 30
0.0
  0
INSERT
  5
2BF7
330
2BE5
100
AcDbEntity
  8
0
  6
ByBlock
347
ED
 62
     0
440
 16777216
370
    -2
380
     1
100
AcDbBlockReference
  2
*U107
 10
344.7892555842474
 20
4162.107046393119
 30
0.0
  0
INSERT
  5
2BF8
330
2BE5
100
AcDbEntity
  8
0
  6
ByBlock
347
ED
 62
     0
440
 16777216
370
    -2
380
     1
100
AcDbBlockReference
  2
*U107
 10
350.9752903289641
 20
4162.107046393119
 30
0.0
  0
ENDBLK
  5
2BF9
330
2BE5
100
AcDbEntity
  8
0
 62
    40
420
 16308017
100
AcDbBlockEnd
  0
BLOCK
  5
2C04
330
2C03
100
AcDbEntity
  8
0
 62
    40
420
 16308017
100
AcDbBlockBegin
  2
*U109
 70
     1
 10
0.0
 20
0.0
 30
0.0
  3
*U109
  1

  0
CIRCLE
  5
2C05
330
2C03
100
AcDbEntity
  8
0
 62
    40
420
 16308017
100
AcDbCircle
 10
0.0
 20
0.0
 30
0.0
 40
0.75
  0
ENDBLK
  5
2C06
330
2C03
100
AcDbEntity
  8
0
 62
    40
420
 16308017
100
AcDbBlockEnd
  0
BLOCK
  5
2C08
330
2C07
100
AcDbEntity
  8
0
 62
    40
420
 16308017
100
AcDbBlockBegin
  2
*U110
 70
     1
 10
0.0
 20
0.0
 30
0.0
  3
*U110
  1

  0
INSERT
  5
2C09
330
2C07
100
AcDbEntity
  8
0
  6
ByBlock
347
ED
 62
     0
440
 16777216
370
    -2
380
     1
100
AcDbBlockReference
  2
*U109
 10
245.8126996687799
 20
4162.107046393119
 30
0.0
  0
INSERT
  5
2C0A
330
2C07
100
AcDbEntity
  8
0
  6
ByBlock
347
ED
 62
     0
440
 16777216
370
    -2
380
     1
100
AcDbBlockReference
  2
*U109
 10
251.9987344134967
 20
4162.107046393119
 30
0.0
  0
INSERT
  5
2C0B
330
2C07
100
AcDbEntity
  8
0
  6
ByBlock
347
ED
 62
     0
440
 16777216
370
    -2
380
     1
100
AcDbBlockReference
  2
*U109
 10
258.1847691582134
 20
4162.107046393119
 30
0.0
  0
INSERT
  5
2C0C
330
2C07
100
AcDbEntity
  8
0
  6
ByBlock
347
ED
 62
     0
440
 16777216
370
    -2
380
     1
100
AcDbBlockReference
  2
*U109
 10
264.3708039029301
 20
4162.107046393119
 30
0.0
  0
INSERT
  5
2C0D
330
2C07
100
AcDbEntity
  8
0
  6
ByBlock
347
ED
 62
     0
440
 16777216
370
    -2
380
     1
100
AcDbBlockReference
  2
*U109
 10
270.5568386476468
 20
4162.107046393119
 30
0.0
  0
INSERT
  5
2C0E
330
2C07
100
AcDbEntity
  8
0
  6
ByBlock
347
ED
 62
     0
440
 16777216
370
    -2
380
     1
100
AcDbBlockReference
  2
*U109
 10
276.7428733923635
 20
4162.107046393119
 30
0.0
  0
INSERT
  5
2C0F
330
2C07
100
AcDbEntity
  8
0
  6
ByBlock
347
ED
 62
     0
440
 16777216
370
    -2
380
     1
100
AcDbBlockReference
  2
*U109
 10
282.9289081370802
 20
4162.107046393119
 30
0.0
  0
INSERT
  5
2C10
330
2C07
100
AcDbEntity
  8
0
  6
ByBlock
347
ED
 62
     0
440
 16777216
370
    -2
380
     1
100
AcDbBlockReference
  2
*U109
 10
289.1149428817969
 20
4162.107046393119
 30
0.0
  0
INSERT
  5
2C11
330
2C07
100
AcDbEntity
  8
0
  6
ByBlock
347
ED
 62
     0
440
 16777216
370
    -2
380
     1
100
AcDbBlockReference
  2
*U109
 10
295.3009776265137
 20
4162.107046393119
 30
0.0
  0
INSERT
  5
2C12
330
2C07
100
AcDbEntity
  8
0
  6
ByBlock
347
ED
 62
     0
440
 16777216
370
    -2
380
     1
100
AcDbBlockReference
  2
*U109
 10
301.4870123712304
 20
4162.107046393119
 30
0.0
  0
INSERT
  5
2C13
330
2C07
100
AcDbEntity
  8
0
  6
ByBlock
347
ED
 62
     0
440
 16777216
370
    -2
380
     1
100
AcDbBlockReference
  2
*U109
 10
307.6730471159471
 20
4162.107046393119
 30
0.0
  0
INSERT
  5
2C14
330
2C07
100
AcDbEntity
  8
0
  6
ByBlock
347
ED
 62
     0
440
 16777216
370
    -2
380
     1
100
AcDbBlockReference
  2
*U109
 10
313.8590818606638
 20
4162.107046393119
 30
0.0
  0
INSERT
  5
2C15
330
2C07
100
AcDbEntity
  8
0
  6
ByBlock
347
ED
 62
     0
440
 16777216
370
    -2
380
     1
100
AcDbBlockReference
  2
*U109
 10
320.0451166053805
 20
4162.107046393119
 30
0.0
  0
INSERT
  5
2C16
330
2C07
100
AcDbEntity
  8
0
  6
ByBlock
347
ED
 62
     0
440
 16777216
370
    -2
380
     1
100
AcDbBlockReference
  2
*U109
 10
326.2311513500972
 20
4162.107046393119
 30
0.0
  0
INSERT
  5
2C17
330
2C07
100
AcDbEntity
  8
0
  6
ByBlock
347
ED
 62
     0
440
 16777216
370
    -2
380
     1
100
AcDbBlockReference
  2
*U109
 10
332.4171860948139
 20
4162.107046393119
 30
0.0
  0
INSERT
  5
2C18
330
2C07
100
AcDbEntity
  8
0
  6
ByBlock
347
ED
 62
     0
440
 16777216
370
    -2
380
     1
100
AcDbBlockReference
  2
*U109
 10
338.6032208395306
 20
4162.107046393119
 30
0.0
  0
INSERT
  5
2C19
330
2C07
100
AcDbEntity
  8
0
  6
ByBlock
347
ED
 62
     0
440
 16777216
370
    -2
380
     1
100
AcDbBlockReference
  2
*U109
 10
344.7892555842474
 20
4162.107046393119
 30
0.0
  0
INSERT
  5
2C1A
330
2C07
100
AcDbEntity
  8
0
  6
ByBlock
347
ED
 62
     0
440
 16777216
370
    -2
380
     1
100
AcDbBlockReference
  2
*U109
 10
350.9752903289641
 20
4162.107046393119
 30
0.0
  0
ENDBLK
  5
2C1B
330
2C07
100
AcDbEntity
  8
0
 62
    40
420
 16308017
100
AcDbBlockEnd
  0
BLOCK
  5
2C26
330
2C25
100
AcDbEntity
  8
0
 62
    40
420
 16308017
100
AcDbBlockBegin
  2
*U111
 70
     1
 10
0.0
 20
0.0
 30
0.0
  3
*U111
  1

  0
INSERT
  5
2C27
330
2C25
100
AcDbEntity
  8
0
  6
ByBlock
347
ED
 62
     0
440
 16777216
370
    -2
380
     1
100
AcDbBlockReference
  2
*U118
 10
245.8126996687799
 20
4162.107046393119
 30
0.0
  0
INSERT
  5
2C28
330
2C25
100
AcDbEntity
  8
0
  6
ByBlock
347
ED
 62
     0
440
 16777216
370
    -2
380
     1
100
AcDbBlockReference
  2
*U118
 10
251.9987344134967
 20
4162.107046393119
 30
0.0
  0
INSERT
  5
2C29
330
2C25
100
AcDbEntity
  8
0
  6
ByBlock
347
ED
 62
     0
440
 16777216
370
    -2
380
     1
100
AcDbBlockReference
  2
*U118
 10
258.1847691582134
 20
4162.107046393119
 30
0.0
  0
INSERT
  5
2C2A
330
2C25
100
AcDbEntity
  8
0
  6
ByBlock
347
ED
 62
     0
440
 16777216
370
    -2
380
     1
100
AcDbBlockReference
  2
*U118
 10
264.3708039029301
 20
4162.107046393119
 30
0.0
  0
INSERT
  5
2C2B
330
2C25
100
AcDbEntity
  8
0
  6
ByBlock
347
ED
 62
     0
440
 16777216
370
    -2
380
     1
100
AcDbBlockReference
  2
*U118
 10
270.5568386476468
 20
4162.107046393119
 30
0.0
  0
INSERT
  5
2C2C
330
2C25
100
AcDbEntity
  8
0
  6
ByBlock
347
ED
 62
     0
440
 16777216
370
    -2
380
     1
100
AcDbBlockReference
  2
*U118
 10
276.7428733923635
 20
4162.107046393119
 30
0.0
  0
INSERT
  5
2C2D
330
2C25
100
AcDbEntity
  8
0
  6
ByBlock
347
ED
 62
     0
440
 16777216
370
    -2
380
     1
100
AcDbBlockReference
  2
*U118
 10
282.9289081370802
 20
4162.107046393119
 30
0.0
  0
INSERT
  5
2C2E
330
2C25
100
AcDbEntity
  8
0
  6
ByBlock
347
ED
 62
     0
440
 16777216
370
    -2
380
     1
100
AcDbBlockReference
  2
*U118
 10
289.1149428817969
 20
4162.107046393119
 30
0.0
  0
INSERT
  5
2C2F
330
2C25
100
AcDbEntity
  8
0
  6
ByBlock
347
ED
 62
     0
440
 16777216
370
    -2
380
     1
100
AcDbBlockReference
  2
*U118
 10
295.3009776265137
 20
4162.107046393119
 30
0.0
  0
INSERT
  5
2C30
330
2C25
100
AcDbEntity
  8
0
  6
ByBlock
347
ED
 62
     0
440
 16777216
370
    -2
380
     1
100
AcDbBlockReference
  2
*U118
 10
301.4870123712304
 20
4162.107046393119
 30
0.0
  0
INSERT
  5
2C31
330
2C25
100
AcDbEntity
  8
0
  6
ByBlock
347
ED
 62
     0
440
 16777216
370
    -2
380
     1
100
AcDbBlockReference
  2
*U118
 10
307.6730471159471
 20
4162.107046393119
 30
0.0
  0
INSERT
  5
2C32
330
2C25
100
AcDbEntity
  8
0
  6
ByBlock
347
ED
 62
     0
440
 16777216
370
    -2
380
     1
100
AcDbBlockReference
  2
*U118
 10
313.8590818606638
 20
4162.107046393119
 30
0.0
  0
INSERT
  5
2C33
330
2C25
100
AcDbEntity
  8
0
  6
ByBlock
347
ED
 62
     0
440
 16777216
370
    -2
380
     1
100
AcDbBlockReference
  2
*U118
 10
320.0451166053805
 20
4162.107046393119
 30
0.0
  0
INSERT
  5
2C34
330
2C25
100
AcDbEntity
  8
0
  6
ByBlock
347
ED
 62
     0
440
 16777216
370
    -2
380
     1
100
AcDbBlockReference
  2
*U118
 10
326.2311513500972
 20
4162.107046393119
 30
0.0
  0
INSERT
  5
2C35
330
2C25
100
AcDbEntity
  8
0
  6
ByBlock
347
ED
 62
     0
440
 16777216
370
    -2
380
     1
100
AcDbBlockReference
  2
*U118
 10
332.4171860948139
 20
4162.107046393119
 30
0.0
  0
INSERT
  5
2C36
330
2C25
100
AcDbEntity
  8
0
  6
ByBlock
347
ED
 62
     0
440
 16777216
370
    -2
380
     1
100
AcDbBlockReference
  2
*U118
 10
338.6032208395306
 20
4162.107046393119
 30
0.0
  0
INSERT
  5
2C37
330
2C25
100
AcDbEntity
  8
0
  6
ByBlock
347
ED
 62
     0
440
 16777216
370
    -2
380
     1
100
AcDbBlockReference
  2
*U118
 10
344.7892555842474
 20
4162.107046393119
 30
0.0
  0
INSERT
  5
2C38
330
2C25
100
AcDbEntity
  8
0
  6
ByBlock
347
ED
 62
     0
440
 16777216
370
    -2
380
     1
100
AcDbBlockReference
  2
*U118
 10
350.9752903289641
 20
4162.107046393119
 30
0.0
  0
ENDBLK
  5
2C39
330
2C25
100
AcDbEntity
  8
0
 62
    40
420
 16308017
100
AcDbBlockEnd
  0
BLOCK
  5
2C44
330
2C43
100
AcDbEntity
  8
0
 62
    40
420
 16308017
100
AcDbBlockBegin
  2
*U112
 70
     1
 10
0.0
 20
0.0
 30
0.0
  3
*U112
  1

  0
CIRCLE
  5
2C45
330
2C43
100
AcDbEntity
  8
0
 62
    40
420
 16308017
100
AcDbCircle
 10
0.0
 20
0.0
 30
0.0
 40
0.75
  0
ENDBLK
  5
2C46
330
2C43
100
AcDbEntity
  8
0
 62
    40
420
 16308017
100
AcDbBlockEnd
  0
BLOCK
  5
2C48
330
2C47
100
AcDbEntity
  8
0
 62
    40
420
 16308017
100
AcDbBlockBegin
  2
*U113
 70
     1
 10
0.0
 20
0.0
 30
0.0
  3
*U113
  1

  0
INSERT
  5
2C49
330
2C47
100
AcDbEntity
  8
0
  6
ByBlock
347
ED
 62
     0
440
 16777216
370
    -2
380
     1
100
AcDbBlockReference
  2
*U112
 10
245.8126996687799
 20
4162.107046393119
 30
0.0
  0
INSERT
  5
2C4A
330
2C47
100
AcDbEntity
  8
0
  6
ByBlock
347
ED
 62
     0
440
 16777216
370
    -2
380
     1
100
AcDbBlockReference
  2
*U112
 10
251.9987344134967
 20
4162.107046393119
 30
0.0
  0
INSERT
  5
2C4B
330
2C47
100
AcDbEntity
  8
0
  6
ByBlock
347
ED
 62
     0
440
 16777216
370
    -2
380
     1
100
AcDbBlockReference
  2
*U112
 10
258.1847691582134
 20
4162.107046393119
 30
0.0
  0
INSERT
  5
2C4C
330
2C47
100
AcDbEntity
  8
0
  6
ByBlock
347
ED
 62
     0
440
 16777216
370
    -2
380
     1
100
AcDbBlockReference
  2
*U112
 10
264.3708039029301
 20
4162.107046393119
 30
0.0
  0
INSERT
  5
2C4D
330
2C47
100
AcDbEntity
  8
0
  6
ByBlock
347
ED
 62
     0
440
 16777216
370
    -2
380
     1
100
AcDbBlockReference
  2
*U112
 10
270.5568386476468
 20
4162.107046393119
 30
0.0
  0
INSERT
  5
2C4E
330
2C47
100
AcDbEntity
  8
0
  6
ByBlock
347
ED
 62
     0
440
 16777216
370
    -2
380
     1
100
AcDbBlockReference
  2
*U112
 10
276.7428733923635
 20
4162.107046393119
 30
0.0
  0
INSERT
  5
2C4F
330
2C47
100
AcDbEntity
  8
0
  6
ByBlock
347
ED
 62
     0
440
 16777216
370
    -2
380
     1
100
AcDbBlockReference
  2
*U112
 10
282.9289081370802
 20
4162.107046393119
 30
0.0
  0
INSERT
  5
2C50
330
2C47
100
AcDbEntity
  8
0
  6
ByBlock
347
ED
 62
     0
440
 16777216
370
    -2
380
     1
100
AcDbBlockReference
  2
*U112
 10
289.1149428817969
 20
4162.107046393119
 30
0.0
  0
INSERT
  5
2C51
330
2C47
100
AcDbEntity
  8
0
  6
ByBlock
347
ED
 62
     0
440
 16777216
370
    -2
380
     1
100
AcDbBlockReference
  2
*U112
 10
295.3009776265137
 20
4162.107046393119
 30
0.0
  0
INSERT
  5
2C52
330
2C47
100
AcDbEntity
  8
0
  6
ByBlock
347
ED
 62
     0
440
 16777216
370
    -2
380
     1
100
AcDbBlockReference
  2
*U112
 10
301.4870123712304
 20
4162.107046393119
 30
0.0
  0
INSERT
  5
2C53
330
2C47
100
AcDbEntity
  8
0
  6
ByBlock
347
ED
 62
     0
440
 16777216
370
    -2
380
     1
100
AcDbBlockReference
  2
*U112
 10
307.6730471159471
 20
4162.107046393119
 30
0.0
  0
INSERT
  5
2C54
330
2C47
100
AcDbEntity
  8
0
  6
ByBlock
347
ED
 62
     0
440
 16777216
370
    -2
380
     1
100
AcDbBlockReference
  2
*U112
 10
313.8590818606638
 20
4162.107046393119
 30
0.0
  0
INSERT
  5
2C55
330
2C47
100
AcDbEntity
  8
0
  6
ByBlock
347
ED
 62
     0
440
 16777216
370
    -2
380
     1
100
AcDbBlockReference
  2
*U112
 10
320.0451166053805
 20
4162.107046393119
 30
0.0
  0
INSERT
  5
2C56
330
2C47
100
AcDbEntity
  8
0
  6
ByBlock
347
ED
 62
     0
440
 16777216
370
    -2
380
     1
100
AcDbBlockReference
  2
*U112
 10
326.2311513500972
 20
4162.107046393119
 30
0.0
  0
INSERT
  5
2C57
330
2C47
100
AcDbEntity
  8
0
  6
ByBlock
347
ED
 62
     0
440
 16777216
370
    -2
380
     1
100
AcDbBlockReference
  2
*U112
 10
332.4171860948139
 20
4162.107046393119
 30
0.0
  0
INSERT
  5
2C58
330
2C47
100
AcDbEntity
  8
0
  6
ByBlock
347
ED
 62
     0
440
 16777216
370
    -2
380
     1
100
AcDbBlockReference
  2
*U112
 10
338.6032208395306
 20
4162.107046393119
 30
0.0
  0
INSERT
  5
2C59
330
2C47
100
AcDbEntity
  8
0
  6
ByBlock
347
ED
 62
     0
440
 16777216
370
    -2
380
     1
100
AcDbBlockReference
  2
*U112
 10
344.7892555842474
 20
4162.107046393119
 30
0.0
  0
INSERT
  5
2C5A
330
2C47
100
AcDbEntity
  8
0
  6
ByBlock
347
ED
 62
     0
440
 16777216
370
    -2
380
     1
100
AcDbBlockReference
  2
*U112
 10
350.9752903289641
 20
4162.107046393119
 30
0.0
  0
ENDBLK
  5
2C5B
330
2C47
100
AcDbEntity
  8
0
 62
    40
420
 16308017
100
AcDbBlockEnd
  0
BLOCK
  5
2C66
330
2C65
100
AcDbEntity
  8
0
 62
    40
420
 16308017
100
AcDbBlockBegin
  2
*U114
 70
     1
 10
0.0
 20
0.0
 30
0.0
  3
*U114
  1

  0
CIRCLE
  5
2C67
330
2C65
100
AcDbEntity
  8
0
 62
    40
420
 16308017
100
AcDbCircle
 10
0.0
 20
0.0
 30
0.0
 40
0.75
  0
ENDBLK
  5
2C68
330
2C65
100
AcDbEntity
  8
0
 62
    40
420
 16308017
100
AcDbBlockEnd
  0
BLOCK
  5
2C6A
330
2C69
100
AcDbEntity
  8
0
 62
    40
420
 16308017
100
AcDbBlockBegin
  2
*U115
 70
     1
 10
0.0
 20
0.0
 30
0.0
  3
*U115
  1

  0
INSERT
  5
2C6B
330
2C69
100
AcDbEntity
  8
0
  6
ByBlock
347
ED
 62
     0
440
 16777216
370
    -2
380
     1
100
AcDbBlockReference
  2
*U114
 10
245.8126996687799
 20
4162.107046393119
 30
0.0
  0
INSERT
  5
2C6C
330
2C69
100
AcDbEntity
  8
0
  6
ByBlock
347
ED
 62
     0
440
 16777216
370
    -2
380
     1
100
AcDbBlockReference
  2
*U114
 10
251.9987344134967
 20
4162.107046393119
 30
0.0
  0
INSERT
  5
2C6D
330
2C69
100
AcDbEntity
  8
0
  6
ByBlock
347
ED
 62
     0
440
 16777216
370
    -2
380
     1
100
AcDbBlockReference
  2
*U114
 10
258.1847691582134
 20
4162.107046393119
 30
0.0
  0
INSERT
  5
2C6E
330
2C69
100
AcDbEntity
  8
0
  6
ByBlock
347
ED
 62
     0
440
 16777216
370
    -2
380
     1
100
AcDbBlockReference
  2
*U114
 10
264.3708039029301
 20
4162.107046393119
 30
0.0
  0
INSERT
  5
2C6F
330
2C69
100
AcDbEntity
  8
0
  6
ByBlock
347
ED
 62
     0
440
 16777216
370
    -2
380
     1
100
AcDbBlockReference
  2
*U114
 10
270.5568386476468
 20
4162.107046393119
 30
0.0
  0
INSERT
  5
2C70
330
2C69
100
AcDbEntity
  8
0
  6
ByBlock
347
ED
 62
     0
440
 16777216
370
    -2
380
     1
100
AcDbBlockReference
  2
*U114
 10
276.7428733923635
 20
4162.107046393119
 30
0.0
  0
INSERT
  5
2C71
330
2C69
100
AcDbEntity
  8
0
  6
ByBlock
347
ED
 62
     0
440
 16777216
370
    -2
380
     1
100
AcDbBlockReference
  2
*U114
 10
282.9289081370802
 20
4162.107046393119
 30
0.0
  0
INSERT
  5
2C72
330
2C69
100
AcDbEntity
  8
0
  6
ByBlock
347
ED
 62
     0
440
 16777216
370
    -2
380
     1
100
AcDbBlockReference
  2
*U114
 10
289.1149428817969
 20
4162.107046393119
 30
0.0
  0
INSERT
  5
2C73
330
2C69
100
AcDbEntity
  8
0
  6
ByBlock
347
ED
 62
     0
440
 16777216
370
    -2
380
     1
100
AcDbBlockReference
  2
*U114
 10
295.3009776265137
 20
4162.107046393119
 30
0.0
  0
INSERT
  5
2C74
330
2C69
100
AcDbEntity
  8
0
  6
ByBlock
347
ED
 62
     0
440
 16777216
370
    -2
380
     1
100
AcDbBlockReference
  2
*U114
 10
301.4870123712304
 20
4162.107046393119
 30
0.0
  0
INSERT
  5
2C75
330
2C69
100
AcDbEntity
  8
0
  6
ByBlock
347
ED
 62
     0
440
 16777216
370
    -2
380
     1
100
AcDbBlockReference
  2
*U114
 10
307.6730471159471
 20
4162.107046393119
 30
0.0
  0
INSERT
  5
2C76
330
2C69
100
AcDbEntity
  8
0
  6
ByBlock
347
ED
 62
     0
440
 16777216
370
    -2
380
     1
100
AcDbBlockReference
  2
*U114
 10
313.8590818606638
 20
4162.107046393119
 30
0.0
  0
INSERT
  5
2C77
330
2C69
100
AcDbEntity
  8
0
  6
ByBlock
347
ED
 62
     0
440
 16777216
370
    -2
380
     1
100
AcDbBlockReference
  2
*U114
 10
320.0451166053805
 20
4162.107046393119
 30
0.0
  0
INSERT
  5
2C78
330
2C69
100
AcDbEntity
  8
0
  6
ByBlock
347
ED
 62
     0
440
 16777216
370
    -2
380
     1
100
AcDbBlockReference
  2
*U114
 10
326.2311513500972
 20
4162.107046393119
 30
0.0
  0
INSERT
  5
2C79
330
2C69
100
AcDbEntity
  8
0
  6
ByBlock
347
ED
 62
     0
440
 16777216
370
    -2
380
     1
100
AcDbBlockReference
  2
*U114
 10
332.4171860948139
 20
4162.107046393119
 30
0.0
  0
INSERT
  5
2C7A
330
2C69
100
AcDbEntity
  8
0
  6
ByBlock
347
ED
 62
     0
440
 16777216
370
    -2
380
     1
100
AcDbBlockReference
  2
*U114
 10
338.6032208395306
 20
4162.107046393119
 30
0.0
  0
INSERT
  5
2C7B
330
2C69
100
AcDbEntity
  8
0
  6
ByBlock
347
ED
 62
     0
440
 16777216
370
    -2
380
     1
100
AcDbBlockReference
  2
*U114
 10
344.7892555842474
 20
4162.107046393119
 30
0.0
  0
INSERT
  5
2C7C
330
2C69
100
AcDbEntity
  8
0
  6
ByBlock
347
ED
 62
     0
440
 16777216
370
    -2
380
     1
100
AcDbBlockReference
  2
*U114
 10
350.9752903289641
 20
4162.107046393119
 30
0.0
  0
ENDBLK
  5
2C7D
330
2C69
100
AcDbEntity
  8
0
 62
    40
420
 16308017
100
AcDbBlockEnd
  0
BLOCK
  5
2C91
330
2C90
100
AcDbEntity
  8
0
 62
    40
420
 16308017
100
AcDbBlockBegin
  2
*U116
 70
     1
 10
0.0
 20
0.0
 30
0.0
  3
*U116
  1

  0
CIRCLE
  5
2C92
330
2C90
100
AcDbEntity
  8
0
 62
    40
420
 16308017
100
AcDbCircle
 10
0.0
 20
0.0
 30
0.0
 40
0.75
  0
ENDBLK
  5
2C93
330
2C90
100
AcDbEntity
  8
0
 62
    40
420
 16308017
100
AcDbBlockEnd
  0
BLOCK
  5
2C95
330
2C94
100
AcDbEntity
  8
0
 62
    40
420
 16308017
100
AcDbBlockBegin
  2
*U117
 70
     1
 10
0.0
 20
0.0
 30
0.0
  3
*U117
  1

  0
INSERT
  5
2C96
330
2C94
100
AcDbEntity
  8
0
  6
ByBlock
347
ED
 62
     0
440
 16777216
370
    -2
380
     1
100
AcDbBlockReference
  2
*U116
 10
245.8126996687799
 20
4162.107046393119
 30
0.0
  0
INSERT
  5
2C97
330
2C94
100
AcDbEntity
  8
0
  6
ByBlock
347
ED
 62
     0
440
 16777216
370
    -2
380
     1
100
AcDbBlockReference
  2
*U116
 10
251.9987344134967
 20
4162.107046393119
 30
0.0
  0
INSERT
  5
2C98
330
2C94
100
AcDbEntity
  8
0
  6
ByBlock
347
ED
 62
     0
440
 16777216
370
    -2
380
     1
100
AcDbBlockReference
  2
*U116
 10
258.1847691582134
 20
4162.107046393119
 30
0.0
  0
INSERT
  5
2C99
330
2C94
100
AcDbEntity
  8
0
  6
ByBlock
347
ED
 62
     0
440
 16777216
370
    -2
380
     1
100
AcDbBlockReference
  2
*U116
 10
264.3708039029301
 20
4162.107046393119
 30
0.0
  0
INSERT
  5
2C9A
330
2C94
100
AcDbEntity
  8
0
  6
ByBlock
347
ED
 62
     0
440
 16777216
370
    -2
380
     1
100
AcDbBlockReference
  2
*U116
 10
270.5568386476468
 20
4162.107046393119
 30
0.0
  0
INSERT
  5
2C9B
330
2C94
100
AcDbEntity
  8
0
  6
ByBlock
347
ED
 62
     0
440
 16777216
370
    -2
380
     1
100
AcDbBlockReference
  2
*U116
 10
276.7428733923635
 20
4162.107046393119
 30
0.0
  0
INSERT
  5
2C9C
330
2C94
100
AcDbEntity
  8
0
  6
ByBlock
347
ED
 62
     0
440
 16777216
370
    -2
380
     1
100
AcDbBlockReference
  2
*U116
 10
282.9289081370802
 20
4162.107046393119
 30
0.0
  0
INSERT
  5
2C9D
330
2C94
100
AcDbEntity
  8
0
  6
ByBlock
347
ED
 62
     0
440
 16777216
370
    -2
380
     1
100
AcDbBlockReference
  2
*U116
 10
289.1149428817969
 20
4162.107046393119
 30
0.0
  0
INSERT
  5
2C9E
330
2C94
100
AcDbEntity
  8
0
  6
ByBlock
347
ED
 62
     0
440
 16777216
370
    -2
380
     1
100
AcDbBlockReference
  2
*U116
 10
295.3009776265137
 20
4162.107046393119
 30
0.0
  0
INSERT
  5
2C9F
330
2C94
100
AcDbEntity
  8
0
  6
ByBlock
347
ED
 62
     0
440
 16777216
370
    -2
380
     1
100
AcDbBlockReference
  2
*U116
 10
301.4870123712304
 20
4162.107046393119
 30
0.0
  0
INSERT
  5
2CA0
330
2C94
100
AcDbEntity
  8
0
  6
ByBlock
347
ED
 62
     0
440
 16777216
370
    -2
380
     1
100
AcDbBlockReference
  2
*U116
 10
307.6730471159471
 20
4162.107046393119
 30
0.0
  0
INSERT
  5
2CA1
330
2C94
100
AcDbEntity
  8
0
  6
ByBlock
347
ED
 62
     0
440
 16777216
370
    -2
380
     1
100
AcDbBlockReference
  2
*U116
 10
313.8590818606638
 20
4162.107046393119
 30
0.0
  0
INSERT
  5
2CA2
330
2C94
100
AcDbEntity
  8
0
  6
ByBlock
347
ED
 62
     0
440
 16777216
370
    -2
380
     1
100
AcDbBlockReference
  2
*U116
 10
320.0451166053805
 20
4162.107046393119
 30
0.0
  0
INSERT
  5
2CA3
330
2C94
100
AcDbEntity
  8
0
  6
ByBlock
347
ED
 62
     0
440
 16777216
370
    -2
380
     1
100
AcDbBlockReference
  2
*U116
 10
326.2311513500972
 20
4162.107046393119
 30
0.0
  0
INSERT
  5
2CA4
330
2C94
100
AcDbEntity
  8
0
  6
ByBlock
347
ED
 62
     0
440
 16777216
370
    -2
380
     1
100
AcDbBlockReference
  2
*U116
 10
332.4171860948139
 20
4162.107046393119
 30
0.0
  0
INSERT
  5
2CA5
330
2C94
100
AcDbEntity
  8
0
  6
ByBlock
347
ED
 62
     0
440
 16777216
370
    -2
380
     1
100
AcDbBlockReference
  2
*U116
 10
338.6032208395306
 20
4162.107046393119
 30
0.0
  0
INSERT
  5
2CA6
330
2C94
100
AcDbEntity
  8
0
  6
ByBlock
347
ED
 62
     0
440
 16777216
370
    -2
380
     1
100
AcDbBlockReference
  2
*U116
 10
344.7892555842474
 20
4162.107046393119
 30
0.0
  0
INSERT
  5
2CA7
330
2C94
100
AcDbEntity
  8
0
  6
ByBlock
347
ED
 62
     0
440
 16777216
370
    -2
380
     1
100
AcDbBlockReference
  2
*U116
 10
350.9752903289641
 20
4162.107046393119
 30
0.0
  0
ENDBLK
  5
2CA8
330
2C94
100
AcDbEntity
  8
0
 62
    40
420
 16308017
100
AcDbBlockEnd
  0
BLOCK
  5
2CB3
330
2CB2
100
AcDbEntity
  8
0
 62
    40
420
 16308017
100
AcDbBlockBegin
  2
*U118
 70
     1
 10
0.0
 20
0.0
 30
0.0
  3
*U118
  1

  0
CIRCLE
  5
2CB4
330
2CB2
100
AcDbEntity
  8
0
 62
    40
420
 16308017
100
AcDbCircle
 10
0.0
 20
0.0
 30
0.0
 40
0.75
  0
ENDBLK
  5
2CB5
330
2CB2
100
AcDbEntity
  8
0
 62
    40
420
 16308017
100
AcDbBlockEnd
  0
BLOCK
  5
2CB7
330
2CB6
100
AcDbEntity
  8
0
 62
    40
420
 16308017
100
AcDbBlockBegin
  2
*U119
 70
     1
 10
0.0
 20
0.0
 30
0.0
  3
*U119
  1

  0
CIRCLE
  5
2CB8
330
2CB6
100
AcDbEntity
  8
0
 62
    40
420
 16308017
100
AcDbCircle
 10
0.0
 20
0.0
 30
0.0
 40
0.75
  0
ENDBLK
  5
2CB9
330
2CB6
100
AcDbEntity
  8
0
 62
    40
420
 16308017
100
AcDbBlockEnd
  0
BLOCK
  5
2CBB
330
2CBA
100
AcDbEntity
  8
0
 62
    40
420
 16308017
100
AcDbBlockBegin
  2
*U120
 70
     1
 10
0.0
 20
0.0
 30
0.0
  3
*U120
  1

  0
INSERT
  5
2CBC
330
2CBA
100
AcDbEntity
  8
0
  6
ByBlock
347
ED
 62
     0
440
 16777216
370
    -2
380
     1
100
AcDbBlockReference
  2
*U119
 10
245.8126996687799
 20
4162.107046393119
 30
0.0
  0
INSERT
  5
2CBD
330
2CBA
100
AcDbEntity
  8
0
  6
ByBlock
347
ED
 62
     0
440
 16777216
370
    -2
380
     1
100
AcDbBlockReference
  2
*U119
 10
251.9987344134967
 20
4162.107046393119
 30
0.0
  0
INSERT
  5
2CBE
330
2CBA
100
AcDbEntity
  8
0
  6
ByBlock
347
ED
 62
     0
440
 16777216
370
    -2
380
     1
100
AcDbBlockReference
  2
*U119
 10
258.1847691582134
 20
4162.107046393119
 30
0.0
  0
INSERT
  5
2CBF
330
2CBA
100
AcDbEntity
  8
0
  6
ByBlock
347
ED
 62
     0
440
 16777216
370
    -2
380
     1
100
AcDbBlockReference
  2
*U119
 10
264.3708039029301
 20
4162.107046393119
 30
0.0
  0
INSERT
  5
2CC0
330
2CBA
100
AcDbEntity
  8
0
  6
ByBlock
347
ED
 62
     0
440
 16777216
370
    -2
380
     1
100
AcDbBlockReference
  2
*U119
 10
270.5568386476468
 20
4162.107046393119
 30
0.0
  0
INSERT
  5
2CC1
330
2CBA
100
AcDbEntity
  8
0
  6
ByBlock
347
ED
 62
     0
440
 16777216
370
    -2
380
     1
100
AcDbBlockReference
  2
*U119
 10
276.7428733923635
 20
4162.107046393119
 30
0.0
  0
INSERT
  5
2CC2
330
2CBA
100
AcDbEntity
  8
0
  6
ByBlock
347
ED
 62
     0
440
 16777216
370
    -2
380
     1
100
AcDbBlockReference
  2
*U119
 10
282.9289081370802
 20
4162.107046393119
 30
0.0
  0
INSERT
  5
2CC3
330
2CBA
100
AcDbEntity
  8
0
  6
ByBlock
347
ED
 62
     0
440
 16777216
370
    -2
380
     1
100
AcDbBlockReference
  2
*U119
 10
289.1149428817969
 20
4162.107046393119
 30
0.0
  0
INSERT
  5
2CC4
330
2CBA
100
AcDbEntity
  8
0
  6
ByBlock
347
ED
 62
     0
440
 16777216
370
    -2
380
     1
100
AcDbBlockReference
  2
*U119
 10
295.3009776265137
 20
4162.107046393119
 30
0.0
  0
INSERT
  5
2CC5
330
2CBA
100
AcDbEntity
  8
0
  6
ByBlock
347
ED
 62
     0
440
 16777216
370
    -2
380
     1
100
AcDbBlockReference
  2
*U119
 10
301.4870123712304
 20
4162.107046393119
 30
0.0
  0
INSERT
  5
2CC6
330
2CBA
100
AcDbEntity
  8
0
  6
ByBlock
347
ED
 62
     0
440
 16777216
370
    -2
380
     1
100
AcDbBlockReference
  2
*U119
 10
307.6730471159471
 20
4162.107046393119
 30
0.0
  0
INSERT
  5
2CC7
330
2CBA
100
AcDbEntity
  8
0
  6
ByBlock
347
ED
 62
     0
440
 16777216
370
    -2
380
     1
100
AcDbBlockReference
  2
*U119
 10
313.8590818606638
 20
4162.107046393119
 30
0.0
  0
INSERT
  5
2CC8
330
2CBA
100
AcDbEntity
  8
0
  6
ByBlock
347
ED
 62
     0
440
 16777216
370
    -2
380
     1
100
AcDbBlockReference
  2
*U119
 10
320.0451166053805
 20
4162.107046393119
 30
0.0
  0
INSERT
  5
2CC9
330
2CBA
100
AcDbEntity
  8
0
  6
ByBlock
347
ED
 62
     0
440
 16777216
370
    -2
380
     1
100
AcDbBlockReference
  2
*U119
 10
326.2311513500972
 20
4162.107046393119
 30
0.0
  0
INSERT
  5
2CCA
330
2CBA
100
AcDbEntity
  8
0
  6
ByBlock
347
ED
 62
     0
440
 16777216
370
    -2
380
     1
100
AcDbBlockReference
  2
*U119
 10
332.4171860948139
 20
4162.107046393119
 30
0.0
  0
INSERT
  5
2CCB
330
2CBA
100
AcDbEntity
  8
0
  6
ByBlock
347
ED
 62
     0
440
 16777216
370
    -2
380
     1
100
AcDbBlockReference
  2
*U119
 10
338.6032208395306
 20
4162.107046393119
 30
0.0
  0
INSERT
  5
2CCC
330
2CBA
100
AcDbEntity
  8
0
  6
ByBlock
347
ED
 62
     0
440
 16777216
370
    -2
380
     1
100
AcDbBlockReference
  2
*U119
 10
344.7892555842474
 20
4162.107046393119
 30
0.0
  0
INSERT
  5
2CCD
330
2CBA
100
AcDbEntity
  8
0
  6
ByBlock
347
ED
 62
     0
440
 16777216
370
    -2
380
     1
100
AcDbBlockReference
  2
*U119
 10
350.9752903289641
 20
4162.107046393119
 30
0.0
  0
ENDBLK
  5
2CCE
330
2CBA
100
AcDbEntity
  8
0
 62
    40
420
 16308017
100
AcDbBlockEnd
  0
BLOCK
  5
2CD9
330
2CD8
100
AcDbEntity
  8
0
 62
    40
420
 16308017
100
AcDbBlockBegin
  2
*U121
 70
     1
 10
0.0
 20
0.0
 30
0.0
  3
*U121
  1

  0
CIRCLE
  5
2CDA
330
2CD8
100
AcDbEntity
  8
0
 62
    40
420
 16308017
100
AcDbCircle
 10
0.0
 20
0.0
 30
0.0
 40
0.75
  0
ENDBLK
  5
2CDB
330
2CD8
100
AcDbEntity
  8
0
 62
    40
420
 16308017
100
AcDbBlockEnd
  0
BLOCK
  5
2CDD
330
2CDC
100
AcDbEntity
  8
0
 62
    40
420
 16308017
100
AcDbBlockBegin
  2
*U122
 70
     1
 10
0.0
 20
0.0
 30
0.0
  3
*U122
  1

  0
INSERT
  5
2CDE
330
2CDC
100
AcDbEntity
  8
0
  6
ByBlock
347
ED
 62
     0
440
 16777216
370
    -2
380
     1
100
AcDbBlockReference
  2
*U121
 10
245.8126996687799
 20
4162.107046393119
 30
0.0
  0
INSERT
  5
2CDF
330
2CDC
100
AcDbEntity
  8
0
  6
ByBlock
347
ED
 62
     0
440
 16777216
370
    -2
380
     1
100
AcDbBlockReference
  2
*U121
 10
251.9987344134967
 20
4162.107046393119
 30
0.0
  0
INSERT
  5
2CE0
330
2CDC
100
AcDbEntity
  8
0
  6
ByBlock
347
ED
 62
     0
440
 16777216
370
    -2
380
     1
100
AcDbBlockReference
  2
*U121
 10
258.1847691582134
 20
4162.107046393119
 30
0.0
  0
INSERT
  5
2CE1
330
2CDC
100
AcDbEntity
  8
0
  6
ByBlock
347
ED
 62
     0
440
 16777216
370
    -2
380
     1
100
AcDbBlockReference
  2
*U121
 10
264.3708039029301
 20
4162.107046393119
 30
0.0
  0
INSERT
  5
2CE2
330
2CDC
100
AcDbEntity
  8
0
  6
ByBlock
347
ED
 62
     0
440
 16777216
370
    -2
380
     1
100
AcDbBlockReference
  2
*U121
 10
270.5568386476468
 20
4162.107046393119
 30
0.0
  0
INSERT
  5
2CE3
330
2CDC
100
AcDbEntity
  8
0
  6
ByBlock
347
ED
 62
     0
440
 16777216
370
    -2
380
     1
100
AcDbBlockReference
  2
*U121
 10
276.7428733923635
 20
4162.107046393119
 30
0.0
  0
INSERT
  5
2CE4
330
2CDC
100
AcDbEntity
  8
0
  6
ByBlock
347
ED
 62
     0
440
 16777216
370
    -2
380
     1
100
AcDbBlockReference
  2
*U121
 10
282.9289081370802
 20
4162.107046393119
 30
0.0
  0
INSERT
  5
2CE5
330
2CDC
100
AcDbEntity
  8
0
  6
ByBlock
347
ED
 62
     0
440
 16777216
370
    -2
380
     1
100
AcDbBlockReference
  2
*U121
 10
289.1149428817969
 20
4162.107046393119
 30
0.0
  0
INSERT
  5
2CE6
330
2CDC
100
AcDbEntity
  8
0
  6
ByBlock
347
ED
 62
     0
440
 16777216
370
    -2
380
     1
100
AcDbBlockReference
  2
*U121
 10
295.3009776265137
 20
4162.107046393119
 30
0.0
  0
INSERT
  5
2CE7
330
2CDC
100
AcDbEntity
  8
0
  6
ByBlock
347
ED
 62
     0
440
 16777216
370
    -2
380
     1
100
AcDbBlockReference
  2
*U121
 10
301.4870123712304
 20
4162.107046393119
 30
0.0
  0
INSERT
  5
2CE8
330
2CDC
100
AcDbEntity
  8
0
  6
ByBlock
347
ED
 62
     0
440
 16777216
370
    -2
380
     1
100
AcDbBlockReference
  2
*U121
 10
307.6730471159471
 20
4162.107046393119
 30
0.0
  0
INSERT
  5
2CE9
330
2CDC
100
AcDbEntity
  8
0
  6
ByBlock
347
ED
 62
     0
440
 16777216
370
    -2
380
     1
100
AcDbBlockReference
  2
*U121
 10
313.8590818606638
 20
4162.107046393119
 30
0.0
  0
INSERT
  5
2CEA
330
2CDC
100
AcDbEntity
  8
0
  6
ByBlock
347
ED
 62
     0
440
 16777216
370
    -2
380
     1
100
AcDbBlockReference
  2
*U121
 10
320.0451166053805
 20
4162.107046393119
 30
0.0
  0
INSERT
  5
2CEB
330
2CDC
100
AcDbEntity
  8
0
  6
ByBlock
347
ED
 62
     0
440
 16777216
370
    -2
380
     1
100
AcDbBlockReference
  2
*U121
 10
326.2311513500972
 20
4162.107046393119
 30
0.0
  0
INSERT
  5
2CEC
330
2CDC
100
AcDbEntity
  8
0
  6
ByBlock
347
ED
 62
     0
440
 16777216
370
    -2
380
     1
100
AcDbBlockReference
  2
*U121
 10
332.4171860948139
 20
4162.107046393119
 30
0.0
  0
INSERT
  5
2CED
330
2CDC
100
AcDbEntity
  8
0
  6
ByBlock
347
ED
 62
     0
440
 16777216
370
    -2
380
     1
100
AcDbBlockReference
  2
*U121
 10
338.6032208395306
 20
4162.107046393119
 30
0.0
  0
INSERT
  5
2CEE
330
2CDC
100
AcDbEntity
  8
0
  6
ByBlock
347
ED
 62
     0
440
 16777216
370
    -2
380
     1
100
AcDbBlockReference
  2
*U121
 10
344.7892555842474
 20
4162.107046393119
 30
0.0
  0
INSERT
  5
2CEF
330
2CDC
100
AcDbEntity
  8
0
  6
ByBlock
347
ED
 62
     0
440
 16777216
370
    -2
380
     1
100
AcDbBlockReference
  2
*U121
 10
350.9752903289641
 20
4162.107046393119
 30
0.0
  0
ENDBLK
  5
2CF0
330
2CDC
100
AcDbEntity
  8
0
 62
    40
420
 16308017
100
AcDbBlockEnd
  0
BLOCK
  5
2CF7
330
2CF6
100
AcDbEntity
  8
0
 62
    40
420
 16308017
100
AcDbBlockBegin
  2
*U123
 70
     1
 10
0.0
 20
0.0
 30
0.0
  3
*U123
  1

  0
CIRCLE
  5
2CF8
330
2CF6
100
AcDbEntity
  8
0
 62
    40
420
 16308017
100
AcDbCircle
 10
0.0
 20
0.0
 30
0.0
 40
0.75
  0
ENDBLK
  5
2CF9
330
2CF6
100
AcDbEntity
  8
0
 62
    40
420
 16308017
100
AcDbBlockEnd
  0
BLOCK
  5
2CFB
330
2CFA
100
AcDbEntity
  8
0
 62
    40
420
 16308017
100
AcDbBlockBegin
  2
*U124
 70
     1
 10
0.0
 20
0.0
 30
0.0
  3
*U124
  1

  0
INSERT
  5
2CFC
330
2CFA
100
AcDbEntity
  8
0
  6
ByBlock
347
ED
 62
     0
440
 16777216
370
    -2
380
     1
100
AcDbBlockReference
  2
*U123
 10
245.8126996687799
 20
4162.107046393119
 30
0.0
  0
INSERT
  5
2CFD
330
2CFA
100
AcDbEntity
  8
0
  6
ByBlock
347
ED
 62
     0
440
 16777216
370
    -2
380
     1
100
AcDbBlockReference
  2
*U123
 10
251.9987344134967
 20
4162.107046393119
 30
0.0
  0
INSERT
  5
2CFE
330
2CFA
100
AcDbEntity
  8
0
  6
ByBlock
347
ED
 62
     0
440
 16777216
370
    -2
380
     1
100
AcDbBlockReference
  2
*U123
 10
258.1847691582134
 20
4162.107046393119
 30
0.0
  0
INSERT
  5
2CFF
330
2CFA
100
AcDbEntity
  8
0
  6
ByBlock
347
ED
 62
     0
440
 16777216
370
    -2
380
     1
100
AcDbBlockReference
  2
*U123
 10
264.3708039029301
 20
4162.107046393119
 30
0.0
  0
INSERT
  5
2D00
330
2CFA
100
AcDbEntity
  8
0
  6
ByBlock
347
ED
 62
     0
440
 16777216
370
    -2
380
     1
100
AcDbBlockReference
  2
*U123
 10
270.5568386476468
 20
4162.107046393119
 30
0.0
  0
INSERT
  5
2D01
330
2CFA
100
AcDbEntity
  8
0
  6
ByBlock
347
ED
 62
     0
440
 16777216
370
    -2
380
     1
100
AcDbBlockReference
  2
*U123
 10
276.7428733923635
 20
4162.107046393119
 30
0.0
  0
INSERT
  5
2D02
330
2CFA
100
AcDbEntity
  8
0
  6
ByBlock
347
ED
 62
     0
440
 16777216
370
    -2
380
     1
100
AcDbBlockReference
  2
*U123
 10
282.9289081370802
 20
4162.107046393119
 30
0.0
  0
INSERT
  5
2D03
330
2CFA
100
AcDbEntity
  8
0
  6
ByBlock
347
ED
 62
     0
440
 16777216
370
    -2
380
     1
100
AcDbBlockReference
  2
*U123
 10
289.1149428817969
 20
4162.107046393119
 30
0.0
  0
INSERT
  5
2D04
330
2CFA
100
AcDbEntity
  8
0
  6
ByBlock
347
ED
 62
     0
440
 16777216
370
    -2
380
     1
100
AcDbBlockReference
  2
*U123
 10
295.3009776265137
 20
4162.107046393119
 30
0.0
  0
INSERT
  5
2D05
330
2CFA
100
AcDbEntity
  8
0
  6
ByBlock
347
ED
 62
     0
440
 16777216
370
    -2
380
     1
100
AcDbBlockReference
  2
*U123
 10
301.4870123712304
 20
4162.107046393119
 30
0.0
  0
INSERT
  5
2D06
330
2CFA
100
AcDbEntity
  8
0
  6
ByBlock
347
ED
 62
     0
440
 16777216
370
    -2
380
     1
100
AcDbBlockReference
  2
*U123
 10
307.6730471159471
 20
4162.107046393119
 30
0.0
  0
INSERT
  5
2D07
330
2CFA
100
AcDbEntity
  8
0
  6
ByBlock
347
ED
 62
     0
440
 16777216
370
    -2
380
     1
100
AcDbBlockReference
  2
*U123
 10
313.8590818606638
 20
4162.107046393119
 30
0.0
  0
INSERT
  5
2D08
330
2CFA
100
AcDbEntity
  8
0
  6
ByBlock
347
ED
 62
     0
440
 16777216
370
    -2
380
     1
100
AcDbBlockReference
  2
*U123
 10
320.0451166053805
 20
4162.107046393119
 30
0.0
  0
INSERT
  5
2D09
330
2CFA
100
AcDbEntity
  8
0
  6
ByBlock
347
ED
 62
     0
440
 16777216
370
    -2
380
     1
100
AcDbBlockReference
  2
*U123
 10
326.2311513500972
 20
4162.107046393119
 30
0.0
  0
INSERT
  5
2D0A
330
2CFA
100
AcDbEntity
  8
0
  6
ByBlock
347
ED
 62
     0
440
 16777216
370
    -2
380
     1
100
AcDbBlockReference
  2
*U123
 10
332.4171860948139
 20
4162.107046393119
 30
0.0
  0
INSERT
  5
2D0B
330
2CFA
100
AcDbEntity
  8
0
  6
ByBlock
347
ED
 62
     0
440
 16777216
370
    -2
380
     1
100
AcDbBlockReference
  2
*U123
 10
338.6032208395306
 20
4162.107046393119
 30
0.0
  0
INSERT
  5
2D0C
330
2CFA
100
AcDbEntity
  8
0
  6
ByBlock
347
ED
 62
     0
440
 16777216
370
    -2
380
     1
100
AcDbBlockReference
  2
*U123
 10
344.7892555842474
 20
4162.107046393119
 30
0.0
  0
INSERT
  5
2D0D
330
2CFA
100
AcDbEntity
  8
0
  6
ByBlock
347
ED
 62
     0
440
 16777216
370
    -2
380
     1
100
AcDbBlockReference
  2
*U123
 10
350.9752903289641
 20
4162.107046393119
 30
0.0
  0
ENDBLK
  5
2D0E
330
2CFA
100
AcDbEntity
  8
0
 62
    40
420
 16308017
100
AcDbBlockEnd
  0
BLOCK
  5
2D14
330
2D0F
100
AcDbEntity
  8
0
 62
    40
420
 16308017
100
AcDbBlockBegin
  2
A$C89e862ac
 70
     0
 10
0.0
 20
0.0
 30
0.0
  3
A$C89e862ac
  1

  0
LINE
  5
2D10
330
2D0F
100
AcDbEntity
  8
0
 62
    40
420
 16308017
100
AcDbLine
 10
554.1381024992285
 20
0.0
 30
0.0
 11
451.4651157651374
 21
0.0
 31
0.0
  0
INSERT
  5
2D11
102
{ACAD_REACTORS
330
2D1C
102
}
330
2D0F
100
AcDbEntity
  8
0
 62
    40
420
 16308017
100
AcDbBlockReference
  2
*U124
 10
-245.06269966878
 20
-3539.130302786331
 30
0.0
  0
ENDBLK
  5
2D15
330
2D0F
100
AcDbEntity
  8
0
 62
    40
420
 16308017
100
AcDbBlockEnd
  0
BLOCK
  5
2D26
330
2D25
100
AcDbEntity
  8
0
 62
    40
420
 16308017
100
AcDbBlockBegin
  2
*U126
 70
     1
 10
0.0
 20
0.0
 30
0.0
  3
*U126
  1

  0
CIRCLE
  5
2D27
330
2D25
100
AcDbEntity
  8
0
 62
    40
420
 16308017
100
AcDbCircle
 10
0.0
 20
0.0
 30
0.0
 40
0.75
  0
ENDBLK
  5
2D28
330
2D25
100
AcDbEntity
  8
0
 62
    40
420
 16308017
100
AcDbBlockEnd
  0
BLOCK
  5
2D2A
330
2D29
100
AcDbEntity
  8
0
 62
    40
420
 16308017
100
AcDbBlockBegin
  2
*U127
 70
     1
 10
0.0
 20
0.0
 30
0.0
  3
*U127
  1

  0
INSERT
  5
2D2B
330
2D29
100
AcDbEntity
  8
0
  6
ByBlock
347
ED
 62
     0
440
 16777216
370
    -2
380
     1
100
AcDbBlockReference
  2
*U126
 10
245.8126996687799
 20
4162.107046393119
 30
0.0
  0
INSERT
  5
2D2C
330
2D29
100
AcDbEntity
  8
0
  6
ByBlock
347
ED
 62
     0
440
 16777216
370
    -2
380
     1
100
AcDbBlockReference
  2
*U126
 10
251.9987344134967
 20
4162.107046393119
 30
0.0
  0
INSERT
  5
2D2D
330
2D29
100
AcDbEntity
  8
0
  6
ByBlock
347
ED
 62
     0
440
 16777216
370
    -2
380
     1
100
AcDbBlockReference
  2
*U126
 10
258.1847691582134
 20
4162.107046393119
 30
0.0
  0
INSERT
  5
2D2E
330
2D29
100
AcDbEntity
  8
0
  6
ByBlock
347
ED
 62
     0
440
 16777216
370
    -2
380
     1
100
AcDbBlockReference
  2
*U126
 10
264.3708039029301
 20
4162.107046393119
 30
0.0
  0
INSERT
  5
2D2F
330
2D29
100
AcDbEntity
  8
0
  6
ByBlock
347
ED
 62
     0
440
 16777216
370
    -2
380
     1
100
AcDbBlockReference
  2
*U126
 10
270.5568386476468
 20
4162.107046393119
 30
0.0
  0
INSERT
  5
2D30
330
2D29
100
AcDbEntity
  8
0
  6
ByBlock
347
ED
 62
     0
440
 16777216
370
    -2
380
     1
100
AcDbBlockReference
  2
*U126
 10
276.7428733923635
 20
4162.107046393119
 30
0.0
  0
INSERT
  5
2D31
330
2D29
100
AcDbEntity
  8
0
  6
ByBlock
347
ED
 62
     0
440
 16777216
370
    -2
380
     1
100
AcDbBlockReference
  2
*U126
 10
282.9289081370802
 20
4162.107046393119
 30
0.0
  0
INSERT
  5
2D32
330
2D29
100
AcDbEntity
  8
0
  6
ByBlock
347
ED
 62
     0
440
 16777216
370
    -2
380
     1
100
AcDbBlockReference
  2
*U126
 10
289.1149428817969
 20
4162.107046393119
 30
0.0
  0
INSERT
  5
2D33
330
2D29
100
AcDbEntity
  8
0
  6
ByBlock
347
ED
 62
     0
440
 16777216
370
    -2
380
     1
100
AcDbBlockReference
  2
*U126
 10
295.3009776265137
 20
4162.107046393119
 30
0.0
  0
INSERT
  5
2D34
330
2D29
100
AcDbEntity
  8
0
  6
ByBlock
347
ED
 62
     0
440
 16777216
370
    -2
380
     1
100
AcDbBlockReference
  2
*U126
 10
301.4870123712304
 20
4162.107046393119
 30
0.0
  0
INSERT
  5
2D35
330
2D29
100
AcDbEntity
  8
0
  6
ByBlock
347
ED
 62
     0
440
 16777216
370
    -2
380
     1
100
AcDbBlockReference
  2
*U126
 10
307.6730471159471
 20
4162.107046393119
 30
0.0
  0
INSERT
  5
2D36
330
2D29
100
AcDbEntity
  8
0
  6
ByBlock
347
ED
 62
     0
440
 16777216
370
    -2
380
     1
100
AcDbBlockReference
  2
*U126
 10
313.8590818606638
 20
4162.107046393119
 30
0.0
  0
INSERT
  5
2D37
330
2D29
100
AcDbEntity
  8
0
  6
ByBlock
347
ED
 62
     0
440
 16777216
370
    -2
380
     1
100
AcDbBlockReference
  2
*U126
 10
320.0451166053805
 20
4162.107046393119
 30
0.0
  0
INSERT
  5
2D38
330
2D29
100
AcDbEntity
  8
0
  6
ByBlock
347
ED
 62
     0
440
 16777216
370
    -2
380
     1
100
AcDbBlockReference
  2
*U126
 10
326.2311513500972
 20
4162.107046393119
 30
0.0
  0
INSERT
  5
2D39
330
2D29
100
AcDbEntity
  8
0
  6
ByBlock
347
ED
 62
     0
440
 16777216
370
    -2
380
     1
100
AcDbBlockReference
  2
*U126
 10
332.4171860948139
 20
4162.107046393119
 30
0.0
  0
INSERT
  5
2D3A
330
2D29
100
AcDbEntity
  8
0
  6
ByBlock
347
ED
 62
     0
440
 16777216
370
    -2
380
     1
100
AcDbBlockReference
  2
*U126
 10
338.6032208395306
 20
4162.107046393119
 30
0.0
  0
INSERT
  5
2D3B
330
2D29
100
AcDbEntity
  8
0
  6
ByBlock
347
ED
 62
     0
440
 16777216
370
    -2
380
     1
100
AcDbBlockReference
  2
*U126
 10
344.7892555842474
 20
4162.107046393119
 30
0.0
  0
INSERT
  5
2D3C
330
2D29
100
AcDbEntity
  8
0
  6
ByBlock
347
ED
 62
     0
440
 16777216
370
    -2
380
     1
100
AcDbBlockReference
  2
*U126
 10
350.9752903289641
 20
4162.107046393119
 30
0.0
  0
ENDBLK
  5
2D3D
330
2D29
100
AcDbEntity
  8
0
 62
    40
420
 16308017
100
AcDbBlockEnd
  0
BLOCK
  5
2D56
330
2D55
100
AcDbEntity
  8
0
 62
    40
420
 16308017
100
AcDbBlockBegin
  2
*U128
 70
     1
 10
0.0
 20
0.0
 30
0.0
  3
*U128
  1

  0
CIRCLE
  5
2D57
330
2D55
100
AcDbEntity
  8
0
 62
    40
420
 16308017
100
AcDbCircle
 10
0.0
 20
0.0
 30
0.0
 40
0.75
  0
ENDBLK
  5
2D58
330
2D55
100
AcDbEntity
  8
0
 62
    40
420
 16308017
100
AcDbBlockEnd
  0
BLOCK
  5
2D5C
330
2D5B
100
AcDbEntity
  8
0
 62
    40
420
 16308017
100
AcDbBlockBegin
  2
*U129
 70
     1
 10
0.0
 20
0.0
 30
0.0
  3
*U129
  1

  0
INSERT
  5
2D5D
330
2D5B
100
AcDbEntity
  8
0
  6
ByBlock
347
ED
 62
     0
440
 16777216
370
    -2
380
     1
100
AcDbBlockReference
  2
*U128
 10
245.8126996687799
 20
4162.107046393119
 30
0.0
  0
INSERT
  5
2D5E
330
2D5B
100
AcDbEntity
  8
0
  6
ByBlock
347
ED
 62
     0
440
 16777216
370
    -2
380
     1
100
AcDbBlockReference
  2
*U128
 10
251.9987344134967
 20
4162.107046393119
 30
0.0
  0
INSERT
  5
2D5F
330
2D5B
100
AcDbEntity
  8
0
  6
ByBlock
347
ED
 62
     0
440
 16777216
370
    -2
380
     1
100
AcDbBlockReference
  2
*U128
 10
258.1847691582134
 20
4162.107046393119
 30
0.0
  0
INSERT
  5
2D60
330
2D5B
100
AcDbEntity
  8
0
  6
ByBlock
347
ED
 62
     0
440
 16777216
370
    -2
380
     1
100
AcDbBlockReference
  2
*U128
 10
264.3708039029301
 20
4162.107046393119
 30
0.0
  0
INSERT
  5
2D61
330
2D5B
100
AcDbEntity
  8
0
  6
ByBlock
347
ED
 62
     0
440
 16777216
370
    -2
380
     1
100
AcDbBlockReference
  2
*U128
 10
270.5568386476468
 20
4162.107046393119
 30
0.0
  0
INSERT
  5
2D62
330
2D5B
100
AcDbEntity
  8
0
  6
ByBlock
347
ED
 62
     0
440
 16777216
370
    -2
380
     1
100
AcDbBlockReference
  2
*U128
 10
276.7428733923635
 20
4162.107046393119
 30
0.0
  0
INSERT
  5
2D63
330
2D5B
100
AcDbEntity
  8
0
  6
ByBlock
347
ED
 62
     0
440
 16777216
370
    -2
380
     1
100
AcDbBlockReference
  2
*U128
 10
282.9289081370802
 20
4162.107046393119
 30
0.0
  0
INSERT
  5
2D64
330
2D5B
100
AcDbEntity
  8
0
  6
ByBlock
347
ED
 62
     0
440
 16777216
370
    -2
380
     1
100
AcDbBlockReference
  2
*U128
 10
289.1149428817969
 20
4162.107046393119
 30
0.0
  0
INSERT
  5
2D65
330
2D5B
100
AcDbEntity
  8
0
  6
ByBlock
347
ED
 62
     0
440
 16777216
370
    -2
380
     1
100
AcDbBlockReference
  2
*U128
 10
295.3009776265137
 20
4162.107046393119
 30
0.0
  0
INSERT
  5
2D66
330
2D5B
100
AcDbEntity
  8
0
  6
ByBlock
347
ED
 62
     0
440
 16777216
370
    -2
380
     1
100
AcDbBlockReference
  2
*U128
 10
301.4870123712304
 20
4162.107046393119
 30
0.0
  0
INSERT
  5
2D67
330
2D5B
100
AcDbEntity
  8
0
  6
ByBlock
347
ED
 62
     0
440
 16777216
370
    -2
380
     1
100
AcDbBlockReference
  2
*U128
 10
307.6730471159471
 20
4162.107046393119
 30
0.0
  0
INSERT
  5
2D68
330
2D5B
100
AcDbEntity
  8
0
  6
ByBlock
347
ED
 62
     0
440
 16777216
370
    -2
380
     1
100
AcDbBlockReference
  2
*U128
 10
313.8590818606638
 20
4162.107046393119
 30
0.0
  0
INSERT
  5
2D69
330
2D5B
100
AcDbEntity
  8
0
  6
ByBlock
347
ED
 62
     0
440
 16777216
370
    -2
380
     1
100
AcDbBlockReference
  2
*U128
 10
320.0451166053805
 20
4162.107046393119
 30
0.0
  0
INSERT
  5
2D6A
330
2D5B
100
AcDbEntity
  8
0
  6
ByBlock
347
ED
 62
     0
440
 16777216
370
    -2
380
     1
100
AcDbBlockReference
  2
*U128
 10
326.2311513500972
 20
4162.107046393119
 30
0.0
  0
INSERT
  5
2D6B
330
2D5B
100
AcDbEntity
  8
0
  6
ByBlock
347
ED
 62
     0
440
 16777216
370
    -2
380
     1
100
AcDbBlockReference
  2
*U128
 10
332.4171860948139
 20
4162.107046393119
 30
0.0
  0
INSERT
  5
2D6C
330
2D5B
100
AcDbEntity
  8
0
  6
ByBlock
347
ED
 62
     0
440
 16777216
370
    -2
380
     1
100
AcDbBlockReference
  2
*U128
 10
338.6032208395306
 20
4162.107046393119
 30
0.0
  0
INSERT
  5
2D6D
330
2D5B
100
AcDbEntity
  8
0
  6
ByBlock
347
ED
 62
     0
440
 16777216
370
    -2
380
     1
100
AcDbBlockReference
  2
*U128
 10
344.7892555842474
 20
4162.107046393119
 30
0.0
  0
INSERT
  5
2D6E
330
2D5B
100
AcDbEntity
  8
0
  6
ByBlock
347
ED
 62
     0
440
 16777216
370
    -2
380
     1
100
AcDbBlockReference
  2
*U128
 10
350.9752903289641
 20
4162.107046393119
 30
0.0
  0
ENDBLK
  5
2D6F
330
2D5B
100
AcDbEntity
  8
0
 62
    40
420
 16308017
100
AcDbBlockEnd
  0
BLOCK
  5
2D7C
330
2D7B
100
AcDbEntity
  8
0
 62
    40
420
 16308017
100
AcDbBlockBegin
  2
*U130
 70
     1
 10
0.0
 20
0.0
 30
0.0
  3
*U130
  1

  0
CIRCLE
  5
2D7D
330
2D7B
100
AcDbEntity
  8
0
 62
    40
420
 16308017
100
AcDbCircle
 10
0.0
 20
0.0
 30
0.0
 40
0.75
  0
ENDBLK
  5
2D7E
330
2D7B
100
AcDbEntity
  8
0
 62
    40
420
 16308017
100
AcDbBlockEnd
  0
BLOCK
  5
2D80
330
2D7F
100
AcDbEntity
  8
0
 62
    40
420
 16308017
100
AcDbBlockBegin
  2
*U131
 70
     1
 10
0.0
 20
0.0
 30
0.0
  3
*U131
  1

  0
INSERT
  5
2D81
330
2D7F
100
AcDbEntity
  8
0
  6
ByBlock
347
ED
 62
     0
440
 16777216
370
    -2
380
     1
100
AcDbBlockReference
  2
*U130
 10
245.8126996687799
 20
4162.107046393119
 30
0.0
  0
INSERT
  5
2D82
330
2D7F
100
AcDbEntity
  8
0
  6
ByBlock
347
ED
 62
     0
440
 16777216
370
    -2
380
     1
100
AcDbBlockReference
  2
*U130
 10
251.9987344134967
 20
4162.107046393119
 30
0.0
  0
INSERT
  5
2D83
330
2D7F
100
AcDbEntity
  8
0
  6
ByBlock
347
ED
 62
     0
440
 16777216
370
    -2
380
     1
100
AcDbBlockReference
  2
*U130
 10
258.1847691582134
 20
4162.107046393119
 30
0.0
  0
INSERT
  5
2D84
330
2D7F
100
AcDbEntity
  8
0
  6
ByBlock
347
ED
 62
     0
440
 16777216
370
    -2
380
     1
100
AcDbBlockReference
  2
*U130
 10
264.3708039029301
 20
4162.107046393119
 30
0.0
  0
INSERT
  5
2D85
330
2D7F
100
AcDbEntity
  8
0
  6
ByBlock
347
ED
 62
     0
440
 16777216
370
    -2
380
     1
100
AcDbBlockReference
  2
*U130
 10
270.5568386476468
 20
4162.107046393119
 30
0.0
  0
INSERT
  5
2D86
330
2D7F
100
AcDbEntity
  8
0
  6
ByBlock
347
ED
 62
     0
440
 16777216
370
    -2
380
     1
100
AcDbBlockReference
  2
*U130
 10
276.7428733923635
 20
4162.107046393119
 30
0.0
  0
INSERT
  5
2D87
330
2D7F
100
AcDbEntity
  8
0
  6
ByBlock
347
ED
 62
     0
440
 16777216
370
    -2
380
     1
100
AcDbBlockReference
  2
*U130
 10
282.9289081370802
 20
4162.107046393119
 30
0.0
  0
INSERT
  5
2D88
330
2D7F
100
AcDbEntity
  8
0
  6
ByBlock
347
ED
 62
     0
440
 16777216
370
    -2
380
     1
100
AcDbBlockReference
  2
*U130
 10
289.1149428817969
 20
4162.107046393119
 30
0.0
  0
INSERT
  5
2D89
330
2D7F
100
AcDbEntity
  8
0
  6
ByBlock
347
ED
 62
     0
440
 16777216
370
    -2
380
     1
100
AcDbBlockReference
  2
*U130
 10
295.3009776265137
 20
4162.107046393119
 30
0.0
  0
INSERT
  5
2D8A
330
2D7F
100
AcDbEntity
  8
0
  6
ByBlock
347
ED
 62
     0
440
 16777216
370
    -2
380
     1
100
AcDbBlockReference
  2
*U130
 10
301.4870123712304
 20
4162.107046393119
 30
0.0
  0
INSERT
  5
2D8B
330
2D7F
100
AcDbEntity
  8
0
  6
ByBlock
347
ED
 62
     0
440
 16777216
370
    -2
380
     1
100
AcDbBlockReference
  2
*U130
 10
307.6730471159471
 20
4162.107046393119
 30
0.0
  0
INSERT
  5
2D8C
330
2D7F
100
AcDbEntity
  8
0
  6
ByBlock
347
ED
 62
     0
440
 16777216
370
    -2
380
     1
100
AcDbBlockReference
  2
*U130
 10
313.8590818606638
 20
4162.107046393119
 30
0.0
  0
INSERT
  5
2D8D
330
2D7F
100
AcDbEntity
  8
0
  6
ByBlock
347
ED
 62
     0
440
 16777216
370
    -2
380
     1
100
AcDbBlockReference
  2
*U130
 10
320.0451166053805
 20
4162.107046393119
 30
0.0
  0
INSERT
  5
2D8E
330
2D7F
100
AcDbEntity
  8
0
  6
ByBlock
347
ED
 62
     0
440
 16777216
370
    -2
380
     1
100
AcDbBlockReference
  2
*U130
 10
326.2311513500972
 20
4162.107046393119
 30
0.0
  0
INSERT
  5
2D8F
330
2D7F
100
AcDbEntity
  8
0
  6
ByBlock
347
ED
 62
     0
440
 16777216
370
    -2
380
     1
100
AcDbBlockReference
  2
*U130
 10
332.4171860948139
 20
4162.107046393119
 30
0.0
  0
INSERT
  5
2D90
330
2D7F
100
AcDbEntity
  8
0
  6
ByBlock
347
ED
 62
     0
440
 16777216
370
    -2
380
     1
100
AcDbBlockReference
  2
*U130
 10
338.6032208395306
 20
4162.107046393119
 30
0.0
  0
INSERT
  5
2D91
330
2D7F
100
AcDbEntity
  8
0
  6
ByBlock
347
ED
 62
     0
440
 16777216
370
    -2
380
     1
100
AcDbBlockReference
  2
*U130
 10
344.7892555842474
 20
4162.107046393119
 30
0.0
  0
INSERT
  5
2D92
330
2D7F
100
AcDbEntity
  8
0
  6
ByBlock
347
ED
 62
     0
440
 16777216
370
    -2
380
     1
100
AcDbBlockReference
  2
*U130
 10
350.9752903289641
 20
4162.107046393119
 30
0.0
  0
ENDBLK
  5
2D93
330
2D7F
100
AcDbEntity
  8
0
 62
    40
420
 16308017
100
AcDbBlockEnd
  0
BLOCK
  5
2DAC
330
2DAB
100
AcDbEntity
  8
0
 62
    40
420
 16308017
100
AcDbBlockBegin
  2
*U132
 70
     1
 10
0.0
 20
0.0
 30
0.0
  3
*U132
  1

  0
CIRCLE
  5
2DAD
330
2DAB
100
AcDbEntity
  8
0
 62
    40
420
 16308017
100
AcDbCircle
 10
0.0
 20
0.0
 30
0.0
 40
0.75
  0
ENDBLK
  5
2DAE
330
2DAB
100
AcDbEntity
  8
0
 62
    40
420
 16308017
100
AcDbBlockEnd
  0
BLOCK
  5
2DB2
330
2DB1
100
AcDbEntity
  8
0
 62
    40
420
 16308017
100
AcDbBlockBegin
  2
*U133
 70
     1
 10
0.0
 20
0.0
 30
0.0
  3
*U133
  1

  0
INSERT
  5
2DB3
330
2DB1
100
AcDbEntity
  8
0
  6
ByBlock
347
ED
 62
     0
440
 16777216
370
    -2
380
     1
100
AcDbBlockReference
  2
*U132
 10
245.8126996687799
 20
4162.107046393119
 30
0.0
  0
INSERT
  5
2DB4
330
2DB1
100
AcDbEntity
  8
0
  6
ByBlock
347
ED
 62
     0
440
 16777216
370
    -2
380
     1
100
AcDbBlockReference
  2
*U132
 10
251.9987344134967
 20
4162.107046393119
 30
0.0
  0
INSERT
  5
2DB5
330
2DB1
100
AcDbEntity
  8
0
  6
ByBlock
347
ED
 62
     0
440
 16777216
370
    -2
380
     1
100
AcDbBlockReference
  2
*U132
 10
258.1847691582134
 20
4162.107046393119
 30
0.0
  0
INSERT
  5
2DB6
330
2DB1
100
AcDbEntity
  8
0
  6
ByBlock
347
ED
 62
     0
440
 16777216
370
    -2
380
     1
100
AcDbBlockReference
  2
*U132
 10
264.3708039029301
 20
4162.107046393119
 30
0.0
  0
INSERT
  5
2DB7
330
2DB1
100
AcDbEntity
  8
0
  6
ByBlock
347
ED
 62
     0
440
 16777216
370
    -2
380
     1
100
AcDbBlockReference
  2
*U132
 10
270.5568386476468
 20
4162.107046393119
 30
0.0
  0
INSERT
  5
2DB8
330
2DB1
100
AcDbEntity
  8
0
  6
ByBlock
347
ED
 62
     0
440
 16777216
370
    -2
380
     1
100
AcDbBlockReference
  2
*U132
 10
276.7428733923635
 20
4162.107046393119
 30
0.0
  0
INSERT
  5
2DB9
330
2DB1
100
AcDbEntity
  8
0
  6
ByBlock
347
ED
 62
     0
440
 16777216
370
    -2
380
     1
100
AcDbBlockReference
  2
*U132
 10
282.9289081370802
 20
4162.107046393119
 30
0.0
  0
INSERT
  5
2DBA
330
2DB1
100
AcDbEntity
  8
0
  6
ByBlock
347
ED
 62
     0
440
 16777216
370
    -2
380
     1
100
AcDbBlockReference
  2
*U132
 10
289.1149428817969
 20
4162.107046393119
 30
0.0
  0
INSERT
  5
2DBB
330
2DB1
100
AcDbEntity
  8
0
  6
ByBlock
347
ED
 62
     0
440
 16777216
370
    -2
380
     1
100
AcDbBlockReference
  2
*U132
 10
295.3009776265137
 20
4162.107046393119
 30
0.0
  0
INSERT
  5
2DBC
330
2DB1
100
AcDbEntity
  8
0
  6
ByBlock
347
ED
 62
     0
440
 16777216
370
    -2
380
     1
100
AcDbBlockReference
  2
*U132
 10
301.4870123712304
 20
4162.107046393119
 30
0.0
  0
INSERT
  5
2DBD
330
2DB1
100
AcDbEntity
  8
0
  6
ByBlock
347
ED
 62
     0
440
 16777216
370
    -2
380
     1
100
AcDbBlockReference
  2
*U132
 10
307.6730471159471
 20
4162.107046393119
 30
0.0
  0
INSERT
  5
2DBE
330
2DB1
100
AcDbEntity
  8
0
  6
ByBlock
347
ED
 62
     0
440
 16777216
370
    -2
380
     1
100
AcDbBlockReference
  2
*U132
 10
313.8590818606638
 20
4162.107046393119
 30
0.0
  0
INSERT
  5
2DBF
330
2DB1
100
AcDbEntity
  8
0
  6
ByBlock
347
ED
 62
     0
440
 16777216
370
    -2
380
     1
100
AcDbBlockReference
  2
*U132
 10
320.0451166053805
 20
4162.107046393119
 30
0.0
  0
INSERT
  5
2DC0
330
2DB1
100
AcDbEntity
  8
0
  6
ByBlock
347
ED
 62
     0
440
 16777216
370
    -2
380
     1
100
AcDbBlockReference
  2
*U132
 10
326.2311513500972
 20
4162.107046393119
 30
0.0
  0
INSERT
  5
2DC1
330
2DB1
100
AcDbEntity
  8
0
  6
ByBlock
347
ED
 62
     0
440
 16777216
370
    -2
380
     1
100
AcDbBlockReference
  2
*U132
 10
332.4171860948139
 20
4162.107046393119
 30
0.0
  0
INSERT
  5
2DC2
330
2DB1
100
AcDbEntity
  8
0
  6
ByBlock
347
ED
 62
     0
440
 16777216
370
    -2
380
     1
100
AcDbBlockReference
  2
*U132
 10
338.6032208395306
 20
4162.107046393119
 30
0.0
  0
INSERT
  5
2DC3
330
2DB1
100
AcDbEntity
  8
0
  6
ByBlock
347
ED
 62
     0
440
 16777216
370
    -2
380
     1
100
AcDbBlockReference
  2
*U132
 10
344.7892555842474
 20
4162.107046393119
 30
0.0
  0
INSERT
  5
2DC4
330
2DB1
100
AcDbEntity
  8
0
  6
ByBlock
347
ED
 62
     0
440
 16777216
370
    -2
380
     1
100
AcDbBlockReference
  2
*U132
 10
350.9752903289641
 20
4162.107046393119
 30
0.0
  0
ENDBLK
  5
2DC5
330
2DB1
100
AcDbEntity
  8
0
 62
    40
420
 16308017
100
AcDbBlockEnd
  0
BLOCK
  5
2DD2
330
2DD1
100
AcDbEntity
  8
0
 62
    40
420
 16308017
100
AcDbBlockBegin
  2
*U134
 70
     1
 10
0.0
 20
0.0
 30
0.0
  3
*U134
  1

  0
CIRCLE
  5
2DD3
330
2DD1
100
AcDbEntity
  8
0
 62
    40
420
 16308017
100
AcDbCircle
 10
0.0
 20
0.0
 30
0.0
 40
0.75
  0
ENDBLK
  5
2DD4
330
2DD1
100
AcDbEntity
  8
0
 62
    40
420
 16308017
100
AcDbBlockEnd
  0
BLOCK
  5
2DD6
330
2DD5
100
AcDbEntity
  8
0
 62
    40
420
 16308017
100
AcDbBlockBegin
  2
*U135
 70
     1
 10
0.0
 20
0.0
 30
0.0
  3
*U135
  1

  0
INSERT
  5
2DD7
330
2DD5
100
AcDbEntity
  8
0
  6
ByBlock
347
ED
 62
     0
440
 16777216
370
    -2
380
     1
100
AcDbBlockReference
  2
*U134
 10
245.8126996687799
 20
4162.107046393119
 30
0.0
  0
INSERT
  5
2DD8
330
2DD5
100
AcDbEntity
  8
0
  6
ByBlock
347
ED
 62
     0
440
 16777216
370
    -2
380
     1
100
AcDbBlockReference
  2
*U134
 10
251.9987344134967
 20
4162.107046393119
 30
0.0
  0
INSERT
  5
2DD9
330
2DD5
100
AcDbEntity
  8
0
  6
ByBlock
347
ED
 62
     0
440
 16777216
370
    -2
380
     1
100
AcDbBlockReference
  2
*U134
 10
258.1847691582134
 20
4162.107046393119
 30
0.0
  0
INSERT
  5
2DDA
330
2DD5
100
AcDbEntity
  8
0
  6
ByBlock
347
ED
 62
     0
440
 16777216
370
    -2
380
     1
100
AcDbBlockReference
  2
*U134
 10
264.3708039029301
 20
4162.107046393119
 30
0.0
  0
INSERT
  5
2DDB
330
2DD5
100
AcDbEntity
  8
0
  6
ByBlock
347
ED
 62
     0
440
 16777216
370
    -2
380
     1
100
AcDbBlockReference
  2
*U134
 10
270.5568386476468
 20
4162.107046393119
 30
0.0
  0
INSERT
  5
2DDC
330
2DD5
100
AcDbEntity
  8
0
  6
ByBlock
347
ED
 62
     0
440
 16777216
370
    -2
380
     1
100
AcDbBlockReference
  2
*U134
 10
276.7428733923635
 20
4162.107046393119
 30
0.0
  0
INSERT
  5
2DDD
330
2DD5
100
AcDbEntity
  8
0
  6
ByBlock
347
ED
 62
     0
440
 16777216
370
    -2
380
     1
100
AcDbBlockReference
  2
*U134
 10
282.9289081370802
 20
4162.107046393119
 30
0.0
  0
INSERT
  5
2DDE
330
2DD5
100
AcDbEntity
  8
0
  6
ByBlock
347
ED
 62
     0
440
 16777216
370
    -2
380
     1
100
AcDbBlockReference
  2
*U134
 10
289.1149428817969
 20
4162.107046393119
 30
0.0
  0
INSERT
  5
2DDF
330
2DD5
100
AcDbEntity
  8
0
  6
ByBlock
347
ED
 62
     0
440
 16777216
370
    -2
380
     1
100
AcDbBlockReference
  2
*U134
 10
295.3009776265137
 20
4162.107046393119
 30
0.0
  0
INSERT
  5
2DE0
330
2DD5
100
AcDbEntity
  8
0
  6
ByBlock
347
ED
 62
     0
440
 16777216
370
    -2
380
     1
100
AcDbBlockReference
  2
*U134
 10
301.4870123712304
 20
4162.107046393119
 30
0.0
  0
INSERT
  5
2DE1
330
2DD5
100
AcDbEntity
  8
0
  6
ByBlock
347
ED
 62
     0
440
 16777216
370
    -2
380
     1
100
AcDbBlockReference
  2
*U134
 10
307.6730471159471
 20
4162.107046393119
 30
0.0
  0
INSERT
  5
2DE2
330
2DD5
100
AcDbEntity
  8
0
  6
ByBlock
347
ED
 62
     0
440
 16777216
370
    -2
380
     1
100
AcDbBlockReference
  2
*U134
 10
313.8590818606638
 20
4162.107046393119
 30
0.0
  0
INSERT
  5
2DE3
330
2DD5
100
AcDbEntity
  8
0
  6
ByBlock
347
ED
 62
     0
440
 16777216
370
    -2
380
     1
100
AcDbBlockReference
  2
*U134
 10
320.0451166053805
 20
4162.107046393119
 30
0.0
  0
INSERT
  5
2DE4
330
2DD5
100
AcDbEntity
  8
0
  6
ByBlock
347
ED
 62
     0
440
 16777216
370
    -2
380
     1
100
AcDbBlockReference
  2
*U134
 10
326.2311513500972
 20
4162.107046393119
 30
0.0
  0
INSERT
  5
2DE5
330
2DD5
100
AcDbEntity
  8
0
  6
ByBlock
347
ED
 62
     0
440
 16777216
370
    -2
380
     1
100
AcDbBlockReference
  2
*U134
 10
332.4171860948139
 20
4162.107046393119
 30
0.0
  0
INSERT
  5
2DE6
330
2DD5
100
AcDbEntity
  8
0
  6
ByBlock
347
ED
 62
     0
440
 16777216
370
    -2
380
     1
100
AcDbBlockReference
  2
*U134
 10
338.6032208395306
 20
4162.107046393119
 30
0.0
  0
INSERT
  5
2DE7
330
2DD5
100
AcDbEntity
  8
0
  6
ByBlock
347
ED
 62
     0
440
 16777216
370
    -2
380
     1
100
AcDbBlockReference
  2
*U134
 10
344.7892555842474
 20
4162.107046393119
 30
0.0
  0
INSERT
  5
2DE8
330
2DD5
100
AcDbEntity
  8
0
  6
ByBlock
347
ED
 62
     0
440
 16777216
370
    -2
380
     1
100
AcDbBlockReference
  2
*U134
 10
350.9752903289641
 20
4162.107046393119
 30
0.0
  0
ENDBLK
  5
2DE9
330
2DD5
100
AcDbEntity
  8
0
 62
    40
420
 16308017
100
AcDbBlockEnd
  0
BLOCK
  5
2E02
330
2E01
100
AcDbEntity
  8
0
 62
    40
420
 16308017
100
AcDbBlockBegin
  2
*U136
 70
     1
 10
0.0
 20
0.0
 30
0.0
  3
*U136
  1

  0
CIRCLE
  5
2E03
330
2E01
100
AcDbEntity
  8
0
 62
    40
420
 16308017
100
AcDbCircle
 10
0.0
 20
0.0
 30
0.0
 40
0.75
  0
ENDBLK
  5
2E04
330
2E01
100
AcDbEntity
  8
0
 62
    40
420
 16308017
100
AcDbBlockEnd
  0
BLOCK
  5
2E08
330
2E07
100
AcDbEntity
  8
0
 62
    40
420
 16308017
100
AcDbBlockBegin
  2
*U137
 70
     1
 10
0.0
 20
0.0
 30
0.0
  3
*U137
  1

  0
INSERT
  5
2E09
330
2E07
100
AcDbEntity
  8
0
  6
ByBlock
347
ED
 62
     0
440
 16777216
370
    -2
380
     1
100
AcDbBlockReference
  2
*U136
 10
245.8126996687799
 20
4162.107046393119
 30
0.0
  0
INSERT
  5
2E0A
330
2E07
100
AcDbEntity
  8
0
  6
ByBlock
347
ED
 62
     0
440
 16777216
370
    -2
380
     1
100
AcDbBlockReference
  2
*U136
 10
251.9987344134967
 20
4162.107046393119
 30
0.0
  0
INSERT
  5
2E0B
330
2E07
100
AcDbEntity
  8
0
  6
ByBlock
347
ED
 62
     0
440
 16777216
370
    -2
380
     1
100
AcDbBlockReference
  2
*U136
 10
258.1847691582134
 20
4162.107046393119
 30
0.0
  0
INSERT
  5
2E0C
330
2E07
100
AcDbEntity
  8
0
  6
ByBlock
347
ED
 62
     0
440
 16777216
370
    -2
380
     1
100
AcDbBlockReference
  2
*U136
 10
264.3708039029301
 20
4162.107046393119
 30
0.0
  0
INSERT
  5
2E0D
330
2E07
100
AcDbEntity
  8
0
  6
ByBlock
347
ED
 62
     0
440
 16777216
370
    -2
380
     1
100
AcDbBlockReference
  2
*U136
 10
270.5568386476468
 20
4162.107046393119
 30
0.0
  0
INSERT
  5
2E0E
330
2E07
100
AcDbEntity
  8
0
  6
ByBlock
347
ED
 62
     0
440
 16777216
370
    -2
380
     1
100
AcDbBlockReference
  2
*U136
 10
276.7428733923635
 20
4162.107046393119
 30
0.0
  0
INSERT
  5
2E0F
330
2E07
100
AcDbEntity
  8
0
  6
ByBlock
347
ED
 62
     0
440
 16777216
370
    -2
380
     1
100
AcDbBlockReference
  2
*U136
 10
282.9289081370802
 20
4162.107046393119
 30
0.0
  0
INSERT
  5
2E10
330
2E07
100
AcDbEntity
  8
0
  6
ByBlock
347
ED
 62
     0
440
 16777216
370
    -2
380
     1
100
AcDbBlockReference
  2
*U136
 10
289.1149428817969
 20
4162.107046393119
 30
0.0
  0
INSERT
  5
2E11
330
2E07
100
AcDbEntity
  8
0
  6
ByBlock
347
ED
 62
     0
440
 16777216
370
    -2
380
     1
100
AcDbBlockReference
  2
*U136
 10
295.3009776265137
 20
4162.107046393119
 30
0.0
  0
INSERT
  5
2E12
330
2E07
100
AcDbEntity
  8
0
  6
ByBlock
347
ED
 62
     0
440
 16777216
370
    -2
380
     1
100
AcDbBlockReference
  2
*U136
 10
301.4870123712304
 20
4162.107046393119
 30
0.0
  0
INSERT
  5
2E13
330
2E07
100
AcDbEntity
  8
0
  6
ByBlock
347
ED
 62
     0
440
 16777216
370
    -2
380
     1
100
AcDbBlockReference
  2
*U136
 10
307.6730471159471
 20
4162.107046393119
 30
0.0
  0
INSERT
  5
2E14
330
2E07
100
AcDbEntity
  8
0
  6
ByBlock
347
ED
 62
     0
440
 16777216
370
    -2
380
     1
100
AcDbBlockReference
  2
*U136
 10
313.8590818606638
 20
4162.107046393119
 30
0.0
  0
INSERT
  5
2E15
330
2E07
100
AcDbEntity
  8
0
  6
ByBlock
347
ED
 62
     0
440
 16777216
370
    -2
380
     1
100
AcDbBlockReference
  2
*U136
 10
320.0451166053805
 20
4162.107046393119
 30
0.0
  0
INSERT
  5
2E16
330
2E07
100
AcDbEntity
  8
0
  6
ByBlock
347
ED
 62
     0
440
 16777216
370
    -2
380
     1
100
AcDbBlockReference
  2
*U136
 10
326.2311513500972
 20
4162.107046393119
 30
0.0
  0
INSERT
  5
2E17
330
2E07
100
AcDbEntity
  8
0
  6
ByBlock
347
ED
 62
     0
440
 16777216
370
    -2
380
     1
100
AcDbBlockReference
  2
*U136
 10
332.4171860948139
 20
4162.107046393119
 30
0.0
  0
INSERT
  5
2E18
330
2E07
100
AcDbEntity
  8
0
  6
ByBlock
347
ED
 62
     0
440
 16777216
370
    -2
380
     1
100
AcDbBlockReference
  2
*U136
 10
338.6032208395306
 20
4162.107046393119
 30
0.0
  0
INSERT
  5
2E19
330
2E07
100
AcDbEntity
  8
0
  6
ByBlock
347
ED
 62
     0
440
 16777216
370
    -2
380
     1
100
AcDbBlockReference
  2
*U136
 10
344.7892555842474
 20
4162.107046393119
 30
0.0
  0
INSERT
  5
2E1A
330
2E07
100
AcDbEntity
  8
0
  6
ByBlock
347
ED
 62
     0
440
 16777216
370
    -2
380
     1
100
AcDbBlockReference
  2
*U136
 10
350.9752903289641
 20
4162.107046393119
 30
0.0
  0
ENDBLK
  5
2E1B
330
2E07
100
AcDbEntity
  8
0
 62
    40
420
 16308017
100
AcDbBlockEnd
  0
BLOCK
  5
2E28
330
2E27
100
AcDbEntity
  8
0
 62
    40
420
 16308017
100
AcDbBlockBegin
  2
*U138
 70
     1
 10
0.0
 20
0.0
 30
0.0
  3
*U138
  1

  0
CIRCLE
  5
2E29
330
2E27
100
AcDbEntity
  8
0
 62
    40
420
 16308017
100
AcDbCircle
 10
0.0
 20
0.0
 30
0.0
 40
0.75
  0
ENDBLK
  5
2E2A
330
2E27
100
AcDbEntity
  8
0
 62
    40
420
 16308017
100
AcDbBlockEnd
  0
BLOCK
  5
2E2C
330
2E2B
100
AcDbEntity
  8
0
 62
    40
420
 16308017
100
AcDbBlockBegin
  2
*U139
 70
     1
 10
0.0
 20
0.0
 30
0.0
  3
*U139
  1

  0
INSERT
  5
2E2D
330
2E2B
100
AcDbEntity
  8
0
  6
ByBlock
347
ED
 62
     0
440
 16777216
370
    -2
380
     1
100
AcDbBlockReference
  2
*U138
 10
245.8126996687799
 20
4162.107046393119
 30
0.0
  0
INSERT
  5
2E2E
330
2E2B
100
AcDbEntity
  8
0
  6
ByBlock
347
ED
 62
     0
440
 16777216
370
    -2
380
     1
100
AcDbBlockReference
  2
*U138
 10
251.9987344134967
 20
4162.107046393119
 30
0.0
  0
INSERT
  5
2E2F
330
2E2B
100
AcDbEntity
  8
0
  6
ByBlock
347
ED
 62
     0
440
 16777216
370
    -2
380
     1
100
AcDbBlockReference
  2
*U138
 10
258.1847691582134
 20
4162.107046393119
 30
0.0
  0
INSERT
  5
2E30
330
2E2B
100
AcDbEntity
  8
0
  6
ByBlock
347
ED
 62
     0
440
 16777216
370
    -2
380
     1
100
AcDbBlockReference
  2
*U138
 10
264.3708039029301
 20
4162.107046393119
 30
0.0
  0
INSERT
  5
2E31
330
2E2B
100
AcDbEntity
  8
0
  6
ByBlock
347
ED
 62
     0
440
 16777216
370
    -2
380
     1
100
AcDbBlockReference
  2
*U138
 10
270.5568386476468
 20
4162.107046393119
 30
0.0
  0
INSERT
  5
2E32
330
2E2B
100
AcDbEntity
  8
0
  6
ByBlock
347
ED
 62
     0
440
 16777216
370
    -2
380
     1
100
AcDbBlockReference
  2
*U138
 10
276.7428733923635
 20
4162.107046393119
 30
0.0
  0
INSERT
  5
2E33
330
2E2B
100
AcDbEntity
  8
0
  6
ByBlock
347
ED
 62
     0
440
 16777216
370
    -2
380
     1
100
AcDbBlockReference
  2
*U138
 10
282.9289081370802
 20
4162.107046393119
 30
0.0
  0
INSERT
  5
2E34
330
2E2B
100
AcDbEntity
  8
0
  6
ByBlock
347
ED
 62
     0
440
 16777216
370
    -2
380
     1
100
AcDbBlockReference
  2
*U138
 10
289.1149428817969
 20
4162.107046393119
 30
0.0
  0
INSERT
  5
2E35
330
2E2B
100
AcDbEntity
  8
0
  6
ByBlock
347
ED
 62
     0
440
 16777216
370
    -2
380
     1
100
AcDbBlockReference
  2
*U138
 10
295.3009776265137
 20
4162.107046393119
 30
0.0
  0
INSERT
  5
2E36
330
2E2B
100
AcDbEntity
  8
0
  6
ByBlock
347
ED
 62
     0
440
 16777216
370
    -2
380
     1
100
AcDbBlockReference
  2
*U138
 10
301.4870123712304
 20
4162.107046393119
 30
0.0
  0
INSERT
  5
2E37
330
2E2B
100
AcDbEntity
  8
0
  6
ByBlock
347
ED
 62
     0
440
 16777216
370
    -2
380
     1
100
AcDbBlockReference
  2
*U138
 10
307.6730471159471
 20
4162.107046393119
 30
0.0
  0
INSERT
  5
2E38
330
2E2B
100
AcDbEntity
  8
0
  6
ByBlock
347
ED
 62
     0
440
 16777216
370
    -2
380
     1
100
AcDbBlockReference
  2
*U138
 10
313.8590818606638
 20
4162.107046393119
 30
0.0
  0
INSERT
  5
2E39
330
2E2B
100
AcDbEntity
  8
0
  6
ByBlock
347
ED
 62
     0
440
 16777216
370
    -2
380
     1
100
AcDbBlockReference
  2
*U138
 10
320.0451166053805
 20
4162.107046393119
 30
0.0
  0
INSERT
  5
2E3A
330
2E2B
100
AcDbEntity
  8
0
  6
ByBlock
347
ED
 62
     0
440
 16777216
370
    -2
380
     1
100
AcDbBlockReference
  2
*U138
 10
326.2311513500972
 20
4162.107046393119
 30
0.0
  0
INSERT
  5
2E3B
330
2E2B
100
AcDbEntity
  8
0
  6
ByBlock
347
ED
 62
     0
440
 16777216
370
    -2
380
     1
100
AcDbBlockReference
  2
*U138
 10
332.4171860948139
 20
4162.107046393119
 30
0.0
  0
INSERT
  5
2E3C
330
2E2B
100
AcDbEntity
  8
0
  6
ByBlock
347
ED
 62
     0
440
 16777216
370
    -2
380
     1
100
AcDbBlockReference
  2
*U138
 10
338.6032208395306
 20
4162.107046393119
 30
0.0
  0
INSERT
  5
2E3D
330
2E2B
100
AcDbEntity
  8
0
  6
ByBlock
347
ED
 62
     0
440
 16777216
370
    -2
380
     1
100
AcDbBlockReference
  2
*U138
 10
344.7892555842474
 20
4162.107046393119
 30
0.0
  0
INSERT
  5
2E3E
330
2E2B
100
AcDbEntity
  8
0
  6
ByBlock
347
ED
 62
     0
440
 16777216
370
    -2
380
     1
100
AcDbBlockReference
  2
*U138
 10
350.9752903289641
 20
4162.107046393119
 30
0.0
  0
ENDBLK
  5
2E3F
330
2E2B
100
AcDbEntity
  8
0
 62
    40
420
 16308017
100
AcDbBlockEnd
  0
BLOCK
  5
2E58
330
2E57
100
AcDbEntity
  8
0
 62
    40
420
 16308017
100
AcDbBlockBegin
  2
*U140
 70
     1
 10
0.0
 20
0.0
 30
0.0
  3
*U140
  1

  0
CIRCLE
  5
2E59
330
2E57
100
AcDbEntity
  8
0
 62
    40
420
 16308017
100
AcDbCircle
 10
0.0
 20
0.0
 30
0.0
 40
0.75
  0
ENDBLK
  5
2E5A
330
2E57
100
AcDbEntity
  8
0
 62
    40
420
 16308017
100
AcDbBlockEnd
  0
BLOCK
  5
2E5E
330
2E5D
100
AcDbEntity
  8
0
 62
    40
420
 16308017
100
AcDbBlockBegin
  2
*U141
 70
     1
 10
0.0
 20
0.0
 30
0.0
  3
*U141
  1

  0
INSERT
  5
2E5F
330
2E5D
100
AcDbEntity
  8
0
  6
ByBlock
347
ED
 62
     0
440
 16777216
370
    -2
380
     1
100
AcDbBlockReference
  2
*U140
 10
245.8126996687799
 20
4162.107046393119
 30
0.0
  0
INSERT
  5
2E60
330
2E5D
100
AcDbEntity
  8
0
  6
ByBlock
347
ED
 62
     0
440
 16777216
370
    -2
380
     1
100
AcDbBlockReference
  2
*U140
 10
251.9987344134967
 20
4162.107046393119
 30
0.0
  0
INSERT
  5
2E61
330
2E5D
100
AcDbEntity
  8
0
  6
ByBlock
347
ED
 62
     0
440
 16777216
370
    -2
380
     1
100
AcDbBlockReference
  2
*U140
 10
258.1847691582134
 20
4162.107046393119
 30
0.0
  0
INSERT
  5
2E62
330
2E5D
100
AcDbEntity
  8
0
  6
ByBlock
347
ED
 62
     0
440
 16777216
370
    -2
380
     1
100
AcDbBlockReference
  2
*U140
 10
264.3708039029301
 20
4162.107046393119
 30
0.0
  0
INSERT
  5
2E63
330
2E5D
100
AcDbEntity
  8
0
  6
ByBlock
347
ED
 62
     0
440
 16777216
370
    -2
380
     1
100
AcDbBlockReference
  2
*U140
 10
270.5568386476468
 20
4162.107046393119
 30
0.0
  0
INSERT
  5
2E64
330
2E5D
100
AcDbEntity
  8
0
  6
ByBlock
347
ED
 62
     0
440
 16777216
370
    -2
380
     1
100
AcDbBlockReference
  2
*U140
 10
276.7428733923635
 20
4162.107046393119
 30
0.0
  0
INSERT
  5
2E65
330
2E5D
100
AcDbEntity
  8
0
  6
ByBlock
347
ED
 62
     0
440
 16777216
370
    -2
380
     1
100
AcDbBlockReference
  2
*U140
 10
282.9289081370802
 20
4162.107046393119
 30
0.0
  0
INSERT
  5
2E66
330
2E5D
100
AcDbEntity
  8
0
  6
ByBlock
347
ED
 62
     0
440
 16777216
370
    -2
380
     1
100
AcDbBlockReference
  2
*U140
 10
289.1149428817969
 20
4162.107046393119
 30
0.0
  0
INSERT
  5
2E67
330
2E5D
100
AcDbEntity
  8
0
  6
ByBlock
347
ED
 62
     0
440
 16777216
370
    -2
380
     1
100
AcDbBlockReference
  2
*U140
 10
295.3009776265137
 20
4162.107046393119
 30
0.0
  0
INSERT
  5
2E68
330
2E5D
100
AcDbEntity
  8
0
  6
ByBlock
347
ED
 62
     0
440
 16777216
370
    -2
380
     1
100
AcDbBlockReference
  2
*U140
 10
301.4870123712304
 20
4162.107046393119
 30
0.0
  0
INSERT
  5
2E69
330
2E5D
100
AcDbEntity
  8
0
  6
ByBlock
347
ED
 62
     0
440
 16777216
370
    -2
380
     1
100
AcDbBlockReference
  2
*U140
 10
307.6730471159471
 20
4162.107046393119
 30
0.0
  0
INSERT
  5
2E6A
330
2E5D
100
AcDbEntity
  8
0
  6
ByBlock
347
ED
 62
     0
440
 16777216
370
    -2
380
     1
100
AcDbBlockReference
  2
*U140
 10
313.8590818606638
 20
4162.107046393119
 30
0.0
  0
INSERT
  5
2E6B
330
2E5D
100
AcDbEntity
  8
0
  6
ByBlock
347
ED
 62
     0
440
 16777216
370
    -2
380
     1
100
AcDbBlockReference
  2
*U140
 10
320.0451166053805
 20
4162.107046393119
 30
0.0
  0
INSERT
  5
2E6C
330
2E5D
100
AcDbEntity
  8
0
  6
ByBlock
347
ED
 62
     0
440
 16777216
370
    -2
380
     1
100
AcDbBlockReference
  2
*U140
 10
326.2311513500972
 20
4162.107046393119
 30
0.0
  0
INSERT
  5
2E6D
330
2E5D
100
AcDbEntity
  8
0
  6
ByBlock
347
ED
 62
     0
440
 16777216
370
    -2
380
     1
100
AcDbBlockReference
  2
*U140
 10
332.4171860948139
 20
4162.107046393119
 30
0.0
  0
INSERT
  5
2E6E
330
2E5D
100
AcDbEntity
  8
0
  6
ByBlock
347
ED
 62
     0
440
 16777216
370
    -2
380
     1
100
AcDbBlockReference
  2
*U140
 10
338.6032208395306
 20
4162.107046393119
 30
0.0
  0
INSERT
  5
2E6F
330
2E5D
100
AcDbEntity
  8
0
  6
ByBlock
347
ED
 62
     0
440
 16777216
370
    -2
380
     1
100
AcDbBlockReference
  2
*U140
 10
344.7892555842474
 20
4162.107046393119
 30
0.0
  0
INSERT
  5
2E70
330
2E5D
100
AcDbEntity
  8
0
  6
ByBlock
347
ED
 62
     0
440
 16777216
370
    -2
380
     1
100
AcDbBlockReference
  2
*U140
 10
350.9752903289641
 20
4162.107046393119
 30
0.0
  0
ENDBLK
  5
2E71
330
2E5D
100
AcDbEntity
  8
0
 62
    40
420
 16308017
100
AcDbBlockEnd
  0
BLOCK
  5
2E7E
330
2E7D
100
AcDbEntity
  8
0
 62
    40
420
 16308017
100
AcDbBlockBegin
  2
*U142
 70
     1
 10
0.0
 20
0.0
 30
0.0
  3
*U142
  1

  0
CIRCLE
  5
2E7F
330
2E7D
100
AcDbEntity
  8
0
 62
    40
420
 16308017
100
AcDbCircle
 10
0.0
 20
0.0
 30
0.0
 40
0.75
  0
ENDBLK
  5
2E80
330
2E7D
100
AcDbEntity
  8
0
 62
    40
420
 16308017
100
AcDbBlockEnd
  0
BLOCK
  5
2E82
330
2E81
100
AcDbEntity
  8
0
 62
    40
420
 16308017
100
AcDbBlockBegin
  2
*U143
 70
     1
 10
0.0
 20
0.0
 30
0.0
  3
*U143
  1

  0
INSERT
  5
2E83
330
2E81
100
AcDbEntity
  8
0
  6
ByBlock
347
ED
 62
     0
440
 16777216
370
    -2
380
     1
100
AcDbBlockReference
  2
*U142
 10
245.8126996687799
 20
4162.107046393119
 30
0.0
  0
INSERT
  5
2E84
330
2E81
100
AcDbEntity
  8
0
  6
ByBlock
347
ED
 62
     0
440
 16777216
370
    -2
380
     1
100
AcDbBlockReference
  2
*U142
 10
251.9987344134967
 20
4162.107046393119
 30
0.0
  0
INSERT
  5
2E85
330
2E81
100
AcDbEntity
  8
0
  6
ByBlock
347
ED
 62
     0
440
 16777216
370
    -2
380
     1
100
AcDbBlockReference
  2
*U142
 10
258.1847691582134
 20
4162.107046393119
 30
0.0
  0
INSERT
  5
2E86
330
2E81
100
AcDbEntity
  8
0
  6
ByBlock
347
ED
 62
     0
440
 16777216
370
    -2
380
     1
100
AcDbBlockReference
  2
*U142
 10
264.3708039029301
 20
4162.107046393119
 30
0.0
  0
INSERT
  5
2E87
330
2E81
100
AcDbEntity
  8
0
  6
ByBlock
347
ED
 62
     0
440
 16777216
370
    -2
380
     1
100
AcDbBlockReference
  2
*U142
 10
270.5568386476468
 20
4162.107046393119
 30
0.0
  0
INSERT
  5
2E88
330
2E81
100
AcDbEntity
  8
0
  6
ByBlock
347
ED
 62
     0
440
 16777216
370
    -2
380
     1
100
AcDbBlockReference
  2
*U142
 10
276.7428733923635
 20
4162.107046393119
 30
0.0
  0
INSERT
  5
2E89
330
2E81
100
AcDbEntity
  8
0
  6
ByBlock
347
ED
 62
     0
440
 16777216
370
    -2
380
     1
100
AcDbBlockReference
  2
*U142
 10
282.9289081370802
 20
4162.107046393119
 30
0.0
  0
INSERT
  5
2E8A
330
2E81
100
AcDbEntity
  8
0
  6
ByBlock
347
ED
 62
     0
440
 16777216
370
    -2
380
     1
100
AcDbBlockReference
  2
*U142
 10
289.1149428817969
 20
4162.107046393119
 30
0.0
  0
INSERT
  5
2E8B
330
2E81
100
AcDbEntity
  8
0
  6
ByBlock
347
ED
 62
     0
440
 16777216
370
    -2
380
     1
100
AcDbBlockReference
  2
*U142
 10
295.3009776265137
 20
4162.107046393119
 30
0.0
  0
INSERT
  5
2E8C
330
2E81
100
AcDbEntity
  8
0
  6
ByBlock
347
ED
 62
     0
440
 16777216
370
    -2
380
     1
100
AcDbBlockReference
  2
*U142
 10
301.4870123712304
 20
4162.107046393119
 30
0.0
  0
INSERT
  5
2E8D
330
2E81
100
AcDbEntity
  8
0
  6
ByBlock
347
ED
 62
     0
440
 16777216
370
    -2
380
     1
100
AcDbBlockReference
  2
*U142
 10
307.6730471159471
 20
4162.107046393119
 30
0.0
  0
INSERT
  5
2E8E
330
2E81
100
AcDbEntity
  8
0
  6
ByBlock
347
ED
 62
     0
440
 16777216
370
    -2
380
     1
100
AcDbBlockReference
  2
*U142
 10
313.8590818606638
 20
4162.107046393119
 30
0.0
  0
INSERT
  5
2E8F
330
2E81
100
AcDbEntity
  8
0
  6
ByBlock
347
ED
 62
     0
440
 16777216
370
    -2
380
     1
100
AcDbBlockReference
  2
*U142
 10
320.0451166053805
 20
4162.107046393119
 30
0.0
  0
INSERT
  5
2E90
330
2E81
100
AcDbEntity
  8
0
  6
ByBlock
347
ED
 62
     0
440
 16777216
370
    -2
380
     1
100
AcDbBlockReference
  2
*U142
 10
326.2311513500972
 20
4162.107046393119
 30
0.0
  0
INSERT
  5
2E91
330
2E81
100
AcDbEntity
  8
0
  6
ByBlock
347
ED
 62
     0
440
 16777216
370
    -2
380
     1
100
AcDbBlockReference
  2
*U142
 10
332.4171860948139
 20
4162.107046393119
 30
0.0
  0
INSERT
  5
2E92
330
2E81
100
AcDbEntity
  8
0
  6
ByBlock
347
ED
 62
     0
440
 16777216
370
    -2
380
     1
100
AcDbBlockReference
  2
*U142
 10
338.6032208395306
 20
4162.107046393119
 30
0.0
  0
INSERT
  5
2E93
330
2E81
100
AcDbEntity
  8
0
  6
ByBlock
347
ED
 62
     0
440
 16777216
370
    -2
380
     1
100
AcDbBlockReference
  2
*U142
 10
344.7892555842474
 20
4162.107046393119
 30
0.0
  0
INSERT
  5
2E94
330
2E81
100
AcDbEntity
  8
0
  6
ByBlock
347
ED
 62
     0
440
 16777216
370
    -2
380
     1
100
AcDbBlockReference
  2
*U142
 10
350.9752903289641
 20
4162.107046393119
 30
0.0
  0
ENDBLK
  5
2E95
330
2E81
100
AcDbEntity
  8
0
 62
    40
420
 16308017
100
AcDbBlockEnd
  0
BLOCK
  5
2EAE
330
2EAD
100
AcDbEntity
  8
0
 62
    40
420
 16308017
100
AcDbBlockBegin
  2
*U144
 70
     1
 10
0.0
 20
0.0
 30
0.0
  3
*U144
  1

  0
CIRCLE
  5
2EAF
330
2EAD
100
AcDbEntity
  8
0
 62
    40
420
 16308017
100
AcDbCircle
 10
0.0
 20
0.0
 30
0.0
 40
0.75
  0
ENDBLK
  5
2EB0
330
2EAD
100
AcDbEntity
  8
0
 62
    40
420
 16308017
100
AcDbBlockEnd
  0
BLOCK
  5
2EB4
330
2EB3
100
AcDbEntity
  8
0
 62
    40
420
 16308017
100
AcDbBlockBegin
  2
*U145
 70
     1
 10
0.0
 20
0.0
 30
0.0
  3
*U145
  1

  0
INSERT
  5
2EB5
330
2EB3
100
AcDbEntity
  8
0
  6
ByBlock
347
ED
 62
     0
440
 16777216
370
    -2
380
     1
100
AcDbBlockReference
  2
*U144
 10
245.8126996687799
 20
4162.107046393119
 30
0.0
  0
INSERT
  5
2EB6
330
2EB3
100
AcDbEntity
  8
0
  6
ByBlock
347
ED
 62
     0
440
 16777216
370
    -2
380
     1
100
AcDbBlockReference
  2
*U144
 10
251.9987344134967
 20
4162.107046393119
 30
0.0
  0
INSERT
  5
2EB7
330
2EB3
100
AcDbEntity
  8
0
  6
ByBlock
347
ED
 62
     0
440
 16777216
370
    -2
380
     1
100
AcDbBlockReference
  2
*U144
 10
258.1847691582134
 20
4162.107046393119
 30
0.0
  0
INSERT
  5
2EB8
330
2EB3
100
AcDbEntity
  8
0
  6
ByBlock
347
ED
 62
     0
440
 16777216
370
    -2
380
     1
100
AcDbBlockReference
  2
*U144
 10
264.3708039029301
 20
4162.107046393119
 30
0.0
  0
INSERT
  5
2EB9
330
2EB3
100
AcDbEntity
  8
0
  6
ByBlock
347
ED
 62
     0
440
 16777216
370
    -2
380
     1
100
AcDbBlockReference
  2
*U144
 10
270.5568386476468
 20
4162.107046393119
 30
0.0
  0
INSERT
  5
2EBA
330
2EB3
100
AcDbEntity
  8
0
  6
ByBlock
347
ED
 62
     0
440
 16777216
370
    -2
380
     1
100
AcDbBlockReference
  2
*U144
 10
276.7428733923635
 20
4162.107046393119
 30
0.0
  0
INSERT
  5
2EBB
330
2EB3
100
AcDbEntity
  8
0
  6
ByBlock
347
ED
 62
     0
440
 16777216
370
    -2
380
     1
100
AcDbBlockReference
  2
*U144
 10
282.9289081370802
 20
4162.107046393119
 30
0.0
  0
INSERT
  5
2EBC
330
2EB3
100
AcDbEntity
  8
0
  6
ByBlock
347
ED
 62
     0
440
 16777216
370
    -2
380
     1
100
AcDbBlockReference
  2
*U144
 10
289.1149428817969
 20
4162.107046393119
 30
0.0
  0
INSERT
  5
2EBD
330
2EB3
100
AcDbEntity
  8
0
  6
ByBlock
347
ED
 62
     0
440
 16777216
370
    -2
380
     1
100
AcDbBlockReference
  2
*U144
 10
295.3009776265137
 20
4162.107046393119
 30
0.0
  0
INSERT
  5
2EBE
330
2EB3
100
AcDbEntity
  8
0
  6
ByBlock
347
ED
 62
     0
440
 16777216
370
    -2
380
     1
100
AcDbBlockReference
  2
*U144
 10
301.4870123712304
 20
4162.107046393119
 30
0.0
  0
INSERT
  5
2EBF
330
2EB3
100
AcDbEntity
  8
0
  6
ByBlock
347
ED
 62
     0
440
 16777216
370
    -2
380
     1
100
AcDbBlockReference
  2
*U144
 10
307.6730471159471
 20
4162.107046393119
 30
0.0
  0
INSERT
  5
2EC0
330
2EB3
100
AcDbEntity
  8
0
  6
ByBlock
347
ED
 62
     0
440
 16777216
370
    -2
380
     1
100
AcDbBlockReference
  2
*U144
 10
313.8590818606638
 20
4162.107046393119
 30
0.0
  0
INSERT
  5
2EC1
330
2EB3
100
AcDbEntity
  8
0
  6
ByBlock
347
ED
 62
     0
440
 16777216
370
    -2
380
     1
100
AcDbBlockReference
  2
*U144
 10
320.0451166053805
 20
4162.107046393119
 30
0.0
  0
INSERT
  5
2EC2
330
2EB3
100
AcDbEntity
  8
0
  6
ByBlock
347
ED
 62
     0
440
 16777216
370
    -2
380
     1
100
AcDbBlockReference
  2
*U144
 10
326.2311513500972
 20
4162.107046393119
 30
0.0
  0
INSERT
  5
2EC3
330
2EB3
100
AcDbEntity
  8
0
  6
ByBlock
347
ED
 62
     0
440
 16777216
370
    -2
380
     1
100
AcDbBlockReference
  2
*U144
 10
332.4171860948139
 20
4162.107046393119
 30
0.0
  0
INSERT
  5
2EC4
330
2EB3
100
AcDbEntity
  8
0
  6
ByBlock
347
ED
 62
     0
440
 16777216
370
    -2
380
     1
100
AcDbBlockReference
  2
*U144
 10
338.6032208395306
 20
4162.107046393119
 30
0.0
  0
INSERT
  5
2EC5
330
2EB3
100
AcDbEntity
  8
0
  6
ByBlock
347
ED
 62
     0
440
 16777216
370
    -2
380
     1
100
AcDbBlockReference
  2
*U144
 10
344.7892555842474
 20
4162.107046393119
 30
0.0
  0
INSERT
  5
2EC6
330
2EB3
100
AcDbEntity
  8
0
  6
ByBlock
347
ED
 62
     0
440
 16777216
370
    -2
380
     1
100
AcDbBlockReference
  2
*U144
 10
350.9752903289641
 20
4162.107046393119
 30
0.0
  0
ENDBLK
  5
2EC7
330
2EB3
100
AcDbEntity
  8
0
 62
    40
420
 16308017
100
AcDbBlockEnd
  0
BLOCK
  5
2ED4
330
2ED3
100
AcDbEntity
  8
0
 62
    40
420
 16308017
100
AcDbBlockBegin
  2
*U146
 70
     1
 10
0.0
 20
0.0
 30
0.0
  3
*U146
  1

  0
CIRCLE
  5
2ED5
330
2ED3
100
AcDbEntity
  8
0
 62
    40
420
 16308017
100
AcDbCircle
 10
0.0
 20
0.0
 30
0.0
 40
0.75
  0
ENDBLK
  5
2ED6
330
2ED3
100
AcDbEntity
  8
0
 62
    40
420
 16308017
100
AcDbBlockEnd
  0
BLOCK
  5
2ED8
330
2ED7
100
AcDbEntity
  8
0
 62
    40
420
 16308017
100
AcDbBlockBegin
  2
*U147
 70
     1
 10
0.0
 20
0.0
 30
0.0
  3
*U147
  1

  0
INSERT
  5
2ED9
330
2ED7
100
AcDbEntity
  8
0
  6
ByBlock
347
ED
 62
     0
440
 16777216
370
    -2
380
     1
100
AcDbBlockReference
  2
*U146
 10
245.8126996687799
 20
4162.107046393119
 30
0.0
  0
INSERT
  5
2EDA
330
2ED7
100
AcDbEntity
  8
0
  6
ByBlock
347
ED
 62
     0
440
 16777216
370
    -2
380
     1
100
AcDbBlockReference
  2
*U146
 10
251.9987344134967
 20
4162.107046393119
 30
0.0
  0
INSERT
  5
2EDB
330
2ED7
100
AcDbEntity
  8
0
  6
ByBlock
347
ED
 62
     0
440
 16777216
370
    -2
380
     1
100
AcDbBlockReference
  2
*U146
 10
258.1847691582134
 20
4162.107046393119
 30
0.0
  0
INSERT
  5
2EDC
330
2ED7
100
AcDbEntity
  8
0
  6
ByBlock
347
ED
 62
     0
440
 16777216
370
    -2
380
     1
100
AcDbBlockReference
  2
*U146
 10
264.3708039029301
 20
4162.107046393119
 30
0.0
  0
INSERT
  5
2EDD
330
2ED7
100
AcDbEntity
  8
0
  6
ByBlock
347
ED
 62
     0
440
 16777216
370
    -2
380
     1
100
AcDbBlockReference
  2
*U146
 10
270.5568386476468
 20
4162.107046393119
 30
0.0
  0
INSERT
  5
2EDE
330
2ED7
100
AcDbEntity
  8
0
  6
ByBlock
347
ED
 62
     0
440
 16777216
370
    -2
380
     1
100
AcDbBlockReference
  2
*U146
 10
276.7428733923635
 20
4162.107046393119
 30
0.0
  0
INSERT
  5
2EDF
330
2ED7
100
AcDbEntity
  8
0
  6
ByBlock
347
ED
 62
     0
440
 16777216
370
    -2
380
     1
100
AcDbBlockReference
  2
*U146
 10
282.9289081370802
 20
4162.107046393119
 30
0.0
  0
INSERT
  5
2EE0
330
2ED7
100
AcDbEntity
  8
0
  6
ByBlock
347
ED
 62
     0
440
 16777216
370
    -2
380
     1
100
AcDbBlockReference
  2
*U146
 10
289.1149428817969
 20
4162.107046393119
 30
0.0
  0
INSERT
  5
2EE1
330
2ED7
100
AcDbEntity
  8
0
  6
ByBlock
347
ED
 62
     0
440
 16777216
370
    -2
380
     1
100
AcDbBlockReference
  2
*U146
 10
295.3009776265137
 20
4162.107046393119
 30
0.0
  0
INSERT
  5
2EE2
330
2ED7
100
AcDbEntity
  8
0
  6
ByBlock
347
ED
 62
     0
440
 16777216
370
    -2
380
     1
100
AcDbBlockReference
  2
*U146
 10
301.4870123712304
 20
4162.107046393119
 30
0.0
  0
INSERT
  5
2EE3
330
2ED7
100
AcDbEntity
  8
0
  6
ByBlock
347
ED
 62
     0
440
 16777216
370
    -2
380
     1
100
AcDbBlockReference
  2
*U146
 10
307.6730471159471
 20
4162.107046393119
 30
0.0
  0
INSERT
  5
2EE4
330
2ED7
100
AcDbEntity
  8
0
  6
ByBlock
347
ED
 62
     0
440
 16777216
370
    -2
380
     1
100
AcDbBlockReference
  2
*U146
 10
313.8590818606638
 20
4162.107046393119
 30
0.0
  0
INSERT
  5
2EE5
330
2ED7
100
AcDbEntity
  8
0
  6
ByBlock
347
ED
 62
     0
440
 16777216
370
    -2
380
     1
100
AcDbBlockReference
  2
*U146
 10
320.0451166053805
 20
4162.107046393119
 30
0.0
  0
INSERT
  5
2EE6
330
2ED7
100
AcDbEntity
  8
0
  6
ByBlock
347
ED
 62
     0
440
 16777216
370
    -2
380
     1
100
AcDbBlockReference
  2
*U146
 10
326.2311513500972
 20
4162.107046393119
 30
0.0
  0
INSERT
  5
2EE7
330
2ED7
100
AcDbEntity
  8
0
  6
ByBlock
347
ED
 62
     0
440
 16777216
370
    -2
380
     1
100
AcDbBlockReference
  2
*U146
 10
332.4171860948139
 20
4162.107046393119
 30
0.0
  0
INSERT
  5
2EE8
330
2ED7
100
AcDbEntity
  8
0
  6
ByBlock
347
ED
 62
     0
440
 16777216
370
    -2
380
     1
100
AcDbBlockReference
  2
*U146
 10
338.6032208395306
 20
4162.107046393119
 30
0.0
  0
INSERT
  5
2EE9
330
2ED7
100
AcDbEntity
  8
0
  6
ByBlock
347
ED
 62
     0
440
 16777216
370
    -2
380
     1
100
AcDbBlockReference
  2
*U146
 10
344.7892555842474
 20
4162.107046393119
 30
0.0
  0
INSERT
  5
2EEA
330
2ED7
100
AcDbEntity
  8
0
  6
ByBlock
347
ED
 62
     0
440
 16777216
370
    -2
380
     1
100
AcDbBlockReference
  2
*U146
 10
350.9752903289641
 20
4162.107046393119
 30
0.0
  0
ENDBLK
  5
2EEB
330
2ED7
100
AcDbEntity
  8
0
 62
    40
420
 16308017
100
AcDbBlockEnd
  0
BLOCK
  5
2F0F
330
2F0E
100
AcDbEntity
  8
0
 62
    40
420
 16308017
100
AcDbBlockBegin
  2
*U148
 70
     1
 10
0.0
 20
0.0
 30
0.0
  3
*U148
  1

  0
CIRCLE
  5
2F10
330
2F0E
100
AcDbEntity
  8
0
 62
    40
420
 16308017
100
AcDbCircle
 10
0.0
 20
0.0
 30
0.0
 40
0.75
  0
ENDBLK
  5
2F11
330
2F0E
100
AcDbEntity
  8
0
 62
    40
420
 16308017
100
AcDbBlockEnd
  0
BLOCK
  5
2F13
330
2F12
100
AcDbEntity
  8
0
 62
    40
420
 16308017
100
AcDbBlockBegin
  2
*U149
 70
     1
 10
0.0
 20
0.0
 30
0.0
  3
*U149
  1

  0
INSERT
  5
2F14
330
2F12
100
AcDbEntity
  8
0
  6
ByBlock
347
ED
 62
     0
440
 16777216
370
    -2
380
     1
100
AcDbBlockReference
  2
*U148
 10
245.8126996687799
 20
4162.107046393119
 30
0.0
  0
INSERT
  5
2F15
330
2F12
100
AcDbEntity
  8
0
  6
ByBlock
347
ED
 62
     0
440
 16777216
370
    -2
380
     1
100
AcDbBlockReference
  2
*U148
 10
251.9987344134967
 20
4162.107046393119
 30
0.0
  0
INSERT
  5
2F16
330
2F12
100
AcDbEntity
  8
0
  6
ByBlock
347
ED
 62
     0
440
 16777216
370
    -2
380
     1
100
AcDbBlockReference
  2
*U148
 10
258.1847691582134
 20
4162.107046393119
 30
0.0
  0
INSERT
  5
2F17
330
2F12
100
AcDbEntity
  8
0
  6
ByBlock
347
ED
 62
     0
440
 16777216
370
    -2
380
     1
100
AcDbBlockReference
  2
*U148
 10
264.3708039029301
 20
4162.107046393119
 30
0.0
  0
INSERT
  5
2F18
330
2F12
100
AcDbEntity
  8
0
  6
ByBlock
347
ED
 62
     0
440
 16777216
370
    -2
380
     1
100
AcDbBlockReference
  2
*U148
 10
270.5568386476468
 20
4162.107046393119
 30
0.0
  0
INSERT
  5
2F19
330
2F12
100
AcDbEntity
  8
0
  6
ByBlock
347
ED
 62
     0
440
 16777216
370
    -2
380
     1
100
AcDbBlockReference
  2
*U148
 10
276.7428733923635
 20
4162.107046393119
 30
0.0
  0
INSERT
  5
2F1A
330
2F12
100
AcDbEntity
  8
0
  6
ByBlock
347
ED
 62
     0
440
 16777216
370
    -2
380
     1
100
AcDbBlockReference
  2
*U148
 10
282.9289081370802
 20
4162.107046393119
 30
0.0
  0
INSERT
  5
2F1B
330
2F12
100
AcDbEntity
  8
0
  6
ByBlock
347
ED
 62
     0
440
 16777216
370
    -2
380
     1
100
AcDbBlockReference
  2
*U148
 10
289.1149428817969
 20
4162.107046393119
 30
0.0
  0
INSERT
  5
2F1C
330
2F12
100
AcDbEntity
  8
0
  6
ByBlock
347
ED
 62
     0
440
 16777216
370
    -2
380
     1
100
AcDbBlockReference
  2
*U148
 10
295.3009776265137
 20
4162.107046393119
 30
0.0
  0
INSERT
  5
2F1D
330
2F12
100
AcDbEntity
  8
0
  6
ByBlock
347
ED
 62
     0
440
 16777216
370
    -2
380
     1
100
AcDbBlockReference
  2
*U148
 10
301.4870123712304
 20
4162.107046393119
 30
0.0
  0
INSERT
  5
2F1E
330
2F12
100
AcDbEntity
  8
0
  6
ByBlock
347
ED
 62
     0
440
 16777216
370
    -2
380
     1
100
AcDbBlockReference
  2
*U148
 10
307.6730471159471
 20
4162.107046393119
 30
0.0
  0
INSERT
  5
2F1F
330
2F12
100
AcDbEntity
  8
0
  6
ByBlock
347
ED
 62
     0
440
 16777216
370
    -2
380
     1
100
AcDbBlockReference
  2
*U148
 10
313.8590818606638
 20
4162.107046393119
 30
0.0
  0
INSERT
  5
2F20
330
2F12
100
AcDbEntity
  8
0
  6
ByBlock
347
ED
 62
     0
440
 16777216
370
    -2
380
     1
100
AcDbBlockReference
  2
*U148
 10
320.0451166053805
 20
4162.107046393119
 30
0.0
  0
INSERT
  5
2F21
330
2F12
100
AcDbEntity
  8
0
  6
ByBlock
347
ED
 62
     0
440
 16777216
370
    -2
380
     1
100
AcDbBlockReference
  2
*U148
 10
326.2311513500972
 20
4162.107046393119
 30
0.0
  0
INSERT
  5
2F22
330
2F12
100
AcDbEntity
  8
0
  6
ByBlock
347
ED
 62
     0
440
 16777216
370
    -2
380
     1
100
AcDbBlockReference
  2
*U148
 10
332.4171860948139
 20
4162.107046393119
 30
0.0
  0
INSERT
  5
2F23
330
2F12
100
AcDbEntity
  8
0
  6
ByBlock
347
ED
 62
     0
440
 16777216
370
    -2
380
     1
100
AcDbBlockReference
  2
*U148
 10
338.6032208395306
 20
4162.107046393119
 30
0.0
  0
INSERT
  5
2F24
330
2F12
100
AcDbEntity
  8
0
  6
ByBlock
347
ED
 62
     0
440
 16777216
370
    -2
380
     1
100
AcDbBlockReference
  2
*U148
 10
344.7892555842474
 20
4162.107046393119
 30
0.0
  0
INSERT
  5
2F25
330
2F12
100
AcDbEntity
  8
0
  6
ByBlock
347
ED
 62
     0
440
 16777216
370
    -2
380
     1
100
AcDbBlockReference
  2
*U148
 10
350.9752903289641
 20
4162.107046393119
 30
0.0
  0
ENDBLK
  5
2F26
330
2F12
100
AcDbEntity
  8
0
 62
    40
420
 16308017
100
AcDbBlockEnd
  0
BLOCK
  5
2F2A
330
2F29
100
AcDbEntity
  8
0
 62
    40
420
 16308017
100
AcDbBlockBegin
  2
*U150
 70
     1
 10
0.0
 20
0.0
 30
0.0
  3
*U150
  1

  0
CIRCLE
  5
2F2B
330
2F29
100
AcDbEntity
  8
0
 62
    40
420
 16308017
100
AcDbCircle
 10
0.0
 20
0.0
 30
0.0
 40
0.75
  0
ENDBLK
  5
2F2C
330
2F29
100
AcDbEntity
  8
0
 62
    40
420
 16308017
100
AcDbBlockEnd
  0
BLOCK
  5
2F2E
330
2F2D
100
AcDbEntity
  8
0
 62
    40
420
 16308017
100
AcDbBlockBegin
  2
*U151
 70
     1
 10
0.0
 20
0.0
 30
0.0
  3
*U151
  1

  0
INSERT
  5
2F2F
330
2F2D
100
AcDbEntity
  8
0
  6
ByBlock
347
ED
 62
     0
440
 16777216
370
    -2
380
     1
100
AcDbBlockReference
  2
*U150
 10
245.8126996687799
 20
4162.107046393119
 30
0.0
  0
INSERT
  5
2F30
330
2F2D
100
AcDbEntity
  8
0
  6
ByBlock
347
ED
 62
     0
440
 16777216
370
    -2
380
     1
100
AcDbBlockReference
  2
*U150
 10
251.9987344134967
 20
4162.107046393119
 30
0.0
  0
INSERT
  5
2F31
330
2F2D
100
AcDbEntity
  8
0
  6
ByBlock
347
ED
 62
     0
440
 16777216
370
    -2
380
     1
100
AcDbBlockReference
  2
*U150
 10
258.1847691582134
 20
4162.107046393119
 30
0.0
  0
INSERT
  5
2F32
330
2F2D
100
AcDbEntity
  8
0
  6
ByBlock
347
ED
 62
     0
440
 16777216
370
    -2
380
     1
100
AcDbBlockReference
  2
*U150
 10
264.3708039029301
 20
4162.107046393119
 30
0.0
  0
INSERT
  5
2F33
330
2F2D
100
AcDbEntity
  8
0
  6
ByBlock
347
ED
 62
     0
440
 16777216
370
    -2
380
     1
100
AcDbBlockReference
  2
*U150
 10
270.5568386476468
 20
4162.107046393119
 30
0.0
  0
INSERT
  5
2F34
330
2F2D
100
AcDbEntity
  8
0
  6
ByBlock
347
ED
 62
     0
440
 16777216
370
    -2
380
     1
100
AcDbBlockReference
  2
*U150
 10
276.7428733923635
 20
4162.107046393119
 30
0.0
  0
INSERT
  5
2F35
330
2F2D
100
AcDbEntity
  8
0
  6
ByBlock
347
ED
 62
     0
440
 16777216
370
    -2
380
     1
100
AcDbBlockReference
  2
*U150
 10
282.9289081370802
 20
4162.107046393119
 30
0.0
  0
INSERT
  5
2F36
330
2F2D
100
AcDbEntity
  8
0
  6
ByBlock
347
ED
 62
     0
440
 16777216
370
    -2
380
     1
100
AcDbBlockReference
  2
*U150
 10
289.1149428817969
 20
4162.107046393119
 30
0.0
  0
INSERT
  5
2F37
330
2F2D
100
AcDbEntity
  8
0
  6
ByBlock
347
ED
 62
     0
440
 16777216
370
    -2
380
     1
100
AcDbBlockReference
  2
*U150
 10
295.3009776265137
 20
4162.107046393119
 30
0.0
  0
INSERT
  5
2F38
330
2F2D
100
AcDbEntity
  8
0
  6
ByBlock
347
ED
 62
     0
440
 16777216
370
    -2
380
     1
100
AcDbBlockReference
  2
*U150
 10
301.4870123712304
 20
4162.107046393119
 30
0.0
  0
INSERT
  5
2F39
330
2F2D
100
AcDbEntity
  8
0
  6
ByBlock
347
ED
 62
     0
440
 16777216
370
    -2
380
     1
100
AcDbBlockReference
  2
*U150
 10
307.6730471159471
 20
4162.107046393119
 30
0.0
  0
INSERT
  5
2F3A
330
2F2D
100
AcDbEntity
  8
0
  6
ByBlock
347
ED
 62
     0
440
 16777216
370
    -2
380
     1
100
AcDbBlockReference
  2
*U150
 10
313.8590818606638
 20
4162.107046393119
 30
0.0
  0
INSERT
  5
2F3B
330
2F2D
100
AcDbEntity
  8
0
  6
ByBlock
347
ED
 62
     0
440
 16777216
370
    -2
380
     1
100
AcDbBlockReference
  2
*U150
 10
320.0451166053805
 20
4162.107046393119
 30
0.0
  0
INSERT
  5
2F3C
330
2F2D
100
AcDbEntity
  8
0
  6
ByBlock
347
ED
 62
     0
440
 16777216
370
    -2
380
     1
100
AcDbBlockReference
  2
*U150
 10
326.2311513500972
 20
4162.107046393119
 30
0.0
  0
INSERT
  5
2F3D
330
2F2D
100
AcDbEntity
  8
0
  6
ByBlock
347
ED
 62
     0
440
 16777216
370
    -2
380
     1
100
AcDbBlockReference
  2
*U150
 10
332.4171860948139
 20
4162.107046393119
 30
0.0
  0
INSERT
  5
2F3E
330
2F2D
100
AcDbEntity
  8
0
  6
ByBlock
347
ED
 62
     0
440
 16777216
370
    -2
380
     1
100
AcDbBlockReference
  2
*U150
 10
338.6032208395306
 20
4162.107046393119
 30
0.0
  0
INSERT
  5
2F3F
330
2F2D
100
AcDbEntity
  8
0
  6
ByBlock
347
ED
 62
     0
440
 16777216
370
    -2
380
     1
100
AcDbBlockReference
  2
*U150
 10
344.7892555842474
 20
4162.107046393119
 30
0.0
  0
INSERT
  5
2F40
330
2F2D
100
AcDbEntity
  8
0
  6
ByBlock
347
ED
 62
     0
440
 16777216
370
    -2
380
     1
100
AcDbBlockReference
  2
*U150
 10
350.9752903289641
 20
4162.107046393119
 30
0.0
  0
ENDBLK
  5
2F41
330
2F2D
100
AcDbEntity
  8
0
 62
    40
420
 16308017
100
AcDbBlockEnd
  0
BLOCK
  5
2F5A
330
2F59
100
AcDbEntity
  8
0
 62
    40
420
 16308017
100
AcDbBlockBegin
  2
*U152
 70
     1
 10
0.0
 20
0.0
 30
0.0
  3
*U152
  1

  0
CIRCLE
  5
2F5B
330
2F59
100
AcDbEntity
  8
0
 62
    40
420
 16308017
100
AcDbCircle
 10
0.0
 20
0.0
 30
0.0
 40
0.75
  0
ENDBLK
  5
2F5C
330
2F59
100
AcDbEntity
  8
0
 62
    40
420
 16308017
100
AcDbBlockEnd
  0
BLOCK
  5
2F60
330
2F5F
100
AcDbEntity
  8
0
 62
    40
420
 16308017
100
AcDbBlockBegin
  2
*U153
 70
     1
 10
0.0
 20
0.0
 30
0.0
  3
*U153
  1

  0
INSERT
  5
2F61
330
2F5F
100
AcDbEntity
  8
0
  6
ByBlock
347
ED
 62
     0
440
 16777216
370
    -2
380
     1
100
AcDbBlockReference
  2
*U152
 10
245.8126996687799
 20
4162.107046393119
 30
0.0
  0
INSERT
  5
2F62
330
2F5F
100
AcDbEntity
  8
0
  6
ByBlock
347
ED
 62
     0
440
 16777216
370
    -2
380
     1
100
AcDbBlockReference
  2
*U152
 10
251.9987344134967
 20
4162.107046393119
 30
0.0
  0
INSERT
  5
2F63
330
2F5F
100
AcDbEntity
  8
0
  6
ByBlock
347
ED
 62
     0
440
 16777216
370
    -2
380
     1
100
AcDbBlockReference
  2
*U152
 10
258.1847691582134
 20
4162.107046393119
 30
0.0
  0
INSERT
  5
2F64
330
2F5F
100
AcDbEntity
  8
0
  6
ByBlock
347
ED
 62
     0
440
 16777216
370
    -2
380
     1
100
AcDbBlockReference
  2
*U152
 10
264.3708039029301
 20
4162.107046393119
 30
0.0
  0
INSERT
  5
2F65
330
2F5F
100
AcDbEntity
  8
0
  6
ByBlock
347
ED
 62
     0
440
 16777216
370
    -2
380
     1
100
AcDbBlockReference
  2
*U152
 10
270.5568386476468
 20
4162.107046393119
 30
0.0
  0
INSERT
  5
2F66
330
2F5F
100
AcDbEntity
  8
0
  6
ByBlock
347
ED
 62
     0
440
 16777216
370
    -2
380
     1
100
AcDbBlockReference
  2
*U152
 10
276.7428733923635
 20
4162.107046393119
 30
0.0
  0
INSERT
  5
2F67
330
2F5F
100
AcDbEntity
  8
0
  6
ByBlock
347
ED
 62
     0
440
 16777216
370
    -2
380
     1
100
AcDbBlockReference
  2
*U152
 10
282.9289081370802
 20
4162.107046393119
 30
0.0
  0
INSERT
  5
2F68
330
2F5F
100
AcDbEntity
  8
0
  6
ByBlock
347
ED
 62
     0
440
 16777216
370
    -2
380
     1
100
AcDbBlockReference
  2
*U152
 10
289.1149428817969
 20
4162.107046393119
 30
0.0
  0
INSERT
  5
2F69
330
2F5F
100
AcDbEntity
  8
0
  6
ByBlock
347
ED
 62
     0
440
 16777216
370
    -2
380
     1
100
AcDbBlockReference
  2
*U152
 10
295.3009776265137
 20
4162.107046393119
 30
0.0
  0
INSERT
  5
2F6A
330
2F5F
100
AcDbEntity
  8
0
  6
ByBlock
347
ED
 62
     0
440
 16777216
370
    -2
380
     1
100
AcDbBlockReference
  2
*U152
 10
301.4870123712304
 20
4162.107046393119
 30
0.0
  0
INSERT
  5
2F6B
330
2F5F
100
AcDbEntity
  8
0
  6
ByBlock
347
ED
 62
     0
440
 16777216
370
    -2
380
     1
100
AcDbBlockReference
  2
*U152
 10
307.6730471159471
 20
4162.107046393119
 30
0.0
  0
INSERT
  5
2F6C
330
2F5F
100
AcDbEntity
  8
0
  6
ByBlock
347
ED
 62
     0
440
 16777216
370
    -2
380
     1
100
AcDbBlockReference
  2
*U152
 10
313.8590818606638
 20
4162.107046393119
 30
0.0
  0
INSERT
  5
2F6D
330
2F5F
100
AcDbEntity
  8
0
  6
ByBlock
347
ED
 62
     0
440
 16777216
370
    -2
380
     1
100
AcDbBlockReference
  2
*U152
 10
320.0451166053805
 20
4162.107046393119
 30
0.0
  0
INSERT
  5
2F6E
330
2F5F
100
AcDbEntity
  8
0
  6
ByBlock
347
ED
 62
     0
440
 16777216
370
    -2
380
     1
100
AcDbBlockReference
  2
*U152
 10
326.2311513500972
 20
4162.107046393119
 30
0.0
  0
INSERT
  5
2F6F
330
2F5F
100
AcDbEntity
  8
0
  6
ByBlock
347
ED
 62
     0
440
 16777216
370
    -2
380
     1
100
AcDbBlockReference
  2
*U152
 10
332.4171860948139
 20
4162.107046393119
 30
0.0
  0
INSERT
  5
2F70
330
2F5F
100
AcDbEntity
  8
0
  6
ByBlock
347
ED
 62
     0
440
 16777216
370
    -2
380
     1
100
AcDbBlockReference
  2
*U152
 10
338.6032208395306
 20
4162.107046393119
 30
0.0
  0
INSERT
  5
2F71
330
2F5F
100
AcDbEntity
  8
0
  6
ByBlock
347
ED
 62
     0
440
 16777216
370
    -2
380
     1
100
AcDbBlockReference
  2
*U152
 10
344.7892555842474
 20
4162.107046393119
 30
0.0
  0
INSERT
  5
2F72
330
2F5F
100
AcDbEntity
  8
0
  6
ByBlock
347
ED
 62
     0
440
 16777216
370
    -2
380
     1
100
AcDbBlockReference
  2
*U152
 10
350.9752903289641
 20
4162.107046393119
 30
0.0
  0
ENDBLK
  5
2F73
330
2F5F
100
AcDbEntity
  8
0
 62
    40
420
 16308017
100
AcDbBlockEnd
  0
BLOCK
  5
2F80
330
2F7F
100
AcDbEntity
  8
0
 62
    40
420
 16308017
100
AcDbBlockBegin
  2
*U154
 70
     1
 10
0.0
 20
0.0
 30
0.0
  3
*U154
  1

  0
CIRCLE
  5
2F81
330
2F7F
100
AcDbEntity
  8
0
 62
    40
420
 16308017
100
AcDbCircle
 10
0.0
 20
0.0
 30
0.0
 40
0.75
  0
ENDBLK
  5
2F82
330
2F7F
100
AcDbEntity
  8
0
 62
    40
420
 16308017
100
AcDbBlockEnd
  0
BLOCK
  5
2F84
330
2F83
100
AcDbEntity
  8
0
 62
    40
420
 16308017
100
AcDbBlockBegin
  2
*U155
 70
     1
 10
0.0
 20
0.0
 30
0.0
  3
*U155
  1

  0
INSERT
  5
2F85
330
2F83
100
AcDbEntity
  8
0
  6
ByBlock
347
ED
 62
     0
440
 16777216
370
    -2
380
     1
100
AcDbBlockReference
  2
*U154
 10
245.8126996687799
 20
4162.107046393119
 30
0.0
  0
INSERT
  5
2F86
330
2F83
100
AcDbEntity
  8
0
  6
ByBlock
347
ED
 62
     0
440
 16777216
370
    -2
380
     1
100
AcDbBlockReference
  2
*U154
 10
251.9987344134967
 20
4162.107046393119
 30
0.0
  0
INSERT
  5
2F87
330
2F83
100
AcDbEntity
  8
0
  6
ByBlock
347
ED
 62
     0
440
 16777216
370
    -2
380
     1
100
AcDbBlockReference
  2
*U154
 10
258.1847691582134
 20
4162.107046393119
 30
0.0
  0
INSERT
  5
2F88
330
2F83
100
AcDbEntity
  8
0
  6
ByBlock
347
ED
 62
     0
440
 16777216
370
    -2
380
     1
100
AcDbBlockReference
  2
*U154
 10
264.3708039029301
 20
4162.107046393119
 30
0.0
  0
INSERT
  5
2F89
330
2F83
100
AcDbEntity
  8
0
  6
ByBlock
347
ED
 62
     0
440
 16777216
370
    -2
380
     1
100
AcDbBlockReference
  2
*U154
 10
270.5568386476468
 20
4162.107046393119
 30
0.0
  0
INSERT
  5
2F8A
330
2F83
100
AcDbEntity
  8
0
  6
ByBlock
347
ED
 62
     0
440
 16777216
370
    -2
380
     1
100
AcDbBlockReference
  2
*U154
 10
276.7428733923635
 20
4162.107046393119
 30
0.0
  0
INSERT
  5
2F8B
330
2F83
100
AcDbEntity
  8
0
  6
ByBlock
347
ED
 62
     0
440
 16777216
370
    -2
380
     1
100
AcDbBlockReference
  2
*U154
 10
282.9289081370802
 20
4162.107046393119
 30
0.0
  0
INSERT
  5
2F8C
330
2F83
100
AcDbEntity
  8
0
  6
ByBlock
347
ED
 62
     0
440
 16777216
370
    -2
380
     1
100
AcDbBlockReference
  2
*U154
 10
289.1149428817969
 20
4162.107046393119
 30
0.0
  0
INSERT
  5
2F8D
330
2F83
100
AcDbEntity
  8
0
  6
ByBlock
347
ED
 62
     0
440
 16777216
370
    -2
380
     1
100
AcDbBlockReference
  2
*U154
 10
295.3009776265137
 20
4162.107046393119
 30
0.0
  0
INSERT
  5
2F8E
330
2F83
100
AcDbEntity
  8
0
  6
ByBlock
347
ED
 62
     0
440
 16777216
370
    -2
380
     1
100
AcDbBlockReference
  2
*U154
 10
301.4870123712304
 20
4162.107046393119
 30
0.0
  0
INSERT
  5
2F8F
330
2F83
100
AcDbEntity
  8
0
  6
ByBlock
347
ED
 62
     0
440
 16777216
370
    -2
380
     1
100
AcDbBlockReference
  2
*U154
 10
307.6730471159471
 20
4162.107046393119
 30
0.0
  0
INSERT
  5
2F90
330
2F83
100
AcDbEntity
  8
0
  6
ByBlock
347
ED
 62
     0
440
 16777216
370
    -2
380
     1
100
AcDbBlockReference
  2
*U154
 10
313.8590818606638
 20
4162.107046393119
 30
0.0
  0
INSERT
  5
2F91
330
2F83
100
AcDbEntity
  8
0
  6
ByBlock
347
ED
 62
     0
440
 16777216
370
    -2
380
     1
100
AcDbBlockReference
  2
*U154
 10
320.0451166053805
 20
4162.107046393119
 30
0.0
  0
INSERT
  5
2F92
330
2F83
100
AcDbEntity
  8
0
  6
ByBlock
347
ED
 62
     0
440
 16777216
370
    -2
380
     1
100
AcDbBlockReference
  2
*U154
 10
326.2311513500972
 20
4162.107046393119
 30
0.0
  0
INSERT
  5
2F93
330
2F83
100
AcDbEntity
  8
0
  6
ByBlock
347
ED
 62
     0
440
 16777216
370
    -2
380
     1
100
AcDbBlockReference
  2
*U154
 10
332.4171860948139
 20
4162.107046393119
 30
0.0
  0
INSERT
  5
2F94
330
2F83
100
AcDbEntity
  8
0
  6
ByBlock
347
ED
 62
     0
440
 16777216
370
    -2
380
     1
100
AcDbBlockReference
  2
*U154
 10
338.6032208395306
 20
4162.107046393119
 30
0.0
  0
INSERT
  5
2F95
330
2F83
100
AcDbEntity
  8
0
  6
ByBlock
347
ED
 62
     0
440
 16777216
370
    -2
380
     1
100
AcDbBlockReference
  2
*U154
 10
344.7892555842474
 20
4162.107046393119
 30
0.0
  0
INSERT
  5
2F96
330
2F83
100
AcDbEntity
  8
0
  6
ByBlock
347
ED
 62
     0
440
 16777216
370
    -2
380
     1
100
AcDbBlockReference
  2
*U154
 10
350.9752903289641
 20
4162.107046393119
 30
0.0
  0
ENDBLK
  5
2F97
330
2F83
100
AcDbEntity
  8
0
 62
    40
420
 16308017
100
AcDbBlockEnd
  0
BLOCK
  5
2FB0
330
2FAF
100
AcDbEntity
  8
0
 62
    40
420
 16308017
100
AcDbBlockBegin
  2
*U156
 70
     1
 10
0.0
 20
0.0
 30
0.0
  3
*U156
  1

  0
CIRCLE
  5
2FB1
330
2FAF
100
AcDbEntity
  8
0
 62
    40
420
 16308017
100
AcDbCircle
 10
0.0
 20
0.0
 30
0.0
 40
0.75
  0
ENDBLK
  5
2FB2
330
2FAF
100
AcDbEntity
  8
0
 62
    40
420
 16308017
100
AcDbBlockEnd
  0
BLOCK
  5
2FB6
330
2FB5
100
AcDbEntity
  8
0
 62
    40
420
 16308017
100
AcDbBlockBegin
  2
*U157
 70
     1
 10
0.0
 20
0.0
 30
0.0
  3
*U157
  1

  0
INSERT
  5
2FB7
330
2FB5
100
AcDbEntity
  8
0
  6
ByBlock
347
ED
 62
     0
440
 16777216
370
    -2
380
     1
100
AcDbBlockReference
  2
*U156
 10
245.8126996687799
 20
4162.107046393119
 30
0.0
  0
INSERT
  5
2FB8
330
2FB5
100
AcDbEntity
  8
0
  6
ByBlock
347
ED
 62
     0
440
 16777216
370
    -2
380
     1
100
AcDbBlockReference
  2
*U156
 10
251.9987344134967
 20
4162.107046393119
 30
0.0
  0
INSERT
  5
2FB9
330
2FB5
100
AcDbEntity
  8
0
  6
ByBlock
347
ED
 62
     0
440
 16777216
370
    -2
380
     1
100
AcDbBlockReference
  2
*U156
 10
258.1847691582134
 20
4162.107046393119
 30
0.0
  0
INSERT
  5
2FBA
330
2FB5
100
AcDbEntity
  8
0
  6
ByBlock
347
ED
 62
     0
440
 16777216
370
    -2
380
     1
100
AcDbBlockReference
  2
*U156
 10
264.3708039029301
 20
4162.107046393119
 30
0.0
  0
INSERT
  5
2FBB
330
2FB5
100
AcDbEntity
  8
0
  6
ByBlock
347
ED
 62
     0
440
 16777216
370
    -2
380
     1
100
AcDbBlockReference
  2
*U156
 10
270.5568386476468
 20
4162.107046393119
 30
0.0
  0
INSERT
  5
2FBC
330
2FB5
100
AcDbEntity
  8
0
  6
ByBlock
347
ED
 62
     0
440
 16777216
370
    -2
380
     1
100
AcDbBlockReference
  2
*U156
 10
276.7428733923635
 20
4162.107046393119
 30
0.0
  0
INSERT
  5
2FBD
330
2FB5
100
AcDbEntity
  8
0
  6
ByBlock
347
ED
 62
     0
440
 16777216
370
    -2
380
     1
100
AcDbBlockReference
  2
*U156
 10
282.9289081370802
 20
4162.107046393119
 30
0.0
  0
INSERT
  5
2FBE
330
2FB5
100
AcDbEntity
  8
0
  6
ByBlock
347
ED
 62
     0
440
 16777216
370
    -2
380
     1
100
AcDbBlockReference
  2
*U156
 10
289.1149428817969
 20
4162.107046393119
 30
0.0
  0
INSERT
  5
2FBF
330
2FB5
100
AcDbEntity
  8
0
  6
ByBlock
347
ED
 62
     0
440
 16777216
370
    -2
380
     1
100
AcDbBlockReference
  2
*U156
 10
295.3009776265137
 20
4162.107046393119
 30
0.0
  0
INSERT
  5
2FC0
330
2FB5
100
AcDbEntity
  8
0
  6
ByBlock
347
ED
 62
     0
440
 16777216
370
    -2
380
     1
100
AcDbBlockReference
  2
*U156
 10
301.4870123712304
 20
4162.107046393119
 30
0.0
  0
INSERT
  5
2FC1
330
2FB5
100
AcDbEntity
  8
0
  6
ByBlock
347
ED
 62
     0
440
 16777216
370
    -2
380
     1
100
AcDbBlockReference
  2
*U156
 10
307.6730471159471
 20
4162.107046393119
 30
0.0
  0
INSERT
  5
2FC2
330
2FB5
100
AcDbEntity
  8
0
  6
ByBlock
347
ED
 62
     0
440
 16777216
370
    -2
380
     1
100
AcDbBlockReference
  2
*U156
 10
313.8590818606638
 20
4162.107046393119
 30
0.0
  0
INSERT
  5
2FC3
330
2FB5
100
AcDbEntity
  8
0
  6
ByBlock
347
ED
 62
     0
440
 16777216
370
    -2
380
     1
100
AcDbBlockReference
  2
*U156
 10
320.0451166053805
 20
4162.107046393119
 30
0.0
  0
INSERT
  5
2FC4
330
2FB5
100
AcDbEntity
  8
0
  6
ByBlock
347
ED
 62
     0
440
 16777216
370
    -2
380
     1
100
AcDbBlockReference
  2
*U156
 10
326.2311513500972
 20
4162.107046393119
 30
0.0
  0
INSERT
  5
2FC5
330
2FB5
100
AcDbEntity
  8
0
  6
ByBlock
347
ED
 62
     0
440
 16777216
370
    -2
380
     1
100
AcDbBlockReference
  2
*U156
 10
332.4171860948139
 20
4162.107046393119
 30
0.0
  0
INSERT
  5
2FC6
330
2FB5
100
AcDbEntity
  8
0
  6
ByBlock
347
ED
 62
     0
440
 16777216
370
    -2
380
     1
100
AcDbBlockReference
  2
*U156
 10
338.6032208395306
 20
4162.107046393119
 30
0.0
  0
INSERT
  5
2FC7
330
2FB5
100
AcDbEntity
  8
0
  6
ByBlock
347
ED
 62
     0
440
 16777216
370
    -2
380
     1
100
AcDbBlockReference
  2
*U156
 10
344.7892555842474
 20
4162.107046393119
 30
0.0
  0
INSERT
  5
2FC8
330
2FB5
100
AcDbEntity
  8
0
  6
ByBlock
347
ED
 62
     0
440
 16777216
370
    -2
380
     1
100
AcDbBlockReference
  2
*U156
 10
350.9752903289641
 20
4162.107046393119
 30
0.0
  0
ENDBLK
  5
2FC9
330
2FB5
100
AcDbEntity
  8
0
 62
    40
420
 16308017
100
AcDbBlockEnd
  0
BLOCK
  5
2FD7
330
2FD6
100
AcDbEntity
  8
0
 62
    40
420
 16308017
100
AcDbBlockBegin
  2
*U158
 70
     1
 10
0.0
 20
0.0
 30
0.0
  3
*U158
  1

  0
CIRCLE
  5
2FD8
330
2FD6
100
AcDbEntity
  8
0
 62
    40
420
 16308017
100
AcDbCircle
 10
0.0
 20
0.0
 30
0.0
 40
0.75
  0
ENDBLK
  5
2FD9
330
2FD6
100
AcDbEntity
  8
0
 62
    40
420
 16308017
100
AcDbBlockEnd
  0
BLOCK
  5
2FDB
330
2FDA
100
AcDbEntity
  8
0
 62
    40
420
 16308017
100
AcDbBlockBegin
  2
*U159
 70
     1
 10
0.0
 20
0.0
 30
0.0
  3
*U159
  1

  0
INSERT
  5
2FDC
330
2FDA
100
AcDbEntity
  8
0
  6
ByBlock
347
ED
 62
     0
440
 16777216
370
    -2
380
     1
100
AcDbBlockReference
  2
*U158
 10
245.8126996687799
 20
4162.107046393119
 30
0.0
  0
INSERT
  5
2FDD
330
2FDA
100
AcDbEntity
  8
0
  6
ByBlock
347
ED
 62
     0
440
 16777216
370
    -2
380
     1
100
AcDbBlockReference
  2
*U158
 10
251.9987344134967
 20
4162.107046393119
 30
0.0
  0
INSERT
  5
2FDE
330
2FDA
100
AcDbEntity
  8
0
  6
ByBlock
347
ED
 62
     0
440
 16777216
370
    -2
380
     1
100
AcDbBlockReference
  2
*U158
 10
258.1847691582134
 20
4162.107046393119
 30
0.0
  0
INSERT
  5
2FDF
330
2FDA
100
AcDbEntity
  8
0
  6
ByBlock
347
ED
 62
     0
440
 16777216
370
    -2
380
     1
100
AcDbBlockReference
  2
*U158
 10
264.3708039029301
 20
4162.107046393119
 30
0.0
  0
INSERT
  5
2FE0
330
2FDA
100
AcDbEntity
  8
0
  6
ByBlock
347
ED
 62
     0
440
 16777216
370
    -2
380
     1
100
AcDbBlockReference
  2
*U158
 10
270.5568386476468
 20
4162.107046393119
 30
0.0
  0
INSERT
  5
2FE1
330
2FDA
100
AcDbEntity
  8
0
  6
ByBlock
347
ED
 62
     0
440
 16777216
370
    -2
380
     1
100
AcDbBlockReference
  2
*U158
 10
276.7428733923635
 20
4162.107046393119
 30
0.0
  0
INSERT
  5
2FE2
330
2FDA
100
AcDbEntity
  8
0
  6
ByBlock
347
ED
 62
     0
440
 16777216
370
    -2
380
     1
100
AcDbBlockReference
  2
*U158
 10
282.9289081370802
 20
4162.107046393119
 30
0.0
  0
INSERT
  5
2FE3
330
2FDA
100
AcDbEntity
  8
0
  6
ByBlock
347
ED
 62
     0
440
 16777216
370
    -2
380
     1
100
AcDbBlockReference
  2
*U158
 10
289.1149428817969
 20
4162.107046393119
 30
0.0
  0
INSERT
  5
2FE4
330
2FDA
100
AcDbEntity
  8
0
  6
ByBlock
347
ED
 62
     0
440
 16777216
370
    -2
380
     1
100
AcDbBlockReference
  2
*U158
 10
295.3009776265137
 20
4162.107046393119
 30
0.0
  0
INSERT
  5
2FE5
330
2FDA
100
AcDbEntity
  8
0
  6
ByBlock
347
ED
 62
     0
440
 16777216
370
    -2
380
     1
100
AcDbBlockReference
  2
*U158
 10
301.4870123712304
 20
4162.107046393119
 30
0.0
  0
INSERT
  5
2FE6
330
2FDA
100
AcDbEntity
  8
0
  6
ByBlock
347
ED
 62
     0
440
 16777216
370
    -2
380
     1
100
AcDbBlockReference
  2
*U158
 10
307.6730471159471
 20
4162.107046393119
 30
0.0
  0
INSERT
  5
2FE7
330
2FDA
100
AcDbEntity
  8
0
  6
ByBlock
347
ED
 62
     0
440
 16777216
370
    -2
380
     1
100
AcDbBlockReference
  2
*U158
 10
313.8590818606638
 20
4162.107046393119
 30
0.0
  0
INSERT
  5
2FE8
330
2FDA
100
AcDbEntity
  8
0
  6
ByBlock
347
ED
 62
     0
440
 16777216
370
    -2
380
     1
100
AcDbBlockReference
  2
*U158
 10
320.0451166053805
 20
4162.107046393119
 30
0.0
  0
INSERT
  5
2FE9
330
2FDA
100
AcDbEntity
  8
0
  6
ByBlock
347
ED
 62
     0
440
 16777216
370
    -2
380
     1
100
AcDbBlockReference
  2
*U158
 10
326.2311513500972
 20
4162.107046393119
 30
0.0
  0
INSERT
  5
2FEA
330
2FDA
100
AcDbEntity
  8
0
  6
ByBlock
347
ED
 62
     0
440
 16777216
370
    -2
380
     1
100
AcDbBlockReference
  2
*U158
 10
332.4171860948139
 20
4162.107046393119
 30
0.0
  0
INSERT
  5
2FEB
330
2FDA
100
AcDbEntity
  8
0
  6
ByBlock
347
ED
 62
     0
440
 16777216
370
    -2
380
     1
100
AcDbBlockReference
  2
*U158
 10
338.6032208395306
 20
4162.107046393119
 30
0.0
  0
INSERT
  5
2FEC
330
2FDA
100
AcDbEntity
  8
0
  6
ByBlock
347
ED
 62
     0
440
 16777216
370
    -2
380
     1
100
AcDbBlockReference
  2
*U158
 10
344.7892555842474
 20
4162.107046393119
 30
0.0
  0
INSERT
  5
2FED
330
2FDA
100
AcDbEntity
  8
0
  6
ByBlock
347
ED
 62
     0
440
 16777216
370
    -2
380
     1
100
AcDbBlockReference
  2
*U158
 10
350.9752903289641
 20
4162.107046393119
 30
0.0
  0
ENDBLK
  5
2FEE
330
2FDA
100
AcDbEntity
  8
0
 62
    40
420
 16308017
100
AcDbBlockEnd
  0
BLOCK
  5
3007
330
3006
100
AcDbEntity
  8
0
 62
    40
420
 16308017
100
AcDbBlockBegin
  2
*U160
 70
     1
 10
0.0
 20
0.0
 30
0.0
  3
*U160
  1

  0
CIRCLE
  5
3008
330
3006
100
AcDbEntity
  8
0
 62
    40
420
 16308017
100
AcDbCircle
 10
0.0
 20
0.0
 30
0.0
 40
0.75
  0
ENDBLK
  5
3009
330
3006
100
AcDbEntity
  8
0
 62
    40
420
 16308017
100
AcDbBlockEnd
  0
BLOCK
  5
300D
330
300C
100
AcDbEntity
  8
0
 62
    40
420
 16308017
100
AcDbBlockBegin
  2
*U161
 70
     1
 10
0.0
 20
0.0
 30
0.0
  3
*U161
  1

  0
INSERT
  5
300E
330
300C
100
AcDbEntity
  8
0
  6
ByBlock
347
ED
 62
     0
440
 16777216
370
    -2
380
     1
100
AcDbBlockReference
  2
*U160
 10
245.8126996687799
 20
4162.107046393119
 30
0.0
  0
INSERT
  5
300F
330
300C
100
AcDbEntity
  8
0
  6
ByBlock
347
ED
 62
     0
440
 16777216
370
    -2
380
     1
100
AcDbBlockReference
  2
*U160
 10
251.9987344134967
 20
4162.107046393119
 30
0.0
  0
INSERT
  5
3010
330
300C
100
AcDbEntity
  8
0
  6
ByBlock
347
ED
 62
     0
440
 16777216
370
    -2
380
     1
100
AcDbBlockReference
  2
*U160
 10
258.1847691582134
 20
4162.107046393119
 30
0.0
  0
INSERT
  5
3011
330
300C
100
AcDbEntity
  8
0
  6
ByBlock
347
ED
 62
     0
440
 16777216
370
    -2
380
     1
100
AcDbBlockReference
  2
*U160
 10
264.3708039029301
 20
4162.107046393119
 30
0.0
  0
INSERT
  5
3012
330
300C
100
AcDbEntity
  8
0
  6
ByBlock
347
ED
 62
     0
440
 16777216
370
    -2
380
     1
100
AcDbBlockReference
  2
*U160
 10
270.5568386476468
 20
4162.107046393119
 30
0.0
  0
INSERT
  5
3013
330
300C
100
AcDbEntity
  8
0
  6
ByBlock
347
ED
 62
     0
440
 16777216
370
    -2
380
     1
100
AcDbBlockReference
  2
*U160
 10
276.7428733923635
 20
4162.107046393119
 30
0.0
  0
INSERT
  5
3014
330
300C
100
AcDbEntity
  8
0
  6
ByBlock
347
ED
 62
     0
440
 16777216
370
    -2
380
     1
100
AcDbBlockReference
  2
*U160
 10
282.9289081370802
 20
4162.107046393119
 30
0.0
  0
INSERT
  5
3015
330
300C
100
AcDbEntity
  8
0
  6
ByBlock
347
ED
 62
     0
440
 16777216
370
    -2
380
     1
100
AcDbBlockReference
  2
*U160
 10
289.1149428817969
 20
4162.107046393119
 30
0.0
  0
INSERT
  5
3016
330
300C
100
AcDbEntity
  8
0
  6
ByBlock
347
ED
 62
     0
440
 16777216
370
    -2
380
     1
100
AcDbBlockReference
  2
*U160
 10
295.3009776265137
 20
4162.107046393119
 30
0.0
  0
INSERT
  5
3017
330
300C
100
AcDbEntity
  8
0
  6
ByBlock
347
ED
 62
     0
440
 16777216
370
    -2
380
     1
100
AcDbBlockReference
  2
*U160
 10
301.4870123712304
 20
4162.107046393119
 30
0.0
  0
INSERT
  5
3018
330
300C
100
AcDbEntity
  8
0
  6
ByBlock
347
ED
 62
     0
440
 16777216
370
    -2
380
     1
100
AcDbBlockReference
  2
*U160
 10
307.6730471159471
 20
4162.107046393119
 30
0.0
  0
INSERT
  5
3019
330
300C
100
AcDbEntity
  8
0
  6
ByBlock
347
ED
 62
     0
440
 16777216
370
    -2
380
     1
100
AcDbBlockReference
  2
*U160
 10
313.8590818606638
 20
4162.107046393119
 30
0.0
  0
INSERT
  5
301A
330
300C
100
AcDbEntity
  8
0
  6
ByBlock
347
ED
 62
     0
440
 16777216
370
    -2
380
     1
100
AcDbBlockReference
  2
*U160
 10
320.0451166053805
 20
4162.107046393119
 30
0.0
  0
INSERT
  5
301B
330
300C
100
AcDbEntity
  8
0
  6
ByBlock
347
ED
 62
     0
440
 16777216
370
    -2
380
     1
100
AcDbBlockReference
  2
*U160
 10
326.2311513500972
 20
4162.107046393119
 30
0.0
  0
INSERT
  5
301C
330
300C
100
AcDbEntity
  8
0
  6
ByBlock
347
ED
 62
     0
440
 16777216
370
    -2
380
     1
100
AcDbBlockReference
  2
*U160
 10
332.4171860948139
 20
4162.107046393119
 30
0.0
  0
INSERT
  5
301D
330
300C
100
AcDbEntity
  8
0
  6
ByBlock
347
ED
 62
     0
440
 16777216
370
    -2
380
     1
100
AcDbBlockReference
  2
*U160
 10
338.6032208395306
 20
4162.107046393119
 30
0.0
  0
INSERT
  5
301E
330
300C
100
AcDbEntity
  8
0
  6
ByBlock
347
ED
 62
     0
440
 16777216
370
    -2
380
     1
100
AcDbBlockReference
  2
*U160
 10
344.7892555842474
 20
4162.107046393119
 30
0.0
  0
INSERT
  5
301F
330
300C
100
AcDbEntity
  8
0
  6
ByBlock
347
ED
 62
     0
440
 16777216
370
    -2
380
     1
100
AcDbBlockReference
  2
*U160
 10
350.9752903289641
 20
4162.107046393119
 30
0.0
  0
ENDBLK
  5
3020
330
300C
100
AcDbEntity
  8
0
 62
    40
420
 16308017
100
AcDbBlockEnd
  0
BLOCK
  5
302D
330
302C
100
AcDbEntity
  8
0
 62
    40
420
 16308017
100
AcDbBlockBegin
  2
*U162
 70
     1
 10
0.0
 20
0.0
 30
0.0
  3
*U162
  1

  0
CIRCLE
  5
302E
330
302C
100
AcDbEntity
  8
0
 62
    40
420
 16308017
100
AcDbCircle
 10
0.0
 20
0.0
 30
0.0
 40
0.75
  0
ENDBLK
  5
302F
330
302C
100
AcDbEntity
  8
0
 62
    40
420
 16308017
100
AcDbBlockEnd
  0
BLOCK
  5
3031
330
3030
100
AcDbEntity
  8
0
 62
    40
420
 16308017
100
AcDbBlockBegin
  2
*U163
 70
     1
 10
0.0
 20
0.0
 30
0.0
  3
*U163
  1

  0
INSERT
  5
3032
330
3030
100
AcDbEntity
  8
0
  6
ByBlock
347
ED
 62
     0
440
 16777216
370
    -2
380
     1
100
AcDbBlockReference
  2
*U162
 10
245.8126996687799
 20
4162.107046393119
 30
0.0
  0
INSERT
  5
3033
330
3030
100
AcDbEntity
  8
0
  6
ByBlock
347
ED
 62
     0
440
 16777216
370
    -2
380
     1
100
AcDbBlockReference
  2
*U162
 10
251.9987344134967
 20
4162.107046393119
 30
0.0
  0
INSERT
  5
3034
330
3030
100
AcDbEntity
  8
0
  6
ByBlock
347
ED
 62
     0
440
 16777216
370
    -2
380
     1
100
AcDbBlockReference
  2
*U162
 10
258.1847691582134
 20
4162.107046393119
 30
0.0
  0
INSERT
  5
3035
330
3030
100
AcDbEntity
  8
0
  6
ByBlock
347
ED
 62
     0
440
 16777216
370
    -2
380
     1
100
AcDbBlockReference
  2
*U162
 10
264.3708039029301
 20
4162.107046393119
 30
0.0
  0
INSERT
  5
3036
330
3030
100
AcDbEntity
  8
0
  6
ByBlock
347
ED
 62
     0
440
 16777216
370
    -2
380
     1
100
AcDbBlockReference
  2
*U162
 10
270.5568386476468
 20
4162.107046393119
 30
0.0
  0
INSERT
  5
3037
330
3030
100
AcDbEntity
  8
0
  6
ByBlock
347
ED
 62
     0
440
 16777216
370
    -2
380
     1
100
AcDbBlockReference
  2
*U162
 10
276.7428733923635
 20
4162.107046393119
 30
0.0
  0
INSERT
  5
3038
330
3030
100
AcDbEntity
  8
0
  6
ByBlock
347
ED
 62
     0
440
 16777216
370
    -2
380
     1
100
AcDbBlockReference
  2
*U162
 10
282.9289081370802
 20
4162.107046393119
 30
0.0
  0
INSERT
  5
3039
330
3030
100
AcDbEntity
  8
0
  6
ByBlock
347
ED
 62
     0
440
 16777216
370
    -2
380
     1
100
AcDbBlockReference
  2
*U162
 10
289.1149428817969
 20
4162.107046393119
 30
0.0
  0
INSERT
  5
303A
330
3030
100
AcDbEntity
  8
0
  6
ByBlock
347
ED
 62
     0
440
 16777216
370
    -2
380
     1
100
AcDbBlockReference
  2
*U162
 10
295.3009776265137
 20
4162.107046393119
 30
0.0
  0
INSERT
  5
303B
330
3030
100
AcDbEntity
  8
0
  6
ByBlock
347
ED
 62
     0
440
 16777216
370
    -2
380
     1
100
AcDbBlockReference
  2
*U162
 10
301.4870123712304
 20
4162.107046393119
 30
0.0
  0
INSERT
  5
303C
330
3030
100
AcDbEntity
  8
0
  6
ByBlock
347
ED
 62
     0
440
 16777216
370
    -2
380
     1
100
AcDbBlockReference
  2
*U162
 10
307.6730471159471
 20
4162.107046393119
 30
0.0
  0
INSERT
  5
303D
330
3030
100
AcDbEntity
  8
0
  6
ByBlock
347
ED
 62
     0
440
 16777216
370
    -2
380
     1
100
AcDbBlockReference
  2
*U162
 10
313.8590818606638
 20
4162.107046393119
 30
0.0
  0
INSERT
  5
303E
330
3030
100
AcDbEntity
  8
0
  6
ByBlock
347
ED
 62
     0
440
 16777216
370
    -2
380
     1
100
AcDbBlockReference
  2
*U162
 10
320.0451166053805
 20
4162.107046393119
 30
0.0
  0
INSERT
  5
303F
330
3030
100
AcDbEntity
  8
0
  6
ByBlock
347
ED
 62
     0
440
 16777216
370
    -2
380
     1
100
AcDbBlockReference
  2
*U162
 10
326.2311513500972
 20
4162.107046393119
 30
0.0
  0
INSERT
  5
3040
330
3030
100
AcDbEntity
  8
0
  6
ByBlock
347
ED
 62
     0
440
 16777216
370
    -2
380
     1
100
AcDbBlockReference
  2
*U162
 10
332.4171860948139
 20
4162.107046393119
 30
0.0
  0
INSERT
  5
3041
330
3030
100
AcDbEntity
  8
0
  6
ByBlock
347
ED
 62
     0
440
 16777216
370
    -2
380
     1
100
AcDbBlockReference
  2
*U162
 10
338.6032208395306
 20
4162.107046393119
 30
0.0
  0
INSERT
  5
3042
330
3030
100
AcDbEntity
  8
0
  6
ByBlock
347
ED
 62
     0
440
 16777216
370
    -2
380
     1
100
AcDbBlockReference
  2
*U162
 10
344.7892555842474
 20
4162.107046393119
 30
0.0
  0
INSERT
  5
3043
330
3030
100
AcDbEntity
  8
0
  6
ByBlock
347
ED
 62
     0
440
 16777216
370
    -2
380
     1
100
AcDbBlockReference
  2
*U162
 10
350.9752903289641
 20
4162.107046393119
 30
0.0
  0
ENDBLK
  5
3044
330
3030
100
AcDbEntity
  8
0
 62
    40
420
 16308017
100
AcDbBlockEnd
  0
BLOCK
  5
3068
330
3067
100
AcDbEntity
  8
0
 62
    40
420
 16308017
100
AcDbBlockBegin
  2
*U164
 70
     1
 10
0.0
 20
0.0
 30
0.0
  3
*U164
  1

  0
CIRCLE
  5
3069
330
3067
100
AcDbEntity
  8
0
 62
    40
420
 16308017
100
AcDbCircle
 10
0.0
 20
0.0
 30
0.0
 40
0.75
  0
ENDBLK
  5
306A
330
3067
100
AcDbEntity
  8
0
 62
    40
420
 16308017
100
AcDbBlockEnd
  0
BLOCK
  5
306C
330
306B
100
AcDbEntity
  8
0
 62
    40
420
 16308017
100
AcDbBlockBegin
  2
*U165
 70
     1
 10
0.0
 20
0.0
 30
0.0
  3
*U165
  1

  0
INSERT
  5
306D
330
306B
100
AcDbEntity
  8
0
  6
ByBlock
347
ED
 62
     0
440
 16777216
370
    -2
380
     1
100
AcDbBlockReference
  2
*U164
 10
245.8126996687799
 20
4162.107046393119
 30
0.0
  0
INSERT
  5
306E
330
306B
100
AcDbEntity
  8
0
  6
ByBlock
347
ED
 62
     0
440
 16777216
370
    -2
380
     1
100
AcDbBlockReference
  2
*U164
 10
251.9987344134967
 20
4162.107046393119
 30
0.0
  0
INSERT
  5
306F
330
306B
100
AcDbEntity
  8
0
  6
ByBlock
347
ED
 62
     0
440
 16777216
370
    -2
380
     1
100
AcDbBlockReference
  2
*U164
 10
258.1847691582134
 20
4162.107046393119
 30
0.0
  0
INSERT
  5
3070
330
306B
100
AcDbEntity
  8
0
  6
ByBlock
347
ED
 62
     0
440
 16777216
370
    -2
380
     1
100
AcDbBlockReference
  2
*U164
 10
264.3708039029301
 20
4162.107046393119
 30
0.0
  0
INSERT
  5
3071
330
306B
100
AcDbEntity
  8
0
  6
ByBlock
347
ED
 62
     0
440
 16777216
370
    -2
380
     1
100
AcDbBlockReference
  2
*U164
 10
270.5568386476468
 20
4162.107046393119
 30
0.0
  0
INSERT
  5
3072
330
306B
100
AcDbEntity
  8
0
  6
ByBlock
347
ED
 62
     0
440
 16777216
370
    -2
380
     1
100
AcDbBlockReference
  2
*U164
 10
276.7428733923635
 20
4162.107046393119
 30
0.0
  0
INSERT
  5
3073
330
306B
100
AcDbEntity
  8
0
  6
ByBlock
347
ED
 62
     0
440
 16777216
370
    -2
380
     1
100
AcDbBlockReference
  2
*U164
 10
282.9289081370802
 20
4162.107046393119
 30
0.0
  0
INSERT
  5
3074
330
306B
100
AcDbEntity
  8
0
  6
ByBlock
347
ED
 62
     0
440
 16777216
370
    -2
380
     1
100
AcDbBlockReference
  2
*U164
 10
289.1149428817969
 20
4162.107046393119
 30
0.0
  0
INSERT
  5
3075
330
306B
100
AcDbEntity
  8
0
  6
ByBlock
347
ED
 62
     0
440
 16777216
370
    -2
380
     1
100
AcDbBlockReference
  2
*U164
 10
295.3009776265137
 20
4162.107046393119
 30
0.0
  0
INSERT
  5
3076
330
306B
100
AcDbEntity
  8
0
  6
ByBlock
347
ED
 62
     0
440
 16777216
370
    -2
380
     1
100
AcDbBlockReference
  2
*U164
 10
301.4870123712304
 20
4162.107046393119
 30
0.0
  0
INSERT
  5
3077
330
306B
100
AcDbEntity
  8
0
  6
ByBlock
347
ED
 62
     0
440
 16777216
370
    -2
380
     1
100
AcDbBlockReference
  2
*U164
 10
307.6730471159471
 20
4162.107046393119
 30
0.0
  0
INSERT
  5
3078
330
306B
100
AcDbEntity
  8
0
  6
ByBlock
347
ED
 62
     0
440
 16777216
370
    -2
380
     1
100
AcDbBlockReference
  2
*U164
 10
313.8590818606638
 20
4162.107046393119
 30
0.0
  0
INSERT
  5
3079
330
306B
100
AcDbEntity
  8
0
  6
ByBlock
347
ED
 62
     0
440
 16777216
370
    -2
380
     1
100
AcDbBlockReference
  2
*U164
 10
320.0451166053805
 20
4162.107046393119
 30
0.0
  0
INSERT
  5
307A
330
306B
100
AcDbEntity
  8
0
  6
ByBlock
347
ED
 62
     0
440
 16777216
370
    -2
380
     1
100
AcDbBlockReference
  2
*U164
 10
326.2311513500972
 20
4162.107046393119
 30
0.0
  0
INSERT
  5
307B
330
306B
100
AcDbEntity
  8
0
  6
ByBlock
347
ED
 62
     0
440
 16777216
370
    -2
380
     1
100
AcDbBlockReference
  2
*U164
 10
332.4171860948139
 20
4162.107046393119
 30
0.0
  0
INSERT
  5
307C
330
306B
100
AcDbEntity
  8
0
  6
ByBlock
347
ED
 62
     0
440
 16777216
370
    -2
380
     1
100
AcDbBlockReference
  2
*U164
 10
338.6032208395306
 20
4162.107046393119
 30
0.0
  0
INSERT
  5
307D
330
306B
100
AcDbEntity
  8
0
  6
ByBlock
347
ED
 62
     0
440
 16777216
370
    -2
380
     1
100
AcDbBlockReference
  2
*U164
 10
344.7892555842474
 20
4162.107046393119
 30
0.0
  0
INSERT
  5
307E
330
306B
100
AcDbEntity
  8
0
  6
ByBlock
347
ED
 62
     0
440
 16777216
370
    -2
380
     1
100
AcDbBlockReference
  2
*U164
 10
350.9752903289641
 20
4162.107046393119
 30
0.0
  0
ENDBLK
  5
307F
330
306B
100
AcDbEntity
  8
0
 62
    40
420
 16308017
100
AcDbBlockEnd
  0
BLOCK
  5
3083
330
3082
100
AcDbEntity
  8
0
 62
    40
420
 16308017
100
AcDbBlockBegin
  2
*U166
 70
     1
 10
0.0
 20
0.0
 30
0.0
  3
*U166
  1

  0
CIRCLE
  5
3084
330
3082
100
AcDbEntity
  8
0
 62
    40
420
 16308017
100
AcDbCircle
 10
0.0
 20
0.0
 30
0.0
 40
0.75
  0
ENDBLK
  5
3085
330
3082
100
AcDbEntity
  8
0
 62
    40
420
 16308017
100
AcDbBlockEnd
  0
BLOCK
  5
3087
330
3086
100
AcDbEntity
  8
0
 62
    40
420
 16308017
100
AcDbBlockBegin
  2
*U167
 70
     1
 10
0.0
 20
0.0
 30
0.0
  3
*U167
  1

  0
INSERT
  5
3088
330
3086
100
AcDbEntity
  8
0
  6
ByBlock
347
ED
 62
     0
440
 16777216
370
    -2
380
     1
100
AcDbBlockReference
  2
*U166
 10
245.8126996687799
 20
4162.107046393119
 30
0.0
  0
INSERT
  5
3089
330
3086
100
AcDbEntity
  8
0
  6
ByBlock
347
ED
 62
     0
440
 16777216
370
    -2
380
     1
100
AcDbBlockReference
  2
*U166
 10
251.9987344134967
 20
4162.107046393119
 30
0.0
  0
INSERT
  5
308A
330
3086
100
AcDbEntity
  8
0
  6
ByBlock
347
ED
 62
     0
440
 16777216
370
    -2
380
     1
100
AcDbBlockReference
  2
*U166
 10
258.1847691582134
 20
4162.107046393119
 30
0.0
  0
INSERT
  5
308B
330
3086
100
AcDbEntity
  8
0
  6
ByBlock
347
ED
 62
     0
440
 16777216
370
    -2
380
     1
100
AcDbBlockReference
  2
*U166
 10
264.3708039029301
 20
4162.107046393119
 30
0.0
  0
INSERT
  5
308C
330
3086
100
AcDbEntity
  8
0
  6
ByBlock
347
ED
 62
     0
440
 16777216
370
    -2
380
     1
100
AcDbBlockReference
  2
*U166
 10
270.5568386476468
 20
4162.107046393119
 30
0.0
  0
INSERT
  5
308D
330
3086
100
AcDbEntity
  8
0
  6
ByBlock
347
ED
 62
     0
440
 16777216
370
    -2
380
     1
100
AcDbBlockReference
  2
*U166
 10
276.7428733923635
 20
4162.107046393119
 30
0.0
  0
INSERT
  5
308E
330
3086
100
AcDbEntity
  8
0
  6
ByBlock
347
ED
 62
     0
440
 16777216
370
    -2
380
     1
100
AcDbBlockReference
  2
*U166
 10
282.9289081370802
 20
4162.107046393119
 30
0.0
  0
INSERT
  5
308F
330
3086
100
AcDbEntity
  8
0
  6
ByBlock
347
ED
 62
     0
440
 16777216
370
    -2
380
     1
100
AcDbBlockReference
  2
*U166
 10
289.1149428817969
 20
4162.107046393119
 30
0.0
  0
INSERT
  5
3090
330
3086
100
AcDbEntity
  8
0
  6
ByBlock
347
ED
 62
     0
440
 16777216
370
    -2
380
     1
100
AcDbBlockReference
  2
*U166
 10
295.3009776265137
 20
4162.107046393119
 30
0.0
  0
INSERT
  5
3091
330
3086
100
AcDbEntity
  8
0
  6
ByBlock
347
ED
 62
     0
440
 16777216
370
    -2
380
     1
100
AcDbBlockReference
  2
*U166
 10
301.4870123712304
 20
4162.107046393119
 30
0.0
  0
INSERT
  5
3092
330
3086
100
AcDbEntity
  8
0
  6
ByBlock
347
ED
 62
     0
440
 16777216
370
    -2
380
     1
100
AcDbBlockReference
  2
*U166
 10
307.6730471159471
 20
4162.107046393119
 30
0.0
  0
INSERT
  5
3093
330
3086
100
AcDbEntity
  8
0
  6
ByBlock
347
ED
 62
     0
440
 16777216
370
    -2
380
     1
100
AcDbBlockReference
  2
*U166
 10
313.8590818606638
 20
4162.107046393119
 30
0.0
  0
INSERT
  5
3094
330
3086
100
AcDbEntity
  8
0
  6
ByBlock
347
ED
 62
     0
440
 16777216
370
    -2
380
     1
100
AcDbBlockReference
  2
*U166
 10
320.0451166053805
 20
4162.107046393119
 30
0.0
  0
INSERT
  5
3095
330
3086
100
AcDbEntity
  8
0
  6
ByBlock
347
ED
 62
     0
440
 16777216
370
    -2
380
     1
100
AcDbBlockReference
  2
*U166
 10
326.2311513500972
 20
4162.107046393119
 30
0.0
  0
INSERT
  5
3096
330
3086
100
AcDbEntity
  8
0
  6
ByBlock
347
ED
 62
     0
440
 16777216
370
    -2
380
     1
100
AcDbBlockReference
  2
*U166
 10
332.4171860948139
 20
4162.107046393119
 30
0.0
  0
INSERT
  5
3097
330
3086
100
AcDbEntity
  8
0
  6
ByBlock
347
ED
 62
     0
440
 16777216
370
    -2
380
     1
100
AcDbBlockReference
  2
*U166
 10
338.6032208395306
 20
4162.107046393119
 30
0.0
  0
INSERT
  5
3098
330
3086
100
AcDbEntity
  8
0
  6
ByBlock
347
ED
 62
     0
440
 16777216
370
    -2
380
     1
100
AcDbBlockReference
  2
*U166
 10
344.7892555842474
 20
4162.107046393119
 30
0.0
  0
INSERT
  5
3099
330
3086
100
AcDbEntity
  8
0
  6
ByBlock
347
ED
 62
     0
440
 16777216
370
    -2
380
     1
100
AcDbBlockReference
  2
*U166
 10
350.9752903289641
 20
4162.107046393119
 30
0.0
  0
ENDBLK
  5
309A
330
3086
100
AcDbEntity
  8
0
 62
    40
420
 16308017
100
AcDbBlockEnd
  0
BLOCK
  5
30B3
330
30B2
100
AcDbEntity
  8
0
 62
    40
420
 16308017
100
AcDbBlockBegin
  2
*U168
 70
     1
 10
0.0
 20
0.0
 30
0.0
  3
*U168
  1

  0
CIRCLE
  5
30B4
330
30B2
100
AcDbEntity
  8
0
 62
    40
420
 16308017
100
AcDbCircle
 10
0.0
 20
0.0
 30
0.0
 40
0.75
  0
ENDBLK
  5
30B5
330
30B2
100
AcDbEntity
  8
0
 62
    40
420
 16308017
100
AcDbBlockEnd
  0
BLOCK
  5
30B9
330
30B8
100
AcDbEntity
  8
0
 62
    40
420
 16308017
100
AcDbBlockBegin
  2
*U169
 70
     1
 10
0.0
 20
0.0
 30
0.0
  3
*U169
  1

  0
INSERT
  5
30BA
330
30B8
100
AcDbEntity
  8
0
  6
ByBlock
347
ED
 62
     0
440
 16777216
370
    -2
380
     1
100
AcDbBlockReference
  2
*U168
 10
245.8126996687799
 20
4162.107046393119
 30
0.0
  0
INSERT
  5
30BB
330
30B8
100
AcDbEntity
  8
0
  6
ByBlock
347
ED
 62
     0
440
 16777216
370
    -2
380
     1
100
AcDbBlockReference
  2
*U168
 10
251.9987344134967
 20
4162.107046393119
 30
0.0
  0
INSERT
  5
30BC
330
30B8
100
AcDbEntity
  8
0
  6
ByBlock
347
ED
 62
     0
440
 16777216
370
    -2
380
     1
100
AcDbBlockReference
  2
*U168
 10
258.1847691582134
 20
4162.107046393119
 30
0.0
  0
INSERT
  5
30BD
330
30B8
100
AcDbEntity
  8
0
  6
ByBlock
347
ED
 62
     0
440
 16777216
370
    -2
380
     1
100
AcDbBlockReference
  2
*U168
 10
264.3708039029301
 20
4162.107046393119
 30
0.0
  0
INSERT
  5
30BE
330
30B8
100
AcDbEntity
  8
0
  6
ByBlock
347
ED
 62
     0
440
 16777216
370
    -2
380
     1
100
AcDbBlockReference
  2
*U168
 10
270.5568386476468
 20
4162.107046393119
 30
0.0
  0
INSERT
  5
30BF
330
30B8
100
AcDbEntity
  8
0
  6
ByBlock
347
ED
 62
     0
440
 16777216
370
    -2
380
     1
100
AcDbBlockReference
  2
*U168
 10
276.7428733923635
 20
4162.107046393119
 30
0.0
  0
INSERT
  5
30C0
330
30B8
100
AcDbEntity
  8
0
  6
ByBlock
347
ED
 62
     0
440
 16777216
370
    -2
380
     1
100
AcDbBlockReference
  2
*U168
 10
282.9289081370802
 20
4162.107046393119
 30
0.0
  0
INSERT
  5
30C1
330
30B8
100
AcDbEntity
  8
0
  6
ByBlock
347
ED
 62
     0
440
 16777216
370
    -2
380
     1
100
AcDbBlockReference
  2
*U168
 10
289.1149428817969
 20
4162.107046393119
 30
0.0
  0
INSERT
  5
30C2
330
30B8
100
AcDbEntity
  8
0
  6
ByBlock
347
ED
 62
     0
440
 16777216
370
    -2
380
     1
100
AcDbBlockReference
  2
*U168
 10
295.3009776265137
 20
4162.107046393119
 30
0.0
  0
INSERT
  5
30C3
330
30B8
100
AcDbEntity
  8
0
  6
ByBlock
347
ED
 62
     0
440
 16777216
370
    -2
380
     1
100
AcDbBlockReference
  2
*U168
 10
301.4870123712304
 20
4162.107046393119
 30
0.0
  0
INSERT
  5
30C4
330
30B8
100
AcDbEntity
  8
0
  6
ByBlock
347
ED
 62
     0
440
 16777216
370
    -2
380
     1
100
AcDbBlockReference
  2
*U168
 10
307.6730471159471
 20
4162.107046393119
 30
0.0
  0
INSERT
  5
30C5
330
30B8
100
AcDbEntity
  8
0
  6
ByBlock
347
ED
 62
     0
440
 16777216
370
    -2
380
     1
100
AcDbBlockReference
  2
*U168
 10
313.8590818606638
 20
4162.107046393119
 30
0.0
  0
INSERT
  5
30C6
330
30B8
100
AcDbEntity
  8
0
  6
ByBlock
347
ED
 62
     0
440
 16777216
370
    -2
380
     1
100
AcDbBlockReference
  2
*U168
 10
320.0451166053805
 20
4162.107046393119
 30
0.0
  0
INSERT
  5
30C7
330
30B8
100
AcDbEntity
  8
0
  6
ByBlock
347
ED
 62
     0
440
 16777216
370
    -2
380
     1
100
AcDbBlockReference
  2
*U168
 10
326.2311513500972
 20
4162.107046393119
 30
0.0
  0
INSERT
  5
30C8
330
30B8
100
AcDbEntity
  8
0
  6
ByBlock
347
ED
 62
     0
440
 16777216
370
    -2
380
     1
100
AcDbBlockReference
  2
*U168
 10
332.4171860948139
 20
4162.107046393119
 30
0.0
  0
INSERT
  5
30C9
330
30B8
100
AcDbEntity
  8
0
  6
ByBlock
347
ED
 62
     0
440
 16777216
370
    -2
380
     1
100
AcDbBlockReference
  2
*U168
 10
338.6032208395306
 20
4162.107046393119
 30
0.0
  0
INSERT
  5
30CA
330
30B8
100
AcDbEntity
  8
0
  6
ByBlock
347
ED
 62
     0
440
 16777216
370
    -2
380
     1
100
AcDbBlockReference
  2
*U168
 10
344.7892555842474
 20
4162.107046393119
 30
0.0
  0
INSERT
  5
30CB
330
30B8
100
AcDbEntity
  8
0
  6
ByBlock
347
ED
 62
     0
440
 16777216
370
    -2
380
     1
100
AcDbBlockReference
  2
*U168
 10
350.9752903289641
 20
4162.107046393119
 30
0.0
  0
ENDBLK
  5
30CC
330
30B8
100
AcDbEntity
  8
0
 62
    40
420
 16308017
100
AcDbBlockEnd
  0
BLOCK
  5
30FB
330
30FA
100
AcDbEntity
  8
0
 62
    40
420
 16308017
100
AcDbBlockBegin
  2
*U170
 70
     1
 10
0.0
 20
0.0
 30
0.0
  3
*U170
  1

  0
CIRCLE
  5
30FC
330
30FA
100
AcDbEntity
  8
0
 62
    40
420
 16308017
100
AcDbCircle
 10
0.0
 20
0.0
 30
0.0
 40
0.75
  0
ENDBLK
  5
30FD
330
30FA
100
AcDbEntity
  8
0
 62
    40
420
 16308017
100
AcDbBlockEnd
  0
BLOCK
  5
30FF
330
30FE
100
AcDbEntity
  8
0
 62
    40
420
 16308017
100
AcDbBlockBegin
  2
*U171
 70
     1
 10
0.0
 20
0.0
 30
0.0
  3
*U171
  1

  0
INSERT
  5
3100
330
30FE
100
AcDbEntity
  8
0
  6
ByBlock
347
ED
 62
     0
440
 16777216
370
    -2
380
     1
100
AcDbBlockReference
  2
*U170
 10
245.8126996687799
 20
4162.107046393119
 30
0.0
  0
INSERT
  5
3101
330
30FE
100
AcDbEntity
  8
0
  6
ByBlock
347
ED
 62
     0
440
 16777216
370
    -2
380
     1
100
AcDbBlockReference
  2
*U170
 10
251.9987344134967
 20
4162.107046393119
 30
0.0
  0
INSERT
  5
3102
330
30FE
100
AcDbEntity
  8
0
  6
ByBlock
347
ED
 62
     0
440
 16777216
370
    -2
380
     1
100
AcDbBlockReference
  2
*U170
 10
258.1847691582134
 20
4162.107046393119
 30
0.0
  0
INSERT
  5
3103
330
30FE
100
AcDbEntity
  8
0
  6
ByBlock
347
ED
 62
     0
440
 16777216
370
    -2
380
     1
100
AcDbBlockReference
  2
*U170
 10
264.3708039029301
 20
4162.107046393119
 30
0.0
  0
INSERT
  5
3104
330
30FE
100
AcDbEntity
  8
0
  6
ByBlock
347
ED
 62
     0
440
 16777216
370
    -2
380
     1
100
AcDbBlockReference
  2
*U170
 10
270.5568386476468
 20
4162.107046393119
 30
0.0
  0
INSERT
  5
3105
330
30FE
100
AcDbEntity
  8
0
  6
ByBlock
347
ED
 62
     0
440
 16777216
370
    -2
380
     1
100
AcDbBlockReference
  2
*U170
 10
276.7428733923635
 20
4162.107046393119
 30
0.0
  0
INSERT
  5
3106
330
30FE
100
AcDbEntity
  8
0
  6
ByBlock
347
ED
 62
     0
440
 16777216
370
    -2
380
     1
100
AcDbBlockReference
  2
*U170
 10
282.9289081370802
 20
4162.107046393119
 30
0.0
  0
INSERT
  5
3107
330
30FE
100
AcDbEntity
  8
0
  6
ByBlock
347
ED
 62
     0
440
 16777216
370
    -2
380
     1
100
AcDbBlockReference
  2
*U170
 10
289.1149428817969
 20
4162.107046393119
 30
0.0
  0
INSERT
  5
3108
330
30FE
100
AcDbEntity
  8
0
  6
ByBlock
347
ED
 62
     0
440
 16777216
370
    -2
380
     1
100
AcDbBlockReference
  2
*U170
 10
295.3009776265137
 20
4162.107046393119
 30
0.0
  0
INSERT
  5
3109
330
30FE
100
AcDbEntity
  8
0
  6
ByBlock
347
ED
 62
     0
440
 16777216
370
    -2
380
     1
100
AcDbBlockReference
  2
*U170
 10
301.4870123712304
 20
4162.107046393119
 30
0.0
  0
INSERT
  5
310A
330
30FE
100
AcDbEntity
  8
0
  6
ByBlock
347
ED
 62
     0
440
 16777216
370
    -2
380
     1
100
AcDbBlockReference
  2
*U170
 10
307.6730471159471
 20
4162.107046393119
 30
0.0
  0
INSERT
  5
310B
330
30FE
100
AcDbEntity
  8
0
  6
ByBlock
347
ED
 62
     0
440
 16777216
370
    -2
380
     1
100
AcDbBlockReference
  2
*U170
 10
313.8590818606638
 20
4162.107046393119
 30
0.0
  0
INSERT
  5
310C
330
30FE
100
AcDbEntity
  8
0
  6
ByBlock
347
ED
 62
     0
440
 16777216
370
    -2
380
     1
100
AcDbBlockReference
  2
*U170
 10
320.0451166053805
 20
4162.107046393119
 30
0.0
  0
INSERT
  5
310D
330
30FE
100
AcDbEntity
  8
0
  6
ByBlock
347
ED
 62
     0
440
 16777216
370
    -2
380
     1
100
AcDbBlockReference
  2
*U170
 10
326.2311513500972
 20
4162.107046393119
 30
0.0
  0
INSERT
  5
310E
330
30FE
100
AcDbEntity
  8
0
  6
ByBlock
347
ED
 62
     0
440
 16777216
370
    -2
380
     1
100
AcDbBlockReference
  2
*U170
 10
332.4171860948139
 20
4162.107046393119
 30
0.0
  0
INSERT
  5
310F
330
30FE
100
AcDbEntity
  8
0
  6
ByBlock
347
ED
 62
     0
440
 16777216
370
    -2
380
     1
100
AcDbBlockReference
  2
*U170
 10
338.6032208395306
 20
4162.107046393119
 30
0.0
  0
INSERT
  5
3110
330
30FE
100
AcDbEntity
  8
0
  6
ByBlock
347
ED
 62
     0
440
 16777216
370
    -2
380
     1
100
AcDbBlockReference
  2
*U170
 10
344.7892555842474
 20
4162.107046393119
 30
0.0
  0
INSERT
  5
3111
330
30FE
100
AcDbEntity
  8
0
  6
ByBlock
347
ED
 62
     0
440
 16777216
370
    -2
380
     1
100
AcDbBlockReference
  2
*U170
 10
350.9752903289641
 20
4162.107046393119
 30
0.0
  0
ENDBLK
  5
3112
330
30FE
100
AcDbEntity
  8
0
 62
    40
420
 16308017
100
AcDbBlockEnd
  0
BLOCK
  5
311D
330
311C
100
AcDbEntity
  8
0
 62
    40
420
 16308017
100
AcDbBlockBegin
  2
*U172
 70
     1
 10
0.0
 20
0.0
 30
0.0
  3
*U172
  1

  0
INSERT
  5
311E
330
311C
100
AcDbEntity
  8
0
  6
ByBlock
347
ED
 62
     0
440
 16777216
370
    -2
380
     1
100
AcDbBlockReference
  2
*U181
 10
245.8126996687799
 20
4162.107046393119
 30
0.0
  0
INSERT
  5
311F
330
311C
100
AcDbEntity
  8
0
  6
ByBlock
347
ED
 62
     0
440
 16777216
370
    -2
380
     1
100
AcDbBlockReference
  2
*U181
 10
251.9987344134967
 20
4162.107046393119
 30
0.0
  0
INSERT
  5
3120
330
311C
100
AcDbEntity
  8
0
  6
ByBlock
347
ED
 62
     0
440
 16777216
370
    -2
380
     1
100
AcDbBlockReference
  2
*U181
 10
258.1847691582134
 20
4162.107046393119
 30
0.0
  0
INSERT
  5
3121
330
311C
100
AcDbEntity
  8
0
  6
ByBlock
347
ED
 62
     0
440
 16777216
370
    -2
380
     1
100
AcDbBlockReference
  2
*U181
 10
264.3708039029301
 20
4162.107046393119
 30
0.0
  0
INSERT
  5
3122
330
311C
100
AcDbEntity
  8
0
  6
ByBlock
347
ED
 62
     0
440
 16777216
370
    -2
380
     1
100
AcDbBlockReference
  2
*U181
 10
270.5568386476468
 20
4162.107046393119
 30
0.0
  0
INSERT
  5
3123
330
311C
100
AcDbEntity
  8
0
  6
ByBlock
347
ED
 62
     0
440
 16777216
370
    -2
380
     1
100
AcDbBlockReference
  2
*U181
 10
276.7428733923635
 20
4162.107046393119
 30
0.0
  0
INSERT
  5
3124
330
311C
100
AcDbEntity
  8
0
  6
ByBlock
347
ED
 62
     0
440
 16777216
370
    -2
380
     1
100
AcDbBlockReference
  2
*U181
 10
282.9289081370802
 20
4162.107046393119
 30
0.0
  0
INSERT
  5
3125
330
311C
100
AcDbEntity
  8
0
  6
ByBlock
347
ED
 62
     0
440
 16777216
370
    -2
380
     1
100
AcDbBlockReference
  2
*U181
 10
289.1149428817969
 20
4162.107046393119
 30
0.0
  0
INSERT
  5
3126
330
311C
100
AcDbEntity
  8
0
  6
ByBlock
347
ED
 62
     0
440
 16777216
370
    -2
380
     1
100
AcDbBlockReference
  2
*U181
 10
295.3009776265137
 20
4162.107046393119
 30
0.0
  0
INSERT
  5
3127
330
311C
100
AcDbEntity
  8
0
  6
ByBlock
347
ED
 62
     0
440
 16777216
370
    -2
380
     1
100
AcDbBlockReference
  2
*U181
 10
301.4870123712304
 20
4162.107046393119
 30
0.0
  0
INSERT
  5
3128
330
311C
100
AcDbEntity
  8
0
  6
ByBlock
347
ED
 62
     0
440
 16777216
370
    -2
380
     1
100
AcDbBlockReference
  2
*U181
 10
307.6730471159471
 20
4162.107046393119
 30
0.0
  0
INSERT
  5
3129
330
311C
100
AcDbEntity
  8
0
  6
ByBlock
347
ED
 62
     0
440
 16777216
370
    -2
380
     1
100
AcDbBlockReference
  2
*U181
 10
313.8590818606638
 20
4162.107046393119
 30
0.0
  0
INSERT
  5
312A
330
311C
100
AcDbEntity
  8
0
  6
ByBlock
347
ED
 62
     0
440
 16777216
370
    -2
380
     1
100
AcDbBlockReference
  2
*U181
 10
320.0451166053805
 20
4162.107046393119
 30
0.0
  0
INSERT
  5
312B
330
311C
100
AcDbEntity
  8
0
  6
ByBlock
347
ED
 62
     0
440
 16777216
370
    -2
380
     1
100
AcDbBlockReference
  2
*U181
 10
326.2311513500972
 20
4162.107046393119
 30
0.0
  0
INSERT
  5
312C
330
311C
100
AcDbEntity
  8
0
  6
ByBlock
347
ED
 62
     0
440
 16777216
370
    -2
380
     1
100
AcDbBlockReference
  2
*U181
 10
332.4171860948139
 20
4162.107046393119
 30
0.0
  0
INSERT
  5
312D
330
311C
100
AcDbEntity
  8
0
  6
ByBlock
347
ED
 62
     0
440
 16777216
370
    -2
380
     1
100
AcDbBlockReference
  2
*U181
 10
338.6032208395306
 20
4162.107046393119
 30
0.0
  0
INSERT
  5
312E
330
311C
100
AcDbEntity
  8
0
  6
ByBlock
347
ED
 62
     0
440
 16777216
370
    -2
380
     1
100
AcDbBlockReference
  2
*U181
 10
344.7892555842474
 20
4162.107046393119
 30
0.0
  0
INSERT
  5
312F
330
311C
100
AcDbEntity
  8
0
  6
ByBlock
347
ED
 62
     0
440
 16777216
370
    -2
380
     1
100
AcDbBlockReference
  2
*U181
 10
350.9752903289641
 20
4162.107046393119
 30
0.0
  0
ENDBLK
  5
3130
330
311C
100
AcDbEntity
  8
0
 62
    40
420
 16308017
100
AcDbBlockEnd
  0
BLOCK
  5
3144
330
3143
100
AcDbEntity
  8
0
 62
    40
420
 16308017
100
AcDbBlockBegin
  2
*U173
 70
     1
 10
0.0
 20
0.0
 30
0.0
  3
*U173
  1

  0
CIRCLE
  5
3145
330
3143
100
AcDbEntity
  8
0
 62
    40
420
 16308017
100
AcDbCircle
 10
0.0
 20
0.0
 30
0.0
 40
0.75
  0
ENDBLK
  5
3146
330
3143
100
AcDbEntity
  8
0
 62
    40
420
 16308017
100
AcDbBlockEnd
  0
BLOCK
  5
3148
330
3147
100
AcDbEntity
  8
0
 62
    40
420
 16308017
100
AcDbBlockBegin
  2
*U174
 70
     1
 10
0.0
 20
0.0
 30
0.0
  3
*U174
  1

  0
INSERT
  5
3149
330
3147
100
AcDbEntity
  8
0
  6
ByBlock
347
ED
 62
     0
440
 16777216
370
    -2
380
     1
100
AcDbBlockReference
  2
*U173
 10
245.8126996687799
 20
4162.107046393119
 30
0.0
  0
INSERT
  5
314A
330
3147
100
AcDbEntity
  8
0
  6
ByBlock
347
ED
 62
     0
440
 16777216
370
    -2
380
     1
100
AcDbBlockReference
  2
*U173
 10
251.9987344134967
 20
4162.107046393119
 30
0.0
  0
INSERT
  5
314B
330
3147
100
AcDbEntity
  8
0
  6
ByBlock
347
ED
 62
     0
440
 16777216
370
    -2
380
     1
100
AcDbBlockReference
  2
*U173
 10
258.1847691582134
 20
4162.107046393119
 30
0.0
  0
INSERT
  5
314C
330
3147
100
AcDbEntity
  8
0
  6
ByBlock
347
ED
 62
     0
440
 16777216
370
    -2
380
     1
100
AcDbBlockReference
  2
*U173
 10
264.3708039029301
 20
4162.107046393119
 30
0.0
  0
INSERT
  5
314D
330
3147
100
AcDbEntity
  8
0
  6
ByBlock
347
ED
 62
     0
440
 16777216
370
    -2
380
     1
100
AcDbBlockReference
  2
*U173
 10
270.5568386476468
 20
4162.107046393119
 30
0.0
  0
INSERT
  5
314E
330
3147
100
AcDbEntity
  8
0
  6
ByBlock
347
ED
 62
     0
440
 16777216
370
    -2
380
     1
100
AcDbBlockReference
  2
*U173
 10
276.7428733923635
 20
4162.107046393119
 30
0.0
  0
INSERT
  5
314F
330
3147
100
AcDbEntity
  8
0
  6
ByBlock
347
ED
 62
     0
440
 16777216
370
    -2
380
     1
100
AcDbBlockReference
  2
*U173
 10
282.9289081370802
 20
4162.107046393119
 30
0.0
  0
INSERT
  5
3150
330
3147
100
AcDbEntity
  8
0
  6
ByBlock
347
ED
 62
     0
440
 16777216
370
    -2
380
     1
100
AcDbBlockReference
  2
*U173
 10
289.1149428817969
 20
4162.107046393119
 30
0.0
  0
INSERT
  5
3151
330
3147
100
AcDbEntity
  8
0
  6
ByBlock
347
ED
 62
     0
440
 16777216
370
    -2
380
     1
100
AcDbBlockReference
  2
*U173
 10
295.3009776265137
 20
4162.107046393119
 30
0.0
  0
INSERT
  5
3152
330
3147
100
AcDbEntity
  8
0
  6
ByBlock
347
ED
 62
     0
440
 16777216
370
    -2
380
     1
100
AcDbBlockReference
  2
*U173
 10
301.4870123712304
 20
4162.107046393119
 30
0.0
  0
INSERT
  5
3153
330
3147
100
AcDbEntity
  8
0
  6
ByBlock
347
ED
 62
     0
440
 16777216
370
    -2
380
     1
100
AcDbBlockReference
  2
*U173
 10
307.6730471159471
 20
4162.107046393119
 30
0.0
  0
INSERT
  5
3154
330
3147
100
AcDbEntity
  8
0
  6
ByBlock
347
ED
 62
     0
440
 16777216
370
    -2
380
     1
100
AcDbBlockReference
  2
*U173
 10
313.8590818606638
 20
4162.107046393119
 30
0.0
  0
INSERT
  5
3155
330
3147
100
AcDbEntity
  8
0
  6
ByBlock
347
ED
 62
     0
440
 16777216
370
    -2
380
     1
100
AcDbBlockReference
  2
*U173
 10
320.0451166053805
 20
4162.107046393119
 30
0.0
  0
INSERT
  5
3156
330
3147
100
AcDbEntity
  8
0
  6
ByBlock
347
ED
 62
     0
440
 16777216
370
    -2
380
     1
100
AcDbBlockReference
  2
*U173
 10
326.2311513500972
 20
4162.107046393119
 30
0.0
  0
INSERT
  5
3157
330
3147
100
AcDbEntity
  8
0
  6
ByBlock
347
ED
 62
     0
440
 16777216
370
    -2
380
     1
100
AcDbBlockReference
  2
*U173
 10
332.4171860948139
 20
4162.107046393119
 30
0.0
  0
INSERT
  5
3158
330
3147
100
AcDbEntity
  8
0
  6
ByBlock
347
ED
 62
     0
440
 16777216
370
    -2
380
     1
100
AcDbBlockReference
  2
*U173
 10
338.6032208395306
 20
4162.107046393119
 30
0.0
  0
INSERT
  5
3159
330
3147
100
AcDbEntity
  8
0
  6
ByBlock
347
ED
 62
     0
440
 16777216
370
    -2
380
     1
100
AcDbBlockReference
  2
*U173
 10
344.7892555842474
 20
4162.107046393119
 30
0.0
  0
INSERT
  5
315A
330
3147
100
AcDbEntity
  8
0
  6
ByBlock
347
ED
 62
     0
440
 16777216
370
    -2
380
     1
100
AcDbBlockReference
  2
*U173
 10
350.9752903289641
 20
4162.107046393119
 30
0.0
  0
ENDBLK
  5
315B
330
3147
100
AcDbEntity
  8
0
 62
    40
420
 16308017
100
AcDbBlockEnd
  0
BLOCK
  5
315D
330
315C
100
AcDbEntity
  8
0
 62
    40
420
 16308017
100
AcDbBlockBegin
  2
*U175
 70
     1
 10
0.0
 20
0.0
 30
0.0
  3
*U175
  1

  0
CIRCLE
  5
315E
330
315C
100
AcDbEntity
  8
0
 62
    40
420
 16308017
100
AcDbCircle
 10
0.0
 20
0.0
 30
0.0
 40
0.75
  0
ENDBLK
  5
315F
330
315C
100
AcDbEntity
  8
0
 62
    40
420
 16308017
100
AcDbBlockEnd
  0
BLOCK
  5
3161
330
3160
100
AcDbEntity
  8
0
 62
    40
420
 16308017
100
AcDbBlockBegin
  2
*U176
 70
     1
 10
0.0
 20
0.0
 30
0.0
  3
*U176
  1

  0
INSERT
  5
3162
330
3160
100
AcDbEntity
  8
0
  6
ByBlock
347
ED
 62
     0
440
 16777216
370
    -2
380
     1
100
AcDbBlockReference
  2
*U175
 10
245.8126996687799
 20
4162.107046393119
 30
0.0
  0
INSERT
  5
3163
330
3160
100
AcDbEntity
  8
0
  6
ByBlock
347
ED
 62
     0
440
 16777216
370
    -2
380
     1
100
AcDbBlockReference
  2
*U175
 10
251.9987344134967
 20
4162.107046393119
 30
0.0
  0
INSERT
  5
3164
330
3160
100
AcDbEntity
  8
0
  6
ByBlock
347
ED
 62
     0
440
 16777216
370
    -2
380
     1
100
AcDbBlockReference
  2
*U175
 10
258.1847691582134
 20
4162.107046393119
 30
0.0
  0
INSERT
  5
3165
330
3160
100
AcDbEntity
  8
0
  6
ByBlock
347
ED
 62
     0
440
 16777216
370
    -2
380
     1
100
AcDbBlockReference
  2
*U175
 10
264.3708039029301
 20
4162.107046393119
 30
0.0
  0
INSERT
  5
3166
330
3160
100
AcDbEntity
  8
0
  6
ByBlock
347
ED
 62
     0
440
 16777216
370
    -2
380
     1
100
AcDbBlockReference
  2
*U175
 10
270.5568386476468
 20
4162.107046393119
 30
0.0
  0
INSERT
  5
3167
330
3160
100
AcDbEntity
  8
0
  6
ByBlock
347
ED
 62
     0
440
 16777216
370
    -2
380
     1
100
AcDbBlockReference
  2
*U175
 10
276.7428733923635
 20
4162.107046393119
 30
0.0
  0
INSERT
  5
3168
330
3160
100
AcDbEntity
  8
0
  6
ByBlock
347
ED
 62
     0
440
 16777216
370
    -2
380
     1
100
AcDbBlockReference
  2
*U175
 10
282.9289081370802
 20
4162.107046393119
 30
0.0
  0
INSERT
  5
3169
330
3160
100
AcDbEntity
  8
0
  6
ByBlock
347
ED
 62
     0
440
 16777216
370
    -2
380
     1
100
AcDbBlockReference
  2
*U175
 10
289.1149428817969
 20
4162.107046393119
 30
0.0
  0
INSERT
  5
316A
330
3160
100
AcDbEntity
  8
0
  6
ByBlock
347
ED
 62
     0
440
 16777216
370
    -2
380
     1
100
AcDbBlockReference
  2
*U175
 10
295.3009776265137
 20
4162.107046393119
 30
0.0
  0
INSERT
  5
316B
330
3160
100
AcDbEntity
  8
0
  6
ByBlock
347
ED
 62
     0
440
 16777216
370
    -2
380
     1
100
AcDbBlockReference
  2
*U175
 10
301.4870123712304
 20
4162.107046393119
 30
0.0
  0
INSERT
  5
316C
330
3160
100
AcDbEntity
  8
0
  6
ByBlock
347
ED
 62
     0
440
 16777216
370
    -2
380
     1
100
AcDbBlockReference
  2
*U175
 10
307.6730471159471
 20
4162.107046393119
 30
0.0
  0
INSERT
  5
316D
330
3160
100
AcDbEntity
  8
0
  6
ByBlock
347
ED
 62
     0
440
 16777216
370
    -2
380
     1
100
AcDbBlockReference
  2
*U175
 10
313.8590818606638
 20
4162.107046393119
 30
0.0
  0
INSERT
  5
316E
330
3160
100
AcDbEntity
  8
0
  6
ByBlock
347
ED
 62
     0
440
 16777216
370
    -2
380
     1
100
AcDbBlockReference
  2
*U175
 10
320.0451166053805
 20
4162.107046393119
 30
0.0
  0
INSERT
  5
316F
330
3160
100
AcDbEntity
  8
0
  6
ByBlock
347
ED
 62
     0
440
 16777216
370
    -2
380
     1
100
AcDbBlockReference
  2
*U175
 10
326.2311513500972
 20
4162.107046393119
 30
0.0
  0
INSERT
  5
3170
330
3160
100
AcDbEntity
  8
0
  6
ByBlock
347
ED
 62
     0
440
 16777216
370
    -2
380
     1
100
AcDbBlockReference
  2
*U175
 10
332.4171860948139
 20
4162.107046393119
 30
0.0
  0
INSERT
  5
3171
330
3160
100
AcDbEntity
  8
0
  6
ByBlock
347
ED
 62
     0
440
 16777216
370
    -2
380
     1
100
AcDbBlockReference
  2
*U175
 10
338.6032208395306
 20
4162.107046393119
 30
0.0
  0
INSERT
  5
3172
330
3160
100
AcDbEntity
  8
0
  6
ByBlock
347
ED
 62
     0
440
 16777216
370
    -2
380
     1
100
AcDbBlockReference
  2
*U175
 10
344.7892555842474
 20
4162.107046393119
 30
0.0
  0
INSERT
  5
3173
330
3160
100
AcDbEntity
  8
0
  6
ByBlock
347
ED
 62
     0
440
 16777216
370
    -2
380
     1
100
AcDbBlockReference
  2
*U175
 10
350.9752903289641
 20
4162.107046393119
 30
0.0
  0
ENDBLK
  5
3174
330
3160
100
AcDbEntity
  8
0
 62
    40
420
 16308017
100
AcDbBlockEnd
  0
BLOCK
  5
317F
330
317E
100
AcDbEntity
  8
0
 62
    40
420
 16308017
100
AcDbBlockBegin
  2
*U177
 70
     1
 10
0.0
 20
0.0
 30
0.0
  3
*U177
  1

  0
CIRCLE
  5
3180
330
317E
100
AcDbEntity
  8
0
 62
    40
420
 16308017
100
AcDbCircle
 10
0.0
 20
0.0
 30
0.0
 40
0.75
  0
ENDBLK
  5
3181
330
317E
100
AcDbEntity
  8
0
 62
    40
420
 16308017
100
AcDbBlockEnd
  0
BLOCK
  5
3183
330
3182
100
AcDbEntity
  8
0
 62
    40
420
 16308017
100
AcDbBlockBegin
  2
*U178
 70
     1
 10
0.0
 20
0.0
 30
0.0
  3
*U178
  1

  0
INSERT
  5
3184
330
3182
100
AcDbEntity
  8
0
  6
ByBlock
347
ED
 62
     0
440
 16777216
370
    -2
380
     1
100
AcDbBlockReference
  2
*U177
 10
245.8126996687799
 20
4162.107046393119
 30
0.0
  0
INSERT
  5
3185
330
3182
100
AcDbEntity
  8
0
  6
ByBlock
347
ED
 62
     0
440
 16777216
370
    -2
380
     1
100
AcDbBlockReference
  2
*U177
 10
251.9987344134967
 20
4162.107046393119
 30
0.0
  0
INSERT
  5
3186
330
3182
100
AcDbEntity
  8
0
  6
ByBlock
347
ED
 62
     0
440
 16777216
370
    -2
380
     1
100
AcDbBlockReference
  2
*U177
 10
258.1847691582134
 20
4162.107046393119
 30
0.0
  0
INSERT
  5
3187
330
3182
100
AcDbEntity
  8
0
  6
ByBlock
347
ED
 62
     0
440
 16777216
370
    -2
380
     1
100
AcDbBlockReference
  2
*U177
 10
264.3708039029301
 20
4162.107046393119
 30
0.0
  0
INSERT
  5
3188
330
3182
100
AcDbEntity
  8
0
  6
ByBlock
347
ED
 62
     0
440
 16777216
370
    -2
380
     1
100
AcDbBlockReference
  2
*U177
 10
270.5568386476468
 20
4162.107046393119
 30
0.0
  0
INSERT
  5
3189
330
3182
100
AcDbEntity
  8
0
  6
ByBlock
347
ED
 62
     0
440
 16777216
370
    -2
380
     1
100
AcDbBlockReference
  2
*U177
 10
276.7428733923635
 20
4162.107046393119
 30
0.0
  0
INSERT
  5
318A
330
3182
100
AcDbEntity
  8
0
  6
ByBlock
347
ED
 62
     0
440
 16777216
370
    -2
380
     1
100
AcDbBlockReference
  2
*U177
 10
282.9289081370802
 20
4162.107046393119
 30
0.0
  0
INSERT
  5
318B
330
3182
100
AcDbEntity
  8
0
  6
ByBlock
347
ED
 62
     0
440
 16777216
370
    -2
380
     1
100
AcDbBlockReference
  2
*U177
 10
289.1149428817969
 20
4162.107046393119
 30
0.0
  0
INSERT
  5
318C
330
3182
100
AcDbEntity
  8
0
  6
ByBlock
347
ED
 62
     0
440
 16777216
370
    -2
380
     1
100
AcDbBlockReference
  2
*U177
 10
295.3009776265137
 20
4162.107046393119
 30
0.0
  0
INSERT
  5
318D
330
3182
100
AcDbEntity
  8
0
  6
ByBlock
347
ED
 62
     0
440
 16777216
370
    -2
380
     1
100
AcDbBlockReference
  2
*U177
 10
301.4870123712304
 20
4162.107046393119
 30
0.0
  0
INSERT
  5
318E
330
3182
100
AcDbEntity
  8
0
  6
ByBlock
347
ED
 62
     0
440
 16777216
370
    -2
380
     1
100
AcDbBlockReference
  2
*U177
 10
307.6730471159471
 20
4162.107046393119
 30
0.0
  0
INSERT
  5
318F
330
3182
100
AcDbEntity
  8
0
  6
ByBlock
347
ED
 62
     0
440
 16777216
370
    -2
380
     1
100
AcDbBlockReference
  2
*U177
 10
313.8590818606638
 20
4162.107046393119
 30
0.0
  0
INSERT
  5
3190
330
3182
100
AcDbEntity
  8
0
  6
ByBlock
347
ED
 62
     0
440
 16777216
370
    -2
380
     1
100
AcDbBlockReference
  2
*U177
 10
320.0451166053805
 20
4162.107046393119
 30
0.0
  0
INSERT
  5
3191
330
3182
100
AcDbEntity
  8
0
  6
ByBlock
347
ED
 62
     0
440
 16777216
370
    -2
380
     1
100
AcDbBlockReference
  2
*U177
 10
326.2311513500972
 20
4162.107046393119
 30
0.0
  0
INSERT
  5
3192
330
3182
100
AcDbEntity
  8
0
  6
ByBlock
347
ED
 62
     0
440
 16777216
370
    -2
380
     1
100
AcDbBlockReference
  2
*U177
 10
332.4171860948139
 20
4162.107046393119
 30
0.0
  0
INSERT
  5
3193
330
3182
100
AcDbEntity
  8
0
  6
ByBlock
347
ED
 62
     0
440
 16777216
370
    -2
380
     1
100
AcDbBlockReference
  2
*U177
 10
338.6032208395306
 20
4162.107046393119
 30
0.0
  0
INSERT
  5
3194
330
3182
100
AcDbEntity
  8
0
  6
ByBlock
347
ED
 62
     0
440
 16777216
370
    -2
380
     1
100
AcDbBlockReference
  2
*U177
 10
344.7892555842474
 20
4162.107046393119
 30
0.0
  0
INSERT
  5
3195
330
3182
100
AcDbEntity
  8
0
  6
ByBlock
347
ED
 62
     0
440
 16777216
370
    -2
380
     1
100
AcDbBlockReference
  2
*U177
 10
350.9752903289641
 20
4162.107046393119
 30
0.0
  0
ENDBLK
  5
3196
330
3182
100
AcDbEntity
  8
0
 62
    40
420
 16308017
100
AcDbBlockEnd
  0
BLOCK
  5
31A1
330
31A0
100
AcDbEntity
  8
0
 62
    40
420
 16308017
100
AcDbBlockBegin
  2
*U179
 70
     1
 10
0.0
 20
0.0
 30
0.0
  3
*U179
  1

  0
CIRCLE
  5
31A2
330
31A0
100
AcDbEntity
  8
0
 62
    40
420
 16308017
100
AcDbCircle
 10
0.0
 20
0.0
 30
0.0
 40
0.75
  0
ENDBLK
  5
31A3
330
31A0
100
AcDbEntity
  8
0
 62
    40
420
 16308017
100
AcDbBlockEnd
  0
BLOCK
  5
31A5
330
31A4
100
AcDbEntity
  8
0
 62
    40
420
 16308017
100
AcDbBlockBegin
  2
*U180
 70
     1
 10
0.0
 20
0.0
 30
0.0
  3
*U180
  1

  0
INSERT
  5
31A6
330
31A4
100
AcDbEntity
  8
0
  6
ByBlock
347
ED
 62
     0
440
 16777216
370
    -2
380
     1
100
AcDbBlockReference
  2
*U179
 10
245.8126996687799
 20
4162.107046393119
 30
0.0
  0
INSERT
  5
31A7
330
31A4
100
AcDbEntity
  8
0
  6
ByBlock
347
ED
 62
     0
440
 16777216
370
    -2
380
     1
100
AcDbBlockReference
  2
*U179
 10
251.9987344134967
 20
4162.107046393119
 30
0.0
  0
INSERT
  5
31A8
330
31A4
100
AcDbEntity
  8
0
  6
ByBlock
347
ED
 62
     0
440
 16777216
370
    -2
380
     1
100
AcDbBlockReference
  2
*U179
 10
258.1847691582134
 20
4162.107046393119
 30
0.0
  0
INSERT
  5
31A9
330
31A4
100
AcDbEntity
  8
0
  6
ByBlock
347
ED
 62
     0
440
 16777216
370
    -2
380
     1
100
AcDbBlockReference
  2
*U179
 10
264.3708039029301
 20
4162.107046393119
 30
0.0
  0
INSERT
  5
31AA
330
31A4
100
AcDbEntity
  8
0
  6
ByBlock
347
ED
 62
     0
440
 16777216
370
    -2
380
     1
100
AcDbBlockReference
  2
*U179
 10
270.5568386476468
 20
4162.107046393119
 30
0.0
  0
INSERT
  5
31AB
330
31A4
100
AcDbEntity
  8
0
  6
ByBlock
347
ED
 62
     0
440
 16777216
370
    -2
380
     1
100
AcDbBlockReference
  2
*U179
 10
276.7428733923635
 20
4162.107046393119
 30
0.0
  0
INSERT
  5
31AC
330
31A4
100
AcDbEntity
  8
0
  6
ByBlock
347
ED
 62
     0
440
 16777216
370
    -2
380
     1
100
AcDbBlockReference
  2
*U179
 10
282.9289081370802
 20
4162.107046393119
 30
0.0
  0
INSERT
  5
31AD
330
31A4
100
AcDbEntity
  8
0
  6
ByBlock
347
ED
 62
     0
440
 16777216
370
    -2
380
     1
100
AcDbBlockReference
  2
*U179
 10
289.1149428817969
 20
4162.107046393119
 30
0.0
  0
INSERT
  5
31AE
330
31A4
100
AcDbEntity
  8
0
  6
ByBlock
347
ED
 62
     0
440
 16777216
370
    -2
380
     1
100
AcDbBlockReference
  2
*U179
 10
295.3009776265137
 20
4162.107046393119
 30
0.0
  0
INSERT
  5
31AF
330
31A4
100
AcDbEntity
  8
0
  6
ByBlock
347
ED
 62
     0
440
 16777216
370
    -2
380
     1
100
AcDbBlockReference
  2
*U179
 10
301.4870123712304
 20
4162.107046393119
 30
0.0
  0
INSERT
  5
31B0
330
31A4
100
AcDbEntity
  8
0
  6
ByBlock
347
ED
 62
     0
440
 16777216
370
    -2
380
     1
100
AcDbBlockReference
  2
*U179
 10
307.6730471159471
 20
4162.107046393119
 30
0.0
  0
INSERT
  5
31B1
330
31A4
100
AcDbEntity
  8
0
  6
ByBlock
347
ED
 62
     0
440
 16777216
370
    -2
380
     1
100
AcDbBlockReference
  2
*U179
 10
313.8590818606638
 20
4162.107046393119
 30
0.0
  0
INSERT
  5
31B2
330
31A4
100
AcDbEntity
  8
0
  6
ByBlock
347
ED
 62
     0
440
 16777216
370
    -2
380
     1
100
AcDbBlockReference
  2
*U179
 10
320.0451166053805
 20
4162.107046393119
 30
0.0
  0
INSERT
  5
31B3
330
31A4
100
AcDbEntity
  8
0
  6
ByBlock
347
ED
 62
     0
440
 16777216
370
    -2
380
     1
100
AcDbBlockReference
  2
*U179
 10
326.2311513500972
 20
4162.107046393119
 30
0.0
  0
INSERT
  5
31B4
330
31A4
100
AcDbEntity
  8
0
  6
ByBlock
347
ED
 62
     0
440
 16777216
370
    -2
380
     1
100
AcDbBlockReference
  2
*U179
 10
332.4171860948139
 20
4162.107046393119
 30
0.0
  0
INSERT
  5
31B5
330
31A4
100
AcDbEntity
  8
0
  6
ByBlock
347
ED
 62
     0
440
 16777216
370
    -2
380
     1
100
AcDbBlockReference
  2
*U179
 10
338.6032208395306
 20
4162.107046393119
 30
0.0
  0
INSERT
  5
31B6
330
31A4
100
AcDbEntity
  8
0
  6
ByBlock
347
ED
 62
     0
440
 16777216
370
    -2
380
     1
100
AcDbBlockReference
  2
*U179
 10
344.7892555842474
 20
4162.107046393119
 30
0.0
  0
INSERT
  5
31B7
330
31A4
100
AcDbEntity
  8
0
  6
ByBlock
347
ED
 62
     0
440
 16777216
370
    -2
380
     1
100
AcDbBlockReference
  2
*U179
 10
350.9752903289641
 20
4162.107046393119
 30
0.0
  0
ENDBLK
  5
31B8
330
31A4
100
AcDbEntity
  8
0
 62
    40
420
 16308017
100
AcDbBlockEnd
  0
BLOCK
  5
31BA
330
31B9
100
AcDbEntity
  8
0
 62
    40
420
 16308017
100
AcDbBlockBegin
  2
*U181
 70
     1
 10
0.0
 20
0.0
 30
0.0
  3
*U181
  1

  0
CIRCLE
  5
31BB
330
31B9
100
AcDbEntity
  8
0
 62
    40
420
 16308017
100
AcDbCircle
 10
0.0
 20
0.0
 30
0.0
 40
0.75
  0
ENDBLK
  5
31BC
330
31B9
100
AcDbEntity
  8
0
 62
    40
420
 16308017
100
AcDbBlockEnd
  0
BLOCK
  5
31BE
330
31BD
100
AcDbEntity
  8
0
 62
    40
420
 16308017
100
AcDbBlockBegin
  2
*U182
 70
     1
 10
0.0
 20
0.0
 30
0.0
  3
*U182
  1

  0
CIRCLE
  5
31BF
330
31BD
100
AcDbEntity
  8
0
 62
    40
420
 16308017
100
AcDbCircle
 10
0.0
 20
0.0
 30
0.0
 40
0.75
  0
ENDBLK
  5
31C0
330
31BD
100
AcDbEntity
  8
0
 62
    40
420
 16308017
100
AcDbBlockEnd
  0
BLOCK
  5
31C2
330
31C1
100
AcDbEntity
  8
0
 62
    40
420
 16308017
100
AcDbBlockBegin
  2
*U183
 70
     1
 10
0.0
 20
0.0
 30
0.0
  3
*U183
  1

  0
INSERT
  5
31C3
330
31C1
100
AcDbEntity
  8
0
  6
ByBlock
347
ED
 62
     0
440
 16777216
370
    -2
380
     1
100
AcDbBlockReference
  2
*U182
 10
245.8126996687799
 20
4162.107046393119
 30
0.0
  0
INSERT
  5
31C4
330
31C1
100
AcDbEntity
  8
0
  6
ByBlock
347
ED
 62
     0
440
 16777216
370
    -2
380
     1
100
AcDbBlockReference
  2
*U182
 10
251.9987344134967
 20
4162.107046393119
 30
0.0
  0
INSERT
  5
31C5
330
31C1
100
AcDbEntity
  8
0
  6
ByBlock
347
ED
 62
     0
440
 16777216
370
    -2
380
     1
100
AcDbBlockReference
  2
*U182
 10
258.1847691582134
 20
4162.107046393119
 30
0.0
  0
INSERT
  5
31C6
330
31C1
100
AcDbEntity
  8
0
  6
ByBlock
347
ED
 62
     0
440
 16777216
370
    -2
380
     1
100
AcDbBlockReference
  2
*U182
 10
264.3708039029301
 20
4162.107046393119
 30
0.0
  0
INSERT
  5
31C7
330
31C1
100
AcDbEntity
  8
0
  6
ByBlock
347
ED
 62
     0
440
 16777216
370
    -2
380
     1
100
AcDbBlockReference
  2
*U182
 10
270.5568386476468
 20
4162.107046393119
 30
0.0
  0
INSERT
  5
31C8
330
31C1
100
AcDbEntity
  8
0
  6
ByBlock
347
ED
 62
     0
440
 16777216
370
    -2
380
     1
100
AcDbBlockReference
  2
*U182
 10
276.7428733923635
 20
4162.107046393119
 30
0.0
  0
INSERT
  5
31C9
330
31C1
100
AcDbEntity
  8
0
  6
ByBlock
347
ED
 62
     0
440
 16777216
370
    -2
380
     1
100
AcDbBlockReference
  2
*U182
 10
282.9289081370802
 20
4162.107046393119
 30
0.0
  0
INSERT
  5
31CA
330
31C1
100
AcDbEntity
  8
0
  6
ByBlock
347
ED
 62
     0
440
 16777216
370
    -2
380
     1
100
AcDbBlockReference
  2
*U182
 10
289.1149428817969
 20
4162.107046393119
 30
0.0
  0
INSERT
  5
31CB
330
31C1
100
AcDbEntity
  8
0
  6
ByBlock
347
ED
 62
     0
440
 16777216
370
    -2
380
     1
100
AcDbBlockReference
  2
*U182
 10
295.3009776265137
 20
4162.107046393119
 30
0.0
  0
INSERT
  5
31CC
330
31C1
100
AcDbEntity
  8
0
  6
ByBlock
347
ED
 62
     0
440
 16777216
370
    -2
380
     1
100
AcDbBlockReference
  2
*U182
 10
301.4870123712304
 20
4162.107046393119
 30
0.0
  0
INSERT
  5
31CD
330
31C1
100
AcDbEntity
  8
0
  6
ByBlock
347
ED
 62
     0
440
 16777216
370
    -2
380
     1
100
AcDbBlockReference
  2
*U182
 10
307.6730471159471
 20
4162.107046393119
 30
0.0
  0
INSERT
  5
31CE
330
31C1
100
AcDbEntity
  8
0
  6
ByBlock
347
ED
 62
     0
440
 16777216
370
    -2
380
     1
100
AcDbBlockReference
  2
*U182
 10
313.8590818606638
 20
4162.107046393119
 30
0.0
  0
INSERT
  5
31CF
330
31C1
100
AcDbEntity
  8
0
  6
ByBlock
347
ED
 62
     0
440
 16777216
370
    -2
380
     1
100
AcDbBlockReference
  2
*U182
 10
320.0451166053805
 20
4162.107046393119
 30
0.0
  0
INSERT
  5
31D0
330
31C1
100
AcDbEntity
  8
0
  6
ByBlock
347
ED
 62
     0
440
 16777216
370
    -2
380
     1
100
AcDbBlockReference
  2
*U182
 10
326.2311513500972
 20
4162.107046393119
 30
0.0
  0
INSERT
  5
31D1
330
31C1
100
AcDbEntity
  8
0
  6
ByBlock
347
ED
 62
     0
440
 16777216
370
    -2
380
     1
100
AcDbBlockReference
  2
*U182
 10
332.4171860948139
 20
4162.107046393119
 30
0.0
  0
INSERT
  5
31D2
330
31C1
100
AcDbEntity
  8
0
  6
ByBlock
347
ED
 62
     0
440
 16777216
370
    -2
380
     1
100
AcDbBlockReference
  2
*U182
 10
338.6032208395306
 20
4162.107046393119
 30
0.0
  0
INSERT
  5
31D3
330
31C1
100
AcDbEntity
  8
0
  6
ByBlock
347
ED
 62
     0
440
 16777216
370
    -2
380
     1
100
AcDbBlockReference
  2
*U182
 10
344.7892555842474
 20
4162.107046393119
 30
0.0
  0
INSERT
  5
31D4
330
31C1
100
AcDbEntity
  8
0
  6
ByBlock
347
ED
 62
     0
440
 16777216
370
    -2
380
     1
100
AcDbBlockReference
  2
*U182
 10
350.9752903289641
 20
4162.107046393119
 30
0.0
  0
ENDBLK
  5
31D5
330
31C1
100
AcDbEntity
  8
0
 62
    40
420
 16308017
100
AcDbBlockEnd
  0
BLOCK
  5
31E0
330
31DF
100
AcDbEntity
  8
0
 62
    40
420
 16308017
100
AcDbBlockBegin
  2
*U184
 70
     1
 10
0.0
 20
0.0
 30
0.0
  3
*U184
  1

  0
CIRCLE
  5
31E1
330
31DF
100
AcDbEntity
  8
0
 62
    40
420
 16308017
100
AcDbCircle
 10
0.0
 20
0.0
 30
0.0
 40
0.75
  0
ENDBLK
  5
31E2
330
31DF
100
AcDbEntity
  8
0
 62
    40
420
 16308017
100
AcDbBlockEnd
  0
BLOCK
  5
31E4
330
31E3
100
AcDbEntity
  8
0
 62
    40
420
 16308017
100
AcDbBlockBegin
  2
*U185
 70
     1
 10
0.0
 20
0.0
 30
0.0
  3
*U185
  1

  0
INSERT
  5
31E5
330
31E3
100
AcDbEntity
  8
0
  6
ByBlock
347
ED
 62
     0
440
 16777216
370
    -2
380
     1
100
AcDbBlockReference
  2
*U184
 10
245.8126996687799
 20
4162.107046393119
 30
0.0
  0
INSERT
  5
31E6
330
31E3
100
AcDbEntity
  8
0
  6
ByBlock
347
ED
 62
     0
440
 16777216
370
    -2
380
     1
100
AcDbBlockReference
  2
*U184
 10
251.9987344134967
 20
4162.107046393119
 30
0.0
  0
INSERT
  5
31E7
330
31E3
100
AcDbEntity
  8
0
  6
ByBlock
347
ED
 62
     0
440
 16777216
370
    -2
380
     1
100
AcDbBlockReference
  2
*U184
 10
258.1847691582134
 20
4162.107046393119
 30
0.0
  0
INSERT
  5
31E8
330
31E3
100
AcDbEntity
  8
0
  6
ByBlock
347
ED
 62
     0
440
 16777216
370
    -2
380
     1
100
AcDbBlockReference
  2
*U184
 10
264.3708039029301
 20
4162.107046393119
 30
0.0
  0
INSERT
  5
31E9
330
31E3
100
AcDbEntity
  8
0
  6
ByBlock
347
ED
 62
     0
440
 16777216
370
    -2
380
     1
100
AcDbBlockReference
  2
*U184
 10
270.5568386476468
 20
4162.107046393119
 30
0.0
  0
INSERT
  5
31EA
330
31E3
100
AcDbEntity
  8
0
  6
ByBlock
347
ED
 62
     0
440
 16777216
370
    -2
380
     1
100
AcDbBlockReference
  2
*U184
 10
276.7428733923635
 20
4162.107046393119
 30
0.0
  0
INSERT
  5
31EB
330
31E3
100
AcDbEntity
  8
0
  6
ByBlock
347
ED
 62
     0
440
 16777216
370
    -2
380
     1
100
AcDbBlockReference
  2
*U184
 10
282.9289081370802
 20
4162.107046393119
 30
0.0
  0
INSERT
  5
31EC
330
31E3
100
AcDbEntity
  8
0
  6
ByBlock
347
ED
 62
     0
440
 16777216
370
    -2
380
     1
100
AcDbBlockReference
  2
*U184
 10
289.1149428817969
 20
4162.107046393119
 30
0.0
  0
INSERT
  5
31ED
330
31E3
100
AcDbEntity
  8
0
  6
ByBlock
347
ED
 62
     0
440
 16777216
370
    -2
380
     1
100
AcDbBlockReference
  2
*U184
 10
295.3009776265137
 20
4162.107046393119
 30
0.0
  0
INSERT
  5
31EE
330
31E3
100
AcDbEntity
  8
0
  6
ByBlock
347
ED
 62
     0
440
 16777216
370
    -2
380
     1
100
AcDbBlockReference
  2
*U184
 10
301.4870123712304
 20
4162.107046393119
 30
0.0
  0
INSERT
  5
31EF
330
31E3
100
AcDbEntity
  8
0
  6
ByBlock
347
ED
 62
     0
440
 16777216
370
    -2
380
     1
100
AcDbBlockReference
  2
*U184
 10
307.6730471159471
 20
4162.107046393119
 30
0.0
  0
INSERT
  5
31F0
330
31E3
100
AcDbEntity
  8
0
  6
ByBlock
347
ED
 62
     0
440
 16777216
370
    -2
380
     1
100
AcDbBlockReference
  2
*U184
 10
313.8590818606638
 20
4162.107046393119
 30
0.0
  0
INSERT
  5
31F1
330
31E3
100
AcDbEntity
  8
0
  6
ByBlock
347
ED
 62
     0
440
 16777216
370
    -2
380
     1
100
AcDbBlockReference
  2
*U184
 10
320.0451166053805
 20
4162.107046393119
 30
0.0
  0
INSERT
  5
31F2
330
31E3
100
AcDbEntity
  8
0
  6
ByBlock
347
ED
 62
     0
440
 16777216
370
    -2
380
     1
100
AcDbBlockReference
  2
*U184
 10
326.2311513500972
 20
4162.107046393119
 30
0.0
  0
INSERT
  5
31F3
330
31E3
100
AcDbEntity
  8
0
  6
ByBlock
347
ED
 62
     0
440
 16777216
370
    -2
380
     1
100
AcDbBlockReference
  2
*U184
 10
332.4171860948139
 20
4162.107046393119
 30
0.0
  0
INSERT
  5
31F4
330
31E3
100
AcDbEntity
  8
0
  6
ByBlock
347
ED
 62
     0
440
 16777216
370
    -2
380
     1
100
AcDbBlockReference
  2
*U184
 10
338.6032208395306
 20
4162.107046393119
 30
0.0
  0
INSERT
  5
31F5
330
31E3
100
AcDbEntity
  8
0
  6
ByBlock
347
ED
 62
     0
440
 16777216
370
    -2
380
     1
100
AcDbBlockReference
  2
*U184
 10
344.7892555842474
 20
4162.107046393119
 30
0.0
  0
INSERT
  5
31F6
330
31E3
100
AcDbEntity
  8
0
  6
ByBlock
347
ED
 62
     0
440
 16777216
370
    -2
380
     1
100
AcDbBlockReference
  2
*U184
 10
350.9752903289641
 20
4162.107046393119
 30
0.0
  0
ENDBLK
  5
31F7
330
31E3
100
AcDbEntity
  8
0
 62
    40
420
 16308017
100
AcDbBlockEnd
  0
BLOCK
  5
31F9
330
31F8
100
AcDbEntity
  8
0
 62
    40
420
 16308017
100
AcDbBlockBegin
  2
*U186
 70
     1
 10
0.0
 20
0.0
 30
0.0
  3
*U186
  1

  0
CIRCLE
  5
31FA
330
31F8
100
AcDbEntity
  8
0
 62
    40
420
 16308017
100
AcDbCircle
 10
0.0
 20
0.0
 30
0.0
 40
0.75
  0
ENDBLK
  5
31FB
330
31F8
100
AcDbEntity
  8
0
 62
    40
420
 16308017
100
AcDbBlockEnd
  0
BLOCK
  5
31FD
330
31FC
100
AcDbEntity
  8
0
 62
    40
420
 16308017
100
AcDbBlockBegin
  2
*U187
 70
     1
 10
0.0
 20
0.0
 30
0.0
  3
*U187
  1

  0
INSERT
  5
31FE
330
31FC
100
AcDbEntity
  8
0
  6
ByBlock
347
ED
 62
     0
440
 16777216
370
    -2
380
     1
100
AcDbBlockReference
  2
*U186
 10
245.8126996687799
 20
4162.107046393119
 30
0.0
  0
INSERT
  5
31FF
330
31FC
100
AcDbEntity
  8
0
  6
ByBlock
347
ED
 62
     0
440
 16777216
370
    -2
380
     1
100
AcDbBlockReference
  2
*U186
 10
251.9987344134967
 20
4162.107046393119
 30
0.0
  0
INSERT
  5
3200
330
31FC
100
AcDbEntity
  8
0
  6
ByBlock
347
ED
 62
     0
440
 16777216
370
    -2
380
     1
100
AcDbBlockReference
  2
*U186
 10
258.1847691582134
 20
4162.107046393119
 30
0.0
  0
INSERT
  5
3201
330
31FC
100
AcDbEntity
  8
0
  6
ByBlock
347
ED
 62
     0
440
 16777216
370
    -2
380
     1
100
AcDbBlockReference
  2
*U186
 10
264.3708039029301
 20
4162.107046393119
 30
0.0
  0
INSERT
  5
3202
330
31FC
100
AcDbEntity
  8
0
  6
ByBlock
347
ED
 62
     0
440
 16777216
370
    -2
380
     1
100
AcDbBlockReference
  2
*U186
 10
270.5568386476468
 20
4162.107046393119
 30
0.0
  0
INSERT
  5
3203
330
31FC
100
AcDbEntity
  8
0
  6
ByBlock
347
ED
 62
     0
440
 16777216
370
    -2
380
     1
100
AcDbBlockReference
  2
*U186
 10
276.7428733923635
 20
4162.107046393119
 30
0.0
  0
INSERT
  5
3204
330
31FC
100
AcDbEntity
  8
0
  6
ByBlock
347
ED
 62
     0
440
 16777216
370
    -2
380
     1
100
AcDbBlockReference
  2
*U186
 10
282.9289081370802
 20
4162.107046393119
 30
0.0
  0
INSERT
  5
3205
330
31FC
100
AcDbEntity
  8
0
  6
ByBlock
347
ED
 62
     0
440
 16777216
370
    -2
380
     1
100
AcDbBlockReference
  2
*U186
 10
289.1149428817969
 20
4162.107046393119
 30
0.0
  0
INSERT
  5
3206
330
31FC
100
AcDbEntity
  8
0
  6
ByBlock
347
ED
 62
     0
440
 16777216
370
    -2
380
     1
100
AcDbBlockReference
  2
*U186
 10
295.3009776265137
 20
4162.107046393119
 30
0.0
  0
INSERT
  5
3207
330
31FC
100
AcDbEntity
  8
0
  6
ByBlock
347
ED
 62
     0
440
 16777216
370
    -2
380
     1
100
AcDbBlockReference
  2
*U186
 10
301.4870123712304
 20
4162.107046393119
 30
0.0
  0
INSERT
  5
3208
330
31FC
100
AcDbEntity
  8
0
  6
ByBlock
347
ED
 62
     0
440
 16777216
370
    -2
380
     1
100
AcDbBlockReference
  2
*U186
 10
307.6730471159471
 20
4162.107046393119
 30
0.0
  0
INSERT
  5
3209
330
31FC
100
AcDbEntity
  8
0
  6
ByBlock
347
ED
 62
     0
440
 16777216
370
    -2
380
     1
100
AcDbBlockReference
  2
*U186
 10
313.8590818606638
 20
4162.107046393119
 30
0.0
  0
INSERT
  5
320A
330
31FC
100
AcDbEntity
  8
0
  6
ByBlock
347
ED
 62
     0
440
 16777216
370
    -2
380
     1
100
AcDbBlockReference
  2
*U186
 10
320.0451166053805
 20
4162.107046393119
 30
0.0
  0
INSERT
  5
320B
330
31FC
100
AcDbEntity
  8
0
  6
ByBlock
347
ED
 62
     0
440
 16777216
370
    -2
380
     1
100
AcDbBlockReference
  2
*U186
 10
326.2311513500972
 20
4162.107046393119
 30
0.0
  0
INSERT
  5
320C
330
31FC
100
AcDbEntity
  8
0
  6
ByBlock
347
ED
 62
     0
440
 16777216
370
    -2
380
     1
100
AcDbBlockReference
  2
*U186
 10
332.4171860948139
 20
4162.107046393119
 30
0.0
  0
INSERT
  5
320D
330
31FC
100
AcDbEntity
  8
0
  6
ByBlock
347
ED
 62
     0
440
 16777216
370
    -2
380
     1
100
AcDbBlockReference
  2
*U186
 10
338.6032208395306
 20
4162.107046393119
 30
0.0
  0
INSERT
  5
320E
330
31FC
100
AcDbEntity
  8
0
  6
ByBlock
347
ED
 62
     0
440
 16777216
370
    -2
380
     1
100
AcDbBlockReference
  2
*U186
 10
344.7892555842474
 20
4162.107046393119
 30
0.0
  0
INSERT
  5
320F
330
31FC
100
AcDbEntity
  8
0
  6
ByBlock
347
ED
 62
     0
440
 16777216
370
    -2
380
     1
100
AcDbBlockReference
  2
*U186
 10
350.9752903289641
 20
4162.107046393119
 30
0.0
  0
ENDBLK
  5
3210
330
31FC
100
AcDbEntity
  8
0
 62
    40
420
 16308017
100
AcDbBlockEnd
  0
BLOCK
  5
321B
330
321A
100
AcDbEntity
  8
0
 62
    40
420
 16308017
100
AcDbBlockBegin
  2
*U188
 70
     1
 10
0.0
 20
0.0
 30
0.0
  3
*U188
  1

  0
CIRCLE
  5
321C
330
321A
100
AcDbEntity
  8
0
 62
    40
420
 16308017
100
AcDbCircle
 10
0.0
 20
0.0
 30
0.0
 40
0.75
  0
ENDBLK
  5
321D
330
321A
100
AcDbEntity
  8
0
 62
    40
420
 16308017
100
AcDbBlockEnd
  0
BLOCK
  5
321F
330
321E
100
AcDbEntity
  8
0
 62
    40
420
 16308017
100
AcDbBlockBegin
  2
*U189
 70
     1
 10
0.0
 20
0.0
 30
0.0
  3
*U189
  1

  0
INSERT
  5
3220
330
321E
100
AcDbEntity
  8
0
  6
ByBlock
347
ED
 62
     0
440
 16777216
370
    -2
380
     1
100
AcDbBlockReference
  2
*U188
 10
245.8126996687799
 20
4162.107046393119
 30
0.0
  0
INSERT
  5
3221
330
321E
100
AcDbEntity
  8
0
  6
ByBlock
347
ED
 62
     0
440
 16777216
370
    -2
380
     1
100
AcDbBlockReference
  2
*U188
 10
251.9987344134967
 20
4162.107046393119
 30
0.0
  0
INSERT
  5
3222
330
321E
100
AcDbEntity
  8
0
  6
ByBlock
347
ED
 62
     0
440
 16777216
370
    -2
380
     1
100
AcDbBlockReference
  2
*U188
 10
258.1847691582134
 20
4162.107046393119
 30
0.0
  0
INSERT
  5
3223
330
321E
100
AcDbEntity
  8
0
  6
ByBlock
347
ED
 62
     0
440
 16777216
370
    -2
380
     1
100
AcDbBlockReference
  2
*U188
 10
264.3708039029301
 20
4162.107046393119
 30
0.0
  0
INSERT
  5
3224
330
321E
100
AcDbEntity
  8
0
  6
ByBlock
347
ED
 62
     0
440
 16777216
370
    -2
380
     1
100
AcDbBlockReference
  2
*U188
 10
270.5568386476468
 20
4162.107046393119
 30
0.0
  0
INSERT
  5
3225
330
321E
100
AcDbEntity
  8
0
  6
ByBlock
347
ED
 62
     0
440
 16777216
370
    -2
380
     1
100
AcDbBlockReference
  2
*U188
 10
276.7428733923635
 20
4162.107046393119
 30
0.0
  0
INSERT
  5
3226
330
321E
100
AcDbEntity
  8
0
  6
ByBlock
347
ED
 62
     0
440
 16777216
370
    -2
380
     1
100
AcDbBlockReference
  2
*U188
 10
282.9289081370802
 20
4162.107046393119
 30
0.0
  0
INSERT
  5
3227
330
321E
100
AcDbEntity
  8
0
  6
ByBlock
347
ED
 62
     0
440
 16777216
370
    -2
380
     1
100
AcDbBlockReference
  2
*U188
 10
289.1149428817969
 20
4162.107046393119
 30
0.0
  0
INSERT
  5
3228
330
321E
100
AcDbEntity
  8
0
  6
ByBlock
347
ED
 62
     0
440
 16777216
370
    -2
380
     1
100
AcDbBlockReference
  2
*U188
 10
295.3009776265137
 20
4162.107046393119
 30
0.0
  0
INSERT
  5
3229
330
321E
100
AcDbEntity
  8
0
  6
ByBlock
347
ED
 62
     0
440
 16777216
370
    -2
380
     1
100
AcDbBlockReference
  2
*U188
 10
301.4870123712304
 20
4162.107046393119
 30
0.0
  0
INSERT
  5
322A
330
321E
100
AcDbEntity
  8
0
  6
ByBlock
347
ED
 62
     0
440
 16777216
370
    -2
380
     1
100
AcDbBlockReference
  2
*U188
 10
307.6730471159471
 20
4162.107046393119
 30
0.0
  0
INSERT
  5
322B
330
321E
100
AcDbEntity
  8
0
  6
ByBlock
347
ED
 62
     0
440
 16777216
370
    -2
380
     1
100
AcDbBlockReference
  2
*U188
 10
313.8590818606638
 20
4162.107046393119
 30
0.0
  0
INSERT
  5
322C
330
321E
100
AcDbEntity
  8
0
  6
ByBlock
347
ED
 62
     0
440
 16777216
370
    -2
380
     1
100
AcDbBlockReference
  2
*U188
 10
320.0451166053805
 20
4162.107046393119
 30
0.0
  0
INSERT
  5
322D
330
321E
100
AcDbEntity
  8
0
  6
ByBlock
347
ED
 62
     0
440
 16777216
370
    -2
380
     1
100
AcDbBlockReference
  2
*U188
 10
326.2311513500972
 20
4162.107046393119
 30
0.0
  0
INSERT
  5
322E
330
321E
100
AcDbEntity
  8
0
  6
ByBlock
347
ED
 62
     0
440
 16777216
370
    -2
380
     1
100
AcDbBlockReference
  2
*U188
 10
332.4171860948139
 20
4162.107046393119
 30
0.0
  0
INSERT
  5
322F
330
321E
100
AcDbEntity
  8
0
  6
ByBlock
347
ED
 62
     0
440
 16777216
370
    -2
380
     1
100
AcDbBlockReference
  2
*U188
 10
338.6032208395306
 20
4162.107046393119
 30
0.0
  0
INSERT
  5
3230
330
321E
100
AcDbEntity
  8
0
  6
ByBlock
347
ED
 62
     0
440
 16777216
370
    -2
380
     1
100
AcDbBlockReference
  2
*U188
 10
344.7892555842474
 20
4162.107046393119
 30
0.0
  0
INSERT
  5
3231
330
321E
100
AcDbEntity
  8
0
  6
ByBlock
347
ED
 62
     0
440
 16777216
370
    -2
380
     1
100
AcDbBlockReference
  2
*U188
 10
350.9752903289641
 20
4162.107046393119
 30
0.0
  0
ENDBLK
  5
3232
330
321E
100
AcDbEntity
  8
0
 62
    40
420
 16308017
100
AcDbBlockEnd
  0
BLOCK
  5
3246
330
3245
100
AcDbEntity
  8
0
 62
    40
420
 16308017
100
AcDbBlockBegin
  2
*U190
 70
     1
 10
0.0
 20
0.0
 30
0.0
  3
*U190
  1

  0
CIRCLE
  5
3247
330
3245
100
AcDbEntity
  8
0
 62
    40
420
 16308017
100
AcDbCircle
 10
0.0
 20
0.0
 30
0.0
 40
0.75
  0
ENDBLK
  5
3248
330
3245
100
AcDbEntity
  8
0
 62
    40
420
 16308017
100
AcDbBlockEnd
  0
BLOCK
  5
324A
330
3249
100
AcDbEntity
  8
0
 62
    40
420
 16308017
100
AcDbBlockBegin
  2
*U191
 70
     1
 10
0.0
 20
0.0
 30
0.0
  3
*U191
  1

  0
INSERT
  5
324B
330
3249
100
AcDbEntity
  8
0
  6
ByBlock
347
ED
 62
     0
440
 16777216
370
    -2
380
     1
100
AcDbBlockReference
  2
*U190
 10
245.8126996687799
 20
4162.107046393119
 30
0.0
  0
INSERT
  5
324C
330
3249
100
AcDbEntity
  8
0
  6
ByBlock
347
ED
 62
     0
440
 16777216
370
    -2
380
     1
100
AcDbBlockReference
  2
*U190
 10
251.9987344134967
 20
4162.107046393119
 30
0.0
  0
INSERT
  5
324D
330
3249
100
AcDbEntity
  8
0
  6
ByBlock
347
ED
 62
     0
440
 16777216
370
    -2
380
     1
100
AcDbBlockReference
  2
*U190
 10
258.1847691582134
 20
4162.107046393119
 30
0.0
  0
INSERT
  5
324E
330
3249
100
AcDbEntity
  8
0
  6
ByBlock
347
ED
 62
     0
440
 16777216
370
    -2
380
     1
100
AcDbBlockReference
  2
*U190
 10
264.3708039029301
 20
4162.107046393119
 30
0.0
  0
INSERT
  5
324F
330
3249
100
AcDbEntity
  8
0
  6
ByBlock
347
ED
 62
     0
440
 16777216
370
    -2
380
     1
100
AcDbBlockReference
  2
*U190
 10
270.5568386476468
 20
4162.107046393119
 30
0.0
  0
INSERT
  5
3250
330
3249
100
AcDbEntity
  8
0
  6
ByBlock
347
ED
 62
     0
440
 16777216
370
    -2
380
     1
100
AcDbBlockReference
  2
*U190
 10
276.7428733923635
 20
4162.107046393119
 30
0.0
  0
INSERT
  5
3251
330
3249
100
AcDbEntity
  8
0
  6
ByBlock
347
ED
 62
     0
440
 16777216
370
    -2
380
     1
100
AcDbBlockReference
  2
*U190
 10
282.9289081370802
 20
4162.107046393119
 30
0.0
  0
INSERT
  5
3252
330
3249
100
AcDbEntity
  8
0
  6
ByBlock
347
ED
 62
     0
440
 16777216
370
    -2
380
     1
100
AcDbBlockReference
  2
*U190
 10
289.1149428817969
 20
4162.107046393119
 30
0.0
  0
INSERT
  5
3253
330
3249
100
AcDbEntity
  8
0
  6
ByBlock
347
ED
 62
     0
440
 16777216
370
    -2
380
     1
100
AcDbBlockReference
  2
*U190
 10
295.3009776265137
 20
4162.107046393119
 30
0.0
  0
INSERT
  5
3254
330
3249
100
AcDbEntity
  8
0
  6
ByBlock
347
ED
 62
     0
440
 16777216
370
    -2
380
     1
100
AcDbBlockReference
  2
*U190
 10
301.4870123712304
 20
4162.107046393119
 30
0.0
  0
INSERT
  5
3255
330
3249
100
AcDbEntity
  8
0
  6
ByBlock
347
ED
 62
     0
440
 16777216
370
    -2
380
     1
100
AcDbBlockReference
  2
*U190
 10
307.6730471159471
 20
4162.107046393119
 30
0.0
  0
INSERT
  5
3256
330
3249
100
AcDbEntity
  8
0
  6
ByBlock
347
ED
 62
     0
440
 16777216
370
    -2
380
     1
100
AcDbBlockReference
  2
*U190
 10
313.8590818606638
 20
4162.107046393119
 30
0.0
  0
INSERT
  5
3257
330
3249
100
AcDbEntity
  8
0
  6
ByBlock
347
ED
 62
     0
440
 16777216
370
    -2
380
     1
100
AcDbBlockReference
  2
*U190
 10
320.0451166053805
 20
4162.107046393119
 30
0.0
  0
INSERT
  5
3258
330
3249
100
AcDbEntity
  8
0
  6
ByBlock
347
ED
 62
     0
440
 16777216
370
    -2
380
     1
100
AcDbBlockReference
  2
*U190
 10
326.2311513500972
 20
4162.107046393119
 30
0.0
  0
INSERT
  5
3259
330
3249
100
AcDbEntity
  8
0
  6
ByBlock
347
ED
 62
     0
440
 16777216
370
    -2
380
     1
100
AcDbBlockReference
  2
*U190
 10
332.4171860948139
 20
4162.107046393119
 30
0.0
  0
INSERT
  5
325A
330
3249
100
AcDbEntity
  8
0
  6
ByBlock
347
ED
 62
     0
440
 16777216
370
    -2
380
     1
100
AcDbBlockReference
  2
*U190
 10
338.6032208395306
 20
4162.107046393119
 30
0.0
  0
INSERT
  5
325B
330
3249
100
AcDbEntity
  8
0
  6
ByBlock
347
ED
 62
     0
440
 16777216
370
    -2
380
     1
100
AcDbBlockReference
  2
*U190
 10
344.7892555842474
 20
4162.107046393119
 30
0.0
  0
INSERT
  5
325C
330
3249
100
AcDbEntity
  8
0
  6
ByBlock
347
ED
 62
     0
440
 16777216
370
    -2
380
     1
100
AcDbBlockReference
  2
*U190
 10
350.9752903289641
 20
4162.107046393119
 30
0.0
  0
ENDBLK
  5
325D
330
3249
100
AcDbEntity
  8
0
 62
    40
420
 16308017
100
AcDbBlockEnd
  0
BLOCK
  5
341B
330
341A
100
AcDbEntity
  8
0
100
AcDbBlockBegin
  2
*U192
 70
     1
 10
0.0
 20
0.0
 30
0.0
  3
*U192
  1

  0
LWPOLYLINE
  5
341C
330
341A
100
AcDbEntity
  8
0
100
AcDbPolyline
 90
        4
 70
     1
 43
0.0
 10
1.184528829880034
 20
1.850000000000001
 42
-0.9999999999999998
 10
1.184528829880034
 20
-1.850000000000001
 10
0.0
 20
-1.850000000000001
 42
-0.9999999999999998
 10
0.0
 20
1.850000000000001
  0
ENDBLK
  5
341D
330
341A
100
AcDbEntity
  8
0
100
AcDbBlockEnd
  0
BLOCK
  5
341F
330
341E
100
AcDbEntity
  8
0
100
AcDbBlockBegin
  2
*U193
 70
     1
 10
0.0
 20
0.0
 30
0.0
  3
*U193
  1

  0
INSERT
  5
3420
330
341E
100
AcDbEntity
  8
0
  6
ByBlock
347
ED
 62
     0
440
 16777216
370
    -2
380
     1
100
AcDbBlockReference
  2
*U192
 10
1165.578341956573
 20
50.68881150561439
 30
0.0
 50
180.0
  0
INSERT
  5
3421
330
341E
100
AcDbEntity
  8
0
  6
ByBlock
347
ED
 62
     0
440
 16777216
370
    -2
380
     1
100
AcDbBlockReference
  2
*U192
 10
1135.578341956573
 20
50.68881150561439
 30
0.0
 50
180.0
  0
INSERT
  5
3422
330
341E
100
AcDbEntity
  8
0
  6
ByBlock
347
ED
 62
     0
440
 16777216
370
    -2
380
     1
100
AcDbBlockReference
  2
*U192
 10
1105.578341956573
 20
50.68881150561439
 30
0.0
 50
180.0
  0
INSERT
  5
3423
330
341E
100
AcDbEntity
  8
0
  6
ByBlock
347
ED
 62
     0
440
 16777216
370
    -2
380
     1
100
AcDbBlockReference
  2
*U192
 10
1075.578341956573
 20
50.68881150561439
 30
0.0
 50
180.0
  0
INSERT
  5
3424
330
341E
100
AcDbEntity
  8
0
  6
ByBlock
347
ED
 62
     0
440
 16777216
370
    -2
380
     1
100
AcDbBlockReference
  2
*U192
 10
1045.578341956573
 20
50.68881150561439
 30
0.0
 50
180.0
  0
INSERT
  5
3425
330
341E
100
AcDbEntity
  8
0
  6
ByBlock
347
ED
 62
     0
440
 16777216
370
    -2
380
     1
100
AcDbBlockReference
  2
*U192
 10
1015.578341956573
 20
50.68881150561439
 30
0.0
 50
180.0
  0
INSERT
  5
3426
330
341E
100
AcDbEntity
  8
0
  6
ByBlock
347
ED
 62
     0
440
 16777216
370
    -2
380
     1
100
AcDbBlockReference
  2
*U192
 10
985.5783419565737
 20
50.68881150561439
 30
0.0
 50
180.0
  0
ENDBLK
  5
3427
330
341E
100
AcDbEntity
  8
0
100
AcDbBlockEnd
  0
BLOCK
  5
3468
330
3467
100
AcDbEntity
  8
0
100
AcDbBlockBegin
  2
*U194
 70
     1
 10
0.0
 20
0.0
 30
0.0
  3
*U194
  1

  0
LWPOLYLINE
  5
3469
330
3467
100
AcDbEntity
  8
0
100
AcDbPolyline
 90
        4
 70
     1
 43
0.0
 10
1.184528829880034
 20
1.850000000000001
 42
-0.9999999999999998
 10
1.184528829880034
 20
-1.850000000000001
 10
0.0
 20
-1.850000000000001
 42
-0.9999999999999998
 10
0.0
 20
1.850000000000001
  0
ENDBLK
  5
346A
330
3467
100
AcDbEntity
  8
0
100
AcDbBlockEnd
  0
BLOCK
  5
346E
330
346D
100
AcDbEntity
  8
0
100
AcDbBlockBegin
  2
*U195
 70
     1
 10
0.0
 20
0.0
 30
0.0
  3
*U195
  1

  0
INSERT
  5
346F
330
346D
100
AcDbEntity
  8
0
  6
ByBlock
347
ED
 62
     0
440
 16777216
370
    -2
380
     1
100
AcDbBlockReference
  2
*U194
 10
1165.578341956573
 20
50.68881150561439
 30
0.0
 50
180.0
  0
INSERT
  5
3470
330
346D
100
AcDbEntity
  8
0
  6
ByBlock
347
ED
 62
     0
440
 16777216
370
    -2
380
     1
100
AcDbBlockReference
  2
*U194
 10
1135.578341956573
 20
50.68881150561439
 30
0.0
 50
180.0
  0
INSERT
  5
3471
330
346D
100
AcDbEntity
  8
0
  6
ByBlock
347
ED
 62
     0
440
 16777216
370
    -2
380
     1
100
AcDbBlockReference
  2
*U194
 10
1105.578341956573
 20
50.68881150561439
 30
0.0
 50
180.0
  0
INSERT
  5
3472
330
346D
100
AcDbEntity
  8
0
  6
ByBlock
347
ED
 62
     0
440
 16777216
370
    -2
380
     1
100
AcDbBlockReference
  2
*U194
 10
1075.578341956573
 20
50.68881150561439
 30
0.0
 50
180.0
  0
INSERT
  5
3473
330
346D
100
AcDbEntity
  8
0
  6
ByBlock
347
ED
 62
     0
440
 16777216
370
    -2
380
     1
100
AcDbBlockReference
  2
*U194
 10
1045.578341956573
 20
50.68881150561439
 30
0.0
 50
180.0
  0
INSERT
  5
3474
330
346D
100
AcDbEntity
  8
0
  6
ByBlock
347
ED
 62
     0
440
 16777216
370
    -2
380
     1
100
AcDbBlockReference
  2
*U194
 10
1015.578341956573
 20
50.68881150561439
 30
0.0
 50
180.0
  0
INSERT
  5
3475
330
346D
100
AcDbEntity
  8
0
  6
ByBlock
347
ED
 62
     0
440
 16777216
370
    -2
380
     1
100
AcDbBlockReference
  2
*U194
 10
985.5783419565737
 20
50.68881150561439
 30
0.0
 50
180.0
  0
ENDBLK
  5
3476
330
346D
100
AcDbEntity
  8
0
100
AcDbBlockEnd
  0
ENDSEC
  0
SECTION
  2
ENTITIES
  0
LINE
  5
AF7
330
1F
100
AcDbEntity
  8
0
 62
     0
100
AcDbLine
 10
769.675691071941
 20
4067.354002138722
 30
0.0
 11
769.675691071941
 21
4641.576771843253
 31
0.0
  0
LINE
  5
AF8
330
1F
100
AcDbEntity
  8
0
 62
     0
100
AcDbLine
 10
868.7961290155147
 20
4067.354002138722
 30
0.0
 11
868.7961290155147
 21
4641.576771843253
 31
0.0
  0
LINE
  5
B0C
330
1F
100
AcDbEntity
  8
0
 62
     0
100
AcDbLine
 10
868.8014518160004
 20
4644.773260893864
 30
0.0
 11
769.6810138724267
 21
4644.773260893864
 31
0.0
  0
LINE
  5
B0E
330
1F
100
AcDbEntity
  8
0
 62
     0
100
AcDbLine
 10
769.675691071941
 20
4067.359080193361
 30
0.0
 11
868.7961290155147
 21
4067.359080193365
 31
0.0
  0
CIRCLE
  5
17AC
330
1F
100
AcDbEntity
  8
0
 62
     0
100
AcDbCircle
 10
772.0646108575671
 20
4641.197804867532
 30
0.0
 40
0.75
  0
CIRCLE
  5
17AD
330
1F
100
AcDbEntity
  8
0
 62
     0
100
AcDbCircle
 10
778.6761353408443
 20
4641.197804867532
 30
0.0
 40
0.75
  0
CIRCLE
  5
17AE
330
1F
100
AcDbEntity
  8
0
 62
     0
100
AcDbCircle
 10
785.2876598241214
 20
4641.197804867532
 30
0.0
 40
0.75
  0
CIRCLE
  5
17AF
330
1F
100
AcDbEntity
  8
0
 62
     0
100
AcDbCircle
 10
791.8991843073986
 20
4641.197804867532
 30
0.0
 40
0.75
  0
CIRCLE
  5
17B0
330
1F
100
AcDbEntity
  8
0
 62
     0
100
AcDbCircle
 10
798.5107087906758
 20
4641.197804867532
 30
0.0
 40
0.75
  0
CIRCLE
  5
17B1
330
1F
100
AcDbEntity
  8
0
 62
     0
100
AcDbCircle
 10
805.1222332739529
 20
4641.197804867532
 30
0.0
 40
0.75
  0
CIRCLE
  5
17B2
330
1F
100
AcDbEntity
  8
0
 62
     0
100
AcDbCircle
 10
811.7337577572298
 20
4641.197804867532
 30
0.0
 40
0.75
  0
CIRCLE
  5
17B3
330
1F
100
AcDbEntity
  8
0
 62
     0
100
AcDbCircle
 10
818.3452822405072
 20
4641.197804867532
 30
0.0
 40
0.75
  0
CIRCLE
  5
17B4
330
1F
100
AcDbEntity
  8
0
 62
     0
100
AcDbCircle
 10
824.9568067237841
 20
4641.197804867532
 30
0.0
 40
0.75
  0
CIRCLE
  5
17B5
330
1F
100
AcDbEntity
  8
0
 62
     0
100
AcDbCircle
 10
831.5683312070612
 20
4641.197804867532
 30
0.0
 40
0.75
  0
CIRCLE
  5
17B6
330
1F
100
AcDbEntity
  8
0
 62
     0
100
AcDbCircle
 10
838.1798556903387
 20
4641.197804867532
 30
0.0
 40
0.75
  0
CIRCLE
  5
17B7
330
1F
100
AcDbEntity
  8
0
 62
     0
100
AcDbCircle
 10
844.7913801736158
 20
4641.197804867532
 30
0.0
 40
0.75
  0
CIRCLE
  5
17B8
330
1F
100
AcDbEntity
  8
0
 62
     0
100
AcDbCircle
 10
851.4029046568929
 20
4641.197804867532
 30
0.0
 40
0.75
  0
CIRCLE
  5
17B9
330
1F
100
AcDbEntity
  8
0
 62
     0
100
AcDbCircle
 10
858.0144291401701
 20
4641.197804867532
 30
0.0
 40
0.75
  0
CIRCLE
  5
17BA
330
1F
100
AcDbEntity
  8
0
 62
     0
100
AcDbCircle
 10
864.6259536234472
 20
4641.197804867532
 30
0.0
 40
0.75
  0
CIRCLE
  5
1829
330
1F
100
AcDbEntity
  8
0
 62
     0
100
AcDbCircle
 10
866.115111055868
 20
4071.088856845928
 30
0.0
 40
0.75
  0
CIRCLE
  5
182A
330
1F
100
AcDbEntity
  8
0
 62
     0
100
AcDbCircle
 10
860.253431855849
 20
4071.109080193365
 30
0.0
 40
0.75
  0
CIRCLE
  5
182B
330
1F
100
AcDbEntity
  8
0
 62
     0
100
AcDbCircle
 10
853.6419073725717
 20
4071.109080193365
 30
0.0
 40
0.75
  0
CIRCLE
  5
182C
330
1F
100
AcDbEntity
  8
0
 62
     0
100
AcDbCircle
 10
847.0303828892946
 20
4071.109080193365
 30
0.0
 40
0.75
  0
CIRCLE
  5
182D
330
1F
100
AcDbEntity
  8
0
 62
     0
100
AcDbCircle
 10
840.4188584060173
 20
4071.109080193365
 30
0.0
 40
0.75
  0
CIRCLE
  5
182E
330
1F
100
AcDbEntity
  8
0
 62
     0
100
AcDbCircle
 10
833.8073339227403
 20
4071.109080193365
 30
0.0
 40
0.75
  0
CIRCLE
  5
182F
330
1F
100
AcDbEntity
  8
0
 62
     0
100
AcDbCircle
 10
827.195809439463
 20
4071.109080193365
 30
0.0
 40
0.75
  0
CIRCLE
  5
1830
330
1F
100
AcDbEntity
  8
0
 62
     0
100
AcDbCircle
 10
820.5842849561859
 20
4071.109080193365
 30
0.0
 40
0.75
  0
CIRCLE
  5
1831
330
1F
100
AcDbEntity
  8
0
 62
     0
100
AcDbCircle
 10
813.9727604729088
 20
4071.109080193365
 30
0.0
 40
0.75
  0
CIRCLE
  5
1832
330
1F
100
AcDbEntity
  8
0
 62
     0
100
AcDbCircle
 10
807.3612359896317
 20
4071.109080193365
 30
0.0
 40
0.75
  0
CIRCLE
  5
1833
330
1F
100
AcDbEntity
  8
0
 62
     0
100
AcDbCircle
 10
800.7497115063545
 20
4071.109080193365
 30
0.0
 40
0.75
  0
CIRCLE
  5
1834
330
1F
100
AcDbEntity
  8
0
 62
     0
100
AcDbCircle
 10
794.138187023077
 20
4071.109080193365
 30
0.0
 40
0.75
  0
CIRCLE
  5
1835
330
1F
100
AcDbEntity
  8
0
 62
     0
100
AcDbCircle
 10
787.5266625397998
 20
4071.109080193365
 30
0.0
 40
0.75
  0
CIRCLE
  5
1836
330
1F
100
AcDbEntity
  8
0
 62
     0
100
AcDbCircle
 10
780.9151380565231
 20
4071.109080193365
 30
0.0
 40
0.75
  0
CIRCLE
  5
1837
330
1F
100
AcDbEntity
  8
0
 62
     0
100
AcDbCircle
 10
774.3036135732457
 20
4071.109080193365
 30
0.0
 40
0.75
  0
CIRCLE
  5
1844
330
1F
100
AcDbEntity
  8
0
 62
     0
100
AcDbCircle
 10
696.0973138655657
 20
4641.197804867532
 30
0.0
 40
0.75
  0
CIRCLE
  5
1845
330
1F
100
AcDbEntity
  8
0
 62
     0
100
AcDbCircle
 10
689.4857893822886
 20
4641.197804867532
 30
0.0
 40
0.75
  0
CIRCLE
  5
1846
330
1F
100
AcDbEntity
  8
0
 62
     0
100
AcDbCircle
 10
682.8742648990115
 20
4641.197804867532
 30
0.0
 40
0.75
  0
CIRCLE
  5
1847
330
1F
100
AcDbEntity
  8
0
 62
     0
100
AcDbCircle
 10
676.2627404157342
 20
4641.197804867532
 30
0.0
 40
0.75
  0
CIRCLE
  5
1848
330
1F
100
AcDbEntity
  8
0
 62
     0
100
AcDbCircle
 10
669.6512159324571
 20
4641.197804867532
 30
0.0
 40
0.75
  0
CIRCLE
  5
1849
330
1F
100
AcDbEntity
  8
0
 62
     0
100
AcDbCircle
 10
663.0396914491798
 20
4641.197804867532
 30
0.0
 40
0.75
  0
CIRCLE
  5
184A
330
1F
100
AcDbEntity
  8
0
 62
     0
100
AcDbCircle
 10
656.4281669659027
 20
4641.197804867532
 30
0.0
 40
0.75
  0
CIRCLE
  5
184B
330
1F
100
AcDbEntity
  8
0
 62
     0
100
AcDbCircle
 10
649.8166424826258
 20
4641.197804867532
 30
0.0
 40
0.75
  0
CIRCLE
  5
184C
330
1F
100
AcDbEntity
  8
0
 62
     0
100
AcDbCircle
 10
643.2051179993485
 20
4641.197804867532
 30
0.0
 40
0.75
  0
CIRCLE
  5
184D
330
1F
100
AcDbEntity
  8
0
 62
     0
100
AcDbCircle
 10
636.5935935160714
 20
4641.197804867532
 30
0.0
 40
0.75
  0
CIRCLE
  5
184E
330
1F
100
AcDbEntity
  8
0
 62
     0
100
AcDbCircle
 10
629.9820690327942
 20
4641.197804867532
 30
0.0
 40
0.75
  0
CIRCLE
  5
184F
330
1F
100
AcDbEntity
  8
0
 62
     0
100
AcDbCircle
 10
623.3705445495171
 20
4641.197804867532
 30
0.0
 40
0.75
  0
CIRCLE
  5
1850
330
1F
100
AcDbEntity
  8
0
 62
     0
100
AcDbCircle
 10
616.7590200662398
 20
4641.197804867532
 30
0.0
 40
0.75
  0
CIRCLE
  5
1851
330
1F
100
AcDbEntity
  8
0
 62
     0
100
AcDbCircle
 10
610.1474955829627
 20
4641.197804867532
 30
0.0
 40
0.75
  0
CIRCLE
  5
1852
330
1F
100
AcDbEntity
  8
0
 62
     0
100
AcDbCircle
 10
603.5359710996856
 20
4641.197804867532
 30
0.0
 40
0.75
  0
CIRCLE
  5
18C7
330
1F
100
AcDbEntity
  8
0
 62
     0
100
AcDbCircle
 10
601.5552999297539
 20
4071.109080193365
 30
0.0
 40
0.75
  0
CIRCLE
  5
18C8
330
1F
100
AcDbEntity
  8
0
 62
     0
100
AcDbCircle
 10
607.5211759751526
 20
4071.109080193365
 30
0.0
 40
0.75
  0
CIRCLE
  5
18C9
330
1F
100
AcDbEntity
  8
0
 62
     0
100
AcDbCircle
 10
614.1327004584296
 20
4071.109080193365
 30
0.0
 40
0.75
  0
CIRCLE
  5
18CA
330
1F
100
AcDbEntity
  8
0
 62
     0
100
AcDbCircle
 10
620.744224941707
 20
4071.109080193365
 30
0.0
 40
0.75
  0
CIRCLE
  5
18CB
330
1F
100
AcDbEntity
  8
0
 62
     0
100
AcDbCircle
 10
627.3557494249841
 20
4071.109080193365
 30
0.0
 40
0.75
  0
CIRCLE
  5
18CC
330
1F
100
AcDbEntity
  8
0
 62
     0
100
AcDbCircle
 10
633.9672739082613
 20
4071.109080193365
 30
0.0
 40
0.75
  0
CIRCLE
  5
18CD
330
1F
100
AcDbEntity
  8
0
 62
     0
100
AcDbCircle
 10
640.5787983915383
 20
4071.109080193365
 30
0.0
 40
0.75
  0
CIRCLE
  5
18CE
330
1F
100
AcDbEntity
  8
0
 62
     0
100
AcDbCircle
 10
647.1903228748153
 20
4071.109080193365
 30
0.0
 40
0.75
  0
CIRCLE
  5
18CF
330
1F
100
AcDbEntity
  8
0
 62
     0
100
AcDbCircle
 10
653.8018473580926
 20
4071.109080193365
 30
0.0
 40
0.75
  0
CIRCLE
  5
18D0
330
1F
100
AcDbEntity
  8
0
 62
     0
100
AcDbCircle
 10
660.41337184137
 20
4071.109080193365
 30
0.0
 40
0.75
  0
CIRCLE
  5
18D1
330
1F
100
AcDbEntity
  8
0
 62
     0
100
AcDbCircle
 10
667.024896324647
 20
4071.109080193365
 30
0.0
 40
0.75
  0
CIRCLE
  5
18D2
330
1F
100
AcDbEntity
  8
0
 62
     0
100
AcDbCircle
 10
673.636420807924
 20
4071.109080193365
 30
0.0
 40
0.75
  0
CIRCLE
  5
18D3
330
1F
100
AcDbEntity
  8
0
 62
     0
100
AcDbCircle
 10
680.2479452912014
 20
4071.109080193365
 30
0.0
 40
0.75
  0
CIRCLE
  5
18D4
330
1F
100
AcDbEntity
  8
0
 62
     0
100
AcDbCircle
 10
686.8594697744786
 20
4071.109080193365
 30
0.0
 40
0.75
  0
CIRCLE
  5
18D5
330
1F
100
AcDbEntity
  8
0
 62
     0
100
AcDbCircle
 10
695.4992139858647
 20
4071.109080193365
 30
0.0
 40
0.75
  0
CIRCLE
  5
191C
330
1F
100
AcDbEntity
  8
0
 62
     0
100
AcDbCircle
 10
373.3378900495093
 20
4587.195771067285
 30
0.0
 40
0.75
  0
CIRCLE
  5
191D
330
1F
100
AcDbEntity
  8
0
 62
     0
100
AcDbCircle
 10
364.5039170311578
 20
4587.195771067285
 30
0.0
 40
0.75
  0
CIRCLE
  5
191E
330
1F
100
AcDbEntity
  8
0
 62
     0
100
AcDbCircle
 10
357.8923925478807
 20
4587.195771067285
 30
0.0
 40
0.75
  0
CIRCLE
  5
191F
330
1F
100
AcDbEntity
  8
0
 62
     0
100
AcDbCircle
 10
351.2808680646037
 20
4587.195771067285
 30
0.0
 40
0.75
  0
CIRCLE
  5
1920
330
1F
100
AcDbEntity
  8
0
 62
     0
100
AcDbCircle
 10
344.6693435813263
 20
4587.195771067285
 30
0.0
 40
0.75
  0
CIRCLE
  5
1921
330
1F
100
AcDbEntity
  8
0
 62
     0
100
AcDbCircle
 10
338.0578190980493
 20
4587.195771067285
 30
0.0
 40
0.75
  0
CIRCLE
  5
1922
330
1F
100
AcDbEntity
  8
0
 62
     0
100
AcDbCircle
 10
331.4462946147721
 20
4587.195771067285
 30
0.0
 40
0.75
  0
CIRCLE
  5
1923
330
1F
100
AcDbEntity
  8
0
 62
     0
100
AcDbCircle
 10
324.834770131495
 20
4587.195771067285
 30
0.0
 40
0.75
  0
CIRCLE
  5
1924
330
1F
100
AcDbEntity
  8
0
 62
     0
100
AcDbCircle
 10
318.2232456482178
 20
4587.195771067285
 30
0.0
 40
0.75
  0
CIRCLE
  5
1925
330
1F
100
AcDbEntity
  8
0
 62
     0
100
AcDbCircle
 10
311.6117211649406
 20
4587.195771067285
 30
0.0
 40
0.75
  0
CIRCLE
  5
1926
330
1F
100
AcDbEntity
  8
0
 62
     0
100
AcDbCircle
 10
305.0001966816635
 20
4587.195771067285
 30
0.0
 40
0.75
  0
CIRCLE
  5
1927
330
1F
100
AcDbEntity
  8
0
 62
     0
100
AcDbCircle
 10
298.3886721983864
 20
4587.195771067285
 30
0.0
 40
0.75
  0
CIRCLE
  5
1928
330
1F
100
AcDbEntity
  8
0
 62
     0
100
AcDbCircle
 10
291.7771477151092
 20
4587.195771067285
 30
0.0
 40
0.75
  0
CIRCLE
  5
1929
330
1F
100
AcDbEntity
  8
0
 62
     0
100
AcDbCircle
 10
285.1656232318321
 20
4587.195771067285
 30
0.0
 40
0.75
  0
CIRCLE
  5
192A
330
1F
100
AcDbEntity
  8
0
 62
     0
100
AcDbCircle
 10
278.5540987485549
 20
4587.195771067285
 30
0.0
 40
0.75
  0
CIRCLE
  5
192B
330
1F
100
AcDbEntity
  8
0
 62
     0
100
AcDbCircle
 10
271.9425742652778
 20
4587.195771067285
 30
0.0
 40
0.75
  0
CIRCLE
  5
192C
330
1F
100
AcDbEntity
  8
0
 62
     0
100
AcDbCircle
 10
265.3310497820006
 20
4587.195771067285
 30
0.0
 40
0.75
  0
CIRCLE
  5
192D
330
1F
100
AcDbEntity
  8
0
 62
     0
100
AcDbCircle
 10
258.7195252987235
 20
4587.195771067285
 30
0.0
 40
0.75
  0
CIRCLE
  5
192E
330
1F
100
AcDbEntity
  8
0
 62
     0
100
AcDbCircle
 10
252.1080008154463
 20
4587.195771067285
 30
0.0
 40
0.75
  0
CIRCLE
  5
192F
330
1F
100
AcDbEntity
  8
0
 62
     0
100
AcDbCircle
 10
245.4964763321692
 20
4587.195771067285
 30
0.0
 40
0.75
  0
CIRCLE
  5
1930
330
1F
100
AcDbEntity
  8
0
 62
     0
100
AcDbCircle
 10
238.884951848892
 20
4587.195771067285
 30
0.0
 40
0.75
  0
CIRCLE
  5
1931
330
1F
100
AcDbEntity
  8
0
 62
     0
100
AcDbCircle
 10
232.2734273656149
 20
4587.195771067285
 30
0.0
 40
0.75
  0
CIRCLE
  5
1932
330
1F
100
AcDbEntity
  8
0
 62
     0
100
AcDbCircle
 10
225.6620894423004
 20
4587.168965522081
 30
0.0
 40
0.75
  0
CIRCLE
  5
1933
330
1F
100
AcDbEntity
  8
0
 62
     0
100
AcDbCircle
 10
219.1516432218531
 20
4586.037325235249
 30
0.0
 40
0.75
  0
CIRCLE
  5
1934
330
1F
100
AcDbEntity
  8
0
 62
     0
100
AcDbCircle
 10
213.0240001119371
 20
4583.563763098243
 30
0.0
 40
0.75
  0
CIRCLE
  5
1935
330
1F
100
AcDbEntity
  8
0
 62
     0
100
AcDbCircle
 10
207.552420115453
 20
4579.858586709701
 30
0.0
 40
0.75
  0
CIRCLE
  5
1936
330
1F
100
AcDbEntity
  8
0
 62
     0
100
AcDbCircle
 10
202.980906340757
 20
4575.087027055263
 30
0.0
 40
0.75
  0
CIRCLE
  5
1937
330
1F
100
AcDbEntity
  8
0
 62
     0
100
AcDbCircle
 10
199.5133237723016
 20
4569.461870092203
 30
0.0
 40
0.75
  0
CIRCLE
  5
1938
330
1F
100
AcDbEntity
  8
0
 62
     0
100
AcDbCircle
 10
197.3043079862327
 20
4563.233967637522
 30
0.0
 40
0.7500000000000002
  0
CIRCLE
  5
1939
330
1F
100
AcDbEntity
  8
0
 62
     0
100
AcDbCircle
 10
196.452369233438
 20
4556.681050722924
 30
0.0
 40
0.75
  0
CIRCLE
  5
195E
330
1F
100
AcDbEntity
  8
0
 62
     0
100
AcDbCircle
 10
196.4857053524114
 20
4549.463551871189
 30
0.0
 40
0.75
  0
CIRCLE
  5
195F
330
1F
100
AcDbEntity
  8
0
 62
     0
100
AcDbCircle
 10
196.4857053524114
 20
4542.852027387914
 30
0.0
 40
0.75
  0
CIRCLE
  5
1960
330
1F
100
AcDbEntity
  8
0
 62
     0
100
AcDbCircle
 10
196.4857053524114
 20
4536.240502904637
 30
0.0
 40
0.75
  0
CIRCLE
  5
1961
330
1F
100
AcDbEntity
  8
0
 62
     0
100
AcDbCircle
 10
196.4857053524114
 20
4529.628978421359
 30
0.0
 40
0.75
  0
CIRCLE
  5
1962
330
1F
100
AcDbEntity
  8
0
 62
     0
100
AcDbCircle
 10
196.4857053524114
 20
4523.017453938082
 30
0.0
 40
0.75
  0
CIRCLE
  5
1963
330
1F
100
AcDbEntity
  8
0
 62
     0
100
AcDbCircle
 10
196.4857053524114
 20
4516.405929454806
 30
0.0
 40
0.75
  0
CIRCLE
  5
1964
330
1F
100
AcDbEntity
  8
0
 62
     0
100
AcDbCircle
 10
196.4857053524114
 20
4509.794404971528
 30
0.0
 40
0.75
  0
CIRCLE
  5
1965
330
1F
100
AcDbEntity
  8
0
 62
     0
100
AcDbCircle
 10
196.4857053524114
 20
4503.18288048825
 30
0.0
 40
0.75
  0
CIRCLE
  5
1966
330
1F
100
AcDbEntity
  8
0
 62
     0
100
AcDbCircle
 10
196.4857053524114
 20
4496.571356004973
 30
0.0
 40
0.75
  0
CIRCLE
  5
1967
330
1F
100
AcDbEntity
  8
0
 62
     0
100
AcDbCircle
 10
196.4857053524114
 20
4489.959831521697
 30
0.0
 40
0.75
  0
CIRCLE
  5
1968
330
1F
100
AcDbEntity
  8
0
 62
     0
100
AcDbCircle
 10
196.4857053524114
 20
4483.348307038419
 30
0.0
 40
0.75
  0
CIRCLE
  5
1969
330
1F
100
AcDbEntity
  8
0
 62
     0
100
AcDbCircle
 10
196.4857053524114
 20
4476.736782555143
 30
0.0
 40
0.75
  0
CIRCLE
  5
196A
330
1F
100
AcDbEntity
  8
0
 62
     0
100
AcDbCircle
 10
196.4857053524114
 20
4470.125258071866
 30
0.0
 40
0.75
  0
CIRCLE
  5
196B
330
1F
100
AcDbEntity
  8
0
 62
     0
100
AcDbCircle
 10
196.4857053524114
 20
4463.513733588588
 30
0.0
 40
0.75
  0
CIRCLE
  5
196C
330
1F
100
AcDbEntity
  8
0
 62
     0
100
AcDbCircle
 10
196.4857053524114
 20
4456.902209105311
 30
0.0
 40
0.75
  0
CIRCLE
  5
196D
330
1F
100
AcDbEntity
  8
0
 62
     0
100
AcDbCircle
 10
196.4857053524114
 20
4450.290684622034
 30
0.0
 40
0.75
  0
CIRCLE
  5
196E
330
1F
100
AcDbEntity
  8
0
 62
     0
100
AcDbCircle
 10
196.4857053524114
 20
4443.679160138755
 30
0.0
 40
0.75
  0
CIRCLE
  5
196F
330
1F
100
AcDbEntity
  8
0
 62
     0
100
AcDbCircle
 10
196.4857053524114
 20
4437.06763565548
 30
0.0
 40
0.75
  0
CIRCLE
  5
1970
330
1F
100
AcDbEntity
  8
0
 62
     0
100
AcDbCircle
 10
196.4857053524114
 20
4430.456111172202
 30
0.0
 40
0.75
  0
CIRCLE
  5
1971
330
1F
100
AcDbEntity
  8
0
 62
     0
100
AcDbCircle
 10
196.4857053524114
 20
4423.844586688924
 30
0.0
 40
0.75
  0
CIRCLE
  5
1972
330
1F
100
AcDbEntity
  8
0
 62
     0
100
AcDbCircle
 10
196.4857053524114
 20
4417.233062205649
 30
0.0
 40
0.75
  0
CIRCLE
  5
1973
330
1F
100
AcDbEntity
  8
0
 62
     0
100
AcDbCircle
 10
196.4857053524114
 20
4410.621537722372
 30
0.0
 40
0.75
  0
CIRCLE
  5
1974
330
1F
100
AcDbEntity
  8
0
 62
     0
100
AcDbCircle
 10
196.4857053524114
 20
4404.010013239094
 30
0.0
 40
0.75
  0
CIRCLE
  5
1975
330
1F
100
AcDbEntity
  8
0
 62
     0
100
AcDbCircle
 10
196.4857053524114
 20
4397.398488755817
 30
0.0
 40
0.75
  0
CIRCLE
  5
1976
330
1F
100
AcDbEntity
  8
0
 62
     0
100
AcDbCircle
 10
196.4857053524114
 20
4390.78696427254
 30
0.0
 40
0.75
  0
CIRCLE
  5
1977
330
1F
100
AcDbEntity
  8
0
 62
     0
100
AcDbCircle
 10
196.4857053524114
 20
4384.175439789262
 30
0.0
 40
0.75
  0
CIRCLE
  5
1978
330
1F
100
AcDbEntity
  8
0
 62
     0
100
AcDbCircle
 10
196.4857053524114
 20
4377.563915305985
 30
0.0
 40
0.75
  0
CIRCLE
  5
1979
330
1F
100
AcDbEntity
  8
0
 62
     0
100
AcDbCircle
 10
196.4857053524114
 20
4370.952390822708
 30
0.0
 40
0.75
  0
CIRCLE
  5
197A
330
1F
100
AcDbEntity
  8
0
 62
     0
100
AcDbCircle
 10
196.4857053524114
 20
4364.340866339431
 30
0.0
 40
0.75
  0
CIRCLE
  5
197B
330
1F
100
AcDbEntity
  8
0
 62
     0
100
AcDbCircle
 10
196.4857053524114
 20
4357.729341856154
 30
0.0
 40
0.75
  0
CIRCLE
  5
197C
330
1F
100
AcDbEntity
  8
0
 62
     0
100
AcDbCircle
 10
196.4857053524114
 20
4351.117817372876
 30
0.0
 40
0.75
  0
CIRCLE
  5
197D
330
1F
100
AcDbEntity
  8
0
 62
     0
100
AcDbCircle
 10
196.4857053524114
 20
4344.506292889597
 30
0.0
 40
0.75
  0
CIRCLE
  5
197E
330
1F
100
AcDbEntity
  8
0
 62
     0
100
AcDbCircle
 10
196.4857053524114
 20
4337.894768406322
 30
0.0
 40
0.75
  0
CIRCLE
  5
197F
330
1F
100
AcDbEntity
  8
0
 62
     0
100
AcDbCircle
 10
196.4857053524114
 20
4331.283243923045
 30
0.0
 40
0.75
  0
CIRCLE
  5
1980
330
1F
100
AcDbEntity
  8
0
 62
     0
100
AcDbCircle
 10
196.4857053524114
 20
4324.671719439769
 30
0.0
 40
0.75
  0
CIRCLE
  5
1981
330
1F
100
AcDbEntity
  8
0
 62
     0
100
AcDbCircle
 10
196.4857053524114
 20
4318.06019495649
 30
0.0
 40
0.75
  0
CIRCLE
  5
1982
330
1F
100
AcDbEntity
  8
0
 62
     0
100
AcDbCircle
 10
196.4857053524114
 20
4311.448670473214
 30
0.0
 40
0.75
  0
CIRCLE
  5
1983
330
1F
100
AcDbEntity
  8
0
 62
     0
100
AcDbCircle
 10
196.4857053524114
 20
4304.837145989937
 30
0.0
 40
0.75
  0
CIRCLE
  5
1984
330
1F
100
AcDbEntity
  8
0
 62
     0
100
AcDbCircle
 10
196.4857053524114
 20
4298.225621506657
 30
0.0
 40
0.75
  0
CIRCLE
  5
1985
330
1F
100
AcDbEntity
  8
0
 62
     0
100
AcDbCircle
 10
196.4857053524114
 20
4291.614097023383
 30
0.0
 40
0.75
  0
CIRCLE
  5
1986
330
1F
100
AcDbEntity
  8
0
 62
     0
100
AcDbCircle
 10
196.4857053524114
 20
4285.002572540103
 30
0.0
 40
0.75
  0
CIRCLE
  5
1987
330
1F
100
AcDbEntity
  8
0
 62
     0
100
AcDbCircle
 10
196.4857053524114
 20
4278.391048056828
 30
0.0
 40
0.75
  0
CIRCLE
  5
1988
330
1F
100
AcDbEntity
  8
0
 62
     0
100
AcDbCircle
 10
196.4857053524114
 20
4271.779523573552
 30
0.0
 40
0.75
  0
CIRCLE
  5
1989
330
1F
100
AcDbEntity
  8
0
 62
     0
100
AcDbCircle
 10
196.4857053524114
 20
4265.167999090274
 30
0.0
 40
0.75
  0
CIRCLE
  5
198A
330
1F
100
AcDbEntity
  8
0
 62
     0
100
AcDbCircle
 10
196.4857053524114
 20
4258.556474606995
 30
0.0
 40
0.75
  0
CIRCLE
  5
198B
330
1F
100
AcDbEntity
  8
0
 62
     0
100
AcDbCircle
 10
196.4857053524114
 20
4251.94495012372
 30
0.0
 40
0.75
  0
CIRCLE
  5
198C
330
1F
100
AcDbEntity
  8
0
 62
     0
100
AcDbCircle
 10
196.4857053524114
 20
4245.333425640442
 30
0.0
 40
0.75
  0
CIRCLE
  5
198D
330
1F
100
AcDbEntity
  8
0
 62
     0
100
AcDbCircle
 10
196.4857053524114
 20
4238.721901157165
 30
0.0
 40
0.75
  0
CIRCLE
  5
198E
330
1F
100
AcDbEntity
  8
0
 62
     0
100
AcDbCircle
 10
196.4857053524114
 20
4232.110376673889
 30
0.0
 40
0.75
  0
CIRCLE
  5
198F
330
1F
100
AcDbEntity
  8
0
 62
     0
100
AcDbCircle
 10
196.4857053524114
 20
4225.49885219061
 30
0.0
 40
0.75
  0
CIRCLE
  5
1990
330
1F
100
AcDbEntity
  8
0
 62
     0
100
AcDbCircle
 10
196.4857053524114
 20
4218.887327707334
 30
0.0
 40
0.75
  0
CIRCLE
  5
1991
330
1F
100
AcDbEntity
  8
0
 62
     0
100
AcDbCircle
 10
196.4857053524114
 20
4212.275803224057
 30
0.0
 40
0.75
  0
CIRCLE
  5
1992
330
1F
100
AcDbEntity
  8
0
 62
     0
100
AcDbCircle
 10
196.4857053524114
 20
4205.664278740779
 30
0.0
 40
0.75
  0
CIRCLE
  5
1993
330
1F
100
AcDbEntity
  8
0
 62
     0
100
AcDbCircle
 10
196.4857053524114
 20
4199.052754257503
 30
0.0
 40
0.75
  0
CIRCLE
  5
1994
330
1F
100
AcDbEntity
  8
0
 62
     0
100
AcDbCircle
 10
196.4857053524114
 20
4192.441229774225
 30
0.0
 40
0.75
  0
CIRCLE
  5
1995
330
1F
100
AcDbEntity
  8
0
 62
     0
100
AcDbCircle
 10
196.4857053524114
 20
4185.829705290948
 30
0.0
 40
0.75
  0
CIRCLE
  5
1996
330
1F
100
AcDbEntity
  8
0
 62
     0
100
AcDbCircle
 10
196.4857053524114
 20
4179.218180807671
 30
0.0
 40
0.75
  0
CIRCLE
  5
1997
330
1F
100
AcDbEntity
  8
0
 62
     0
100
AcDbCircle
 10
196.4857053524114
 20
4172.606656324393
 30
0.0
 40
0.75
  0
CIRCLE
  5
1998
330
1F
100
AcDbEntity
  8
0
 62
     0
100
AcDbCircle
 10
196.4857053524114
 20
4165.995131841117
 30
0.0
 40
0.75
  0
CIRCLE
  5
19A2
330
1F
100
AcDbEntity
  8
0
 62
     0
100
AcDbCircle
 10
242.1254795248446
 20
4132.107046393119
 30
0.0
 40
0.75
  0
CIRCLE
  5
19A3
330
1F
100
AcDbEntity
  8
0
 62
     0
100
AcDbCircle
 10
250.1326524460002
 20
4132.107046393119
 30
0.0
 40
0.75
  0
CIRCLE
  5
19A4
330
1F
100
AcDbEntity
  8
0
 62
     0
100
AcDbCircle
 10
256.0985284913989
 20
4132.107046393119
 30
0.0
 40
0.75
  0
CIRCLE
  5
19A5
330
1F
100
AcDbEntity
  8
0
 62
     0
100
AcDbCircle
 10
262.7100529746761
 20
4132.107046393119
 30
0.0
 40
0.75
  0
CIRCLE
  5
19A6
330
1F
100
AcDbEntity
  8
0
 62
     0
100
AcDbCircle
 10
269.3215774579532
 20
4132.107046393119
 30
0.0
 40
0.75
  0
CIRCLE
  5
19A7
330
1F
100
AcDbEntity
  8
0
 62
     0
100
AcDbCircle
 10
275.9331019412304
 20
4132.107046393119
 30
0.0
 40
0.75
  0
CIRCLE
  5
19A8
330
1F
100
AcDbEntity
  8
0
 62
     0
100
AcDbCircle
 10
282.5446264245075
 20
4132.107046393119
 30
0.0
 40
0.75
  0
CIRCLE
  5
19A9
330
1F
100
AcDbEntity
  8
0
 62
     0
100
AcDbCircle
 10
289.1561509077846
 20
4132.107046393119
 30
0.0
 40
0.75
  0
CIRCLE
  5
19AA
330
1F
100
AcDbEntity
  8
0
 62
     0
100
AcDbCircle
 10
295.7676753910618
 20
4132.107046393119
 30
0.0
 40
0.75
  0
CIRCLE
  5
19AB
330
1F
100
AcDbEntity
  8
0
 62
     0
100
AcDbCircle
 10
302.3791998743391
 20
4132.107046393119
 30
0.0
 40
0.75
  0
CIRCLE
  5
19AC
330
1F
100
AcDbEntity
  8
0
 62
     0
100
AcDbCircle
 10
308.9907243576163
 20
4132.107046393119
 30
0.0
 40
0.75
  0
CIRCLE
  5
19AD
330
1F
100
AcDbEntity
  8
0
 62
     0
100
AcDbCircle
 10
315.6022488408932
 20
4132.107046393119
 30
0.0
 40
0.75
  0
CIRCLE
  5
19AE
330
1F
100
AcDbEntity
  8
0
 62
     0
100
AcDbCircle
 10
322.2137733241705
 20
4132.107046393119
 30
0.0
 40
0.75
  0
CIRCLE
  5
19AF
330
1F
100
AcDbEntity
  8
0
 62
     0
100
AcDbCircle
 10
328.8252978074477
 20
4132.107046393119
 30
0.0
 40
0.75
  0
CIRCLE
  5
19B0
330
1F
100
AcDbEntity
  8
0
 62
     0
100
AcDbCircle
 10
335.4368222907249
 20
4132.107046393119
 30
0.0
 40
0.75
  0
CIRCLE
  5
19B1
330
1F
100
AcDbEntity
  8
0
 62
     0
100
AcDbCircle
 10
344.0765665021112
 20
4132.107046393119
 30
0.0
 40
0.75
  0
CIRCLE
  5
19B2
330
1F
100
AcDbEntity
  8
0
 62
     0
100
AcDbCircle
 10
350.6688380770733
 20
4132.107046393119
 30
0.0
 40
0.75
  0
CIRCLE
  5
19B7
330
1F
100
AcDbEntity
  8
0
 62
     0
100
AcDbCircle
 10
380.9674936736649
 20
4587.195771067285
 30
0.0
 40
0.75
  0
CIRCLE
  5
19B8
330
1F
100
AcDbEntity
  8
0
 62
     0
100
AcDbCircle
 10
387.5790181569422
 20
4587.195771067285
 30
0.0
 40
0.75
  0
CIRCLE
  5
19B9
330
1F
100
AcDbEntity
  8
0
 62
     0
100
AcDbCircle
 10
394.1905426402192
 20
4587.195771067285
 30
0.0
 40
0.75
  0
CIRCLE
  5
19BA
330
1F
100
AcDbEntity
  8
0
 62
     0
100
AcDbCircle
 10
400.8020671234963
 20
4587.195771067285
 30
0.0
 40
0.75
  0
CIRCLE
  5
19BB
330
1F
100
AcDbEntity
  8
0
 62
     0
100
AcDbCircle
 10
407.4135916067732
 20
4587.195771067285
 30
0.0
 40
0.75
  0
CIRCLE
  5
19BC
330
1F
100
AcDbEntity
  8
0
 62
     0
100
AcDbCircle
 10
414.0251160900507
 20
4587.195771067285
 30
0.0
 40
0.75
  0
CIRCLE
  5
19BD
330
1F
100
AcDbEntity
  8
0
 62
     0
100
AcDbCircle
 10
420.6366405733278
 20
4587.195771067285
 30
0.0
 40
0.75
  0
CIRCLE
  5
19BE
330
1F
100
AcDbEntity
  8
0
 62
     0
100
AcDbCircle
 10
427.2481650566048
 20
4587.195771067285
 30
0.0
 40
0.75
  0
CIRCLE
  5
19BF
330
1F
100
AcDbEntity
  8
0
 62
     0
100
AcDbCircle
 10
433.8596895398818
 20
4587.195771067285
 30
0.0
 40
0.75
  0
CIRCLE
  5
19C0
330
1F
100
AcDbEntity
  8
0
 62
     0
100
AcDbCircle
 10
440.4712140231593
 20
4587.195771067285
 30
0.0
 40
0.75
  0
CIRCLE
  5
19C1
330
1F
100
AcDbEntity
  8
0
 62
     0
100
AcDbCircle
 10
447.0827385064364
 20
4587.195771067285
 30
0.0
 40
0.75
  0
CIRCLE
  5
19C2
330
1F
100
AcDbEntity
  8
0
 62
     0
100
AcDbCircle
 10
453.6942629897136
 20
4587.195771067285
 30
0.0
 40
0.75
  0
CIRCLE
  5
19C3
330
1F
100
AcDbEntity
  8
0
 62
     0
100
AcDbCircle
 10
460.3057874729906
 20
4587.195771067285
 30
0.0
 40
0.75
  0
CIRCLE
  5
19C4
330
1F
100
AcDbEntity
  8
0
 62
     0
100
AcDbCircle
 10
466.9173119562677
 20
4587.195771067285
 30
0.0
 40
0.75
  0
CIRCLE
  5
19C5
330
1F
100
AcDbEntity
  8
0
 62
     0
100
AcDbCircle
 10
473.528836439545
 20
4587.195771067285
 30
0.0
 40
0.75
  0
CIRCLE
  5
19C6
330
1F
100
AcDbEntity
  8
0
 62
     0
100
AcDbCircle
 10
480.1403609228222
 20
4587.195771067285
 30
0.0
 40
0.75
  0
CIRCLE
  5
19C7
330
1F
100
AcDbEntity
  8
0
 62
     0
100
AcDbCircle
 10
486.7518854060993
 20
4587.195771067285
 30
0.0
 40
0.75
  0
CIRCLE
  5
19C8
330
1F
100
AcDbEntity
  8
0
 62
     0
100
AcDbCircle
 10
493.3634098893763
 20
4587.195771067285
 30
0.0
 40
0.75
  0
CIRCLE
  5
19C9
330
1F
100
AcDbEntity
  8
0
 62
     0
100
AcDbCircle
 10
499.9749343726533
 20
4587.195771067285
 30
0.0
 40
0.75
  0
CIRCLE
  5
19CA
330
1F
100
AcDbEntity
  8
0
 62
     0
100
AcDbCircle
 10
506.5864588559308
 20
4587.195771067285
 30
0.0
 40
0.75
  0
CIRCLE
  5
19CB
330
1F
100
AcDbEntity
  8
0
 62
     0
100
AcDbCircle
 10
513.1979833392079
 20
4587.195771067285
 30
0.0
 40
0.75
  0
CIRCLE
  5
19CC
330
1F
100
AcDbEntity
  8
0
 62
     0
100
AcDbCircle
 10
519.8093212625223
 20
4587.168965522081
 30
0.0
 40
0.75
  0
CIRCLE
  5
19CD
330
1F
100
AcDbEntity
  8
0
 62
     0
100
AcDbCircle
 10
526.3197674829696
 20
4586.037325235249
 30
0.0
 40
0.75
  0
CIRCLE
  5
19CE
330
1F
100
AcDbEntity
  8
0
 62
     0
100
AcDbCircle
 10
532.4474105928857
 20
4583.563763098243
 30
0.0
 40
0.75
  0
CIRCLE
  5
19CF
330
1F
100
AcDbEntity
  8
0
 62
     0
100
AcDbCircle
 10
537.9189905893696
 20
4579.858586709701
 30
0.0
 40
0.75
  0
CIRCLE
  5
19D0
330
1F
100
AcDbEntity
  8
0
 62
     0
100
AcDbCircle
 10
542.4905043640658
 20
4575.087027055263
 30
0.0
 40
0.75
  0
CIRCLE
  5
19D1
330
1F
100
AcDbEntity
  8
0
 62
     0
100
AcDbCircle
 10
545.9580869325211
 20
4569.461870092203
 30
0.0
 40
0.75
  0
CIRCLE
  5
19D2
330
1F
100
AcDbEntity
  8
0
 62
     0
100
AcDbCircle
 10
548.1671027185901
 20
4563.233967637522
 30
0.0
 40
0.7500000000000002
  0
CIRCLE
  5
19D3
330
1F
100
AcDbEntity
  8
0
 62
     0
100
AcDbCircle
 10
549.0190414713846
 20
4556.681050722924
 30
0.0
 40
0.75
  0
CIRCLE
  5
19F8
330
1F
100
AcDbEntity
  8
0
 62
     0
100
AcDbCircle
 10
548.9857053524113
 20
4549.463551871189
 30
0.0
 40
0.75
  0
CIRCLE
  5
19F9
330
1F
100
AcDbEntity
  8
0
 62
     0
100
AcDbCircle
 10
548.9857053524113
 20
4542.852027387914
 30
0.0
 40
0.75
  0
CIRCLE
  5
19FA
330
1F
100
AcDbEntity
  8
0
 62
     0
100
AcDbCircle
 10
548.9857053524113
 20
4536.240502904637
 30
0.0
 40
0.75
  0
CIRCLE
  5
19FB
330
1F
100
AcDbEntity
  8
0
 62
     0
100
AcDbCircle
 10
548.9857053524113
 20
4529.628978421359
 30
0.0
 40
0.75
  0
CIRCLE
  5
19FC
330
1F
100
AcDbEntity
  8
0
 62
     0
100
AcDbCircle
 10
548.9857053524113
 20
4523.017453938082
 30
0.0
 40
0.75
  0
CIRCLE
  5
19FD
330
1F
100
AcDbEntity
  8
0
 62
     0
100
AcDbCircle
 10
548.9857053524113
 20
4516.405929454806
 30
0.0
 40
0.75
  0
CIRCLE
  5
19FE
330
1F
100
AcDbEntity
  8
0
 62
     0
100
AcDbCircle
 10
548.9857053524113
 20
4509.794404971528
 30
0.0
 40
0.75
  0
CIRCLE
  5
19FF
330
1F
100
AcDbEntity
  8
0
 62
     0
100
AcDbCircle
 10
548.9857053524113
 20
4503.18288048825
 30
0.0
 40
0.75
  0
CIRCLE
  5
1A00
330
1F
100
AcDbEntity
  8
0
 62
     0
100
AcDbCircle
 10
548.9857053524113
 20
4496.571356004973
 30
0.0
 40
0.75
  0
CIRCLE
  5
1A01
330
1F
100
AcDbEntity
  8
0
 62
     0
100
AcDbCircle
 10
548.9857053524113
 20
4489.959831521697
 30
0.0
 40
0.75
  0
CIRCLE
  5
1A02
330
1F
100
AcDbEntity
  8
0
 62
     0
100
AcDbCircle
 10
548.9857053524113
 20
4483.348307038419
 30
0.0
 40
0.75
  0
CIRCLE
  5
1A03
330
1F
100
AcDbEntity
  8
0
 62
     0
100
AcDbCircle
 10
548.9857053524113
 20
4476.736782555143
 30
0.0
 40
0.75
  0
CIRCLE
  5
1A04
330
1F
100
AcDbEntity
  8
0
 62
     0
100
AcDbCircle
 10
548.9857053524113
 20
4470.125258071866
 30
0.0
 40
0.75
  0
CIRCLE
  5
1A05
330
1F
100
AcDbEntity
  8
0
 62
     0
100
AcDbCircle
 10
548.9857053524113
 20
4463.513733588588
 30
0.0
 40
0.75
  0
CIRCLE
  5
1A06
330
1F
100
AcDbEntity
  8
0
 62
     0
100
AcDbCircle
 10
548.9857053524113
 20
4456.902209105311
 30
0.0
 40
0.75
  0
CIRCLE
  5
1A07
330
1F
100
AcDbEntity
  8
0
 62
     0
100
AcDbCircle
 10
548.9857053524113
 20
4450.290684622034
 30
0.0
 40
0.75
  0
CIRCLE
  5
1A08
330
1F
100
AcDbEntity
  8
0
 62
     0
100
AcDbCircle
 10
548.9857053524113
 20
4443.679160138755
 30
0.0
 40
0.75
  0
CIRCLE
  5
1A09
330
1F
100
AcDbEntity
  8
0
 62
     0
100
AcDbCircle
 10
548.9857053524113
 20
4437.06763565548
 30
0.0
 40
0.75
  0
CIRCLE
  5
1A0A
330
1F
100
AcDbEntity
  8
0
 62
     0
100
AcDbCircle
 10
548.9857053524113
 20
4430.456111172202
 30
0.0
 40
0.75
  0
CIRCLE
  5
1A0B
330
1F
100
AcDbEntity
  8
0
 62
     0
100
AcDbCircle
 10
548.9857053524113
 20
4423.844586688924
 30
0.0
 40
0.75
  0
CIRCLE
  5
1A0C
330
1F
100
AcDbEntity
  8
0
 62
     0
100
AcDbCircle
 10
548.9857053524113
 20
4417.233062205649
 30
0.0
 40
0.75
  0
CIRCLE
  5
1A0D
330
1F
100
AcDbEntity
  8
0
 62
     0
100
AcDbCircle
 10
548.9857053524113
 20
4410.621537722372
 30
0.0
 40
0.75
  0
CIRCLE
  5
1A0E
330
1F
100
AcDbEntity
  8
0
 62
     0
100
AcDbCircle
 10
548.9857053524113
 20
4404.010013239094
 30
0.0
 40
0.75
  0
CIRCLE
  5
1A0F
330
1F
100
AcDbEntity
  8
0
 62
     0
100
AcDbCircle
 10
548.9857053524113
 20
4397.398488755817
 30
0.0
 40
0.75
  0
CIRCLE
  5
1A10
330
1F
100
AcDbEntity
  8
0
 62
     0
100
AcDbCircle
 10
548.9857053524113
 20
4390.78696427254
 30
0.0
 40
0.75
  0
CIRCLE
  5
1A11
330
1F
100
AcDbEntity
  8
0
 62
     0
100
AcDbCircle
 10
548.9857053524113
 20
4384.175439789262
 30
0.0
 40
0.75
  0
CIRCLE
  5
1A12
330
1F
100
AcDbEntity
  8
0
 62
     0
100
AcDbCircle
 10
548.9857053524113
 20
4377.563915305985
 30
0.0
 40
0.75
  0
CIRCLE
  5
1A13
330
1F
100
AcDbEntity
  8
0
 62
     0
100
AcDbCircle
 10
548.9857053524113
 20
4370.952390822708
 30
0.0
 40
0.75
  0
CIRCLE
  5
1A14
330
1F
100
AcDbEntity
  8
0
 62
     0
100
AcDbCircle
 10
548.9857053524113
 20
4364.340866339431
 30
0.0
 40
0.75
  0
CIRCLE
  5
1A15
330
1F
100
AcDbEntity
  8
0
 62
     0
100
AcDbCircle
 10
548.9857053524113
 20
4357.729341856154
 30
0.0
 40
0.75
  0
CIRCLE
  5
1A16
330
1F
100
AcDbEntity
  8
0
 62
     0
100
AcDbCircle
 10
548.9857053524113
 20
4351.117817372876
 30
0.0
 40
0.75
  0
CIRCLE
  5
1A17
330
1F
100
AcDbEntity
  8
0
 62
     0
100
AcDbCircle
 10
548.9857053524113
 20
4344.506292889597
 30
0.0
 40
0.75
  0
CIRCLE
  5
1A18
330
1F
100
AcDbEntity
  8
0
 62
     0
100
AcDbCircle
 10
548.9857053524113
 20
4337.894768406322
 30
0.0
 40
0.75
  0
CIRCLE
  5
1A19
330
1F
100
AcDbEntity
  8
0
 62
     0
100
AcDbCircle
 10
548.9857053524113
 20
4331.283243923045
 30
0.0
 40
0.75
  0
CIRCLE
  5
1A1A
330
1F
100
AcDbEntity
  8
0
 62
     0
100
AcDbCircle
 10
548.9857053524113
 20
4324.671719439769
 30
0.0
 40
0.75
  0
CIRCLE
  5
1A1B
330
1F
100
AcDbEntity
  8
0
 62
     0
100
AcDbCircle
 10
548.9857053524113
 20
4318.06019495649
 30
0.0
 40
0.75
  0
CIRCLE
  5
1A1C
330
1F
100
AcDbEntity
  8
0
 62
     0
100
AcDbCircle
 10
548.9857053524113
 20
4311.448670473214
 30
0.0
 40
0.75
  0
CIRCLE
  5
1A1D
330
1F
100
AcDbEntity
  8
0
 62
     0
100
AcDbCircle
 10
548.9857053524113
 20
4304.837145989937
 30
0.0
 40
0.75
  0
CIRCLE
  5
1A1E
330
1F
100
AcDbEntity
  8
0
 62
     0
100
AcDbCircle
 10
548.9857053524113
 20
4298.225621506657
 30
0.0
 40
0.75
  0
CIRCLE
  5
1A1F
330
1F
100
AcDbEntity
  8
0
 62
     0
100
AcDbCircle
 10
548.9857053524113
 20
4291.614097023383
 30
0.0
 40
0.75
  0
CIRCLE
  5
1A20
330
1F
100
AcDbEntity
  8
0
 62
     0
100
AcDbCircle
 10
548.9857053524113
 20
4285.002572540103
 30
0.0
 40
0.75
  0
CIRCLE
  5
1A21
330
1F
100
AcDbEntity
  8
0
 62
     0
100
AcDbCircle
 10
548.9857053524113
 20
4278.391048056828
 30
0.0
 40
0.75
  0
CIRCLE
  5
1A22
330
1F
100
AcDbEntity
  8
0
 62
     0
100
AcDbCircle
 10
548.9857053524113
 20
4271.779523573552
 30
0.0
 40
0.75
  0
CIRCLE
  5
1A23
330
1F
100
AcDbEntity
  8
0
 62
     0
100
AcDbCircle
 10
548.9857053524113
 20
4265.167999090274
 30
0.0
 40
0.75
  0
CIRCLE
  5
1A24
330
1F
100
AcDbEntity
  8
0
 62
     0
100
AcDbCircle
 10
548.9857053524113
 20
4258.556474606995
 30
0.0
 40
0.75
  0
CIRCLE
  5
1A25
330
1F
100
AcDbEntity
  8
0
 62
     0
100
AcDbCircle
 10
548.9857053524113
 20
4251.94495012372
 30
0.0
 40
0.75
  0
CIRCLE
  5
1A26
330
1F
100
AcDbEntity
  8
0
 62
     0
100
AcDbCircle
 10
548.9857053524113
 20
4245.333425640442
 30
0.0
 40
0.75
  0
CIRCLE
  5
1A27
330
1F
100
AcDbEntity
  8
0
 62
     0
100
AcDbCircle
 10
548.9857053524113
 20
4238.721901157165
 30
0.0
 40
0.75
  0
CIRCLE
  5
1A28
330
1F
100
AcDbEntity
  8
0
 62
     0
100
AcDbCircle
 10
548.9857053524113
 20
4232.110376673889
 30
0.0
 40
0.75
  0
CIRCLE
  5
1A29
330
1F
100
AcDbEntity
  8
0
 62
     0
100
AcDbCircle
 10
548.9857053524113
 20
4225.49885219061
 30
0.0
 40
0.75
  0
CIRCLE
  5
1A2A
330
1F
100
AcDbEntity
  8
0
 62
     0
100
AcDbCircle
 10
548.9857053524113
 20
4218.887327707334
 30
0.0
 40
0.75
  0
CIRCLE
  5
1A2B
330
1F
100
AcDbEntity
  8
0
 62
     0
100
AcDbCircle
 10
548.9857053524113
 20
4212.275803224057
 30
0.0
 40
0.75
  0
CIRCLE
  5
1A2C
330
1F
100
AcDbEntity
  8
0
 62
     0
100
AcDbCircle
 10
548.9857053524113
 20
4205.664278740779
 30
0.0
 40
0.75
  0
CIRCLE
  5
1A2D
330
1F
100
AcDbEntity
  8
0
 62
     0
100
AcDbCircle
 10
548.9857053524113
 20
4199.052754257503
 30
0.0
 40
0.75
  0
CIRCLE
  5
1A2E
330
1F
100
AcDbEntity
  8
0
 62
     0
100
AcDbCircle
 10
548.9857053524113
 20
4192.441229774225
 30
0.0
 40
0.75
  0
CIRCLE
  5
1A2F
330
1F
100
AcDbEntity
  8
0
 62
     0
100
AcDbCircle
 10
548.9857053524113
 20
4185.829705290948
 30
0.0
 40
0.75
  0
CIRCLE
  5
1A30
330
1F
100
AcDbEntity
  8
0
 62
     0
100
AcDbCircle
 10
548.9857053524113
 20
4179.218180807671
 30
0.0
 40
0.75
  0
CIRCLE
  5
1A31
330
1F
100
AcDbEntity
  8
0
 62
     0
100
AcDbCircle
 10
548.9857053524113
 20
4172.606656324393
 30
0.0
 40
0.75
  0
CIRCLE
  5
1A32
330
1F
100
AcDbEntity
  8
0
 62
     0
100
AcDbCircle
 10
548.9857053524113
 20
4165.995131841117
 30
0.0
 40
0.75
  0
CIRCLE
  5
1A39
330
1F
100
AcDbEntity
  8
0
 62
     0
100
AcDbCircle
 10
523.161704330771
 20
4132.539092372914
 30
0.0
 40
0.75
  0
CIRCLE
  5
1A3A
330
1F
100
AcDbEntity
  8
0
 62
     0
100
AcDbCircle
 10
514.6924635721143
 20
4132.086823045681
 30
0.0
 40
0.75
  0
CIRCLE
  5
1A3B
330
1F
100
AcDbEntity
  8
0
 62
     0
100
AcDbCircle
 10
508.8307843720952
 20
4132.107046393119
 30
0.0
 40
0.75
  0
CIRCLE
  5
1A3C
330
1F
100
AcDbEntity
  8
0
 62
     0
100
AcDbCircle
 10
502.219259888818
 20
4132.107046393119
 30
0.0
 40
0.75
  0
CIRCLE
  5
1A3D
330
1F
100
AcDbEntity
  8
0
 62
     0
100
AcDbCircle
 10
495.6077354055408
 20
4132.107046393119
 30
0.0
 40
0.75
  0
CIRCLE
  5
1A3E
330
1F
100
AcDbEntity
  8
0
 62
     0
100
AcDbCircle
 10
488.9962109222635
 20
4132.107046393119
 30
0.0
 40
0.75
  0
CIRCLE
  5
1A3F
330
1F
100
AcDbEntity
  8
0
 62
     0
100
AcDbCircle
 10
482.3846864389865
 20
4132.107046393119
 30
0.0
 40
0.75
  0
CIRCLE
  5
1A40
330
1F
100
AcDbEntity
  8
0
 62
     0
100
AcDbCircle
 10
475.7731619557094
 20
4132.107046393119
 30
0.0
 40
0.75
  0
CIRCLE
  5
1A41
330
1F
100
AcDbEntity
  8
0
 62
     0
100
AcDbCircle
 10
469.1616374724323
 20
4132.107046393119
 30
0.0
 40
0.75
  0
CIRCLE
  5
1A42
330
1F
100
AcDbEntity
  8
0
 62
     0
100
AcDbCircle
 10
462.5501129891548
 20
4132.107046393119
 30
0.0
 40
0.75
  0
CIRCLE
  5
1A43
330
1F
100
AcDbEntity
  8
0
 62
     0
100
AcDbCircle
 10
455.9385885058778
 20
4132.107046393119
 30
0.0
 40
0.75
  0
CIRCLE
  5
1A44
330
1F
100
AcDbEntity
  8
0
 62
     0
100
AcDbCircle
 10
449.3270640226008
 20
4132.107046393119
 30
0.0
 40
0.75
  0
CIRCLE
  5
1A45
330
1F
100
AcDbEntity
  8
0
 62
     0
100
AcDbCircle
 10
442.7155395393235
 20
4132.107046393119
 30
0.0
 40
0.75
  0
CIRCLE
  5
1A46
330
1F
100
AcDbEntity
  8
0
 62
     0
100
AcDbCircle
 10
436.1040150560461
 20
4132.107046393119
 30
0.0
 40
0.75
  0
CIRCLE
  5
1A47
330
1F
100
AcDbEntity
  8
0
 62
     0
100
AcDbCircle
 10
429.4924905727693
 20
4132.107046393119
 30
0.0
 40
0.75
  0
CIRCLE
  5
1A48
330
1F
100
AcDbEntity
  8
0
 62
     0
100
AcDbCircle
 10
422.8809660894921
 20
4132.107046393119
 30
0.0
 40
0.75
  0
CIRCLE
  5
1A49
330
1F
100
AcDbEntity
  8
0
 62
     0
100
AcDbCircle
 10
415.9535788162028
 20
4132.107046393119
 30
0.0
 40
0.75
  0
CIRCLE
  5
1B2E
330
1F
100
AcDbEntity
  8
0
 62
     0
100
AcDbCircle
 10
916.0635920920306
 20
4554.363671598695
 30
0.0
 40
0.75
  0
CIRCLE
  5
1B2F
330
1F
100
AcDbEntity
  8
0
 62
     0
100
AcDbCircle
 10
916.0969282110041
 20
4547.749778819105
 30
0.0
 40
0.75
  0
CIRCLE
  5
1B54
330
1F
100
AcDbEntity
  8
0
 62
     0
100
AcDbCircle
 10
916.0969282110041
 20
4540.534648263683
 30
0.0
 40
0.75
  0
CIRCLE
  5
1B55
330
1F
100
AcDbEntity
  8
0
 62
     0
100
AcDbCircle
 10
916.0969282110041
 20
4533.923123780406
 30
0.0
 40
0.75
  0
CIRCLE
  5
1B56
330
1F
100
AcDbEntity
  8
0
 62
     0
100
AcDbCircle
 10
916.0969282110041
 20
4527.31159929713
 30
0.0
 40
0.75
  0
CIRCLE
  5
1B57
330
1F
100
AcDbEntity
  8
0
 62
     0
100
AcDbCircle
 10
916.0969282110041
 20
4520.700074813849
 30
0.0
 40
0.75
  0
CIRCLE
  5
1B58
330
1F
100
AcDbEntity
  8
0
 62
     0
100
AcDbCircle
 10
916.0969282110041
 20
4514.088550330575
 30
0.0
 40
0.75
  0
CIRCLE
  5
1B59
330
1F
100
AcDbEntity
  8
0
 62
     0
100
AcDbCircle
 10
916.0969282110041
 20
4507.477025847298
 30
0.0
 40
0.75
  0
CIRCLE
  5
1B5A
330
1F
100
AcDbEntity
  8
0
 62
     0
100
AcDbCircle
 10
916.0969282110041
 20
4500.86550136402
 30
0.0
 40
0.75
  0
CIRCLE
  5
1B5B
330
1F
100
AcDbEntity
  8
0
 62
     0
100
AcDbCircle
 10
916.0969282110041
 20
4494.253976880743
 30
0.0
 40
0.75
  0
CIRCLE
  5
1B5C
330
1F
100
AcDbEntity
  8
0
 62
     0
100
AcDbCircle
 10
916.0969282110041
 20
4487.642452397465
 30
0.0
 40
0.75
  0
CIRCLE
  5
1B5D
330
1F
100
AcDbEntity
  8
0
 62
     0
100
AcDbCircle
 10
916.0969282110041
 20
4481.030927914188
 30
0.0
 40
0.75
  0
CIRCLE
  5
1B5E
330
1F
100
AcDbEntity
  8
0
 62
     0
100
AcDbCircle
 10
916.0969282110041
 20
4474.419403430912
 30
0.0
 40
0.75
  0
CIRCLE
  5
1B5F
330
1F
100
AcDbEntity
  8
0
 62
     0
100
AcDbCircle
 10
916.0969282110041
 20
4467.807878947635
 30
0.0
 40
0.75
  0
CIRCLE
  5
1B60
330
1F
100
AcDbEntity
  8
0
 62
     0
100
AcDbCircle
 10
916.0969282110041
 20
4461.196354464358
 30
0.0
 40
0.75
  0
CIRCLE
  5
1B61
330
1F
100
AcDbEntity
  8
0
 62
     0
100
AcDbCircle
 10
916.0969282110041
 20
4454.584829981079
 30
0.0
 40
0.75
  0
CIRCLE
  5
1B62
330
1F
100
AcDbEntity
  8
0
 62
     0
100
AcDbCircle
 10
916.0969282110041
 20
4447.973305497803
 30
0.0
 40
0.75
  0
CIRCLE
  5
1B63
330
1F
100
AcDbEntity
  8
0
 62
     0
100
AcDbCircle
 10
916.0969282110041
 20
4441.361781014526
 30
0.0
 40
0.75
  0
CIRCLE
  5
1B64
330
1F
100
AcDbEntity
  8
0
 62
     0
100
AcDbCircle
 10
916.0969282110041
 20
4434.750256531247
 30
0.0
 40
0.75
  0
CIRCLE
  5
1B65
330
1F
100
AcDbEntity
  8
0
 62
     0
100
AcDbCircle
 10
916.0969282110041
 20
4428.138732047972
 30
0.0
 40
0.75
  0
CIRCLE
  5
1B66
330
1F
100
AcDbEntity
  8
0
 62
     0
100
AcDbCircle
 10
916.0969282110041
 20
4421.527207564696
 30
0.0
 40
0.75
  0
CIRCLE
  5
1B67
330
1F
100
AcDbEntity
  8
0
 62
     0
100
AcDbCircle
 10
916.0969282110041
 20
4414.915683081418
 30
0.0
 40
0.75
  0
CIRCLE
  5
1B68
330
1F
100
AcDbEntity
  8
0
 62
     0
100
AcDbCircle
 10
916.0969282110041
 20
4408.304158598141
 30
0.0
 40
0.75
  0
CIRCLE
  5
1B69
330
1F
100
AcDbEntity
  8
0
 62
     0
100
AcDbCircle
 10
916.0969282110041
 20
4401.692634114864
 30
0.0
 40
0.75
  0
CIRCLE
  5
1B6A
330
1F
100
AcDbEntity
  8
0
 62
     0
100
AcDbCircle
 10
916.0969282110041
 20
4395.081109631586
 30
0.0
 40
0.75
  0
CIRCLE
  5
1B6B
330
1F
100
AcDbEntity
  8
0
 62
     0
100
AcDbCircle
 10
916.0969282110041
 20
4388.469585148309
 30
0.0
 40
0.75
  0
CIRCLE
  5
1B6C
330
1F
100
AcDbEntity
  8
0
 62
     0
100
AcDbCircle
 10
916.0969282110041
 20
4381.858060665032
 30
0.0
 40
0.75
  0
CIRCLE
  5
1B6D
330
1F
100
AcDbEntity
  8
0
 62
     0
100
AcDbCircle
 10
916.0969282110041
 20
4375.246536181754
 30
0.0
 40
0.75
  0
CIRCLE
  5
1B6E
330
1F
100
AcDbEntity
  8
0
 62
     0
100
AcDbCircle
 10
916.0969282110041
 20
4368.635011698478
 30
0.0
 40
0.75
  0
CIRCLE
  5
1B6F
330
1F
100
AcDbEntity
  8
0
 62
     0
100
AcDbCircle
 10
916.0969282110041
 20
4362.0234872152
 30
0.0
 40
0.75
  0
CIRCLE
  5
1B70
330
1F
100
AcDbEntity
  8
0
 62
     0
100
AcDbCircle
 10
916.0969282110041
 20
4355.411962731923
 30
0.0
 40
0.75
  0
CIRCLE
  5
1B71
330
1F
100
AcDbEntity
  8
0
 62
     0
100
AcDbCircle
 10
916.0969282110041
 20
4348.800438248646
 30
0.0
 40
0.75
  0
CIRCLE
  5
1B72
330
1F
100
AcDbEntity
  8
0
 62
     0
100
AcDbCircle
 10
916.0969282110041
 20
4342.188913765368
 30
0.0
 40
0.75
  0
CIRCLE
  5
1B73
330
1F
100
AcDbEntity
  8
0
 62
     0
100
AcDbCircle
 10
916.0969282110041
 20
4335.577389282092
 30
0.0
 40
0.75
  0
CIRCLE
  5
1B74
330
1F
100
AcDbEntity
  8
0
 62
     0
100
AcDbCircle
 10
916.0969282110041
 20
4328.965864798814
 30
0.0
 40
0.75
  0
CIRCLE
  5
1B75
330
1F
100
AcDbEntity
  8
0
 62
     0
100
AcDbCircle
 10
916.0969282110041
 20
4322.354340315538
 30
0.0
 40
0.75
  0
CIRCLE
  5
1B76
330
1F
100
AcDbEntity
  8
0
 62
     0
100
AcDbCircle
 10
916.0969282110041
 20
4315.742815832261
 30
0.0
 40
0.75
  0
CIRCLE
  5
1B77
330
1F
100
AcDbEntity
  8
0
 62
     0
100
AcDbCircle
 10
916.0969282110041
 20
4309.131291348982
 30
0.0
 40
0.75
  0
CIRCLE
  5
1B78
330
1F
100
AcDbEntity
  8
0
 62
     0
100
AcDbCircle
 10
916.0969282110041
 20
4302.519766865706
 30
0.0
 40
0.75
  0
CIRCLE
  5
1B79
330
1F
100
AcDbEntity
  8
0
 62
     0
100
AcDbCircle
 10
916.0969282110041
 20
4295.908242382429
 30
0.0
 40
0.75
  0
CIRCLE
  5
1B7A
330
1F
100
AcDbEntity
  8
0
 62
     0
100
AcDbCircle
 10
916.0969282110041
 20
4289.296717899151
 30
0.0
 40
0.75
  0
CIRCLE
  5
1B7B
330
1F
100
AcDbEntity
  8
0
 62
     0
100
AcDbCircle
 10
916.0969282110041
 20
4282.685193415875
 30
0.0
 40
0.75
  0
CIRCLE
  5
1B7C
330
1F
100
AcDbEntity
  8
0
 62
     0
100
AcDbCircle
 10
916.0969282110041
 20
4276.073668932599
 30
0.0
 40
0.75
  0
CIRCLE
  5
1B7D
330
1F
100
AcDbEntity
  8
0
 62
     0
100
AcDbCircle
 10
916.0969282110041
 20
4269.46214444932
 30
0.0
 40
0.75
  0
CIRCLE
  5
1B7E
330
1F
100
AcDbEntity
  8
0
 62
     0
100
AcDbCircle
 10
916.0969282110041
 20
4262.850619966044
 30
0.0
 40
0.75
  0
CIRCLE
  5
1B7F
330
1F
100
AcDbEntity
  8
0
 62
     0
100
AcDbCircle
 10
916.0969282110041
 20
4256.239095482766
 30
0.0
 40
0.75
  0
CIRCLE
  5
1B80
330
1F
100
AcDbEntity
  8
0
 62
     0
100
AcDbCircle
 10
916.0969282110041
 20
4249.627570999488
 30
0.0
 40
0.75
  0
CIRCLE
  5
1B81
330
1F
100
AcDbEntity
  8
0
 62
     0
100
AcDbCircle
 10
916.0969282110041
 20
4243.016046516213
 30
0.0
 40
0.75
  0
CIRCLE
  5
1B82
330
1F
100
AcDbEntity
  8
0
 62
     0
100
AcDbCircle
 10
916.0969282110041
 20
4236.404522032932
 30
0.0
 40
0.75
  0
CIRCLE
  5
1B83
330
1F
100
AcDbEntity
  8
0
 62
     0
100
AcDbCircle
 10
916.0969282110041
 20
4229.792997549657
 30
0.0
 40
0.75
  0
CIRCLE
  5
1B84
330
1F
100
AcDbEntity
  8
0
 62
     0
100
AcDbCircle
 10
916.0969282110041
 20
4223.181473066379
 30
0.0
 40
0.75
  0
CIRCLE
  5
1B85
330
1F
100
AcDbEntity
  8
0
 62
     0
100
AcDbCircle
 10
916.0969282110041
 20
4216.569948583105
 30
0.0
 40
0.75
  0
CIRCLE
  5
1B86
330
1F
100
AcDbEntity
  8
0
 62
     0
100
AcDbCircle
 10
916.0969282110041
 20
4209.958424099824
 30
0.0
 40
0.75
  0
CIRCLE
  5
1B87
330
1F
100
AcDbEntity
  8
0
 62
     0
100
AcDbCircle
 10
916.0969282110041
 20
4203.346899616549
 30
0.0
 40
0.75
  0
CIRCLE
  5
1B88
330
1F
100
AcDbEntity
  8
0
 62
     0
100
AcDbCircle
 10
916.0969282110041
 20
4196.735375133272
 30
0.0
 40
0.75
  0
CIRCLE
  5
1B89
330
1F
100
AcDbEntity
  8
0
 62
     0
100
AcDbCircle
 10
916.0969282110041
 20
4190.123850649995
 30
0.0
 40
0.75
  0
CIRCLE
  5
1B8A
330
1F
100
AcDbEntity
  8
0
 62
     0
100
AcDbCircle
 10
916.0969282110041
 20
4183.512326166717
 30
0.0
 40
0.75
  0
CIRCLE
  5
1B8B
330
1F
100
AcDbEntity
  8
0
 62
     0
100
AcDbCircle
 10
916.0969282110041
 20
4176.90080168344
 30
0.0
 40
0.75
  0
CIRCLE
  5
1B8C
330
1F
100
AcDbEntity
  8
0
 62
     0
100
AcDbCircle
 10
916.0969282110041
 20
4170.289277200163
 30
0.0
 40
0.75
  0
CIRCLE
  5
1B8D
330
1F
100
AcDbEntity
  8
0
 62
     0
100
AcDbCircle
 10
916.0969282110041
 20
4163.677752716886
 30
0.0
 40
0.75
  0
CIRCLE
  5
1B8E
330
1F
100
AcDbEntity
  8
0
 62
     0
100
AcDbCircle
 10
916.3073784872004
 20
4157.073043030549
 30
0.0
 40
0.75
  0
CIRCLE
  5
1BC8
330
1F
100
AcDbEntity
  8
0
 62
     0
100
AcDbCircle
 10
1158.582399954587
 20
4554.363671598695
 30
0.0
 40
0.75
  0
CIRCLE
  5
1BC9
330
1F
100
AcDbEntity
  8
0
 62
     0
100
AcDbCircle
 10
1158.549063835614
 20
4547.749778819105
 30
0.0
 40
0.75
  0
CIRCLE
  5
1BEC
330
1F
100
AcDbEntity
  8
0
 62
     0
100
AcDbCircle
 10
1158.549063835614
 20
4553.757697230238
 30
0.0
 40
0.75
  0
CIRCLE
  5
1BED
330
1F
100
AcDbEntity
  8
0
 62
     0
100
AcDbCircle
 10
1158.549063835614
 20
4547.14617274696
 30
0.0
 40
0.75
  0
CIRCLE
  5
1BEE
330
1F
100
AcDbEntity
  8
0
 62
     0
100
AcDbCircle
 10
1158.549063835614
 20
4540.534648263683
 30
0.0
 40
0.75
  0
CIRCLE
  5
1BEF
330
1F
100
AcDbEntity
  8
0
 62
     0
100
AcDbCircle
 10
1158.549063835614
 20
4533.923123780406
 30
0.0
 40
0.75
  0
CIRCLE
  5
1BF0
330
1F
100
AcDbEntity
  8
0
 62
     0
100
AcDbCircle
 10
1158.549063835614
 20
4527.31159929713
 30
0.0
 40
0.75
  0
CIRCLE
  5
1BF1
330
1F
100
AcDbEntity
  8
0
 62
     0
100
AcDbCircle
 10
1158.549063835614
 20
4520.700074813849
 30
0.0
 40
0.75
  0
CIRCLE
  5
1BF2
330
1F
100
AcDbEntity
  8
0
 62
     0
100
AcDbCircle
 10
1158.549063835614
 20
4514.088550330575
 30
0.0
 40
0.75
  0
CIRCLE
  5
1BF3
330
1F
100
AcDbEntity
  8
0
 62
     0
100
AcDbCircle
 10
1158.549063835614
 20
4507.477025847298
 30
0.0
 40
0.75
  0
CIRCLE
  5
1BF4
330
1F
100
AcDbEntity
  8
0
 62
     0
100
AcDbCircle
 10
1158.549063835614
 20
4500.86550136402
 30
0.0
 40
0.75
  0
CIRCLE
  5
1BF5
330
1F
100
AcDbEntity
  8
0
 62
     0
100
AcDbCircle
 10
1158.549063835614
 20
4494.253976880743
 30
0.0
 40
0.75
  0
CIRCLE
  5
1BF6
330
1F
100
AcDbEntity
  8
0
 62
     0
100
AcDbCircle
 10
1158.549063835614
 20
4487.642452397465
 30
0.0
 40
0.75
  0
CIRCLE
  5
1BF7
330
1F
100
AcDbEntity
  8
0
 62
     0
100
AcDbCircle
 10
1158.549063835614
 20
4481.030927914188
 30
0.0
 40
0.75
  0
CIRCLE
  5
1BF8
330
1F
100
AcDbEntity
  8
0
 62
     0
100
AcDbCircle
 10
1158.549063835614
 20
4474.419403430912
 30
0.0
 40
0.75
  0
CIRCLE
  5
1BF9
330
1F
100
AcDbEntity
  8
0
 62
     0
100
AcDbCircle
 10
1158.549063835614
 20
4467.807878947635
 30
0.0
 40
0.75
  0
CIRCLE
  5
1BFA
330
1F
100
AcDbEntity
  8
0
 62
     0
100
AcDbCircle
 10
1158.549063835614
 20
4461.196354464358
 30
0.0
 40
0.75
  0
CIRCLE
  5
1BFB
330
1F
100
AcDbEntity
  8
0
 62
     0
100
AcDbCircle
 10
1158.549063835614
 20
4454.584829981079
 30
0.0
 40
0.75
  0
CIRCLE
  5
1BFC
330
1F
100
AcDbEntity
  8
0
 62
     0
100
AcDbCircle
 10
1158.549063835614
 20
4447.973305497803
 30
0.0
 40
0.75
  0
CIRCLE
  5
1BFD
330
1F
100
AcDbEntity
  8
0
 62
     0
100
AcDbCircle
 10
1158.549063835614
 20
4441.361781014526
 30
0.0
 40
0.75
  0
CIRCLE
  5
1BFE
330
1F
100
AcDbEntity
  8
0
 62
     0
100
AcDbCircle
 10
1158.549063835614
 20
4434.750256531247
 30
0.0
 40
0.75
  0
CIRCLE
  5
1BFF
330
1F
100
AcDbEntity
  8
0
 62
     0
100
AcDbCircle
 10
1158.549063835614
 20
4428.138732047972
 30
0.0
 40
0.75
  0
CIRCLE
  5
1C00
330
1F
100
AcDbEntity
  8
0
 62
     0
100
AcDbCircle
 10
1158.549063835614
 20
4421.527207564696
 30
0.0
 40
0.75
  0
CIRCLE
  5
1C01
330
1F
100
AcDbEntity
  8
0
 62
     0
100
AcDbCircle
 10
1158.549063835614
 20
4414.915683081418
 30
0.0
 40
0.75
  0
CIRCLE
  5
1C02
330
1F
100
AcDbEntity
  8
0
 62
     0
100
AcDbCircle
 10
1158.549063835614
 20
4408.304158598141
 30
0.0
 40
0.75
  0
CIRCLE
  5
1C03
330
1F
100
AcDbEntity
  8
0
 62
     0
100
AcDbCircle
 10
1158.549063835614
 20
4401.692634114864
 30
0.0
 40
0.75
  0
CIRCLE
  5
1C04
330
1F
100
AcDbEntity
  8
0
 62
     0
100
AcDbCircle
 10
1158.549063835614
 20
4395.081109631586
 30
0.0
 40
0.75
  0
CIRCLE
  5
1C05
330
1F
100
AcDbEntity
  8
0
 62
     0
100
AcDbCircle
 10
1158.549063835614
 20
4388.469585148309
 30
0.0
 40
0.75
  0
CIRCLE
  5
1C06
330
1F
100
AcDbEntity
  8
0
 62
     0
100
AcDbCircle
 10
1158.549063835614
 20
4381.858060665032
 30
0.0
 40
0.75
  0
CIRCLE
  5
1C07
330
1F
100
AcDbEntity
  8
0
 62
     0
100
AcDbCircle
 10
1158.549063835614
 20
4375.246536181754
 30
0.0
 40
0.75
  0
CIRCLE
  5
1C08
330
1F
100
AcDbEntity
  8
0
 62
     0
100
AcDbCircle
 10
1158.549063835614
 20
4368.635011698478
 30
0.0
 40
0.75
  0
CIRCLE
  5
1C09
330
1F
100
AcDbEntity
  8
0
 62
     0
100
AcDbCircle
 10
1158.549063835614
 20
4362.0234872152
 30
0.0
 40
0.75
  0
CIRCLE
  5
1C0A
330
1F
100
AcDbEntity
  8
0
 62
     0
100
AcDbCircle
 10
1158.549063835614
 20
4355.411962731923
 30
0.0
 40
0.75
  0
CIRCLE
  5
1C0B
330
1F
100
AcDbEntity
  8
0
 62
     0
100
AcDbCircle
 10
1158.549063835614
 20
4348.800438248646
 30
0.0
 40
0.75
  0
CIRCLE
  5
1C0C
330
1F
100
AcDbEntity
  8
0
 62
     0
100
AcDbCircle
 10
1158.549063835614
 20
4342.188913765368
 30
0.0
 40
0.75
  0
CIRCLE
  5
1C0D
330
1F
100
AcDbEntity
  8
0
 62
     0
100
AcDbCircle
 10
1158.549063835614
 20
4335.577389282092
 30
0.0
 40
0.75
  0
CIRCLE
  5
1C0E
330
1F
100
AcDbEntity
  8
0
 62
     0
100
AcDbCircle
 10
1158.549063835614
 20
4328.965864798814
 30
0.0
 40
0.75
  0
CIRCLE
  5
1C0F
330
1F
100
AcDbEntity
  8
0
 62
     0
100
AcDbCircle
 10
1158.549063835614
 20
4322.354340315538
 30
0.0
 40
0.75
  0
CIRCLE
  5
1C10
330
1F
100
AcDbEntity
  8
0
 62
     0
100
AcDbCircle
 10
1158.549063835614
 20
4315.742815832261
 30
0.0
 40
0.75
  0
CIRCLE
  5
1C11
330
1F
100
AcDbEntity
  8
0
 62
     0
100
AcDbCircle
 10
1158.549063835614
 20
4309.131291348982
 30
0.0
 40
0.75
  0
CIRCLE
  5
1C12
330
1F
100
AcDbEntity
  8
0
 62
     0
100
AcDbCircle
 10
1158.549063835614
 20
4302.519766865706
 30
0.0
 40
0.75
  0
CIRCLE
  5
1C13
330
1F
100
AcDbEntity
  8
0
 62
     0
100
AcDbCircle
 10
1158.549063835614
 20
4295.908242382429
 30
0.0
 40
0.75
  0
CIRCLE
  5
1C14
330
1F
100
AcDbEntity
  8
0
 62
     0
100
AcDbCircle
 10
1158.549063835614
 20
4289.296717899151
 30
0.0
 40
0.75
  0
CIRCLE
  5
1C15
330
1F
100
AcDbEntity
  8
0
 62
     0
100
AcDbCircle
 10
1158.549063835614
 20
4282.685193415875
 30
0.0
 40
0.75
  0
CIRCLE
  5
1C16
330
1F
100
AcDbEntity
  8
0
 62
     0
100
AcDbCircle
 10
1158.549063835614
 20
4276.073668932599
 30
0.0
 40
0.75
  0
CIRCLE
  5
1C17
330
1F
100
AcDbEntity
  8
0
 62
     0
100
AcDbCircle
 10
1158.549063835614
 20
4269.46214444932
 30
0.0
 40
0.75
  0
CIRCLE
  5
1C18
330
1F
100
AcDbEntity
  8
0
 62
     0
100
AcDbCircle
 10
1158.549063835614
 20
4262.850619966044
 30
0.0
 40
0.75
  0
CIRCLE
  5
1C19
330
1F
100
AcDbEntity
  8
0
 62
     0
100
AcDbCircle
 10
1158.549063835614
 20
4256.239095482766
 30
0.0
 40
0.75
  0
CIRCLE
  5
1C1A
330
1F
100
AcDbEntity
  8
0
 62
     0
100
AcDbCircle
 10
1158.549063835614
 20
4249.627570999488
 30
0.0
 40
0.75
  0
CIRCLE
  5
1C1B
330
1F
100
AcDbEntity
  8
0
 62
     0
100
AcDbCircle
 10
1158.549063835614
 20
4243.016046516213
 30
0.0
 40
0.75
  0
CIRCLE
  5
1C1C
330
1F
100
AcDbEntity
  8
0
 62
     0
100
AcDbCircle
 10
1158.549063835614
 20
4236.404522032932
 30
0.0
 40
0.75
  0
CIRCLE
  5
1C1D
330
1F
100
AcDbEntity
  8
0
 62
     0
100
AcDbCircle
 10
1158.549063835614
 20
4229.792997549657
 30
0.0
 40
0.75
  0
CIRCLE
  5
1C1E
330
1F
100
AcDbEntity
  8
0
 62
     0
100
AcDbCircle
 10
1158.549063835614
 20
4223.181473066379
 30
0.0
 40
0.75
  0
CIRCLE
  5
1C1F
330
1F
100
AcDbEntity
  8
0
 62
     0
100
AcDbCircle
 10
1158.549063835614
 20
4216.569948583105
 30
0.0
 40
0.75
  0
CIRCLE
  5
1C20
330
1F
100
AcDbEntity
  8
0
 62
     0
100
AcDbCircle
 10
1158.549063835614
 20
4209.958424099824
 30
0.0
 40
0.75
  0
CIRCLE
  5
1C21
330
1F
100
AcDbEntity
  8
0
 62
     0
100
AcDbCircle
 10
1158.549063835614
 20
4203.346899616549
 30
0.0
 40
0.75
  0
CIRCLE
  5
1C22
330
1F
100
AcDbEntity
  8
0
 62
     0
100
AcDbCircle
 10
1158.549063835614
 20
4196.735375133272
 30
0.0
 40
0.75
  0
CIRCLE
  5
1C23
330
1F
100
AcDbEntity
  8
0
 62
     0
100
AcDbCircle
 10
1158.549063835614
 20
4190.123850649995
 30
0.0
 40
0.75
  0
CIRCLE
  5
1C24
330
1F
100
AcDbEntity
  8
0
 62
     0
100
AcDbCircle
 10
1158.549063835614
 20
4183.512326166717
 30
0.0
 40
0.75
  0
CIRCLE
  5
1C25
330
1F
100
AcDbEntity
  8
0
 62
     0
100
AcDbCircle
 10
1158.549063835614
 20
4176.90080168344
 30
0.0
 40
0.75
  0
CIRCLE
  5
1C26
330
1F
100
AcDbEntity
  8
0
 62
     0
100
AcDbCircle
 10
1158.549063835614
 20
4170.289277200163
 30
0.0
 40
0.75
  0
CIRCLE
  5
1C27
330
1F
100
AcDbEntity
  8
0
 62
     0
100
AcDbCircle
 10
1158.549063835614
 20
4163.677752716886
 30
0.0
 40
0.75
  0
CIRCLE
  5
1C28
330
1F
100
AcDbEntity
  8
0
 62
     0
100
AcDbCircle
 10
1158.338613559418
 20
4157.073043030549
 30
0.0
 40
0.75
  0
LWPOLYLINE
  5
2400
330
1F
100
AcDbEntity
  8
0
 62
     0
100
AcDbPolyline
 90
        7
 70
     0
 43
0.0
 10
912.346928211004
 20
4553.628391943056
 42
-0.0581851148044738
 10
913.2884842527126
 20
4561.692038459361
 10
1012.319181984307
 20
4561.692038459361
 10
1012.319181984307
 20
4152.976020752583
 10
913.2884842527126
 20
4152.976020752583
 42
-0.0581851148044756
 10
912.346928211004
 20
4161.039667268886
 10
912.346928211004
 20
4555.945771067285
  0
LWPOLYLINE
  5
2402
330
1F
100
AcDbEntity
  8
0
 62
     0
100
AcDbPolyline
 90
        7
 70
     0
 43
0.0
 10
1162.299063835614
 20
4555.945771067285
 10
1162.299063835614
 20
4161.039667268886
 42
-0.053592772826955
 10
1161.499451815949
 20
4153.601020752583
 10
1077.780185532168
 20
4153.601020752583
 10
1077.780185532168
 20
4559.242116201978
 10
1161.850519942537
 20
4559.213808748576
 42
-0.0400885964082947
 10
1162.299063835614
 20
4553.628391943056
  0
LINE
  5
242C
330
1F
100
AcDbEntity
  8
0
 62
     0
100
AcDbLine
 10
769.6810138724267
 20
4637.056075625802
 30
0.0
 11
769.6810138724267
 21
4644.942726812888
 31
0.0
  0
LINE
  5
242D
330
1F
100
AcDbEntity
  8
0
 62
     0
100
AcDbLine
 10
868.8014518160004
 20
4637.056075625802
 30
0.0
 11
868.8014518160004
 21
4644.942726812888
 31
0.0
  0
LWPOLYLINE
  5
25A6
330
1F
100
AcDbEntity
  8
0
 62
     0
100
AcDbPolyline
 90
        8
 70
     1
 43
0.0
 10
1258.554023397236
 20
4104.735866119017
 10
1258.554023397236
 20
4536.074590793186
 42
-0.4142135623730951
 10
1293.554023397236
 20
4571.074590793186
 10
1583.554023397236
 20
4571.074590793186
 42
-0.4142135623730951
 10
1618.554023397236
 20
4536.074590793186
 10
1618.554023397235
 20
4104.735866119017
 42
-0.4142135623730951
 10
1583.554023397236
 20
4069.735866119017
 10
1293.554023397236
 20
4069.735866119017
 42
-0.4142135623730951
  0
CIRCLE
  5
25A8
330
1F
100
AcDbEntity
  8
0
 62
     0
100
AcDbCircle
 10
1439.156208094334
 20
4567.324590793186
 30
0.0
 40
0.75
  0
CIRCLE
  5
25A9
330
1F
100
AcDbEntity
  8
0
 62
     0
100
AcDbCircle
 10
1430.322235075983
 20
4567.324590793186
 30
0.0
 40
0.75
  0
CIRCLE
  5
25AA
330
1F
100
AcDbEntity
  8
0
 62
     0
100
AcDbCircle
 10
1423.710710592705
 20
4567.324590793186
 30
0.0
 40
0.75
  0
CIRCLE
  5
25AB
330
1F
100
AcDbEntity
  8
0
 62
     0
100
AcDbCircle
 10
1417.099186109428
 20
4567.324590793186
 30
0.0
 40
0.75
  0
CIRCLE
  5
25AC
330
1F
100
AcDbEntity
  8
0
 62
     0
100
AcDbCircle
 10
1410.487661626151
 20
4567.324590793186
 30
0.0
 40
0.75
  0
CIRCLE
  5
25AD
330
1F
100
AcDbEntity
  8
0
 62
     0
100
AcDbCircle
 10
1403.876137142874
 20
4567.324590793186
 30
0.0
 40
0.75
  0
CIRCLE
  5
25AE
330
1F
100
AcDbEntity
  8
0
 62
     0
100
AcDbCircle
 10
1397.264612659597
 20
4567.324590793186
 30
0.0
 40
0.75
  0
CIRCLE
  5
25AF
330
1F
100
AcDbEntity
  8
0
 62
     0
100
AcDbCircle
 10
1390.65308817632
 20
4567.324590793186
 30
0.0
 40
0.75
  0
CIRCLE
  5
25B0
330
1F
100
AcDbEntity
  8
0
 62
     0
100
AcDbCircle
 10
1384.041563693043
 20
4567.324590793186
 30
0.0
 40
0.75
  0
CIRCLE
  5
25B1
330
1F
100
AcDbEntity
  8
0
 62
     0
100
AcDbCircle
 10
1377.430039209765
 20
4567.324590793186
 30
0.0
 40
0.75
  0
CIRCLE
  5
25B2
330
1F
100
AcDbEntity
  8
0
 62
     0
100
AcDbCircle
 10
1370.818514726488
 20
4567.324590793186
 30
0.0
 40
0.75
  0
CIRCLE
  5
25B3
330
1F
100
AcDbEntity
  8
0
 62
     0
100
AcDbCircle
 10
1364.206990243211
 20
4567.324590793186
 30
0.0
 40
0.75
  0
CIRCLE
  5
25B4
330
1F
100
AcDbEntity
  8
0
 62
     0
100
AcDbCircle
 10
1357.595465759934
 20
4567.324590793186
 30
0.0
 40
0.75
  0
CIRCLE
  5
25B5
330
1F
100
AcDbEntity
  8
0
 62
     0
100
AcDbCircle
 10
1350.983941276657
 20
4567.324590793186
 30
0.0
 40
0.75
  0
CIRCLE
  5
25B6
330
1F
100
AcDbEntity
  8
0
 62
     0
100
AcDbCircle
 10
1344.37241679338
 20
4567.324590793186
 30
0.0
 40
0.75
  0
CIRCLE
  5
25B7
330
1F
100
AcDbEntity
  8
0
 62
     0
100
AcDbCircle
 10
1337.760892310102
 20
4567.324590793186
 30
0.0
 40
0.75
  0
CIRCLE
  5
25B8
330
1F
100
AcDbEntity
  8
0
 62
     0
100
AcDbCircle
 10
1331.149367826825
 20
4567.324590793186
 30
0.0
 40
0.75
  0
CIRCLE
  5
25B9
330
1F
100
AcDbEntity
  8
0
 62
     0
100
AcDbCircle
 10
1324.537843343548
 20
4567.324590793186
 30
0.0
 40
0.75
  0
CIRCLE
  5
25BA
330
1F
100
AcDbEntity
  8
0
 62
     0
100
AcDbCircle
 10
1317.926318860271
 20
4567.324590793186
 30
0.0
 40
0.75
  0
CIRCLE
  5
25BB
330
1F
100
AcDbEntity
  8
0
 62
     0
100
AcDbCircle
 10
1311.314794376994
 20
4567.324590793186
 30
0.0
 40
0.75
  0
CIRCLE
  5
25BC
330
1F
100
AcDbEntity
  8
0
 62
     0
100
AcDbCircle
 10
1304.703269893717
 20
4567.324590793186
 30
0.0
 40
0.75
  0
CIRCLE
  5
25BD
330
1F
100
AcDbEntity
  8
0
 62
     0
100
AcDbCircle
 10
1298.09174541044
 20
4567.324590793186
 30
0.0
 40
0.75
  0
CIRCLE
  5
25BE
330
1F
100
AcDbEntity
  8
0
 62
     0
100
AcDbCircle
 10
1291.480407487125
 20
4567.297785247981
 30
0.0
 40
0.75
  0
CIRCLE
  5
25BF
330
1F
100
AcDbEntity
  8
0
 62
     0
100
AcDbCircle
 10
1284.969961266678
 20
4566.166144961147
 30
0.0
 40
0.75
  0
CIRCLE
  5
25C0
330
1F
100
AcDbEntity
  8
0
 62
     0
100
AcDbCircle
 10
1278.842318156762
 20
4563.692582824143
 30
0.0
 40
0.75
  0
CIRCLE
  5
25C1
330
1F
100
AcDbEntity
  8
0
 62
     0
100
AcDbCircle
 10
1273.370738160277
 20
4559.987406435601
 30
0.0
 40
0.75
  0
CIRCLE
  5
25C2
330
1F
100
AcDbEntity
  8
0
 62
     0
100
AcDbCircle
 10
1268.799224385581
 20
4555.215846781162
 30
0.0
 40
0.75
  0
CIRCLE
  5
25C3
330
1F
100
AcDbEntity
  8
0
 62
     0
100
AcDbCircle
 10
1265.331641817126
 20
4549.590689818101
 30
0.0
 40
0.75
  0
CIRCLE
  5
25C4
330
1F
100
AcDbEntity
  8
0
 62
     0
100
AcDbCircle
 10
1263.122626031057
 20
4543.362787363419
 30
0.0
 40
0.7500000000000002
  0
CIRCLE
  5
25C5
330
1F
100
AcDbEntity
  8
0
 62
     0
100
AcDbCircle
 10
1262.270687278263
 20
4536.809870448823
 30
0.0
 40
0.75
  0
CIRCLE
  5
25C6
330
1F
100
AcDbEntity
  8
0
 62
     0
100
AcDbCircle
 10
1262.304023397236
 20
4529.592371597089
 30
0.0
 40
0.75
  0
CIRCLE
  5
25C7
330
1F
100
AcDbEntity
  8
0
 62
     0
100
AcDbCircle
 10
1262.304023397236
 20
4522.980847113812
 30
0.0
 40
0.75
  0
CIRCLE
  5
25C8
330
1F
100
AcDbEntity
  8
0
 62
     0
100
AcDbCircle
 10
1262.304023397236
 20
4516.369322630533
 30
0.0
 40
0.75
  0
CIRCLE
  5
25C9
330
1F
100
AcDbEntity
  8
0
 62
     0
100
AcDbCircle
 10
1262.304023397236
 20
4509.757798147258
 30
0.0
 40
0.75
  0
CIRCLE
  5
25CA
330
1F
100
AcDbEntity
  8
0
 62
     0
100
AcDbCircle
 10
1262.304023397236
 20
4503.146273663979
 30
0.0
 40
0.75
  0
CIRCLE
  5
25CB
330
1F
100
AcDbEntity
  8
0
 62
     0
100
AcDbCircle
 10
1262.304023397236
 20
4496.534749180703
 30
0.0
 40
0.75
  0
CIRCLE
  5
25CC
330
1F
100
AcDbEntity
  8
0
 62
     0
100
AcDbCircle
 10
1262.304023397236
 20
4489.923224697426
 30
0.0
 40
0.75
  0
CIRCLE
  5
25CD
330
1F
100
AcDbEntity
  8
0
 62
     0
100
AcDbCircle
 10
1262.304023397236
 20
4483.311700214151
 30
0.0
 40
0.75
  0
CIRCLE
  5
25CE
330
1F
100
AcDbEntity
  8
0
 62
     0
100
AcDbCircle
 10
1262.304023397236
 20
4476.700175730872
 30
0.0
 40
0.75
  0
CIRCLE
  5
25CF
330
1F
100
AcDbEntity
  8
0
 62
     0
100
AcDbCircle
 10
1262.304023397236
 20
4470.088651247595
 30
0.0
 40
0.75
  0
CIRCLE
  5
25D0
330
1F
100
AcDbEntity
  8
0
 62
     0
100
AcDbCircle
 10
1262.304023397236
 20
4463.477126764318
 30
0.0
 40
0.75
  0
CIRCLE
  5
25D1
330
1F
100
AcDbEntity
  8
0
 62
     0
100
AcDbCircle
 10
1262.304023397236
 20
4456.86560228104
 30
0.0
 40
0.75
  0
CIRCLE
  5
25D2
330
1F
100
AcDbEntity
  8
0
 62
     0
100
AcDbCircle
 10
1262.304023397236
 20
4450.254077797763
 30
0.0
 40
0.75
  0
CIRCLE
  5
25D3
330
1F
100
AcDbEntity
  8
0
 62
     0
100
AcDbCircle
 10
1262.304023397236
 20
4443.642553314485
 30
0.0
 40
0.75
  0
CIRCLE
  5
25D4
330
1F
100
AcDbEntity
  8
0
 62
     0
100
AcDbCircle
 10
1262.304023397236
 20
4437.031028831207
 30
0.0
 40
0.75
  0
CIRCLE
  5
25D5
330
1F
100
AcDbEntity
  8
0
 62
     0
100
AcDbCircle
 10
1262.304023397236
 20
4430.419504347931
 30
0.0
 40
0.75
  0
CIRCLE
  5
25D6
330
1F
100
AcDbEntity
  8
0
 62
     0
100
AcDbCircle
 10
1262.304023397236
 20
4423.807979864655
 30
0.0
 40
0.75
  0
CIRCLE
  5
25D7
330
1F
100
AcDbEntity
  8
0
 62
     0
100
AcDbCircle
 10
1262.304023397236
 20
4417.196455381378
 30
0.0
 40
0.75
  0
CIRCLE
  5
25D8
330
1F
100
AcDbEntity
  8
0
 62
     0
100
AcDbCircle
 10
1262.304023397236
 20
4410.584930898099
 30
0.0
 40
0.75
  0
CIRCLE
  5
25D9
330
1F
100
AcDbEntity
  8
0
 62
     0
100
AcDbCircle
 10
1262.304023397236
 20
4403.973406414824
 30
0.0
 40
0.75
  0
CIRCLE
  5
25DA
330
1F
100
AcDbEntity
  8
0
 62
     0
100
AcDbCircle
 10
1262.304023397236
 20
4397.361881931547
 30
0.0
 40
0.75
  0
CIRCLE
  5
25DB
330
1F
100
AcDbEntity
  8
0
 62
     0
100
AcDbCircle
 10
1262.304023397236
 20
4390.750357448268
 30
0.0
 40
0.75
  0
CIRCLE
  5
25DC
330
1F
100
AcDbEntity
  8
0
 62
     0
100
AcDbCircle
 10
1262.304023397236
 20
4384.138832964992
 30
0.0
 40
0.75
  0
CIRCLE
  5
25DD
330
1F
100
AcDbEntity
  8
0
 62
     0
100
AcDbCircle
 10
1262.304023397236
 20
4377.527308481716
 30
0.0
 40
0.75
  0
CIRCLE
  5
25DE
330
1F
100
AcDbEntity
  8
0
 62
     0
100
AcDbCircle
 10
1262.304023397236
 20
4370.915783998436
 30
0.0
 40
0.75
  0
CIRCLE
  5
25DF
330
1F
100
AcDbEntity
  8
0
 62
     0
100
AcDbCircle
 10
1262.304023397236
 20
4364.304259515161
 30
0.0
 40
0.75
  0
CIRCLE
  5
25E0
330
1F
100
AcDbEntity
  8
0
 62
     0
100
AcDbCircle
 10
1262.304023397236
 20
4357.692735031884
 30
0.0
 40
0.75
  0
CIRCLE
  5
25E1
330
1F
100
AcDbEntity
  8
0
 62
     0
100
AcDbCircle
 10
1262.304023397236
 20
4351.081210548604
 30
0.0
 40
0.75
  0
CIRCLE
  5
25E2
330
1F
100
AcDbEntity
  8
0
 62
     0
100
AcDbCircle
 10
1262.304023397236
 20
4344.46968606533
 30
0.0
 40
0.75
  0
CIRCLE
  5
25E3
330
1F
100
AcDbEntity
  8
0
 62
     0
100
AcDbCircle
 10
1262.304023397236
 20
4337.858161582053
 30
0.0
 40
0.75
  0
CIRCLE
  5
25E4
330
1F
100
AcDbEntity
  8
0
 62
     0
100
AcDbCircle
 10
1262.304023397236
 20
4331.246637098774
 30
0.0
 40
0.75
  0
CIRCLE
  5
25E5
330
1F
100
AcDbEntity
  8
0
 62
     0
100
AcDbCircle
 10
1262.304023397236
 20
4324.635112615498
 30
0.0
 40
0.75
  0
CIRCLE
  5
25E6
330
1F
100
AcDbEntity
  8
0
 62
     0
100
AcDbCircle
 10
1262.304023397236
 20
4318.02358813222
 30
0.0
 40
0.75
  0
CIRCLE
  5
25E7
330
1F
100
AcDbEntity
  8
0
 62
     0
100
AcDbCircle
 10
1262.304023397236
 20
4311.412063648942
 30
0.0
 40
0.75
  0
CIRCLE
  5
25E8
330
1F
100
AcDbEntity
  8
0
 62
     0
100
AcDbCircle
 10
1262.304023397236
 20
4304.800539165667
 30
0.0
 40
0.75
  0
CIRCLE
  5
25E9
330
1F
100
AcDbEntity
  8
0
 62
     0
100
AcDbCircle
 10
1262.304023397236
 20
4298.18901468239
 30
0.0
 40
0.75
  0
CIRCLE
  5
25EA
330
1F
100
AcDbEntity
  8
0
 62
     0
100
AcDbCircle
 10
1262.304023397236
 20
4291.577490199112
 30
0.0
 40
0.75
  0
CIRCLE
  5
25EB
330
1F
100
AcDbEntity
  8
0
 62
     0
100
AcDbCircle
 10
1262.304023397236
 20
4284.965965715835
 30
0.0
 40
0.75
  0
CIRCLE
  5
25EC
330
1F
100
AcDbEntity
  8
0
 62
     0
100
AcDbCircle
 10
1262.304023397236
 20
4278.354441232559
 30
0.0
 40
0.75
  0
CIRCLE
  5
25ED
330
1F
100
AcDbEntity
  8
0
 62
     0
100
AcDbCircle
 10
1262.304023397236
 20
4271.74291674928
 30
0.0
 40
0.75
  0
CIRCLE
  5
25EE
330
1F
100
AcDbEntity
  8
0
 62
     0
100
AcDbCircle
 10
1262.304023397236
 20
4265.131392266003
 30
0.0
 40
0.75
  0
CIRCLE
  5
25EF
330
1F
100
AcDbEntity
  8
0
 62
     0
100
AcDbCircle
 10
1262.304023397236
 20
4258.519867782726
 30
0.0
 40
0.75
  0
CIRCLE
  5
25F0
330
1F
100
AcDbEntity
  8
0
 62
     0
100
AcDbCircle
 10
1262.304023397236
 20
4251.908343299448
 30
0.0
 40
0.75
  0
CIRCLE
  5
25F1
330
1F
100
AcDbEntity
  8
0
 62
     0
100
AcDbCircle
 10
1262.304023397236
 20
4245.296818816171
 30
0.0
 40
0.75
  0
CIRCLE
  5
25F2
330
1F
100
AcDbEntity
  8
0
 62
     0
100
AcDbCircle
 10
1262.304023397236
 20
4238.685294332894
 30
0.0
 40
0.75
  0
CIRCLE
  5
25F3
330
1F
100
AcDbEntity
  8
0
 62
     0
100
AcDbCircle
 10
1262.304023397236
 20
4232.073769849618
 30
0.0
 40
0.75
  0
CIRCLE
  5
25F4
330
1F
100
AcDbEntity
  8
0
 62
     0
100
AcDbCircle
 10
1262.304023397236
 20
4225.462245366339
 30
0.0
 40
0.75
  0
CIRCLE
  5
25F5
330
1F
100
AcDbEntity
  8
0
 62
     0
100
AcDbCircle
 10
1262.304023397236
 20
4218.850720883064
 30
0.0
 40
0.75
  0
CIRCLE
  5
25F6
330
1F
100
AcDbEntity
  8
0
 62
     0
100
AcDbCircle
 10
1262.304023397236
 20
4212.239196399788
 30
0.0
 40
0.75
  0
CIRCLE
  5
25F7
330
1F
100
AcDbEntity
  8
0
 62
     0
100
AcDbCircle
 10
1262.304023397236
 20
4205.627671916508
 30
0.0
 40
0.75
  0
CIRCLE
  5
25F8
330
1F
100
AcDbEntity
  8
0
 62
     0
100
AcDbCircle
 10
1262.304023397236
 20
4199.016147433233
 30
0.0
 40
0.75
  0
CIRCLE
  5
25F9
330
1F
100
AcDbEntity
  8
0
 62
     0
100
AcDbCircle
 10
1262.304023397236
 20
4192.404622949954
 30
0.0
 40
0.75
  0
CIRCLE
  5
25FA
330
1F
100
AcDbEntity
  8
0
 62
     0
100
AcDbCircle
 10
1262.304023397236
 20
4185.793098466677
 30
0.0
 40
0.75
  0
CIRCLE
  5
25FB
330
1F
100
AcDbEntity
  8
0
 62
     0
100
AcDbCircle
 10
1262.304023397236
 20
4179.181573983401
 30
0.0
 40
0.75
  0
CIRCLE
  5
25FC
330
1F
100
AcDbEntity
  8
0
 62
     0
100
AcDbCircle
 10
1262.304023397236
 20
4172.570049500124
 30
0.0
 40
0.75
  0
CIRCLE
  5
25FD
330
1F
100
AcDbEntity
  8
0
 62
     0
100
AcDbCircle
 10
1262.304023397236
 20
4165.958525016844
 30
0.0
 40
0.75
  0
CIRCLE
  5
25FE
330
1F
100
AcDbEntity
  8
0
 62
     0
100
AcDbCircle
 10
1262.304023397236
 20
4159.347000533568
 30
0.0
 40
0.75
  0
CIRCLE
  5
25FF
330
1F
100
AcDbEntity
  8
0
 62
     0
100
AcDbCircle
 10
1262.304023397236
 20
4152.735476050291
 30
0.0
 40
0.75
  0
CIRCLE
  5
260E
330
1F
100
AcDbEntity
  8
0
 62
     0
100
AcDbCircle
 10
1335.139895502778
 20
4112.235866119016
 30
0.0
 40
0.75
  0
CIRCLE
  5
260F
330
1F
100
AcDbEntity
  8
0
 62
     0
100
AcDbCircle
 10
1341.751419986055
 20
4112.235866119016
 30
0.0
 40
0.75
  0
CIRCLE
  5
2610
330
1F
100
AcDbEntity
  8
0
 62
     0
100
AcDbCircle
 10
1348.362944469332
 20
4112.235866119016
 30
0.0
 40
0.75
  0
CIRCLE
  5
2611
330
1F
100
AcDbEntity
  8
0
 62
     0
100
AcDbCircle
 10
1354.974468952609
 20
4112.235866119016
 30
0.0
 40
0.75
  0
CIRCLE
  5
261F
330
1F
100
AcDbEntity
  8
0
 62
     0
100
AcDbCircle
 10
1446.78581171849
 20
4567.324590793186
 30
0.0
 40
0.75
  0
CIRCLE
  5
2620
330
1F
100
AcDbEntity
  8
0
 62
     0
100
AcDbCircle
 10
1453.397336201767
 20
4567.324590793186
 30
0.0
 40
0.75
  0
CIRCLE
  5
2621
330
1F
100
AcDbEntity
  8
0
 62
     0
100
AcDbCircle
 10
1460.008860685044
 20
4567.324590793186
 30
0.0
 40
0.75
  0
CIRCLE
  5
2622
330
1F
100
AcDbEntity
  8
0
 62
     0
100
AcDbCircle
 10
1466.620385168321
 20
4567.324590793186
 30
0.0
 40
0.75
  0
CIRCLE
  5
2623
330
1F
100
AcDbEntity
  8
0
 62
     0
100
AcDbCircle
 10
1473.231909651597
 20
4567.324590793186
 30
0.0
 40
0.75
  0
CIRCLE
  5
2624
330
1F
100
AcDbEntity
  8
0
 62
     0
100
AcDbCircle
 10
1479.843434134875
 20
4567.324590793186
 30
0.0
 40
0.75
  0
CIRCLE
  5
2625
330
1F
100
AcDbEntity
  8
0
 62
     0
100
AcDbCircle
 10
1486.454958618153
 20
4567.324590793186
 30
0.0
 40
0.75
  0
CIRCLE
  5
2626
330
1F
100
AcDbEntity
  8
0
 62
     0
100
AcDbCircle
 10
1493.066483101429
 20
4567.324590793186
 30
0.0
 40
0.75
  0
CIRCLE
  5
2627
330
1F
100
AcDbEntity
  8
0
 62
     0
100
AcDbCircle
 10
1499.678007584707
 20
4567.324590793186
 30
0.0
 40
0.75
  0
CIRCLE
  5
2628
330
1F
100
AcDbEntity
  8
0
 62
     0
100
AcDbCircle
 10
1506.289532067984
 20
4567.324590793186
 30
0.0
 40
0.75
  0
CIRCLE
  5
2629
330
1F
100
AcDbEntity
  8
0
 62
     0
100
AcDbCircle
 10
1512.901056551261
 20
4567.324590793186
 30
0.0
 40
0.75
  0
CIRCLE
  5
262A
330
1F
100
AcDbEntity
  8
0
 62
     0
100
AcDbCircle
 10
1519.512581034538
 20
4567.324590793186
 30
0.0
 40
0.75
  0
CIRCLE
  5
262B
330
1F
100
AcDbEntity
  8
0
 62
     0
100
AcDbCircle
 10
1526.124105517815
 20
4567.324590793186
 30
0.0
 40
0.75
  0
CIRCLE
  5
262C
330
1F
100
AcDbEntity
  8
0
 62
     0
100
AcDbCircle
 10
1532.735630001093
 20
4567.324590793186
 30
0.0
 40
0.75
  0
CIRCLE
  5
262D
330
1F
100
AcDbEntity
  8
0
 62
     0
100
AcDbCircle
 10
1539.34715448437
 20
4567.324590793186
 30
0.0
 40
0.75
  0
CIRCLE
  5
262E
330
1F
100
AcDbEntity
  8
0
 62
     0
100
AcDbCircle
 10
1545.958678967647
 20
4567.324590793186
 30
0.0
 40
0.75
  0
CIRCLE
  5
262F
330
1F
100
AcDbEntity
  8
0
 62
     0
100
AcDbCircle
 10
1552.570203450924
 20
4567.324590793186
 30
0.0
 40
0.75
  0
CIRCLE
  5
2630
330
1F
100
AcDbEntity
  8
0
 62
     0
100
AcDbCircle
 10
1559.181727934201
 20
4567.324590793186
 30
0.0
 40
0.75
  0
CIRCLE
  5
2631
330
1F
100
AcDbEntity
  8
0
 62
     0
100
AcDbCircle
 10
1565.793252417478
 20
4567.324590793186
 30
0.0
 40
0.75
  0
CIRCLE
  5
2632
330
1F
100
AcDbEntity
  8
0
 62
     0
100
AcDbCircle
 10
1572.404776900756
 20
4567.324590793186
 30
0.0
 40
0.75
  0
CIRCLE
  5
2633
330
1F
100
AcDbEntity
  8
0
 62
     0
100
AcDbCircle
 10
1579.016301384032
 20
4567.324590793186
 30
0.0
 40
0.75
  0
CIRCLE
  5
2634
330
1F
100
AcDbEntity
  8
0
 62
     0
100
AcDbCircle
 10
1585.627639307347
 20
4567.297785247981
 30
0.0
 40
0.75
  0
CIRCLE
  5
2635
330
1F
100
AcDbEntity
  8
0
 62
     0
100
AcDbCircle
 10
1592.138085527794
 20
4566.166144961147
 30
0.0
 40
0.75
  0
CIRCLE
  5
2636
330
1F
100
AcDbEntity
  8
0
 62
     0
100
AcDbCircle
 10
1598.26572863771
 20
4563.692582824143
 30
0.0
 40
0.75
  0
CIRCLE
  5
2637
330
1F
100
AcDbEntity
  8
0
 62
     0
100
AcDbCircle
 10
1603.737308634194
 20
4559.987406435601
 30
0.0
 40
0.75
  0
CIRCLE
  5
2638
330
1F
100
AcDbEntity
  8
0
 62
     0
100
AcDbCircle
 10
1608.30882240889
 20
4555.215846781162
 30
0.0
 40
0.75
  0
CIRCLE
  5
2639
330
1F
100
AcDbEntity
  8
0
 62
     0
100
AcDbCircle
 10
1611.776404977346
 20
4549.590689818101
 30
0.0
 40
0.75
  0
CIRCLE
  5
263A
330
1F
100
AcDbEntity
  8
0
 62
     0
100
AcDbCircle
 10
1613.985420763414
 20
4543.362787363419
 30
0.0
 40
0.7500000000000002
  0
CIRCLE
  5
263B
330
1F
100
AcDbEntity
  8
0
 62
     0
100
AcDbCircle
 10
1614.837359516209
 20
4536.809870448823
 30
0.0
 40
0.75
  0
CIRCLE
  5
263C
330
1F
100
AcDbEntity
  8
0
 62
     0
100
AcDbCircle
 10
1614.804023397236
 20
4529.592371597089
 30
0.0
 40
0.75
  0
CIRCLE
  5
263D
330
1F
100
AcDbEntity
  8
0
 62
     0
100
AcDbCircle
 10
1614.804023397236
 20
4522.980847113812
 30
0.0
 40
0.75
  0
CIRCLE
  5
263E
330
1F
100
AcDbEntity
  8
0
 62
     0
100
AcDbCircle
 10
1614.804023397236
 20
4516.369322630533
 30
0.0
 40
0.75
  0
CIRCLE
  5
263F
330
1F
100
AcDbEntity
  8
0
 62
     0
100
AcDbCircle
 10
1614.804023397236
 20
4509.757798147258
 30
0.0
 40
0.75
  0
CIRCLE
  5
2640
330
1F
100
AcDbEntity
  8
0
 62
     0
100
AcDbCircle
 10
1614.804023397236
 20
4503.146273663979
 30
0.0
 40
0.75
  0
CIRCLE
  5
2641
330
1F
100
AcDbEntity
  8
0
 62
     0
100
AcDbCircle
 10
1614.804023397236
 20
4496.534749180703
 30
0.0
 40
0.75
  0
CIRCLE
  5
2642
330
1F
100
AcDbEntity
  8
0
 62
     0
100
AcDbCircle
 10
1614.804023397236
 20
4489.923224697426
 30
0.0
 40
0.75
  0
CIRCLE
  5
2643
330
1F
100
AcDbEntity
  8
0
 62
     0
100
AcDbCircle
 10
1614.804023397236
 20
4483.311700214151
 30
0.0
 40
0.75
  0
CIRCLE
  5
2644
330
1F
100
AcDbEntity
  8
0
 62
     0
100
AcDbCircle
 10
1614.804023397236
 20
4476.700175730872
 30
0.0
 40
0.75
  0
CIRCLE
  5
2645
330
1F
100
AcDbEntity
  8
0
 62
     0
100
AcDbCircle
 10
1614.804023397236
 20
4470.088651247595
 30
0.0
 40
0.75
  0
CIRCLE
  5
2646
330
1F
100
AcDbEntity
  8
0
 62
     0
100
AcDbCircle
 10
1614.804023397236
 20
4463.477126764318
 30
0.0
 40
0.75
  0
CIRCLE
  5
2647
330
1F
100
AcDbEntity
  8
0
 62
     0
100
AcDbCircle
 10
1614.804023397236
 20
4456.86560228104
 30
0.0
 40
0.75
  0
CIRCLE
  5
2648
330
1F
100
AcDbEntity
  8
0
 62
     0
100
AcDbCircle
 10
1614.804023397236
 20
4450.254077797763
 30
0.0
 40
0.75
  0
CIRCLE
  5
2649
330
1F
100
AcDbEntity
  8
0
 62
     0
100
AcDbCircle
 10
1614.804023397236
 20
4443.642553314485
 30
0.0
 40
0.75
  0
CIRCLE
  5
264A
330
1F
100
AcDbEntity
  8
0
 62
     0
100
AcDbCircle
 10
1614.804023397236
 20
4437.031028831207
 30
0.0
 40
0.75
  0
CIRCLE
  5
264B
330
1F
100
AcDbEntity
  8
0
 62
     0
100
AcDbCircle
 10
1614.804023397236
 20
4430.419504347931
 30
0.0
 40
0.75
  0
CIRCLE
  5
264C
330
1F
100
AcDbEntity
  8
0
 62
     0
100
AcDbCircle
 10
1614.804023397236
 20
4423.807979864655
 30
0.0
 40
0.75
  0
CIRCLE
  5
264D
330
1F
100
AcDbEntity
  8
0
 62
     0
100
AcDbCircle
 10
1614.804023397236
 20
4417.196455381378
 30
0.0
 40
0.75
  0
CIRCLE
  5
264E
330
1F
100
AcDbEntity
  8
0
 62
     0
100
AcDbCircle
 10
1614.804023397236
 20
4410.584930898099
 30
0.0
 40
0.75
  0
CIRCLE
  5
264F
330
1F
100
AcDbEntity
  8
0
 62
     0
100
AcDbCircle
 10
1614.804023397236
 20
4403.973406414824
 30
0.0
 40
0.75
  0
CIRCLE
  5
2650
330
1F
100
AcDbEntity
  8
0
 62
     0
100
AcDbCircle
 10
1614.804023397236
 20
4397.361881931547
 30
0.0
 40
0.75
  0
CIRCLE
  5
2651
330
1F
100
AcDbEntity
  8
0
 62
     0
100
AcDbCircle
 10
1614.804023397236
 20
4390.750357448268
 30
0.0
 40
0.75
  0
CIRCLE
  5
2652
330
1F
100
AcDbEntity
  8
0
 62
     0
100
AcDbCircle
 10
1614.804023397236
 20
4384.138832964992
 30
0.0
 40
0.75
  0
CIRCLE
  5
2653
330
1F
100
AcDbEntity
  8
0
 62
     0
100
AcDbCircle
 10
1614.804023397236
 20
4377.527308481716
 30
0.0
 40
0.75
  0
CIRCLE
  5
2654
330
1F
100
AcDbEntity
  8
0
 62
     0
100
AcDbCircle
 10
1614.804023397236
 20
4370.915783998436
 30
0.0
 40
0.75
  0
CIRCLE
  5
2655
330
1F
100
AcDbEntity
  8
0
 62
     0
100
AcDbCircle
 10
1614.804023397236
 20
4364.304259515161
 30
0.0
 40
0.75
  0
CIRCLE
  5
2656
330
1F
100
AcDbEntity
  8
0
 62
     0
100
AcDbCircle
 10
1614.804023397236
 20
4357.692735031884
 30
0.0
 40
0.75
  0
CIRCLE
  5
2657
330
1F
100
AcDbEntity
  8
0
 62
     0
100
AcDbCircle
 10
1614.804023397236
 20
4351.081210548604
 30
0.0
 40
0.75
  0
CIRCLE
  5
2658
330
1F
100
AcDbEntity
  8
0
 62
     0
100
AcDbCircle
 10
1614.804023397236
 20
4344.46968606533
 30
0.0
 40
0.75
  0
CIRCLE
  5
2659
330
1F
100
AcDbEntity
  8
0
 62
     0
100
AcDbCircle
 10
1614.804023397236
 20
4337.858161582053
 30
0.0
 40
0.75
  0
CIRCLE
  5
265A
330
1F
100
AcDbEntity
  8
0
 62
     0
100
AcDbCircle
 10
1614.804023397236
 20
4331.246637098774
 30
0.0
 40
0.75
  0
CIRCLE
  5
265B
330
1F
100
AcDbEntity
  8
0
 62
     0
100
AcDbCircle
 10
1614.804023397236
 20
4324.635112615498
 30
0.0
 40
0.75
  0
CIRCLE
  5
265C
330
1F
100
AcDbEntity
  8
0
 62
     0
100
AcDbCircle
 10
1614.804023397236
 20
4318.02358813222
 30
0.0
 40
0.75
  0
CIRCLE
  5
265D
330
1F
100
AcDbEntity
  8
0
 62
     0
100
AcDbCircle
 10
1614.804023397236
 20
4311.412063648942
 30
0.0
 40
0.75
  0
CIRCLE
  5
265E
330
1F
100
AcDbEntity
  8
0
 62
     0
100
AcDbCircle
 10
1614.804023397236
 20
4304.800539165667
 30
0.0
 40
0.75
  0
CIRCLE
  5
265F
330
1F
100
AcDbEntity
  8
0
 62
     0
100
AcDbCircle
 10
1614.804023397236
 20
4298.18901468239
 30
0.0
 40
0.75
  0
CIRCLE
  5
2660
330
1F
100
AcDbEntity
  8
0
 62
     0
100
AcDbCircle
 10
1614.804023397236
 20
4291.577490199112
 30
0.0
 40
0.75
  0
CIRCLE
  5
2661
330
1F
100
AcDbEntity
  8
0
 62
     0
100
AcDbCircle
 10
1614.804023397236
 20
4284.965965715835
 30
0.0
 40
0.75
  0
CIRCLE
  5
2662
330
1F
100
AcDbEntity
  8
0
 62
     0
100
AcDbCircle
 10
1614.804023397236
 20
4278.354441232559
 30
0.0
 40
0.75
  0
CIRCLE
  5
2663
330
1F
100
AcDbEntity
  8
0
 62
     0
100
AcDbCircle
 10
1614.804023397236
 20
4271.74291674928
 30
0.0
 40
0.75
  0
CIRCLE
  5
2664
330
1F
100
AcDbEntity
  8
0
 62
     0
100
AcDbCircle
 10
1614.804023397236
 20
4265.131392266003
 30
0.0
 40
0.75
  0
CIRCLE
  5
2665
330
1F
100
AcDbEntity
  8
0
 62
     0
100
AcDbCircle
 10
1614.804023397236
 20
4258.519867782726
 30
0.0
 40
0.75
  0
CIRCLE
  5
2666
330
1F
100
AcDbEntity
  8
0
 62
     0
100
AcDbCircle
 10
1614.804023397236
 20
4251.908343299448
 30
0.0
 40
0.75
  0
CIRCLE
  5
2667
330
1F
100
AcDbEntity
  8
0
 62
     0
100
AcDbCircle
 10
1614.804023397236
 20
4245.296818816171
 30
0.0
 40
0.75
  0
CIRCLE
  5
2668
330
1F
100
AcDbEntity
  8
0
 62
     0
100
AcDbCircle
 10
1614.804023397236
 20
4238.685294332894
 30
0.0
 40
0.75
  0
CIRCLE
  5
2669
330
1F
100
AcDbEntity
  8
0
 62
     0
100
AcDbCircle
 10
1614.804023397236
 20
4232.073769849618
 30
0.0
 40
0.75
  0
CIRCLE
  5
266A
330
1F
100
AcDbEntity
  8
0
 62
     0
100
AcDbCircle
 10
1614.804023397236
 20
4225.462245366339
 30
0.0
 40
0.75
  0
CIRCLE
  5
266B
330
1F
100
AcDbEntity
  8
0
 62
     0
100
AcDbCircle
 10
1614.804023397236
 20
4218.850720883064
 30
0.0
 40
0.75
  0
CIRCLE
  5
266C
330
1F
100
AcDbEntity
  8
0
 62
     0
100
AcDbCircle
 10
1614.804023397236
 20
4212.239196399788
 30
0.0
 40
0.75
  0
CIRCLE
  5
266D
330
1F
100
AcDbEntity
  8
0
 62
     0
100
AcDbCircle
 10
1614.804023397236
 20
4205.627671916508
 30
0.0
 40
0.75
  0
CIRCLE
  5
266E
330
1F
100
AcDbEntity
  8
0
 62
     0
100
AcDbCircle
 10
1614.804023397236
 20
4199.016147433233
 30
0.0
 40
0.75
  0
CIRCLE
  5
266F
330
1F
100
AcDbEntity
  8
0
 62
     0
100
AcDbCircle
 10
1614.804023397236
 20
4192.404622949954
 30
0.0
 40
0.75
  0
CIRCLE
  5
2670
330
1F
100
AcDbEntity
  8
0
 62
     0
100
AcDbCircle
 10
1614.804023397236
 20
4185.793098466677
 30
0.0
 40
0.75
  0
CIRCLE
  5
2671
330
1F
100
AcDbEntity
  8
0
 62
     0
100
AcDbCircle
 10
1614.804023397236
 20
4179.181573983401
 30
0.0
 40
0.75
  0
CIRCLE
  5
2672
330
1F
100
AcDbEntity
  8
0
 62
     0
100
AcDbCircle
 10
1614.804023397236
 20
4172.570049500124
 30
0.0
 40
0.75
  0
CIRCLE
  5
2673
330
1F
100
AcDbEntity
  8
0
 62
     0
100
AcDbCircle
 10
1614.804023397236
 20
4165.958525016844
 30
0.0
 40
0.75
  0
CIRCLE
  5
2674
330
1F
100
AcDbEntity
  8
0
 62
     0
100
AcDbCircle
 10
1614.804023397236
 20
4159.347000533568
 30
0.0
 40
0.75
  0
CIRCLE
  5
2675
330
1F
100
AcDbEntity
  8
0
 62
     0
100
AcDbCircle
 10
1614.804023397236
 20
4152.735476050291
 30
0.0
 40
0.75
  0
CIRCLE
  5
2684
330
1F
100
AcDbEntity
  8
0
 62
     0
100
AcDbCircle
 10
1541.591480000534
 20
4112.235866119016
 30
0.0
 40
0.75
  0
CIRCLE
  5
2685
330
1F
100
AcDbEntity
  8
0
 62
     0
100
AcDbCircle
 10
1534.979955517257
 20
4112.235866119016
 30
0.0
 40
0.75
  0
CIRCLE
  5
2686
330
1F
100
AcDbEntity
  8
0
 62
     0
100
AcDbCircle
 10
1528.36843103398
 20
4112.235866119016
 30
0.0
 40
0.75
  0
CIRCLE
  5
2687
330
1F
100
AcDbEntity
  8
0
 62
     0
100
AcDbCircle
 10
1521.756906550703
 20
4112.235866119016
 30
0.0
 40
0.75
  0
CIRCLE
  5
326B
330
1F
100
AcDbEntity
  8
0
 62
     0
100
AcDbCircle
 10
866.1626430613152
 20
4109.109080193364
 30
0.0
 40
0.75
  0
CIRCLE
  5
326C
330
1F
100
AcDbEntity
  8
0
 62
     0
100
AcDbCircle
 10
859.9766083165986
 20
4109.109080193364
 30
0.0
 40
0.75
  0
CIRCLE
  5
326D
330
1F
100
AcDbEntity
  8
0
 62
     0
100
AcDbCircle
 10
853.7905735718819
 20
4109.109080193364
 30
0.0
 40
0.75
  0
CIRCLE
  5
326E
330
1F
100
AcDbEntity
  8
0
 62
     0
100
AcDbCircle
 10
847.6045388271652
 20
4109.109080193364
 30
0.0
 40
0.75
  0
CIRCLE
  5
326F
330
1F
100
AcDbEntity
  8
0
 62
     0
100
AcDbCircle
 10
841.4185040824484
 20
4109.109080193364
 30
0.0
 40
0.75
  0
CIRCLE
  5
3270
330
1F
100
AcDbEntity
  8
0
 62
     0
100
AcDbCircle
 10
835.2324693377317
 20
4109.109080193364
 30
0.0
 40
0.75
  0
CIRCLE
  5
3271
330
1F
100
AcDbEntity
  8
0
 62
     0
100
AcDbCircle
 10
829.0464345930153
 20
4109.109080193364
 30
0.0
 40
0.75
  0
CIRCLE
  5
3272
330
1F
100
AcDbEntity
  8
0
 62
     0
100
AcDbCircle
 10
822.8603998482983
 20
4109.109080193364
 30
0.0
 40
0.75
  0
CIRCLE
  5
3273
330
1F
100
AcDbEntity
  8
0
 62
     0
100
AcDbCircle
 10
816.6743651035817
 20
4109.109080193364
 30
0.0
 40
0.75
  0
CIRCLE
  5
3274
330
1F
100
AcDbEntity
  8
0
 62
     0
100
AcDbCircle
 10
810.4883303588648
 20
4109.109080193364
 30
0.0
 40
0.75
  0
CIRCLE
  5
3275
330
1F
100
AcDbEntity
  8
0
 62
     0
100
AcDbCircle
 10
804.3022956141482
 20
4109.109080193364
 30
0.0
 40
0.75
  0
CIRCLE
  5
3276
330
1F
100
AcDbEntity
  8
0
 62
     0
100
AcDbCircle
 10
798.1162608694313
 20
4109.109080193364
 30
0.0
 40
0.75
  0
CIRCLE
  5
3277
330
1F
100
AcDbEntity
  8
0
 62
     0
100
AcDbCircle
 10
791.9302261247148
 20
4109.109080193364
 30
0.0
 40
0.75
  0
CIRCLE
  5
3278
330
1F
100
AcDbEntity
  8
0
 62
     0
100
AcDbCircle
 10
785.7441913799983
 20
4109.109080193364
 30
0.0
 40
0.75
  0
CIRCLE
  5
3279
330
1F
100
AcDbEntity
  8
0
 62
     0
100
AcDbCircle
 10
779.5581566352814
 20
4109.109080193364
 30
0.0
 40
0.75
  0
CIRCLE
  5
327A
330
1F
100
AcDbEntity
  8
0
 62
     0
100
AcDbCircle
 10
773.3721218905647
 20
4109.109080193364
 30
0.0
 40
0.75
  0
CIRCLE
  5
327D
330
1F
100
AcDbEntity
  8
0
 62
     0
100
AcDbCircle
 10
866.1626430613152
 20
4147.109080193364
 30
0.0
 40
0.75
  0
CIRCLE
  5
327E
330
1F
100
AcDbEntity
  8
0
 62
     0
100
AcDbCircle
 10
859.9766083165986
 20
4147.109080193364
 30
0.0
 40
0.75
  0
CIRCLE
  5
327F
330
1F
100
AcDbEntity
  8
0
 62
     0
100
AcDbCircle
 10
853.7905735718819
 20
4147.109080193364
 30
0.0
 40
0.75
  0
CIRCLE
  5
3280
330
1F
100
AcDbEntity
  8
0
 62
     0
100
AcDbCircle
 10
847.6045388271652
 20
4147.109080193364
 30
0.0
 40
0.75
  0
CIRCLE
  5
3281
330
1F
100
AcDbEntity
  8
0
 62
     0
100
AcDbCircle
 10
841.4185040824484
 20
4147.109080193364
 30
0.0
 40
0.75
  0
CIRCLE
  5
3282
330
1F
100
AcDbEntity
  8
0
 62
     0
100
AcDbCircle
 10
835.2324693377317
 20
4147.109080193364
 30
0.0
 40
0.75
  0
CIRCLE
  5
3283
330
1F
100
AcDbEntity
  8
0
 62
     0
100
AcDbCircle
 10
829.0464345930153
 20
4147.109080193364
 30
0.0
 40
0.75
  0
CIRCLE
  5
3284
330
1F
100
AcDbEntity
  8
0
 62
     0
100
AcDbCircle
 10
822.8603998482983
 20
4147.109080193364
 30
0.0
 40
0.75
  0
CIRCLE
  5
3285
330
1F
100
AcDbEntity
  8
0
 62
     0
100
AcDbCircle
 10
816.6743651035817
 20
4147.109080193364
 30
0.0
 40
0.75
  0
CIRCLE
  5
3286
330
1F
100
AcDbEntity
  8
0
 62
     0
100
AcDbCircle
 10
810.4883303588648
 20
4147.109080193364
 30
0.0
 40
0.75
  0
CIRCLE
  5
3287
330
1F
100
AcDbEntity
  8
0
 62
     0
100
AcDbCircle
 10
804.3022956141482
 20
4147.109080193364
 30
0.0
 40
0.75
  0
CIRCLE
  5
3288
330
1F
100
AcDbEntity
  8
0
 62
     0
100
AcDbCircle
 10
798.1162608694313
 20
4147.109080193364
 30
0.0
 40
0.75
  0
CIRCLE
  5
3289
330
1F
100
AcDbEntity
  8
0
 62
     0
100
AcDbCircle
 10
791.9302261247148
 20
4147.109080193364
 30
0.0
 40
0.75
  0
CIRCLE
  5
328A
330
1F
100
AcDbEntity
  8
0
 62
     0
100
AcDbCircle
 10
785.7441913799983
 20
4147.109080193364
 30
0.0
 40
0.75
  0
CIRCLE
  5
328B
330
1F
100
AcDbEntity
  8
0
 62
     0
100
AcDbCircle
 10
779.5581566352814
 20
4147.109080193364
 30
0.0
 40
0.75
  0
CIRCLE
  5
328C
330
1F
100
AcDbEntity
  8
0
 62
     0
100
AcDbCircle
 10
773.3721218905647
 20
4147.109080193364
 30
0.0
 40
0.75
  0
CIRCLE
  5
328F
330
1F
100
AcDbEntity
  8
0
 62
     0
100
AcDbCircle
 10
866.1626430613152
 20
4185.109080193364
 30
0.0
 40
0.75
  0
CIRCLE
  5
3290
330
1F
100
AcDbEntity
  8
0
 62
     0
100
AcDbCircle
 10
859.9766083165986
 20
4185.109080193364
 30
0.0
 40
0.75
  0
CIRCLE
  5
3291
330
1F
100
AcDbEntity
  8
0
 62
     0
100
AcDbCircle
 10
853.7905735718819
 20
4185.109080193364
 30
0.0
 40
0.75
  0
CIRCLE
  5
3292
330
1F
100
AcDbEntity
  8
0
 62
     0
100
AcDbCircle
 10
847.6045388271652
 20
4185.109080193364
 30
0.0
 40
0.75
  0
CIRCLE
  5
3293
330
1F
100
AcDbEntity
  8
0
 62
     0
100
AcDbCircle
 10
841.4185040824484
 20
4185.109080193364
 30
0.0
 40
0.75
  0
CIRCLE
  5
3294
330
1F
100
AcDbEntity
  8
0
 62
     0
100
AcDbCircle
 10
835.2324693377317
 20
4185.109080193364
 30
0.0
 40
0.75
  0
CIRCLE
  5
3295
330
1F
100
AcDbEntity
  8
0
 62
     0
100
AcDbCircle
 10
829.0464345930153
 20
4185.109080193364
 30
0.0
 40
0.75
  0
CIRCLE
  5
3296
330
1F
100
AcDbEntity
  8
0
 62
     0
100
AcDbCircle
 10
822.8603998482983
 20
4185.109080193364
 30
0.0
 40
0.75
  0
CIRCLE
  5
3297
330
1F
100
AcDbEntity
  8
0
 62
     0
100
AcDbCircle
 10
816.6743651035817
 20
4185.109080193364
 30
0.0
 40
0.75
  0
CIRCLE
  5
3298
330
1F
100
AcDbEntity
  8
0
 62
     0
100
AcDbCircle
 10
810.4883303588648
 20
4185.109080193364
 30
0.0
 40
0.75
  0
CIRCLE
  5
3299
330
1F
100
AcDbEntity
  8
0
 62
     0
100
AcDbCircle
 10
804.3022956141482
 20
4185.109080193364
 30
0.0
 40
0.75
  0
CIRCLE
  5
329A
330
1F
100
AcDbEntity
  8
0
 62
     0
100
AcDbCircle
 10
798.1162608694313
 20
4185.109080193364
 30
0.0
 40
0.75
  0
CIRCLE
  5
329B
330
1F
100
AcDbEntity
  8
0
 62
     0
100
AcDbCircle
 10
791.9302261247148
 20
4185.109080193364
 30
0.0
 40
0.75
  0
CIRCLE
  5
329C
330
1F
100
AcDbEntity
  8
0
 62
     0
100
AcDbCircle
 10
785.7441913799983
 20
4185.109080193364
 30
0.0
 40
0.75
  0
CIRCLE
  5
329D
330
1F
100
AcDbEntity
  8
0
 62
     0
100
AcDbCircle
 10
779.5581566352814
 20
4185.109080193364
 30
0.0
 40
0.75
  0
CIRCLE
  5
329E
330
1F
100
AcDbEntity
  8
0
 62
     0
100
AcDbCircle
 10
773.3721218905647
 20
4185.109080193364
 30
0.0
 40
0.75
  0
CIRCLE
  5
32A1
330
1F
100
AcDbEntity
  8
0
 62
     0
100
AcDbCircle
 10
866.1626430613152
 20
4230.109080193364
 30
0.0
 40
0.75
  0
CIRCLE
  5
32A2
330
1F
100
AcDbEntity
  8
0
 62
     0
100
AcDbCircle
 10
859.9766083165986
 20
4230.109080193364
 30
0.0
 40
0.75
  0
CIRCLE
  5
32A3
330
1F
100
AcDbEntity
  8
0
 62
     0
100
AcDbCircle
 10
853.7905735718819
 20
4230.109080193364
 30
0.0
 40
0.75
  0
CIRCLE
  5
32A4
330
1F
100
AcDbEntity
  8
0
 62
     0
100
AcDbCircle
 10
847.6045388271652
 20
4230.109080193364
 30
0.0
 40
0.75
  0
CIRCLE
  5
32A5
330
1F
100
AcDbEntity
  8
0
 62
     0
100
AcDbCircle
 10
841.4185040824484
 20
4230.109080193364
 30
0.0
 40
0.75
  0
CIRCLE
  5
32A6
330
1F
100
AcDbEntity
  8
0
 62
     0
100
AcDbCircle
 10
835.2324693377317
 20
4230.109080193364
 30
0.0
 40
0.75
  0
CIRCLE
  5
32A7
330
1F
100
AcDbEntity
  8
0
 62
     0
100
AcDbCircle
 10
829.0464345930153
 20
4230.109080193364
 30
0.0
 40
0.75
  0
CIRCLE
  5
32A8
330
1F
100
AcDbEntity
  8
0
 62
     0
100
AcDbCircle
 10
822.8603998482983
 20
4230.109080193364
 30
0.0
 40
0.75
  0
CIRCLE
  5
32A9
330
1F
100
AcDbEntity
  8
0
 62
     0
100
AcDbCircle
 10
816.6743651035817
 20
4230.109080193364
 30
0.0
 40
0.75
  0
CIRCLE
  5
32AA
330
1F
100
AcDbEntity
  8
0
 62
     0
100
AcDbCircle
 10
810.4883303588648
 20
4230.109080193364
 30
0.0
 40
0.75
  0
CIRCLE
  5
32AB
330
1F
100
AcDbEntity
  8
0
 62
     0
100
AcDbCircle
 10
804.3022956141482
 20
4230.109080193364
 30
0.0
 40
0.75
  0
CIRCLE
  5
32AC
330
1F
100
AcDbEntity
  8
0
 62
     0
100
AcDbCircle
 10
798.1162608694313
 20
4230.109080193364
 30
0.0
 40
0.75
  0
CIRCLE
  5
32AD
330
1F
100
AcDbEntity
  8
0
 62
     0
100
AcDbCircle
 10
791.9302261247148
 20
4230.109080193364
 30
0.0
 40
0.75
  0
CIRCLE
  5
32AE
330
1F
100
AcDbEntity
  8
0
 62
     0
100
AcDbCircle
 10
785.7441913799983
 20
4230.109080193364
 30
0.0
 40
0.75
  0
CIRCLE
  5
32AF
330
1F
100
AcDbEntity
  8
0
 62
     0
100
AcDbCircle
 10
779.5581566352814
 20
4230.109080193364
 30
0.0
 40
0.75
  0
CIRCLE
  5
32B0
330
1F
100
AcDbEntity
  8
0
 62
     0
100
AcDbCircle
 10
773.3721218905647
 20
4230.109080193364
 30
0.0
 40
0.75
  0
CIRCLE
  5
32B3
330
1F
100
AcDbEntity
  8
0
 62
     0
100
AcDbCircle
 10
866.2461401271333
 20
4275.109080193365
 30
0.0
 40
0.75
  0
CIRCLE
  5
32B4
330
1F
100
AcDbEntity
  8
0
 62
     0
100
AcDbCircle
 10
860.0601053824165
 20
4275.109080193365
 30
0.0
 40
0.75
  0
CIRCLE
  5
32B5
330
1F
100
AcDbEntity
  8
0
 62
     0
100
AcDbCircle
 10
853.8740706376998
 20
4275.109080193365
 30
0.0
 40
0.75
  0
CIRCLE
  5
32B6
330
1F
100
AcDbEntity
  8
0
 62
     0
100
AcDbCircle
 10
847.6880358929831
 20
4275.109080193365
 30
0.0
 40
0.75
  0
CIRCLE
  5
32B7
330
1F
100
AcDbEntity
  8
0
 62
     0
100
AcDbCircle
 10
841.5020011482663
 20
4275.109080193365
 30
0.0
 40
0.75
  0
CIRCLE
  5
32B8
330
1F
100
AcDbEntity
  8
0
 62
     0
100
AcDbCircle
 10
835.3159664035498
 20
4275.109080193365
 30
0.0
 40
0.75
  0
CIRCLE
  5
32B9
330
1F
100
AcDbEntity
  8
0
 62
     0
100
AcDbCircle
 10
829.1299316588331
 20
4275.109080193365
 30
0.0
 40
0.75
  0
CIRCLE
  5
32BA
330
1F
100
AcDbEntity
  8
0
 62
     0
100
AcDbCircle
 10
822.9438969141162
 20
4275.109080193365
 30
0.0
 40
0.75
  0
CIRCLE
  5
32BB
330
1F
100
AcDbEntity
  8
0
 62
     0
100
AcDbCircle
 10
816.7578621693996
 20
4275.109080193365
 30
0.0
 40
0.75
  0
CIRCLE
  5
32BC
330
1F
100
AcDbEntity
  8
0
 62
     0
100
AcDbCircle
 10
810.5718274246829
 20
4275.109080193365
 30
0.0
 40
0.75
  0
CIRCLE
  5
32BD
330
1F
100
AcDbEntity
  8
0
 62
     0
100
AcDbCircle
 10
804.3857926799661
 20
4275.109080193365
 30
0.0
 40
0.75
  0
CIRCLE
  5
32BE
330
1F
100
AcDbEntity
  8
0
 62
     0
100
AcDbCircle
 10
798.1997579352495
 20
4275.109080193365
 30
0.0
 40
0.75
  0
CIRCLE
  5
32BF
330
1F
100
AcDbEntity
  8
0
 62
     0
100
AcDbCircle
 10
792.0137231905327
 20
4275.109080193365
 30
0.0
 40
0.75
  0
CIRCLE
  5
32C0
330
1F
100
AcDbEntity
  8
0
 62
     0
100
AcDbCircle
 10
785.827688445816
 20
4275.109080193365
 30
0.0
 40
0.75
  0
CIRCLE
  5
32C1
330
1F
100
AcDbEntity
  8
0
 62
     0
100
AcDbCircle
 10
779.6416537010992
 20
4275.109080193365
 30
0.0
 40
0.75
  0
CIRCLE
  5
32C2
330
1F
100
AcDbEntity
  8
0
 62
     0
100
AcDbCircle
 10
773.4556189563826
 20
4275.109080193365
 30
0.0
 40
0.75
  0
CIRCLE
  5
32C5
330
1F
100
AcDbEntity
  8
0
 62
     0
100
AcDbCircle
 10
866.1626430613152
 20
4320.109080193364
 30
0.0
 40
0.75
  0
CIRCLE
  5
32C6
330
1F
100
AcDbEntity
  8
0
 62
     0
100
AcDbCircle
 10
859.9766083165986
 20
4320.109080193364
 30
0.0
 40
0.75
  0
CIRCLE
  5
32C7
330
1F
100
AcDbEntity
  8
0
 62
     0
100
AcDbCircle
 10
853.7905735718819
 20
4320.109080193364
 30
0.0
 40
0.75
  0
CIRCLE
  5
32C8
330
1F
100
AcDbEntity
  8
0
 62
     0
100
AcDbCircle
 10
847.6045388271652
 20
4320.109080193364
 30
0.0
 40
0.75
  0
CIRCLE
  5
32C9
330
1F
100
AcDbEntity
  8
0
 62
     0
100
AcDbCircle
 10
841.4185040824484
 20
4320.109080193364
 30
0.0
 40
0.75
  0
CIRCLE
  5
32CA
330
1F
100
AcDbEntity
  8
0
 62
     0
100
AcDbCircle
 10
835.2324693377317
 20
4320.109080193364
 30
0.0
 40
0.75
  0
CIRCLE
  5
32CB
330
1F
100
AcDbEntity
  8
0
 62
     0
100
AcDbCircle
 10
829.0464345930153
 20
4320.109080193364
 30
0.0
 40
0.75
  0
CIRCLE
  5
32CC
330
1F
100
AcDbEntity
  8
0
 62
     0
100
AcDbCircle
 10
822.8603998482983
 20
4320.109080193364
 30
0.0
 40
0.75
  0
CIRCLE
  5
32CD
330
1F
100
AcDbEntity
  8
0
 62
     0
100
AcDbCircle
 10
816.6743651035817
 20
4320.109080193364
 30
0.0
 40
0.75
  0
CIRCLE
  5
32CE
330
1F
100
AcDbEntity
  8
0
 62
     0
100
AcDbCircle
 10
810.4883303588648
 20
4320.109080193364
 30
0.0
 40
0.75
  0
CIRCLE
  5
32CF
330
1F
100
AcDbEntity
  8
0
 62
     0
100
AcDbCircle
 10
804.3022956141482
 20
4320.109080193364
 30
0.0
 40
0.75
  0
CIRCLE
  5
32D0
330
1F
100
AcDbEntity
  8
0
 62
     0
100
AcDbCircle
 10
798.1162608694313
 20
4320.109080193364
 30
0.0
 40
0.75
  0
CIRCLE
  5
32D1
330
1F
100
AcDbEntity
  8
0
 62
     0
100
AcDbCircle
 10
791.9302261247148
 20
4320.109080193364
 30
0.0
 40
0.75
  0
CIRCLE
  5
32D2
330
1F
100
AcDbEntity
  8
0
 62
     0
100
AcDbCircle
 10
785.7441913799983
 20
4320.109080193364
 30
0.0
 40
0.75
  0
CIRCLE
  5
32D3
330
1F
100
AcDbEntity
  8
0
 62
     0
100
AcDbCircle
 10
779.5581566352814
 20
4320.109080193364
 30
0.0
 40
0.75
  0
CIRCLE
  5
32D4
330
1F
100
AcDbEntity
  8
0
 62
     0
100
AcDbCircle
 10
773.3721218905647
 20
4320.109080193364
 30
0.0
 40
0.75
  0
CIRCLE
  5
32D7
330
1F
100
AcDbEntity
  8
0
 62
     0
100
AcDbCircle
 10
866.1626430613152
 20
4371.109080193364
 30
0.0
 40
0.75
  0
CIRCLE
  5
32D8
330
1F
100
AcDbEntity
  8
0
 62
     0
100
AcDbCircle
 10
859.9766083165986
 20
4371.109080193364
 30
0.0
 40
0.75
  0
CIRCLE
  5
32D9
330
1F
100
AcDbEntity
  8
0
 62
     0
100
AcDbCircle
 10
853.7905735718819
 20
4371.109080193364
 30
0.0
 40
0.75
  0
CIRCLE
  5
32DA
330
1F
100
AcDbEntity
  8
0
 62
     0
100
AcDbCircle
 10
847.6045388271652
 20
4371.109080193364
 30
0.0
 40
0.75
  0
CIRCLE
  5
32DB
330
1F
100
AcDbEntity
  8
0
 62
     0
100
AcDbCircle
 10
841.4185040824484
 20
4371.109080193364
 30
0.0
 40
0.75
  0
CIRCLE
  5
32DC
330
1F
100
AcDbEntity
  8
0
 62
     0
100
AcDbCircle
 10
835.2324693377317
 20
4371.109080193364
 30
0.0
 40
0.75
  0
CIRCLE
  5
32DD
330
1F
100
AcDbEntity
  8
0
 62
     0
100
AcDbCircle
 10
829.0464345930153
 20
4371.109080193364
 30
0.0
 40
0.75
  0
CIRCLE
  5
32DE
330
1F
100
AcDbEntity
  8
0
 62
     0
100
AcDbCircle
 10
822.8603998482983
 20
4371.109080193364
 30
0.0
 40
0.75
  0
CIRCLE
  5
32DF
330
1F
100
AcDbEntity
  8
0
 62
     0
100
AcDbCircle
 10
816.6743651035817
 20
4371.109080193364
 30
0.0
 40
0.75
  0
CIRCLE
  5
32E0
330
1F
100
AcDbEntity
  8
0
 62
     0
100
AcDbCircle
 10
810.4883303588648
 20
4371.109080193364
 30
0.0
 40
0.75
  0
CIRCLE
  5
32E1
330
1F
100
AcDbEntity
  8
0
 62
     0
100
AcDbCircle
 10
804.3022956141482
 20
4371.109080193364
 30
0.0
 40
0.75
  0
CIRCLE
  5
32E2
330
1F
100
AcDbEntity
  8
0
 62
     0
100
AcDbCircle
 10
798.1162608694313
 20
4371.109080193364
 30
0.0
 40
0.75
  0
CIRCLE
  5
32E3
330
1F
100
AcDbEntity
  8
0
 62
     0
100
AcDbCircle
 10
791.9302261247148
 20
4371.109080193364
 30
0.0
 40
0.75
  0
CIRCLE
  5
32E4
330
1F
100
AcDbEntity
  8
0
 62
     0
100
AcDbCircle
 10
785.7441913799983
 20
4371.109080193364
 30
0.0
 40
0.75
  0
CIRCLE
  5
32E5
330
1F
100
AcDbEntity
  8
0
 62
     0
100
AcDbCircle
 10
779.5581566352814
 20
4371.109080193364
 30
0.0
 40
0.75
  0
CIRCLE
  5
32E6
330
1F
100
AcDbEntity
  8
0
 62
     0
100
AcDbCircle
 10
773.3721218905647
 20
4371.109080193364
 30
0.0
 40
0.75
  0
CIRCLE
  5
32E9
330
1F
100
AcDbEntity
  8
0
 62
     0
100
AcDbCircle
 10
866.1626430613152
 20
4422.109080193364
 30
0.0
 40
0.75
  0
CIRCLE
  5
32EA
330
1F
100
AcDbEntity
  8
0
 62
     0
100
AcDbCircle
 10
859.9766083165986
 20
4422.109080193364
 30
0.0
 40
0.75
  0
CIRCLE
  5
32EB
330
1F
100
AcDbEntity
  8
0
 62
     0
100
AcDbCircle
 10
853.7905735718819
 20
4422.109080193364
 30
0.0
 40
0.75
  0
CIRCLE
  5
32EC
330
1F
100
AcDbEntity
  8
0
 62
     0
100
AcDbCircle
 10
847.6045388271652
 20
4422.109080193364
 30
0.0
 40
0.75
  0
CIRCLE
  5
32ED
330
1F
100
AcDbEntity
  8
0
 62
     0
100
AcDbCircle
 10
841.4185040824484
 20
4422.109080193364
 30
0.0
 40
0.75
  0
CIRCLE
  5
32EE
330
1F
100
AcDbEntity
  8
0
 62
     0
100
AcDbCircle
 10
835.2324693377317
 20
4422.109080193364
 30
0.0
 40
0.75
  0
CIRCLE
  5
32EF
330
1F
100
AcDbEntity
  8
0
 62
     0
100
AcDbCircle
 10
829.0464345930153
 20
4422.109080193364
 30
0.0
 40
0.75
  0
CIRCLE
  5
32F0
330
1F
100
AcDbEntity
  8
0
 62
     0
100
AcDbCircle
 10
822.8603998482983
 20
4422.109080193364
 30
0.0
 40
0.75
  0
CIRCLE
  5
32F1
330
1F
100
AcDbEntity
  8
0
 62
     0
100
AcDbCircle
 10
816.6743651035817
 20
4422.109080193364
 30
0.0
 40
0.75
  0
CIRCLE
  5
32F2
330
1F
100
AcDbEntity
  8
0
 62
     0
100
AcDbCircle
 10
810.4883303588648
 20
4422.109080193364
 30
0.0
 40
0.75
  0
CIRCLE
  5
32F3
330
1F
100
AcDbEntity
  8
0
 62
     0
100
AcDbCircle
 10
804.3022956141482
 20
4422.109080193364
 30
0.0
 40
0.75
  0
CIRCLE
  5
32F4
330
1F
100
AcDbEntity
  8
0
 62
     0
100
AcDbCircle
 10
798.1162608694313
 20
4422.109080193364
 30
0.0
 40
0.75
  0
CIRCLE
  5
32F5
330
1F
100
AcDbEntity
  8
0
 62
     0
100
AcDbCircle
 10
791.9302261247148
 20
4422.109080193364
 30
0.0
 40
0.75
  0
CIRCLE
  5
32F6
330
1F
100
AcDbEntity
  8
0
 62
     0
100
AcDbCircle
 10
785.7441913799983
 20
4422.109080193364
 30
0.0
 40
0.75
  0
CIRCLE
  5
32F7
330
1F
100
AcDbEntity
  8
0
 62
     0
100
AcDbCircle
 10
779.5581566352814
 20
4422.109080193364
 30
0.0
 40
0.75
  0
CIRCLE
  5
32F8
330
1F
100
AcDbEntity
  8
0
 62
     0
100
AcDbCircle
 10
773.3721218905647
 20
4422.109080193364
 30
0.0
 40
0.75
  0
CIRCLE
  5
32FB
330
1F
100
AcDbEntity
  8
0
 62
     0
100
AcDbCircle
 10
866.1626430613152
 20
4479.109080193364
 30
0.0
 40
0.75
  0
CIRCLE
  5
32FC
330
1F
100
AcDbEntity
  8
0
 62
     0
100
AcDbCircle
 10
859.9766083165986
 20
4479.109080193364
 30
0.0
 40
0.75
  0
CIRCLE
  5
32FD
330
1F
100
AcDbEntity
  8
0
 62
     0
100
AcDbCircle
 10
853.7905735718819
 20
4479.109080193364
 30
0.0
 40
0.75
  0
CIRCLE
  5
32FE
330
1F
100
AcDbEntity
  8
0
 62
     0
100
AcDbCircle
 10
847.6045388271652
 20
4479.109080193364
 30
0.0
 40
0.75
  0
CIRCLE
  5
32FF
330
1F
100
AcDbEntity
  8
0
 62
     0
100
AcDbCircle
 10
841.4185040824484
 20
4479.109080193364
 30
0.0
 40
0.75
  0
CIRCLE
  5
3300
330
1F
100
AcDbEntity
  8
0
 62
     0
100
AcDbCircle
 10
835.2324693377317
 20
4479.109080193364
 30
0.0
 40
0.75
  0
CIRCLE
  5
3301
330
1F
100
AcDbEntity
  8
0
 62
     0
100
AcDbCircle
 10
829.0464345930153
 20
4479.109080193364
 30
0.0
 40
0.75
  0
CIRCLE
  5
3302
330
1F
100
AcDbEntity
  8
0
 62
     0
100
AcDbCircle
 10
822.8603998482983
 20
4479.109080193364
 30
0.0
 40
0.75
  0
CIRCLE
  5
3303
330
1F
100
AcDbEntity
  8
0
 62
     0
100
AcDbCircle
 10
816.6743651035817
 20
4479.109080193364
 30
0.0
 40
0.75
  0
CIRCLE
  5
3304
330
1F
100
AcDbEntity
  8
0
 62
     0
100
AcDbCircle
 10
810.4883303588648
 20
4479.109080193364
 30
0.0
 40
0.75
  0
CIRCLE
  5
3305
330
1F
100
AcDbEntity
  8
0
 62
     0
100
AcDbCircle
 10
804.3022956141482
 20
4479.109080193364
 30
0.0
 40
0.75
  0
CIRCLE
  5
3306
330
1F
100
AcDbEntity
  8
0
 62
     0
100
AcDbCircle
 10
798.1162608694313
 20
4479.109080193364
 30
0.0
 40
0.75
  0
CIRCLE
  5
3307
330
1F
100
AcDbEntity
  8
0
 62
     0
100
AcDbCircle
 10
791.9302261247148
 20
4479.109080193364
 30
0.0
 40
0.75
  0
CIRCLE
  5
3308
330
1F
100
AcDbEntity
  8
0
 62
     0
100
AcDbCircle
 10
785.7441913799983
 20
4479.109080193364
 30
0.0
 40
0.75
  0
CIRCLE
  5
3309
330
1F
100
AcDbEntity
  8
0
 62
     0
100
AcDbCircle
 10
779.5581566352814
 20
4479.109080193364
 30
0.0
 40
0.75
  0
CIRCLE
  5
330A
330
1F
100
AcDbEntity
  8
0
 62
     0
100
AcDbCircle
 10
773.3721218905647
 20
4479.109080193364
 30
0.0
 40
0.75
  0
CIRCLE
  5
330D
330
1F
100
AcDbEntity
  8
0
 62
     0
100
AcDbCircle
 10
866.1626430613152
 20
4542.109080193364
 30
0.0
 40
0.75
  0
CIRCLE
  5
330E
330
1F
100
AcDbEntity
  8
0
 62
     0
100
AcDbCircle
 10
859.9766083165986
 20
4542.109080193364
 30
0.0
 40
0.75
  0
CIRCLE
  5
330F
330
1F
100
AcDbEntity
  8
0
 62
     0
100
AcDbCircle
 10
853.7905735718819
 20
4542.109080193364
 30
0.0
 40
0.75
  0
CIRCLE
  5
3310
330
1F
100
AcDbEntity
  8
0
 62
     0
100
AcDbCircle
 10
847.6045388271652
 20
4542.109080193364
 30
0.0
 40
0.75
  0
CIRCLE
  5
3311
330
1F
100
AcDbEntity
  8
0
 62
     0
100
AcDbCircle
 10
841.4185040824484
 20
4542.109080193364
 30
0.0
 40
0.75
  0
CIRCLE
  5
3312
330
1F
100
AcDbEntity
  8
0
 62
     0
100
AcDbCircle
 10
835.2324693377317
 20
4542.109080193364
 30
0.0
 40
0.75
  0
CIRCLE
  5
3313
330
1F
100
AcDbEntity
  8
0
 62
     0
100
AcDbCircle
 10
829.0464345930153
 20
4542.109080193364
 30
0.0
 40
0.75
  0
CIRCLE
  5
3314
330
1F
100
AcDbEntity
  8
0
 62
     0
100
AcDbCircle
 10
822.8603998482983
 20
4542.109080193364
 30
0.0
 40
0.75
  0
CIRCLE
  5
3315
330
1F
100
AcDbEntity
  8
0
 62
     0
100
AcDbCircle
 10
816.6743651035817
 20
4542.109080193364
 30
0.0
 40
0.75
  0
CIRCLE
  5
3316
330
1F
100
AcDbEntity
  8
0
 62
     0
100
AcDbCircle
 10
810.4883303588648
 20
4542.109080193364
 30
0.0
 40
0.75
  0
CIRCLE
  5
3317
330
1F
100
AcDbEntity
  8
0
 62
     0
100
AcDbCircle
 10
804.3022956141482
 20
4542.109080193364
 30
0.0
 40
0.75
  0
CIRCLE
  5
3318
330
1F
100
AcDbEntity
  8
0
 62
     0
100
AcDbCircle
 10
798.1162608694313
 20
4542.109080193364
 30
0.0
 40
0.75
  0
CIRCLE
  5
3319
330
1F
100
AcDbEntity
  8
0
 62
     0
100
AcDbCircle
 10
791.9302261247148
 20
4542.109080193364
 30
0.0
 40
0.75
  0
CIRCLE
  5
331A
330
1F
100
AcDbEntity
  8
0
 62
     0
100
AcDbCircle
 10
785.7441913799983
 20
4542.109080193364
 30
0.0
 40
0.75
  0
CIRCLE
  5
331B
330
1F
100
AcDbEntity
  8
0
 62
     0
100
AcDbCircle
 10
779.5581566352814
 20
4542.109080193364
 30
0.0
 40
0.75
  0
CIRCLE
  5
331C
330
1F
100
AcDbEntity
  8
0
 62
     0
100
AcDbCircle
 10
773.3721218905647
 20
4542.109080193364
 30
0.0
 40
0.75
  0
CIRCLE
  5
331F
330
1F
100
AcDbEntity
  8
0
 62
     0
100
AcDbCircle
 10
866.1626430613152
 20
4611.109080193364
 30
0.0
 40
0.75
  0
CIRCLE
  5
3320
330
1F
100
AcDbEntity
  8
0
 62
     0
100
AcDbCircle
 10
859.9766083165986
 20
4611.109080193364
 30
0.0
 40
0.75
  0
CIRCLE
  5
3321
330
1F
100
AcDbEntity
  8
0
 62
     0
100
AcDbCircle
 10
853.7905735718819
 20
4611.109080193364
 30
0.0
 40
0.75
  0
CIRCLE
  5
3322
330
1F
100
AcDbEntity
  8
0
 62
     0
100
AcDbCircle
 10
847.6045388271652
 20
4611.109080193364
 30
0.0
 40
0.75
  0
CIRCLE
  5
3323
330
1F
100
AcDbEntity
  8
0
 62
     0
100
AcDbCircle
 10
841.4185040824484
 20
4611.109080193364
 30
0.0
 40
0.75
  0
CIRCLE
  5
3324
330
1F
100
AcDbEntity
  8
0
 62
     0
100
AcDbCircle
 10
835.2324693377317
 20
4611.109080193364
 30
0.0
 40
0.75
  0
CIRCLE
  5
3325
330
1F
100
AcDbEntity
  8
0
 62
     0
100
AcDbCircle
 10
829.0464345930153
 20
4611.109080193364
 30
0.0
 40
0.75
  0
CIRCLE
  5
3326
330
1F
100
AcDbEntity
  8
0
 62
     0
100
AcDbCircle
 10
822.8603998482983
 20
4611.109080193364
 30
0.0
 40
0.75
  0
CIRCLE
  5
3327
330
1F
100
AcDbEntity
  8
0
 62
     0
100
AcDbCircle
 10
816.6743651035817
 20
4611.109080193364
 30
0.0
 40
0.75
  0
CIRCLE
  5
3328
330
1F
100
AcDbEntity
  8
0
 62
     0
100
AcDbCircle
 10
810.4883303588648
 20
4611.109080193364
 30
0.0
 40
0.75
  0
CIRCLE
  5
3329
330
1F
100
AcDbEntity
  8
0
 62
     0
100
AcDbCircle
 10
804.3022956141482
 20
4611.109080193364
 30
0.0
 40
0.75
  0
CIRCLE
  5
332A
330
1F
100
AcDbEntity
  8
0
 62
     0
100
AcDbCircle
 10
798.1162608694313
 20
4611.109080193364
 30
0.0
 40
0.75
  0
CIRCLE
  5
332B
330
1F
100
AcDbEntity
  8
0
 62
     0
100
AcDbCircle
 10
791.9302261247148
 20
4611.109080193364
 30
0.0
 40
0.75
  0
CIRCLE
  5
332C
330
1F
100
AcDbEntity
  8
0
 62
     0
100
AcDbCircle
 10
785.7441913799983
 20
4611.109080193364
 30
0.0
 40
0.75
  0
CIRCLE
  5
332D
330
1F
100
AcDbEntity
  8
0
 62
     0
100
AcDbCircle
 10
779.5581566352814
 20
4611.109080193364
 30
0.0
 40
0.75
  0
CIRCLE
  5
332E
330
1F
100
AcDbEntity
  8
0
 62
     0
100
AcDbCircle
 10
773.3721218905647
 20
4611.109080193364
 30
0.0
 40
0.75
  0
CIRCLE
  5
3331
330
1F
100
AcDbEntity
  8
0
 62
     0
100
AcDbCircle
 10
603.416183860297
 20
4109.109080193364
 30
0.0
 40
0.75
  0
CIRCLE
  5
3332
330
1F
100
AcDbEntity
  8
0
 62
     0
100
AcDbCircle
 10
609.6022186050137
 20
4109.109080193364
 30
0.0
 40
0.75
  0
CIRCLE
  5
3333
330
1F
100
AcDbEntity
  8
0
 62
     0
100
AcDbCircle
 10
615.7882533497302
 20
4109.109080193364
 30
0.0
 40
0.75
  0
CIRCLE
  5
3334
330
1F
100
AcDbEntity
  8
0
 62
     0
100
AcDbCircle
 10
621.9742880944473
 20
4109.109080193364
 30
0.0
 40
0.75
  0
CIRCLE
  5
3335
330
1F
100
AcDbEntity
  8
0
 62
     0
100
AcDbCircle
 10
628.1603228391637
 20
4109.109080193364
 30
0.0
 40
0.75
  0
CIRCLE
  5
3336
330
1F
100
AcDbEntity
  8
0
 62
     0
100
AcDbCircle
 10
634.3463575838804
 20
4109.109080193364
 30
0.0
 40
0.75
  0
CIRCLE
  5
3337
330
1F
100
AcDbEntity
  8
0
 62
     0
100
AcDbCircle
 10
640.5323923285972
 20
4109.109080193364
 30
0.0
 40
0.75
  0
CIRCLE
  5
3338
330
1F
100
AcDbEntity
  8
0
 62
     0
100
AcDbCircle
 10
646.7184270733139
 20
4109.109080193364
 30
0.0
 40
0.75
  0
CIRCLE
  5
3339
330
1F
100
AcDbEntity
  8
0
 62
     0
100
AcDbCircle
 10
652.9044618180307
 20
4109.109080193364
 30
0.0
 40
0.75
  0
CIRCLE
  5
333A
330
1F
100
AcDbEntity
  8
0
 62
     0
100
AcDbCircle
 10
659.0904965627474
 20
4109.109080193364
 30
0.0
 40
0.75
  0
CIRCLE
  5
333B
330
1F
100
AcDbEntity
  8
0
 62
     0
100
AcDbCircle
 10
665.2765313074641
 20
4109.109080193364
 30
0.0
 40
0.75
  0
CIRCLE
  5
333C
330
1F
100
AcDbEntity
  8
0
 62
     0
100
AcDbCircle
 10
671.4625660521808
 20
4109.109080193364
 30
0.0
 40
0.75
  0
CIRCLE
  5
333D
330
1F
100
AcDbEntity
  8
0
 62
     0
100
AcDbCircle
 10
677.6486007968975
 20
4109.109080193364
 30
0.0
 40
0.75
  0
CIRCLE
  5
333E
330
1F
100
AcDbEntity
  8
0
 62
     0
100
AcDbCircle
 10
683.8346355416142
 20
4109.109080193364
 30
0.0
 40
0.75
  0
CIRCLE
  5
333F
330
1F
100
AcDbEntity
  8
0
 62
     0
100
AcDbCircle
 10
690.0206702863307
 20
4109.109080193364
 30
0.0
 40
0.75
  0
CIRCLE
  5
3340
330
1F
100
AcDbEntity
  8
0
 62
     0
100
AcDbCircle
 10
696.2067050310476
 20
4109.109080193364
 30
0.0
 40
0.75
  0
CIRCLE
  5
3343
330
1F
100
AcDbEntity
  8
0
 62
     0
100
AcDbCircle
 10
603.416183860297
 20
4147.109080193364
 30
0.0
 40
0.75
  0
CIRCLE
  5
3344
330
1F
100
AcDbEntity
  8
0
 62
     0
100
AcDbCircle
 10
609.6022186050137
 20
4147.109080193364
 30
0.0
 40
0.75
  0
CIRCLE
  5
3345
330
1F
100
AcDbEntity
  8
0
 62
     0
100
AcDbCircle
 10
615.7882533497302
 20
4147.109080193364
 30
0.0
 40
0.75
  0
CIRCLE
  5
3346
330
1F
100
AcDbEntity
  8
0
 62
     0
100
AcDbCircle
 10
621.9742880944473
 20
4147.109080193364
 30
0.0
 40
0.75
  0
CIRCLE
  5
3347
330
1F
100
AcDbEntity
  8
0
 62
     0
100
AcDbCircle
 10
628.1603228391637
 20
4147.109080193364
 30
0.0
 40
0.75
  0
CIRCLE
  5
3348
330
1F
100
AcDbEntity
  8
0
 62
     0
100
AcDbCircle
 10
634.3463575838804
 20
4147.109080193364
 30
0.0
 40
0.75
  0
CIRCLE
  5
3349
330
1F
100
AcDbEntity
  8
0
 62
     0
100
AcDbCircle
 10
640.5323923285972
 20
4147.109080193364
 30
0.0
 40
0.75
  0
CIRCLE
  5
334A
330
1F
100
AcDbEntity
  8
0
 62
     0
100
AcDbCircle
 10
646.7184270733139
 20
4147.109080193364
 30
0.0
 40
0.75
  0
CIRCLE
  5
334B
330
1F
100
AcDbEntity
  8
0
 62
     0
100
AcDbCircle
 10
652.9044618180307
 20
4147.109080193364
 30
0.0
 40
0.75
  0
CIRCLE
  5
334C
330
1F
100
AcDbEntity
  8
0
 62
     0
100
AcDbCircle
 10
659.0904965627474
 20
4147.109080193364
 30
0.0
 40
0.75
  0
CIRCLE
  5
334D
330
1F
100
AcDbEntity
  8
0
 62
     0
100
AcDbCircle
 10
665.2765313074641
 20
4147.109080193364
 30
0.0
 40
0.75
  0
CIRCLE
  5
334E
330
1F
100
AcDbEntity
  8
0
 62
     0
100
AcDbCircle
 10
671.4625660521808
 20
4147.109080193364
 30
0.0
 40
0.75
  0
CIRCLE
  5
334F
330
1F
100
AcDbEntity
  8
0
 62
     0
100
AcDbCircle
 10
677.6486007968975
 20
4147.109080193364
 30
0.0
 40
0.75
  0
CIRCLE
  5
3350
330
1F
100
AcDbEntity
  8
0
 62
     0
100
AcDbCircle
 10
683.8346355416142
 20
4147.109080193364
 30
0.0
 40
0.75
  0
CIRCLE
  5
3351
330
1F
100
AcDbEntity
  8
0
 62
     0
100
AcDbCircle
 10
690.0206702863307
 20
4147.109080193364
 30
0.0
 40
0.75
  0
CIRCLE
  5
3352
330
1F
100
AcDbEntity
  8
0
 62
     0
100
AcDbCircle
 10
696.2067050310476
 20
4147.109080193364
 30
0.0
 40
0.75
  0
CIRCLE
  5
3355
330
1F
100
AcDbEntity
  8
0
 62
     0
100
AcDbCircle
 10
603.416183860297
 20
4185.109080193364
 30
0.0
 40
0.75
  0
CIRCLE
  5
3356
330
1F
100
AcDbEntity
  8
0
 62
     0
100
AcDbCircle
 10
609.6022186050137
 20
4185.109080193364
 30
0.0
 40
0.75
  0
CIRCLE
  5
3357
330
1F
100
AcDbEntity
  8
0
 62
     0
100
AcDbCircle
 10
615.7882533497302
 20
4185.109080193364
 30
0.0
 40
0.75
  0
CIRCLE
  5
3358
330
1F
100
AcDbEntity
  8
0
 62
     0
100
AcDbCircle
 10
621.9742880944473
 20
4185.109080193364
 30
0.0
 40
0.75
  0
CIRCLE
  5
3359
330
1F
100
AcDbEntity
  8
0
 62
     0
100
AcDbCircle
 10
628.1603228391637
 20
4185.109080193364
 30
0.0
 40
0.75
  0
CIRCLE
  5
335A
330
1F
100
AcDbEntity
  8
0
 62
     0
100
AcDbCircle
 10
634.3463575838804
 20
4185.109080193364
 30
0.0
 40
0.75
  0
CIRCLE
  5
335B
330
1F
100
AcDbEntity
  8
0
 62
     0
100
AcDbCircle
 10
640.5323923285972
 20
4185.109080193364
 30
0.0
 40
0.75
  0
CIRCLE
  5
335C
330
1F
100
AcDbEntity
  8
0
 62
     0
100
AcDbCircle
 10
646.7184270733139
 20
4185.109080193364
 30
0.0
 40
0.75
  0
CIRCLE
  5
335D
330
1F
100
AcDbEntity
  8
0
 62
     0
100
AcDbCircle
 10
652.9044618180307
 20
4185.109080193364
 30
0.0
 40
0.75
  0
CIRCLE
  5
335E
330
1F
100
AcDbEntity
  8
0
 62
     0
100
AcDbCircle
 10
659.0904965627474
 20
4185.109080193364
 30
0.0
 40
0.75
  0
CIRCLE
  5
335F
330
1F
100
AcDbEntity
  8
0
 62
     0
100
AcDbCircle
 10
665.2765313074641
 20
4185.109080193364
 30
0.0
 40
0.75
  0
CIRCLE
  5
3360
330
1F
100
AcDbEntity
  8
0
 62
     0
100
AcDbCircle
 10
671.4625660521808
 20
4185.109080193364
 30
0.0
 40
0.75
  0
CIRCLE
  5
3361
330
1F
100
AcDbEntity
  8
0
 62
     0
100
AcDbCircle
 10
677.6486007968975
 20
4185.109080193364
 30
0.0
 40
0.75
  0
CIRCLE
  5
3362
330
1F
100
AcDbEntity
  8
0
 62
     0
100
AcDbCircle
 10
683.8346355416142
 20
4185.109080193364
 30
0.0
 40
0.75
  0
CIRCLE
  5
3363
330
1F
100
AcDbEntity
  8
0
 62
     0
100
AcDbCircle
 10
690.0206702863307
 20
4185.109080193364
 30
0.0
 40
0.75
  0
CIRCLE
  5
3364
330
1F
100
AcDbEntity
  8
0
 62
     0
100
AcDbCircle
 10
696.2067050310476
 20
4185.109080193364
 30
0.0
 40
0.75
  0
CIRCLE
  5
3367
330
1F
100
AcDbEntity
  8
0
 62
     0
100
AcDbCircle
 10
603.416183860297
 20
4230.109080193364
 30
0.0
 40
0.75
  0
CIRCLE
  5
3368
330
1F
100
AcDbEntity
  8
0
 62
     0
100
AcDbCircle
 10
609.6022186050137
 20
4230.109080193364
 30
0.0
 40
0.75
  0
CIRCLE
  5
3369
330
1F
100
AcDbEntity
  8
0
 62
     0
100
AcDbCircle
 10
615.7882533497302
 20
4230.109080193364
 30
0.0
 40
0.75
  0
CIRCLE
  5
336A
330
1F
100
AcDbEntity
  8
0
 62
     0
100
AcDbCircle
 10
621.9742880944473
 20
4230.109080193364
 30
0.0
 40
0.75
  0
CIRCLE
  5
336B
330
1F
100
AcDbEntity
  8
0
 62
     0
100
AcDbCircle
 10
628.1603228391637
 20
4230.109080193364
 30
0.0
 40
0.75
  0
CIRCLE
  5
336C
330
1F
100
AcDbEntity
  8
0
 62
     0
100
AcDbCircle
 10
634.3463575838804
 20
4230.109080193364
 30
0.0
 40
0.75
  0
CIRCLE
  5
336D
330
1F
100
AcDbEntity
  8
0
 62
     0
100
AcDbCircle
 10
640.5323923285972
 20
4230.109080193364
 30
0.0
 40
0.75
  0
CIRCLE
  5
336E
330
1F
100
AcDbEntity
  8
0
 62
     0
100
AcDbCircle
 10
646.7184270733139
 20
4230.109080193364
 30
0.0
 40
0.75
  0
CIRCLE
  5
336F
330
1F
100
AcDbEntity
  8
0
 62
     0
100
AcDbCircle
 10
652.9044618180307
 20
4230.109080193364
 30
0.0
 40
0.75
  0
CIRCLE
  5
3370
330
1F
100
AcDbEntity
  8
0
 62
     0
100
AcDbCircle
 10
659.0904965627474
 20
4230.109080193364
 30
0.0
 40
0.75
  0
CIRCLE
  5
3371
330
1F
100
AcDbEntity
  8
0
 62
     0
100
AcDbCircle
 10
665.2765313074641
 20
4230.109080193364
 30
0.0
 40
0.75
  0
CIRCLE
  5
3372
330
1F
100
AcDbEntity
  8
0
 62
     0
100
AcDbCircle
 10
671.4625660521808
 20
4230.109080193364
 30
0.0
 40
0.75
  0
CIRCLE
  5
3373
330
1F
100
AcDbEntity
  8
0
 62
     0
100
AcDbCircle
 10
677.6486007968975
 20
4230.109080193364
 30
0.0
 40
0.75
  0
CIRCLE
  5
3374
330
1F
100
AcDbEntity
  8
0
 62
     0
100
AcDbCircle
 10
683.8346355416142
 20
4230.109080193364
 30
0.0
 40
0.75
  0
CIRCLE
  5
3375
330
1F
100
AcDbEntity
  8
0
 62
     0
100
AcDbCircle
 10
690.0206702863307
 20
4230.109080193364
 30
0.0
 40
0.75
  0
CIRCLE
  5
3376
330
1F
100
AcDbEntity
  8
0
 62
     0
100
AcDbCircle
 10
696.2067050310476
 20
4230.109080193364
 30
0.0
 40
0.75
  0
CIRCLE
  5
3379
330
1F
100
AcDbEntity
  8
0
 62
     0
100
AcDbCircle
 10
603.3326867944792
 20
4275.109080193365
 30
0.0
 40
0.75
  0
CIRCLE
  5
337A
330
1F
100
AcDbEntity
  8
0
 62
     0
100
AcDbCircle
 10
609.5187215391959
 20
4275.109080193365
 30
0.0
 40
0.75
  0
CIRCLE
  5
337B
330
1F
100
AcDbEntity
  8
0
 62
     0
100
AcDbCircle
 10
615.7047562839125
 20
4275.109080193365
 30
0.0
 40
0.75
  0
CIRCLE
  5
337C
330
1F
100
AcDbEntity
  8
0
 62
     0
100
AcDbCircle
 10
621.8907910286292
 20
4275.109080193365
 30
0.0
 40
0.75
  0
CIRCLE
  5
337D
330
1F
100
AcDbEntity
  8
0
 62
     0
100
AcDbCircle
 10
628.0768257733456
 20
4275.109080193365
 30
0.0
 40
0.75
  0
CIRCLE
  5
337E
330
1F
100
AcDbEntity
  8
0
 62
     0
100
AcDbCircle
 10
634.2628605180627
 20
4275.109080193365
 30
0.0
 40
0.75
  0
CIRCLE
  5
337F
330
1F
100
AcDbEntity
  8
0
 62
     0
100
AcDbCircle
 10
640.4488952627794
 20
4275.109080193365
 30
0.0
 40
0.75
  0
CIRCLE
  5
3380
330
1F
100
AcDbEntity
  8
0
 62
     0
100
AcDbCircle
 10
646.6349300074962
 20
4275.109080193365
 30
0.0
 40
0.75
  0
CIRCLE
  5
3381
330
1F
100
AcDbEntity
  8
0
 62
     0
100
AcDbCircle
 10
652.8209647522126
 20
4275.109080193365
 30
0.0
 40
0.75
  0
CIRCLE
  5
3382
330
1F
100
AcDbEntity
  8
0
 62
     0
100
AcDbCircle
 10
659.0069994969296
 20
4275.109080193365
 30
0.0
 40
0.75
  0
CIRCLE
  5
3383
330
1F
100
AcDbEntity
  8
0
 62
     0
100
AcDbCircle
 10
665.1930342416463
 20
4275.109080193365
 30
0.0
 40
0.75
  0
CIRCLE
  5
3384
330
1F
100
AcDbEntity
  8
0
 62
     0
100
AcDbCircle
 10
671.3790689863627
 20
4275.109080193365
 30
0.0
 40
0.75
  0
CIRCLE
  5
3385
330
1F
100
AcDbEntity
  8
0
 62
     0
100
AcDbCircle
 10
677.5651037310796
 20
4275.109080193365
 30
0.0
 40
0.75
  0
CIRCLE
  5
3386
330
1F
100
AcDbEntity
  8
0
 62
     0
100
AcDbCircle
 10
683.7511384757963
 20
4275.109080193365
 30
0.0
 40
0.75
  0
CIRCLE
  5
3387
330
1F
100
AcDbEntity
  8
0
 62
     0
100
AcDbCircle
 10
689.9371732205131
 20
4275.109080193365
 30
0.0
 40
0.75
  0
CIRCLE
  5
3388
330
1F
100
AcDbEntity
  8
0
 62
     0
100
AcDbCircle
 10
696.1232079652297
 20
4275.109080193365
 30
0.0
 40
0.75
  0
CIRCLE
  5
338B
330
1F
100
AcDbEntity
  8
0
 62
     0
100
AcDbCircle
 10
603.416183860297
 20
4320.109080193364
 30
0.0
 40
0.75
  0
CIRCLE
  5
338C
330
1F
100
AcDbEntity
  8
0
 62
     0
100
AcDbCircle
 10
609.6022186050137
 20
4320.109080193364
 30
0.0
 40
0.75
  0
CIRCLE
  5
338D
330
1F
100
AcDbEntity
  8
0
 62
     0
100
AcDbCircle
 10
615.7882533497302
 20
4320.109080193364
 30
0.0
 40
0.75
  0
CIRCLE
  5
338E
330
1F
100
AcDbEntity
  8
0
 62
     0
100
AcDbCircle
 10
621.9742880944473
 20
4320.109080193364
 30
0.0
 40
0.75
  0
CIRCLE
  5
338F
330
1F
100
AcDbEntity
  8
0
 62
     0
100
AcDbCircle
 10
628.1603228391637
 20
4320.109080193364
 30
0.0
 40
0.75
  0
CIRCLE
  5
3390
330
1F
100
AcDbEntity
  8
0
 62
     0
100
AcDbCircle
 10
634.3463575838804
 20
4320.109080193364
 30
0.0
 40
0.75
  0
CIRCLE
  5
3391
330
1F
100
AcDbEntity
  8
0
 62
     0
100
AcDbCircle
 10
640.5323923285972
 20
4320.109080193364
 30
0.0
 40
0.75
  0
CIRCLE
  5
3392
330
1F
100
AcDbEntity
  8
0
 62
     0
100
AcDbCircle
 10
646.7184270733139
 20
4320.109080193364
 30
0.0
 40
0.75
  0
CIRCLE
  5
3393
330
1F
100
AcDbEntity
  8
0
 62
     0
100
AcDbCircle
 10
652.9044618180307
 20
4320.109080193364
 30
0.0
 40
0.75
  0
CIRCLE
  5
3394
330
1F
100
AcDbEntity
  8
0
 62
     0
100
AcDbCircle
 10
659.0904965627474
 20
4320.109080193364
 30
0.0
 40
0.75
  0
CIRCLE
  5
3395
330
1F
100
AcDbEntity
  8
0
 62
     0
100
AcDbCircle
 10
665.2765313074641
 20
4320.109080193364
 30
0.0
 40
0.75
  0
CIRCLE
  5
3396
330
1F
100
AcDbEntity
  8
0
 62
     0
100
AcDbCircle
 10
671.4625660521808
 20
4320.109080193364
 30
0.0
 40
0.75
  0
CIRCLE
  5
3397
330
1F
100
AcDbEntity
  8
0
 62
     0
100
AcDbCircle
 10
677.6486007968975
 20
4320.109080193364
 30
0.0
 40
0.75
  0
CIRCLE
  5
3398
330
1F
100
AcDbEntity
  8
0
 62
     0
100
AcDbCircle
 10
683.8346355416142
 20
4320.109080193364
 30
0.0
 40
0.75
  0
CIRCLE
  5
3399
330
1F
100
AcDbEntity
  8
0
 62
     0
100
AcDbCircle
 10
690.0206702863307
 20
4320.109080193364
 30
0.0
 40
0.75
  0
CIRCLE
  5
339A
330
1F
100
AcDbEntity
  8
0
 62
     0
100
AcDbCircle
 10
696.2067050310476
 20
4320.109080193364
 30
0.0
 40
0.75
  0
CIRCLE
  5
339D
330
1F
100
AcDbEntity
  8
0
 62
     0
100
AcDbCircle
 10
603.416183860297
 20
4371.109080193364
 30
0.0
 40
0.75
  0
CIRCLE
  5
339E
330
1F
100
AcDbEntity
  8
0
 62
     0
100
AcDbCircle
 10
609.6022186050137
 20
4371.109080193364
 30
0.0
 40
0.75
  0
CIRCLE
  5
339F
330
1F
100
AcDbEntity
  8
0
 62
     0
100
AcDbCircle
 10
615.7882533497302
 20
4371.109080193364
 30
0.0
 40
0.75
  0
CIRCLE
  5
33A0
330
1F
100
AcDbEntity
  8
0
 62
     0
100
AcDbCircle
 10
621.9742880944473
 20
4371.109080193364
 30
0.0
 40
0.75
  0
CIRCLE
  5
33A1
330
1F
100
AcDbEntity
  8
0
 62
     0
100
AcDbCircle
 10
628.1603228391637
 20
4371.109080193364
 30
0.0
 40
0.75
  0
CIRCLE
  5
33A2
330
1F
100
AcDbEntity
  8
0
 62
     0
100
AcDbCircle
 10
634.3463575838804
 20
4371.109080193364
 30
0.0
 40
0.75
  0
CIRCLE
  5
33A3
330
1F
100
AcDbEntity
  8
0
 62
     0
100
AcDbCircle
 10
640.5323923285972
 20
4371.109080193364
 30
0.0
 40
0.75
  0
CIRCLE
  5
33A4
330
1F
100
AcDbEntity
  8
0
 62
     0
100
AcDbCircle
 10
646.7184270733139
 20
4371.109080193364
 30
0.0
 40
0.75
  0
CIRCLE
  5
33A5
330
1F
100
AcDbEntity
  8
0
 62
     0
100
AcDbCircle
 10
652.9044618180307
 20
4371.109080193364
 30
0.0
 40
0.75
  0
CIRCLE
  5
33A6
330
1F
100
AcDbEntity
  8
0
 62
     0
100
AcDbCircle
 10
659.0904965627474
 20
4371.109080193364
 30
0.0
 40
0.75
  0
CIRCLE
  5
33A7
330
1F
100
AcDbEntity
  8
0
 62
     0
100
AcDbCircle
 10
665.2765313074641
 20
4371.109080193364
 30
0.0
 40
0.75
  0
CIRCLE
  5
33A8
330
1F
100
AcDbEntity
  8
0
 62
     0
100
AcDbCircle
 10
671.4625660521808
 20
4371.109080193364
 30
0.0
 40
0.75
  0
CIRCLE
  5
33A9
330
1F
100
AcDbEntity
  8
0
 62
     0
100
AcDbCircle
 10
677.6486007968975
 20
4371.109080193364
 30
0.0
 40
0.75
  0
CIRCLE
  5
33AA
330
1F
100
AcDbEntity
  8
0
 62
     0
100
AcDbCircle
 10
683.8346355416142
 20
4371.109080193364
 30
0.0
 40
0.75
  0
CIRCLE
  5
33AB
330
1F
100
AcDbEntity
  8
0
 62
     0
100
AcDbCircle
 10
690.0206702863307
 20
4371.109080193364
 30
0.0
 40
0.75
  0
CIRCLE
  5
33AC
330
1F
100
AcDbEntity
  8
0
 62
     0
100
AcDbCircle
 10
696.2067050310476
 20
4371.109080193364
 30
0.0
 40
0.75
  0
CIRCLE
  5
33AF
330
1F
100
AcDbEntity
  8
0
 62
     0
100
AcDbCircle
 10
603.416183860297
 20
4422.109080193364
 30
0.0
 40
0.75
  0
CIRCLE
  5
33B0
330
1F
100
AcDbEntity
  8
0
 62
     0
100
AcDbCircle
 10
609.6022186050137
 20
4422.109080193364
 30
0.0
 40
0.75
  0
CIRCLE
  5
33B1
330
1F
100
AcDbEntity
  8
0
 62
     0
100
AcDbCircle
 10
615.7882533497302
 20
4422.109080193364
 30
0.0
 40
0.75
  0
CIRCLE
  5
33B2
330
1F
100
AcDbEntity
  8
0
 62
     0
100
AcDbCircle
 10
621.9742880944473
 20
4422.109080193364
 30
0.0
 40
0.75
  0
CIRCLE
  5
33B3
330
1F
100
AcDbEntity
  8
0
 62
     0
100
AcDbCircle
 10
628.1603228391637
 20
4422.109080193364
 30
0.0
 40
0.75
  0
CIRCLE
  5
33B4
330
1F
100
AcDbEntity
  8
0
 62
     0
100
AcDbCircle
 10
634.3463575838804
 20
4422.109080193364
 30
0.0
 40
0.75
  0
CIRCLE
  5
33B5
330
1F
100
AcDbEntity
  8
0
 62
     0
100
AcDbCircle
 10
640.5323923285972
 20
4422.109080193364
 30
0.0
 40
0.75
  0
CIRCLE
  5
33B6
330
1F
100
AcDbEntity
  8
0
 62
     0
100
AcDbCircle
 10
646.7184270733139
 20
4422.109080193364
 30
0.0
 40
0.75
  0
CIRCLE
  5
33B7
330
1F
100
AcDbEntity
  8
0
 62
     0
100
AcDbCircle
 10
652.9044618180307
 20
4422.109080193364
 30
0.0
 40
0.75
  0
CIRCLE
  5
33B8
330
1F
100
AcDbEntity
  8
0
 62
     0
100
AcDbCircle
 10
659.0904965627474
 20
4422.109080193364
 30
0.0
 40
0.75
  0
CIRCLE
  5
33B9
330
1F
100
AcDbEntity
  8
0
 62
     0
100
AcDbCircle
 10
665.2765313074641
 20
4422.109080193364
 30
0.0
 40
0.75
  0
CIRCLE
  5
33BA
330
1F
100
AcDbEntity
  8
0
 62
     0
100
AcDbCircle
 10
671.4625660521808
 20
4422.109080193364
 30
0.0
 40
0.75
  0
CIRCLE
  5
33BB
330
1F
100
AcDbEntity
  8
0
 62
     0
100
AcDbCircle
 10
677.6486007968975
 20
4422.109080193364
 30
0.0
 40
0.75
  0
CIRCLE
  5
33BC
330
1F
100
AcDbEntity
  8
0
 62
     0
100
AcDbCircle
 10
683.8346355416142
 20
4422.109080193364
 30
0.0
 40
0.75
  0
CIRCLE
  5
33BD
330
1F
100
AcDbEntity
  8
0
 62
     0
100
AcDbCircle
 10
690.0206702863307
 20
4422.109080193364
 30
0.0
 40
0.75
  0
CIRCLE
  5
33BE
330
1F
100
AcDbEntity
  8
0
 62
     0
100
AcDbCircle
 10
696.2067050310476
 20
4422.109080193364
 30
0.0
 40
0.75
  0
CIRCLE
  5
33C1
330
1F
100
AcDbEntity
  8
0
 62
     0
100
AcDbCircle
 10
603.416183860297
 20
4479.109080193364
 30
0.0
 40
0.75
  0
CIRCLE
  5
33C2
330
1F
100
AcDbEntity
  8
0
 62
     0
100
AcDbCircle
 10
609.6022186050137
 20
4479.109080193364
 30
0.0
 40
0.75
  0
CIRCLE
  5
33C3
330
1F
100
AcDbEntity
  8
0
 62
     0
100
AcDbCircle
 10
615.7882533497302
 20
4479.109080193364
 30
0.0
 40
0.75
  0
CIRCLE
  5
33C4
330
1F
100
AcDbEntity
  8
0
 62
     0
100
AcDbCircle
 10
621.9742880944473
 20
4479.109080193364
 30
0.0
 40
0.75
  0
CIRCLE
  5
33C5
330
1F
100
AcDbEntity
  8
0
 62
     0
100
AcDbCircle
 10
628.1603228391637
 20
4479.109080193364
 30
0.0
 40
0.75
  0
CIRCLE
  5
33C6
330
1F
100
AcDbEntity
  8
0
 62
     0
100
AcDbCircle
 10
634.3463575838804
 20
4479.109080193364
 30
0.0
 40
0.75
  0
CIRCLE
  5
33C7
330
1F
100
AcDbEntity
  8
0
 62
     0
100
AcDbCircle
 10
640.5323923285972
 20
4479.109080193364
 30
0.0
 40
0.75
  0
CIRCLE
  5
33C8
330
1F
100
AcDbEntity
  8
0
 62
     0
100
AcDbCircle
 10
646.7184270733139
 20
4479.109080193364
 30
0.0
 40
0.75
  0
CIRCLE
  5
33C9
330
1F
100
AcDbEntity
  8
0
 62
     0
100
AcDbCircle
 10
652.9044618180307
 20
4479.109080193364
 30
0.0
 40
0.75
  0
CIRCLE
  5
33CA
330
1F
100
AcDbEntity
  8
0
 62
     0
100
AcDbCircle
 10
659.0904965627474
 20
4479.109080193364
 30
0.0
 40
0.75
  0
CIRCLE
  5
33CB
330
1F
100
AcDbEntity
  8
0
 62
     0
100
AcDbCircle
 10
665.2765313074641
 20
4479.109080193364
 30
0.0
 40
0.75
  0
CIRCLE
  5
33CC
330
1F
100
AcDbEntity
  8
0
 62
     0
100
AcDbCircle
 10
671.4625660521808
 20
4479.109080193364
 30
0.0
 40
0.75
  0
CIRCLE
  5
33CD
330
1F
100
AcDbEntity
  8
0
 62
     0
100
AcDbCircle
 10
677.6486007968975
 20
4479.109080193364
 30
0.0
 40
0.75
  0
CIRCLE
  5
33CE
330
1F
100
AcDbEntity
  8
0
 62
     0
100
AcDbCircle
 10
683.8346355416142
 20
4479.109080193364
 30
0.0
 40
0.75
  0
CIRCLE
  5
33CF
330
1F
100
AcDbEntity
  8
0
 62
     0
100
AcDbCircle
 10
690.0206702863307
 20
4479.109080193364
 30
0.0
 40
0.75
  0
CIRCLE
  5
33D0
330
1F
100
AcDbEntity
  8
0
 62
     0
100
AcDbCircle
 10
696.2067050310476
 20
4479.109080193364
 30
0.0
 40
0.75
  0
CIRCLE
  5
33D3
330
1F
100
AcDbEntity
  8
0
 62
     0
100
AcDbCircle
 10
603.416183860297
 20
4542.109080193364
 30
0.0
 40
0.75
  0
CIRCLE
  5
33D4
330
1F
100
AcDbEntity
  8
0
 62
     0
100
AcDbCircle
 10
609.6022186050137
 20
4542.109080193364
 30
0.0
 40
0.75
  0
CIRCLE
  5
33D5
330
1F
100
AcDbEntity
  8
0
 62
     0
100
AcDbCircle
 10
615.7882533497302
 20
4542.109080193364
 30
0.0
 40
0.75
  0
CIRCLE
  5
33D6
330
1F
100
AcDbEntity
  8
0
 62
     0
100
AcDbCircle
 10
621.9742880944473
 20
4542.109080193364
 30
0.0
 40
0.75
  0
CIRCLE
  5
33D7
330
1F
100
AcDbEntity
  8
0
 62
     0
100
AcDbCircle
 10
628.1603228391637
 20
4542.109080193364
 30
0.0
 40
0.75
  0
CIRCLE
  5
33D8
330
1F
100
AcDbEntity
  8
0
 62
     0
100
AcDbCircle
 10
634.3463575838804
 20
4542.109080193364
 30
0.0
 40
0.75
  0
CIRCLE
  5
33D9
330
1F
100
AcDbEntity
  8
0
 62
     0
100
AcDbCircle
 10
640.5323923285972
 20
4542.109080193364
 30
0.0
 40
0.75
  0
CIRCLE
  5
33DA
330
1F
100
AcDbEntity
  8
0
 62
     0
100
AcDbCircle
 10
646.7184270733139
 20
4542.109080193364
 30
0.0
 40
0.75
  0
CIRCLE
  5
33DB
330
1F
100
AcDbEntity
  8
0
 62
     0
100
AcDbCircle
 10
652.9044618180307
 20
4542.109080193364
 30
0.0
 40
0.75
  0
CIRCLE
  5
33DC
330
1F
100
AcDbEntity
  8
0
 62
     0
100
AcDbCircle
 10
659.0904965627474
 20
4542.109080193364
 30
0.0
 40
0.75
  0
CIRCLE
  5
33DD
330
1F
100
AcDbEntity
  8
0
 62
     0
100
AcDbCircle
 10
665.2765313074641
 20
4542.109080193364
 30
0.0
 40
0.75
  0
CIRCLE
  5
33DE
330
1F
100
AcDbEntity
  8
0
 62
     0
100
AcDbCircle
 10
671.4625660521808
 20
4542.109080193364
 30
0.0
 40
0.75
  0
CIRCLE
  5
33DF
330
1F
100
AcDbEntity
  8
0
 62
     0
100
AcDbCircle
 10
677.6486007968975
 20
4542.109080193364
 30
0.0
 40
0.75
  0
CIRCLE
  5
33E0
330
1F
100
AcDbEntity
  8
0
 62
     0
100
AcDbCircle
 10
683.8346355416142
 20
4542.109080193364
 30
0.0
 40
0.75
  0
CIRCLE
  5
33E1
330
1F
100
AcDbEntity
  8
0
 62
     0
100
AcDbCircle
 10
690.0206702863307
 20
4542.109080193364
 30
0.0
 40
0.75
  0
CIRCLE
  5
33E2
330
1F
100
AcDbEntity
  8
0
 62
     0
100
AcDbCircle
 10
696.2067050310476
 20
4542.109080193364
 30
0.0
 40
0.75
  0
CIRCLE
  5
33E5
330
1F
100
AcDbEntity
  8
0
 62
     0
100
AcDbCircle
 10
603.416183860297
 20
4611.109080193364
 30
0.0
 40
0.75
  0
CIRCLE
  5
33E6
330
1F
100
AcDbEntity
  8
0
 62
     0
100
AcDbCircle
 10
609.6022186050137
 20
4611.109080193364
 30
0.0
 40
0.75
  0
CIRCLE
  5
33E7
330
1F
100
AcDbEntity
  8
0
 62
     0
100
AcDbCircle
 10
615.7882533497302
 20
4611.109080193364
 30
0.0
 40
0.75
  0
CIRCLE
  5
33E8
330
1F
100
AcDbEntity
  8
0
 62
     0
100
AcDbCircle
 10
621.9742880944473
 20
4611.109080193364
 30
0.0
 40
0.75
  0
CIRCLE
  5
33E9
330
1F
100
AcDbEntity
  8
0
 62
     0
100
AcDbCircle
 10
628.1603228391637
 20
4611.109080193364
 30
0.0
 40
0.75
  0
CIRCLE
  5
33EA
330
1F
100
AcDbEntity
  8
0
 62
     0
100
AcDbCircle
 10
634.3463575838804
 20
4611.109080193364
 30
0.0
 40
0.75
  0
CIRCLE
  5
33EB
330
1F
100
AcDbEntity
  8
0
 62
     0
100
AcDbCircle
 10
640.5323923285972
 20
4611.109080193364
 30
0.0
 40
0.75
  0
CIRCLE
  5
33EC
330
1F
100
AcDbEntity
  8
0
 62
     0
100
AcDbCircle
 10
646.7184270733139
 20
4611.109080193364
 30
0.0
 40
0.75
  0
CIRCLE
  5
33ED
330
1F
100
AcDbEntity
  8
0
 62
     0
100
AcDbCircle
 10
652.9044618180307
 20
4611.109080193364
 30
0.0
 40
0.75
  0
CIRCLE
  5
33EE
330
1F
100
AcDbEntity
  8
0
 62
     0
100
AcDbCircle
 10
659.0904965627474
 20
4611.109080193364
 30
0.0
 40
0.75
  0
CIRCLE
  5
33EF
330
1F
100
AcDbEntity
  8
0
 62
     0
100
AcDbCircle
 10
665.2765313074641
 20
4611.109080193364
 30
0.0
 40
0.75
  0
CIRCLE
  5
33F0
330
1F
100
AcDbEntity
  8
0
 62
     0
100
AcDbCircle
 10
671.4625660521808
 20
4611.109080193364
 30
0.0
 40
0.75
  0
CIRCLE
  5
33F1
330
1F
100
AcDbEntity
  8
0
 62
     0
100
AcDbCircle
 10
677.6486007968975
 20
4611.109080193364
 30
0.0
 40
0.75
  0
CIRCLE
  5
33F2
330
1F
100
AcDbEntity
  8
0
 62
     0
100
AcDbCircle
 10
683.8346355416142
 20
4611.109080193364
 30
0.0
 40
0.75
  0
CIRCLE
  5
33F3
330
1F
100
AcDbEntity
  8
0
 62
     0
100
AcDbCircle
 10
690.0206702863307
 20
4611.109080193364
 30
0.0
 40
0.75
  0
CIRCLE
  5
33F4
330
1F
100
AcDbEntity
  8
0
 62
     0
100
AcDbCircle
 10
696.2067050310476
 20
4611.109080193364
 30
0.0
 40
0.75
  0
LWPOLYLINE
  5
33F7
330
1F
100
AcDbEntity
  8
0
 62
     0
100
AcDbPolyline
 90
        4
 70
     0
 43
0.0
 10
699.9084586501567
 20
4637.056075625802
 10
699.9084586501567
 20
4644.942726812888
 10
599.7354719160657
 20
4644.942726812888
 10
599.7354719160657
 20
4637.056075625802
  0
LWPOLYLINE
  5
33F8
330
1F
100
AcDbEntity
  8
0
 62
     0
100
AcDbPolyline
 90
        4
 70
     0
 43
0.0
 10
599.7301491155801
 20
4641.576771843253
 10
599.7301491155801
 20
4067.354002138722
 10
699.9031358496713
 20
4067.354002138722
 10
699.9031358496713
 20
4641.576771843253
  0
LINE
  5
3453
330
1F
100
AcDbEntity
  8
0
 62
     0
100
AcDbLine
 10
2230.315009815472
 20
4523.503823041973
 30
0.0
 11
2230.315009815472
 21
4523.503823041973
 31
0.0
  0
LWPOLYLINE
  5
3454
330
1F
100
AcDbEntity
  8
0
 62
     0
100
AcDbPolyline
 90
        3
 70
     0
 43
0.0
 10
1721.818367813462
 20
4521.503823041973
 10
1738.818367813462
 20
4521.503823041973
 42
0.9999996830128083
 10
1738.818369081411
 20
4525.503823041973
  0
LWPOLYLINE
  5
3455
330
1F
100
AcDbEntity
  8
0
 62
     0
100
AcDbPolyline
 90
        3
 70
     0
 43
0.0
 10
1738.818367813462
 20
4525.503823041973
 10
1721.818367813462
 20
4525.503823041973
 42
1.000000009807655
 10
1721.818367852693
 20
4521.503823041973
  0
CIRCLE
  5
3456
330
1F
100
AcDbEntity
  8
0
 62
     0
100
AcDbCircle
 10
1747.818367813462
 20
4531.003823041973
 30
0.0
 40
0.6
  0
CIRCLE
  5
3457
330
1F
100
AcDbEntity
  8
0
 62
     0
100
AcDbCircle
 10
1747.818367813462
 20
4526.003823041973
 30
0.0
 40
0.6
  0
CIRCLE
  5
3458
330
1F
100
AcDbEntity
  8
0
 62
     0
100
AcDbCircle
 10
1747.818367813462
 20
4521.003823041973
 30
0.0
 40
0.6
  0
CIRCLE
  5
3459
330
1F
100
AcDbEntity
  8
0
 62
     0
100
AcDbCircle
 10
1747.818367813462
 20
4516.003823041972
 30
0.0
 40
0.6
  0
CIRCLE
  5
345A
330
1F
100
AcDbEntity
  8
0
 62
     0
100
AcDbCircle
 10
1775.818367813462
 20
4531.003823041973
 30
0.0
 40
0.6
  0
CIRCLE
  5
345B
330
1F
100
AcDbEntity
  8
0
 62
     0
100
AcDbCircle
 10
1775.818367813462
 20
4526.003823041973
 30
0.0
 40
0.6
  0
CIRCLE
  5
345C
330
1F
100
AcDbEntity
  8
0
 62
     0
100
AcDbCircle
 10
1775.818367813462
 20
4521.003823041973
 30
0.0
 40
0.6
  0
CIRCLE
  5
345D
330
1F
100
AcDbEntity
  8
0
 62
     0
100
AcDbCircle
 10
1775.818367813462
 20
4516.003823041972
 30
0.0
 40
0.6
  0
CIRCLE
  5
345E
330
1F
100
AcDbEntity
  8
0
 62
     0
100
AcDbCircle
 10
1712.818367813462
 20
4531.003823041973
 30
0.0
 40
0.6
  0
CIRCLE
  5
345F
330
1F
100
AcDbEntity
  8
0
 62
     0
100
AcDbCircle
 10
1712.818367813462
 20
4526.003823041973
 30
0.0
 40
0.6
  0
CIRCLE
  5
3460
330
1F
100
AcDbEntity
  8
0
 62
     0
100
AcDbCircle
 10
1712.818367813462
 20
4521.003823041973
 30
0.0
 40
0.6
  0
CIRCLE
  5
3461
330
1F
100
AcDbEntity
  8
0
 62
     0
100
AcDbCircle
 10
1712.818367813462
 20
4516.003823041972
 30
0.0
 40
0.6
  0
CIRCLE
  5
3462
330
1F
100
AcDbEntity
  8
0
 62
     0
100
AcDbCircle
 10
1684.818367813462
 20
4531.003823041973
 30
0.0
 40
0.6
  0
CIRCLE
  5
3463
330
1F
100
AcDbEntity
  8
0
 62
     0
100
AcDbCircle
 10
1684.818367813462
 20
4526.003823041973
 30
0.0
 40
0.6
  0
CIRCLE
  5
3464
330
1F
100
AcDbEntity
  8
0
 62
     0
100
AcDbCircle
 10
1684.818367813462
 20
4521.003823041973
 30
0.0
 40
0.6
  0
CIRCLE
  5
3465
330
1F
100
AcDbEntity
  8
0
 62
     0
100
AcDbCircle
 10
1684.818367813462
 20
4516.003823041972
 30
0.0
 40
0.6
  0
LWPOLYLINE
  5
3484
330
1F
100
AcDbEntity
  8
0
 62
     0
100
AcDbPolyline
 90
        4
 70
     1
 43
0.0
 10
2217.815009815472
 20
4511.003823041973
 42
0.9999999999999998
 10
2217.815009815472
 20
4536.003823041973
 10
1682.818367813462
 20
4536.003823041973
 42
0.6399999999999999
 10
1682.818367813462
 20
4511.003823041973
  0
LWPOLYLINE
  5
3489
330
1F
100
AcDbEntity
  8
0
 62
     0
100
AcDbPolyline
 90
        4
 70
     1
 43
0.0
 10
2197.280480985593
 20
4521.653823041972
 42
-0.9999999999999998
 10
2197.280480985593
 20
4525.353823041974
 10
2198.465009815473
 20
4525.353823041974
 42
-0.9999999999999998
 10
2198.465009815473
 20
4521.653823041972
  0
LWPOLYLINE
  5
348A
330
1F
100
AcDbEntity
  8
0
 62
     0
100
AcDbPolyline
 90
        4
 70
     1
 43
0.0
 10
2167.280480985593
 20
4521.653823041972
 42
-0.9999999999999998
 10
2167.280480985593
 20
4525.353823041974
 10
2168.465009815473
 20
4525.353823041974
 42
-0.9999999999999998
 10
2168.465009815473
 20
4521.653823041972
  0
LWPOLYLINE
  5
348B
330
1F
100
AcDbEntity
  8
0
 62
     0
100
AcDbPolyline
 90
        4
 70
     1
 43
0.0
 10
2137.280480985593
 20
4521.653823041972
 42
-0.9999999999999998
 10
2137.280480985593
 20
4525.353823041974
 10
2138.465009815472
 20
4525.353823041974
 42
-0.9999999999999998
 10
2138.465009815472
 20
4521.653823041972
  0
LWPOLYLINE
  5
348C
330
1F
100
AcDbEntity
  8
0
 62
     0
100
AcDbPolyline
 90
        4
 70
     1
 43
0.0
 10
2107.280480985592
 20
4521.653823041972
 42
-0.9999999999999998
 10
2107.280480985592
 20
4525.353823041974
 10
2108.465009815473
 20
4525.353823041974
 42
-0.9999999999999998
 10
2108.465009815473
 20
4521.653823041972
  0
CIRCLE
  5
34A5
330
1F
100
AcDbEntity
  8
0
 62
     0
100
AcDbCircle
 10
1337.304023397236
 20
4100.659013389779
 30
0.0
 40
0.6
  0
CIRCLE
  5
34A6
330
1F
100
AcDbEntity
  8
0
 62
     0
100
AcDbCircle
 10
1342.304023397236
 20
4100.659013389779
 30
0.0
 40
0.6
  0
CIRCLE
  5
34A7
330
1F
100
AcDbEntity
  8
0
 62
     0
100
AcDbCircle
 10
1347.304023397236
 20
4100.659013389779
 30
0.0
 40
0.6
  0
CIRCLE
  5
34A8
330
1F
100
AcDbEntity
  8
0
 62
     0
100
AcDbCircle
 10
1352.304023397236
 20
4100.659013389779
 30
0.0
 40
0.6
  0
CIRCLE
  5
34AA
330
1F
100
AcDbEntity
  8
0
 62
     0
100
AcDbCircle
 10
1539.804023397236
 20
4100.659013389779
 30
0.0
 40
0.6
  0
CIRCLE
  5
34AB
330
1F
100
AcDbEntity
  8
0
 62
     0
100
AcDbCircle
 10
1534.804023397236
 20
4100.659013389779
 30
0.0
 40
0.6
  0
CIRCLE
  5
34AC
330
1F
100
AcDbEntity
  8
0
 62
     0
100
AcDbCircle
 10
1529.804023397236
 20
4100.659013389779
 30
0.0
 40
0.6
  0
CIRCLE
  5
34AD
330
1F
100
AcDbEntity
  8
0
 62
     0
100
AcDbCircle
 10
1524.804023397236
 20
4100.659013389779
 30
0.0
 40
0.6
  0
LWPOLYLINE
  5
34D3
330
1F
100
AcDbEntity
  8
0
 62
     0
100
AcDbPolyline
 90
        4
 70
     1
 43
0.0
 10
2195.100403817899
 20
4423.848771274296
 42
-0.9999999999999998
 10
2195.100403817899
 20
4427.548771274298
 10
2196.284932647778
 20
4427.548771274298
 42
-0.9999999999999998
 10
2196.284932647778
 20
4423.848771274296
  0
LWPOLYLINE
  5
34D4
330
1F
100
AcDbEntity
  8
0
 62
     0
100
AcDbPolyline
 90
        4
 70
     1
 43
0.0
 10
2165.100403817898
 20
4423.848771274296
 42
-0.9999999999999998
 10
2165.100403817898
 20
4427.548771274298
 10
2166.284932647779
 20
4427.548771274298
 42
-0.9999999999999998
 10
2166.284932647779
 20
4423.848771274296
  0
LWPOLYLINE
  5
34D5
330
1F
100
AcDbEntity
  8
0
 62
     0
100
AcDbPolyline
 90
        4
 70
     1
 43
0.0
 10
2135.100403817898
 20
4423.848771274296
 42
-0.9999999999999998
 10
2135.100403817898
 20
4427.548771274298
 10
2136.284932647778
 20
4427.548771274298
 42
-0.9999999999999998
 10
2136.284932647778
 20
4423.848771274296
  0
LWPOLYLINE
  5
34D6
330
1F
100
AcDbEntity
  8
0
 62
     0
100
AcDbPolyline
 90
        4
 70
     1
 43
0.0
 10
2105.100403817899
 20
4423.848771274296
 42
-0.9999999999999998
 10
2105.100403817899
 20
4427.548771274298
 10
2106.284932647779
 20
4427.548771274298
 42
-0.9999999999999998
 10
2106.284932647779
 20
4423.848771274296
  0
LINE
  5
34D7
330
1F
100
AcDbEntity
  8
0
 62
     0
100
AcDbLine
 10
2228.134932647778
 20
4425.698771274298
 30
0.0
 11
2228.134932647778
 21
4425.698771274298
 31
0.0
  0
LWPOLYLINE
  5
34D8
330
1F
100
AcDbEntity
  8
0
 62
     0
100
AcDbPolyline
 90
        3
 70
     0
 43
0.0
 10
1719.638290645769
 20
4423.698771274296
 10
1736.638290645768
 20
4423.698771274296
 42
0.9999996830128083
 10
1736.638291913717
 20
4427.698771274299
  0
LWPOLYLINE
  5
34D9
330
1F
100
AcDbEntity
  8
0
 62
     0
100
AcDbPolyline
 90
        3
 70
     0
 43
0.0
 10
1736.638290645768
 20
4427.698771274299
 10
1719.638290645769
 20
4427.698771274299
 42
1.000000009807655
 10
1719.638290684999
 20
4423.698771274296
  0
CIRCLE
  5
34DA
330
1F
100
AcDbEntity
  8
0
 62
     0
100
AcDbCircle
 10
1745.638290645769
 20
4433.198771274296
 30
0.0
 40
0.6
  0
CIRCLE
  5
34DB
330
1F
100
AcDbEntity
  8
0
 62
     0
100
AcDbCircle
 10
1745.638290645769
 20
4428.198771274296
 30
0.0
 40
0.6
  0
CIRCLE
  5
34DC
330
1F
100
AcDbEntity
  8
0
 62
     0
100
AcDbCircle
 10
1745.638290645768
 20
4423.198771274298
 30
0.0
 40
0.6
  0
CIRCLE
  5
34DD
330
1F
100
AcDbEntity
  8
0
 62
     0
100
AcDbCircle
 10
1745.638290645768
 20
4418.198771274298
 30
0.0
 40
0.6
  0
CIRCLE
  5
34DE
330
1F
100
AcDbEntity
  8
0
 62
     0
100
AcDbCircle
 10
1773.638290645768
 20
4433.198771274296
 30
0.0
 40
0.6
  0
CIRCLE
  5
34DF
330
1F
100
AcDbEntity
  8
0
 62
     0
100
AcDbCircle
 10
1773.638290645768
 20
4428.198771274296
 30
0.0
 40
0.6
  0
CIRCLE
  5
34E0
330
1F
100
AcDbEntity
  8
0
 62
     0
100
AcDbCircle
 10
1773.638290645768
 20
4423.198771274298
 30
0.0
 40
0.6
  0
CIRCLE
  5
34E1
330
1F
100
AcDbEntity
  8
0
 62
     0
100
AcDbCircle
 10
1773.638290645768
 20
4418.198771274298
 30
0.0
 40
0.6
  0
CIRCLE
  5
34E2
330
1F
100
AcDbEntity
  8
0
 62
     0
100
AcDbCircle
 10
1710.638290645768
 20
4433.198771274296
 30
0.0
 40
0.6
  0
CIRCLE
  5
34E3
330
1F
100
AcDbEntity
  8
0
 62
     0
100
AcDbCircle
 10
1710.638290645768
 20
4428.198771274296
 30
0.0
 40
0.6
  0
CIRCLE
  5
34E4
330
1F
100
AcDbEntity
  8
0
 62
     0
100
AcDbCircle
 10
1710.638290645769
 20
4423.198771274298
 30
0.0
 40
0.6
  0
CIRCLE
  5
34E5
330
1F
100
AcDbEntity
  8
0
 62
     0
100
AcDbCircle
 10
1710.638290645769
 20
4418.198771274298
 30
0.0
 40
0.6
  0
CIRCLE
  5
34E6
330
1F
100
AcDbEntity
  8
0
 62
     0
100
AcDbCircle
 10
1682.638290645768
 20
4433.198771274296
 30
0.0
 40
0.6
  0
CIRCLE
  5
34E7
330
1F
100
AcDbEntity
  8
0
 62
     0
100
AcDbCircle
 10
1682.638290645768
 20
4428.198771274296
 30
0.0
 40
0.6
  0
CIRCLE
  5
34E8
330
1F
100
AcDbEntity
  8
0
 62
     0
100
AcDbCircle
 10
1682.638290645768
 20
4423.198771274298
 30
0.0
 40
0.6
  0
CIRCLE
  5
34E9
330
1F
100
AcDbEntity
  8
0
 62
     0
100
AcDbCircle
 10
1682.638290645768
 20
4418.198771274298
 30
0.0
 40
0.6
  0
LWPOLYLINE
  5
34EA
330
1F
100
AcDbEntity
  8
0
 62
     0
100
AcDbPolyline
 90
        4
 70
     1
 43
0.0
 10
2215.634932647779
 20
4413.198771274298
 42
0.9999999999999998
 10
2215.634932647779
 20
4438.198771274298
 10
1680.638290645768
 20
4438.198771274298
 42
0.6399999999999999
 10
1680.638290645768
 20
4413.198771274298
  0
CIRCLE
  5
34FD
330
1F
100
AcDbEntity
  8
0
 62
     0
100
AcDbCircle
 10
1750.5066827185
 20
4344.86147386902
 30
0.0
 40
0.55
  0
CIRCLE
  5
34FE
330
1F
100
AcDbEntity
  8
0
 62
     0
100
AcDbCircle
 10
1745.506682718499
 20
4344.86147386902
 30
0.0
 40
0.55
  0
CIRCLE
  5
34FF
330
1F
100
AcDbEntity
  8
0
 62
     0
100
AcDbCircle
 10
1750.5066827185
 20
4284.061473869019
 30
0.0
 40
0.55
  0
CIRCLE
  5
3500
330
1F
100
AcDbEntity
  8
0
 62
     0
100
AcDbCircle
 10
1745.506682718499
 20
4284.061473869019
 30
0.0
 40
0.55
  0
CIRCLE
  5
3501
330
1F
100
AcDbEntity
  8
0
 62
     0
100
AcDbCircle
 10
1740.459684034557
 20
4344.86147386902
 30
0.0
 40
0.55
  0
CIRCLE
  5
3502
330
1F
100
AcDbEntity
  8
0
 62
     0
100
AcDbCircle
 10
1735.459684034557
 20
4344.86147386902
 30
0.0
 40
0.55
  0
CIRCLE
  5
3503
330
1F
100
AcDbEntity
  8
0
 62
     0
100
AcDbCircle
 10
1740.459684034557
 20
4284.061473869019
 30
0.0
 40
0.55
  0
CIRCLE
  5
3504
330
1F
100
AcDbEntity
  8
0
 62
     0
100
AcDbCircle
 10
1735.459684034557
 20
4284.061473869019
 30
0.0
 40
0.55
  0
LWPOLYLINE
  5
3505
330
1F
100
AcDbEntity
  8
0
 62
     0
100
AcDbPolyline
 90
        4
 70
     1
 43
0.0
 10
1742.459684034557
 20
4282.06147386902
 10
1733.459684034557
 20
4282.06147386902
 10
1733.459684034557
 20
4346.861473869019
 10
1742.459684034557
 20
4346.861473869019
  0
LWPOLYLINE
  5
3506
330
1F
100
AcDbEntity
  8
0
 62
     0
100
AcDbPolyline
 90
        4
 70
     1
 43
0.0
 10
1752.506682718499
 20
4282.06147386902
 10
1743.506682718499
 20
4282.06147386902
 10
1743.506682718499
 20
4346.861473869019
 10
1752.506682718499
 20
4346.861473869019
  0
CIRCLE
  5
3551
330
1F
100
AcDbEntity
  8
0
 62
     0
100
AcDbCircle
 10
196.4857053524114
 20
4158.553144326226
 30
0.0
 40
0.75
  0
CIRCLE
  5
3552
330
1F
100
AcDbEntity
  8
0
 62
     0
100
AcDbCircle
 10
196.4857053524114
 20
4151.941619842949
 30
0.0
 40
0.75
  0
CIRCLE
  5
3553
330
1F
100
AcDbEntity
  8
0
 62
     0
100
AcDbCircle
 10
196.4857053524114
 20
4145.330095359673
 30
0.0
 40
0.75
  0
CIRCLE
  5
3554
330
1F
100
AcDbEntity
  8
0
 62
     0
100
AcDbCircle
 10
196.4857053524114
 20
4138.718570876394
 30
0.0
 40
0.75
  0
CIRCLE
  5
3555
330
1F
100
AcDbEntity
  8
0
 62
     0
100
AcDbCircle
 10
196.4857053524114
 20
4132.107046393119
 30
0.0
 40
0.75
  0
CIRCLE
  5
3557
330
1F
100
AcDbEntity
  8
0
 62
     0
100
AcDbCircle
 10
548.9857053524113
 20
4158.553144326226
 30
0.0
 40
0.75
  0
CIRCLE
  5
3558
330
1F
100
AcDbEntity
  8
0
 62
     0
100
AcDbCircle
 10
548.9857053524113
 20
4151.941619842949
 30
0.0
 40
0.75
  0
CIRCLE
  5
3559
330
1F
100
AcDbEntity
  8
0
 62
     0
100
AcDbCircle
 10
548.9857053524113
 20
4145.330095359673
 30
0.0
 40
0.75
  0
CIRCLE
  5
355A
330
1F
100
AcDbEntity
  8
0
 62
     0
100
AcDbCircle
 10
548.9857053524113
 20
4138.718570876394
 30
0.0
 40
0.75
  0
CIRCLE
  5
355B
330
1F
100
AcDbEntity
  8
0
 62
     0
100
AcDbCircle
 10
548.9857053524113
 20
4132.107046393119
 30
0.0
 40
0.75
  0
CIRCLE
  5
3575
330
1F
100
AcDbEntity
  8
0
 62
     0
100
AcDbCircle
 10
1262.304023397236
 20
4146.123951567015
 30
0.0
 40
0.75
  0
CIRCLE
  5
3576
330
1F
100
AcDbEntity
  8
0
 62
     0
100
AcDbCircle
 10
1262.304023397236
 20
4138.681964052124
 30
0.0
 40
0.75
  0
CIRCLE
  5
3577
330
1F
100
AcDbEntity
  8
0
 62
     0
100
AcDbCircle
 10
1262.109361633658
 20
4131.267250436621
 30
0.0
 40
0.75
  0
CIRCLE
  5
3578
330
1F
100
AcDbEntity
  8
0
 62
     0
100
AcDbCircle
 10
1262.304023397236
 20
4125.45891508557
 30
0.0
 40
0.75
  0
CIRCLE
  5
3579
330
1F
100
AcDbEntity
  8
0
 62
     0
100
AcDbCircle
 10
1262.304023397236
 20
4118.847390602293
 30
0.0
 40
0.75
  0
CIRCLE
  5
357A
330
1F
100
AcDbEntity
  8
0
 62
     0
100
AcDbCircle
 10
1262.304023397236
 20
4112.235866119016
 30
0.0
 40
0.75
  0
CIRCLE
  5
357D
330
1F
100
AcDbEntity
  8
0
 62
     0
100
AcDbCircle
 10
1614.804023397236
 20
4146.123951567015
 30
0.0
 40
0.75
  0
CIRCLE
  5
357E
330
1F
100
AcDbEntity
  8
0
 62
     0
100
AcDbCircle
 10
1614.804023397236
 20
4138.681964052124
 30
0.0
 40
0.75
  0
CIRCLE
  5
357F
330
1F
100
AcDbEntity
  8
0
 62
     0
100
AcDbCircle
 10
1614.998685160814
 20
4131.267250436621
 30
0.0
 40
0.75
  0
CIRCLE
  5
3580
330
1F
100
AcDbEntity
  8
0
 62
     0
100
AcDbCircle
 10
1614.804023397236
 20
4125.45891508557
 30
0.0
 40
0.75
  0
CIRCLE
  5
3581
330
1F
100
AcDbEntity
  8
0
 62
     0
100
AcDbCircle
 10
1614.804023397236
 20
4118.847390602293
 30
0.0
 40
0.75
  0
CIRCLE
  5
3582
330
1F
100
AcDbEntity
  8
0
 62
     0
100
AcDbCircle
 10
1614.804023397236
 20
4112.235866119016
 30
0.0
 40
0.75
  0
LWPOLYLINE
  5
3583
330
1F
100
AcDbEntity
  8
0
 62
     0
100
AcDbPolyline
 90
        6
 70
     1
 43
0.0
 10
552.7357053524114
 20
4555.945771067285
 42
0.4142135623730951
 10
517.7357053524113
 20
4590.945771067286
 10
227.7357053524114
 20
4590.945771067286
 42
0.4142135623730951
 10
192.7357053524114
 20
4555.945771067285
 10
192.7357053524114
 20
4128.357046393118
 10
552.7357053524114
 20
4128.357046393118
  0
CIRCLE
  5
359A
330
1F
100
AcDbEntity
  8
0
 62
     0
100
AcDbCircle
 10
245.8126996687799
 20
4162.107046393119
 30
0.0
 40
0.75
  0
CIRCLE
  5
359B
330
1F
100
AcDbEntity
  8
0
 62
     0
100
AcDbCircle
 10
251.9987344134967
 20
4162.107046393119
 30
0.0
 40
0.75
  0
CIRCLE
  5
359C
330
1F
100
AcDbEntity
  8
0
 62
     0
100
AcDbCircle
 10
258.1847691582134
 20
4162.107046393119
 30
0.0
 40
0.75
  0
CIRCLE
  5
359D
330
1F
100
AcDbEntity
  8
0
 62
     0
100
AcDbCircle
 10
264.3708039029301
 20
4162.107046393119
 30
0.0
 40
0.75
  0
CIRCLE
  5
359E
330
1F
100
AcDbEntity
  8
0
 62
     0
100
AcDbCircle
 10
270.5568386476468
 20
4162.107046393119
 30
0.0
 40
0.75
  0
CIRCLE
  5
359F
330
1F
100
AcDbEntity
  8
0
 62
     0
100
AcDbCircle
 10
276.7428733923635
 20
4162.107046393119
 30
0.0
 40
0.75
  0
CIRCLE
  5
35A0
330
1F
100
AcDbEntity
  8
0
 62
     0
100
AcDbCircle
 10
282.9289081370802
 20
4162.107046393119
 30
0.0
 40
0.75
  0
CIRCLE
  5
35A1
330
1F
100
AcDbEntity
  8
0
 62
     0
100
AcDbCircle
 10
289.1149428817969
 20
4162.107046393119
 30
0.0
 40
0.75
  0
CIRCLE
  5
35A2
330
1F
100
AcDbEntity
  8
0
 62
     0
100
AcDbCircle
 10
295.3009776265137
 20
4162.107046393119
 30
0.0
 40
0.75
  0
CIRCLE
  5
35A3
330
1F
100
AcDbEntity
  8
0
 62
     0
100
AcDbCircle
 10
301.4870123712304
 20
4162.107046393119
 30
0.0
 40
0.75
  0
CIRCLE
  5
35A4
330
1F
100
AcDbEntity
  8
0
 62
     0
100
AcDbCircle
 10
307.6730471159471
 20
4162.107046393119
 30
0.0
 40
0.75
  0
CIRCLE
  5
35A5
330
1F
100
AcDbEntity
  8
0
 62
     0
100
AcDbCircle
 10
313.8590818606638
 20
4162.107046393119
 30
0.0
 40
0.75
  0
CIRCLE
  5
35A6
330
1F
100
AcDbEntity
  8
0
 62
     0
100
AcDbCircle
 10
320.0451166053805
 20
4162.107046393119
 30
0.0
 40
0.75
  0
CIRCLE
  5
35A7
330
1F
100
AcDbEntity
  8
0
 62
     0
100
AcDbCircle
 10
326.2311513500972
 20
4162.107046393119
 30
0.0
 40
0.75
  0
CIRCLE
  5
35A8
330
1F
100
AcDbEntity
  8
0
 62
     0
100
AcDbCircle
 10
332.4171860948139
 20
4162.107046393119
 30
0.0
 40
0.75
  0
CIRCLE
  5
35A9
330
1F
100
AcDbEntity
  8
0
 62
     0
100
AcDbCircle
 10
338.6032208395306
 20
4162.107046393119
 30
0.0
 40
0.75
  0
CIRCLE
  5
35AA
330
1F
100
AcDbEntity
  8
0
 62
     0
100
AcDbCircle
 10
344.7892555842474
 20
4162.107046393119
 30
0.0
 40
0.75
  0
CIRCLE
  5
35AB
330
1F
100
AcDbEntity
  8
0
 62
     0
100
AcDbCircle
 10
350.9752903289641
 20
4162.107046393119
 30
0.0
 40
0.75
  0
CIRCLE
  5
35AC
330
1F
100
AcDbEntity
  8
0
 62
     0
100
AcDbCircle
 10
245.8126996687799
 20
4192.107046393119
 30
0.0
 40
0.75
  0
CIRCLE
  5
35AD
330
1F
100
AcDbEntity
  8
0
 62
     0
100
AcDbCircle
 10
251.9987344134967
 20
4192.107046393119
 30
0.0
 40
0.75
  0
CIRCLE
  5
35AE
330
1F
100
AcDbEntity
  8
0
 62
     0
100
AcDbCircle
 10
258.1847691582134
 20
4192.107046393119
 30
0.0
 40
0.75
  0
CIRCLE
  5
35AF
330
1F
100
AcDbEntity
  8
0
 62
     0
100
AcDbCircle
 10
264.3708039029301
 20
4192.107046393119
 30
0.0
 40
0.75
  0
CIRCLE
  5
35B0
330
1F
100
AcDbEntity
  8
0
 62
     0
100
AcDbCircle
 10
270.5568386476468
 20
4192.107046393119
 30
0.0
 40
0.75
  0
CIRCLE
  5
35B1
330
1F
100
AcDbEntity
  8
0
 62
     0
100
AcDbCircle
 10
276.7428733923635
 20
4192.107046393119
 30
0.0
 40
0.75
  0
CIRCLE
  5
35B2
330
1F
100
AcDbEntity
  8
0
 62
     0
100
AcDbCircle
 10
282.9289081370802
 20
4192.107046393119
 30
0.0
 40
0.75
  0
CIRCLE
  5
35B3
330
1F
100
AcDbEntity
  8
0
 62
     0
100
AcDbCircle
 10
289.1149428817969
 20
4192.107046393119
 30
0.0
 40
0.75
  0
CIRCLE
  5
35B4
330
1F
100
AcDbEntity
  8
0
 62
     0
100
AcDbCircle
 10
295.3009776265137
 20
4192.107046393119
 30
0.0
 40
0.75
  0
CIRCLE
  5
35B5
330
1F
100
AcDbEntity
  8
0
 62
     0
100
AcDbCircle
 10
301.4870123712304
 20
4192.107046393119
 30
0.0
 40
0.75
  0
CIRCLE
  5
35B6
330
1F
100
AcDbEntity
  8
0
 62
     0
100
AcDbCircle
 10
307.6730471159471
 20
4192.107046393119
 30
0.0
 40
0.75
  0
CIRCLE
  5
35B7
330
1F
100
AcDbEntity
  8
0
 62
     0
100
AcDbCircle
 10
313.8590818606638
 20
4192.107046393119
 30
0.0
 40
0.75
  0
CIRCLE
  5
35B8
330
1F
100
AcDbEntity
  8
0
 62
     0
100
AcDbCircle
 10
320.0451166053805
 20
4192.107046393119
 30
0.0
 40
0.75
  0
CIRCLE
  5
35B9
330
1F
100
AcDbEntity
  8
0
 62
     0
100
AcDbCircle
 10
326.2311513500972
 20
4192.107046393119
 30
0.0
 40
0.75
  0
CIRCLE
  5
35BA
330
1F
100
AcDbEntity
  8
0
 62
     0
100
AcDbCircle
 10
332.4171860948139
 20
4192.107046393119
 30
0.0
 40
0.75
  0
CIRCLE
  5
35BB
330
1F
100
AcDbEntity
  8
0
 62
     0
100
AcDbCircle
 10
338.6032208395306
 20
4192.107046393119
 30
0.0
 40
0.75
  0
CIRCLE
  5
35BC
330
1F
100
AcDbEntity
  8
0
 62
     0
100
AcDbCircle
 10
344.7892555842474
 20
4192.107046393119
 30
0.0
 40
0.75
  0
CIRCLE
  5
35BD
330
1F
100
AcDbEntity
  8
0
 62
     0
100
AcDbCircle
 10
350.9752903289641
 20
4192.107046393119
 30
0.0
 40
0.75
  0
CIRCLE
  5
35BE
330
1F
100
AcDbEntity
  8
0
 62
     0
100
AcDbCircle
 10
245.6255703384576
 20
4222.107046393118
 30
0.0
 40
0.75
  0
CIRCLE
  5
35BF
330
1F
100
AcDbEntity
  8
0
 62
     0
100
AcDbCircle
 10
251.8116050831744
 20
4222.107046393118
 30
0.0
 40
0.75
  0
CIRCLE
  5
35C0
330
1F
100
AcDbEntity
  8
0
 62
     0
100
AcDbCircle
 10
257.9976398278912
 20
4222.107046393118
 30
0.0
 40
0.75
  0
CIRCLE
  5
35C1
330
1F
100
AcDbEntity
  8
0
 62
     0
100
AcDbCircle
 10
264.1836745726079
 20
4222.107046393118
 30
0.0
 40
0.75
  0
CIRCLE
  5
35C2
330
1F
100
AcDbEntity
  8
0
 62
     0
100
AcDbCircle
 10
270.3697093173246
 20
4222.107046393118
 30
0.0
 40
0.75
  0
CIRCLE
  5
35C3
330
1F
100
AcDbEntity
  8
0
 62
     0
100
AcDbCircle
 10
276.5557440620412
 20
4222.107046393118
 30
0.0
 40
0.75
  0
CIRCLE
  5
35C4
330
1F
100
AcDbEntity
  8
0
 62
     0
100
AcDbCircle
 10
282.741778806758
 20
4222.107046393118
 30
0.0
 40
0.75
  0
CIRCLE
  5
35C5
330
1F
100
AcDbEntity
  8
0
 62
     0
100
AcDbCircle
 10
288.9278135514746
 20
4222.107046393118
 30
0.0
 40
0.75
  0
CIRCLE
  5
35C6
330
1F
100
AcDbEntity
  8
0
 62
     0
100
AcDbCircle
 10
295.1138482961914
 20
4222.107046393118
 30
0.0
 40
0.75
  0
CIRCLE
  5
35C7
330
1F
100
AcDbEntity
  8
0
 62
     0
100
AcDbCircle
 10
301.2998830409082
 20
4222.107046393118
 30
0.0
 40
0.75
  0
CIRCLE
  5
35C8
330
1F
100
AcDbEntity
  8
0
 62
     0
100
AcDbCircle
 10
307.4859177856248
 20
4222.107046393118
 30
0.0
 40
0.75
  0
CIRCLE
  5
35C9
330
1F
100
AcDbEntity
  8
0
 62
     0
100
AcDbCircle
 10
313.6719525303416
 20
4222.107046393118
 30
0.0
 40
0.75
  0
CIRCLE
  5
35CA
330
1F
100
AcDbEntity
  8
0
 62
     0
100
AcDbCircle
 10
319.8579872750583
 20
4222.107046393118
 30
0.0
 40
0.75
  0
CIRCLE
  5
35CB
330
1F
100
AcDbEntity
  8
0
 62
     0
100
AcDbCircle
 10
326.044022019775
 20
4222.107046393118
 30
0.0
 40
0.75
  0
CIRCLE
  5
35CC
330
1F
100
AcDbEntity
  8
0
 62
     0
100
AcDbCircle
 10
332.2300567644916
 20
4222.107046393118
 30
0.0
 40
0.75
  0
CIRCLE
  5
35CD
330
1F
100
AcDbEntity
  8
0
 62
     0
100
AcDbCircle
 10
338.4160915092084
 20
4222.107046393118
 30
0.0
 40
0.75
  0
CIRCLE
  5
35CE
330
1F
100
AcDbEntity
  8
0
 62
     0
100
AcDbCircle
 10
344.6021262539251
 20
4222.107046393118
 30
0.0
 40
0.75
  0
CIRCLE
  5
35CF
330
1F
100
AcDbEntity
  8
0
 62
     0
100
AcDbCircle
 10
350.7881609986419
 20
4222.107046393118
 30
0.0
 40
0.75
  0
CIRCLE
  5
35D0
330
1F
100
AcDbEntity
  8
0
 62
     0
100
AcDbCircle
 10
245.8227620224934
 20
4257.096973750857
 30
0.0
 40
0.75
  0
CIRCLE
  5
35D1
330
1F
100
AcDbEntity
  8
0
 62
     0
100
AcDbCircle
 10
252.0087967672102
 20
4257.096973750857
 30
0.0
 40
0.75
  0
CIRCLE
  5
35D2
330
1F
100
AcDbEntity
  8
0
 62
     0
100
AcDbCircle
 10
258.1948315119269
 20
4257.096973750857
 30
0.0
 40
0.75
  0
CIRCLE
  5
35D3
330
1F
100
AcDbEntity
  8
0
 62
     0
100
AcDbCircle
 10
264.3808662566436
 20
4257.096973750857
 30
0.0
 40
0.75
  0
CIRCLE
  5
35D4
330
1F
100
AcDbEntity
  8
0
 62
     0
100
AcDbCircle
 10
270.5669010013603
 20
4257.096973750857
 30
0.0
 40
0.75
  0
CIRCLE
  5
35D5
330
1F
100
AcDbEntity
  8
0
 62
     0
100
AcDbCircle
 10
276.752935746077
 20
4257.096973750857
 30
0.0
 40
0.75
  0
CIRCLE
  5
35D6
330
1F
100
AcDbEntity
  8
0
 62
     0
100
AcDbCircle
 10
282.9389704907937
 20
4257.096973750857
 30
0.0
 40
0.75
  0
CIRCLE
  5
35D7
330
1F
100
AcDbEntity
  8
0
 62
     0
100
AcDbCircle
 10
289.1250052355104
 20
4257.096973750857
 30
0.0
 40
0.75
  0
CIRCLE
  5
35D8
330
1F
100
AcDbEntity
  8
0
 62
     0
100
AcDbCircle
 10
295.3110399802271
 20
4257.096973750857
 30
0.0
 40
0.75
  0
CIRCLE
  5
35D9
330
1F
100
AcDbEntity
  8
0
 62
     0
100
AcDbCircle
 10
301.4970747249439
 20
4257.096973750857
 30
0.0
 40
0.75
  0
CIRCLE
  5
35DA
330
1F
100
AcDbEntity
  8
0
 62
     0
100
AcDbCircle
 10
307.6831094696605
 20
4257.096973750857
 30
0.0
 40
0.75
  0
CIRCLE
  5
35DB
330
1F
100
AcDbEntity
  8
0
 62
     0
100
AcDbCircle
 10
313.8691442143773
 20
4257.096973750857
 30
0.0
 40
0.75
  0
CIRCLE
  5
35DC
330
1F
100
AcDbEntity
  8
0
 62
     0
100
AcDbCircle
 10
320.055178959094
 20
4257.096973750857
 30
0.0
 40
0.75
  0
CIRCLE
  5
35DD
330
1F
100
AcDbEntity
  8
0
 62
     0
100
AcDbCircle
 10
326.2412137038107
 20
4257.096973750857
 30
0.0
 40
0.75
  0
CIRCLE
  5
35DE
330
1F
100
AcDbEntity
  8
0
 62
     0
100
AcDbCircle
 10
332.4272484485273
 20
4257.096973750857
 30
0.0
 40
0.75
  0
CIRCLE
  5
35DF
330
1F
100
AcDbEntity
  8
0
 62
     0
100
AcDbCircle
 10
338.6132831932441
 20
4257.096973750857
 30
0.0
 40
0.75
  0
CIRCLE
  5
35E0
330
1F
100
AcDbEntity
  8
0
 62
     0
100
AcDbCircle
 10
344.7993179379608
 20
4257.096973750857
 30
0.0
 40
0.75
  0
CIRCLE
  5
35E1
330
1F
100
AcDbEntity
  8
0
 62
     0
100
AcDbCircle
 10
350.9853526826776
 20
4257.096973750857
 30
0.0
 40
0.75
  0
CIRCLE
  5
35E2
330
1F
100
AcDbEntity
  8
0
 62
     0
100
AcDbCircle
 10
245.8126996687799
 20
4292.107046393119
 30
0.0
 40
0.75
  0
CIRCLE
  5
35E3
330
1F
100
AcDbEntity
  8
0
 62
     0
100
AcDbCircle
 10
251.9987344134967
 20
4292.107046393119
 30
0.0
 40
0.75
  0
CIRCLE
  5
35E4
330
1F
100
AcDbEntity
  8
0
 62
     0
100
AcDbCircle
 10
258.1847691582134
 20
4292.107046393119
 30
0.0
 40
0.75
  0
CIRCLE
  5
35E5
330
1F
100
AcDbEntity
  8
0
 62
     0
100
AcDbCircle
 10
264.3708039029301
 20
4292.107046393119
 30
0.0
 40
0.75
  0
CIRCLE
  5
35E6
330
1F
100
AcDbEntity
  8
0
 62
     0
100
AcDbCircle
 10
270.5568386476468
 20
4292.107046393119
 30
0.0
 40
0.75
  0
CIRCLE
  5
35E7
330
1F
100
AcDbEntity
  8
0
 62
     0
100
AcDbCircle
 10
276.7428733923635
 20
4292.107046393119
 30
0.0
 40
0.75
  0
CIRCLE
  5
35E8
330
1F
100
AcDbEntity
  8
0
 62
     0
100
AcDbCircle
 10
282.9289081370802
 20
4292.107046393119
 30
0.0
 40
0.75
  0
CIRCLE
  5
35E9
330
1F
100
AcDbEntity
  8
0
 62
     0
100
AcDbCircle
 10
289.1149428817969
 20
4292.107046393119
 30
0.0
 40
0.75
  0
CIRCLE
  5
35EA
330
1F
100
AcDbEntity
  8
0
 62
     0
100
AcDbCircle
 10
295.3009776265137
 20
4292.107046393119
 30
0.0
 40
0.75
  0
CIRCLE
  5
35EB
330
1F
100
AcDbEntity
  8
0
 62
     0
100
AcDbCircle
 10
301.4870123712304
 20
4292.107046393119
 30
0.0
 40
0.75
  0
CIRCLE
  5
35EC
330
1F
100
AcDbEntity
  8
0
 62
     0
100
AcDbCircle
 10
307.6730471159471
 20
4292.107046393119
 30
0.0
 40
0.75
  0
CIRCLE
  5
35ED
330
1F
100
AcDbEntity
  8
0
 62
     0
100
AcDbCircle
 10
313.8590818606638
 20
4292.107046393119
 30
0.0
 40
0.75
  0
CIRCLE
  5
35EE
330
1F
100
AcDbEntity
  8
0
 62
     0
100
AcDbCircle
 10
320.0451166053805
 20
4292.107046393119
 30
0.0
 40
0.75
  0
CIRCLE
  5
35EF
330
1F
100
AcDbEntity
  8
0
 62
     0
100
AcDbCircle
 10
326.2311513500972
 20
4292.107046393119
 30
0.0
 40
0.75
  0
CIRCLE
  5
35F0
330
1F
100
AcDbEntity
  8
0
 62
     0
100
AcDbCircle
 10
332.4171860948139
 20
4292.107046393119
 30
0.0
 40
0.75
  0
CIRCLE
  5
35F1
330
1F
100
AcDbEntity
  8
0
 62
     0
100
AcDbCircle
 10
338.6032208395306
 20
4292.107046393119
 30
0.0
 40
0.75
  0
CIRCLE
  5
35F2
330
1F
100
AcDbEntity
  8
0
 62
     0
100
AcDbCircle
 10
344.7892555842474
 20
4292.107046393119
 30
0.0
 40
0.75
  0
CIRCLE
  5
35F3
330
1F
100
AcDbEntity
  8
0
 62
     0
100
AcDbCircle
 10
350.9752903289641
 20
4292.107046393119
 30
0.0
 40
0.75
  0
CIRCLE
  5
35F4
330
1F
100
AcDbEntity
  8
0
 62
     0
100
AcDbCircle
 10
245.8126996687799
 20
4327.107046393119
 30
0.0
 40
0.75
  0
CIRCLE
  5
35F5
330
1F
100
AcDbEntity
  8
0
 62
     0
100
AcDbCircle
 10
251.9987344134967
 20
4327.107046393119
 30
0.0
 40
0.75
  0
CIRCLE
  5
35F6
330
1F
100
AcDbEntity
  8
0
 62
     0
100
AcDbCircle
 10
258.1847691582134
 20
4327.107046393119
 30
0.0
 40
0.75
  0
CIRCLE
  5
35F7
330
1F
100
AcDbEntity
  8
0
 62
     0
100
AcDbCircle
 10
264.3708039029301
 20
4327.107046393119
 30
0.0
 40
0.75
  0
CIRCLE
  5
35F8
330
1F
100
AcDbEntity
  8
0
 62
     0
100
AcDbCircle
 10
270.5568386476468
 20
4327.107046393119
 30
0.0
 40
0.75
  0
CIRCLE
  5
35F9
330
1F
100
AcDbEntity
  8
0
 62
     0
100
AcDbCircle
 10
276.7428733923635
 20
4327.107046393119
 30
0.0
 40
0.75
  0
CIRCLE
  5
35FA
330
1F
100
AcDbEntity
  8
0
 62
     0
100
AcDbCircle
 10
282.9289081370802
 20
4327.107046393119
 30
0.0
 40
0.75
  0
CIRCLE
  5
35FB
330
1F
100
AcDbEntity
  8
0
 62
     0
100
AcDbCircle
 10
289.1149428817969
 20
4327.107046393119
 30
0.0
 40
0.75
  0
CIRCLE
  5
35FC
330
1F
100
AcDbEntity
  8
0
 62
     0
100
AcDbCircle
 10
295.3009776265137
 20
4327.107046393119
 30
0.0
 40
0.75
  0
CIRCLE
  5
35FD
330
1F
100
AcDbEntity
  8
0
 62
     0
100
AcDbCircle
 10
301.4870123712304
 20
4327.107046393119
 30
0.0
 40
0.75
  0
CIRCLE
  5
35FE
330
1F
100
AcDbEntity
  8
0
 62
     0
100
AcDbCircle
 10
307.6730471159471
 20
4327.107046393119
 30
0.0
 40
0.75
  0
CIRCLE
  5
35FF
330
1F
100
AcDbEntity
  8
0
 62
     0
100
AcDbCircle
 10
313.8590818606638
 20
4327.107046393119
 30
0.0
 40
0.75
  0
CIRCLE
  5
3600
330
1F
100
AcDbEntity
  8
0
 62
     0
100
AcDbCircle
 10
320.0451166053805
 20
4327.107046393119
 30
0.0
 40
0.75
  0
CIRCLE
  5
3601
330
1F
100
AcDbEntity
  8
0
 62
     0
100
AcDbCircle
 10
326.2311513500972
 20
4327.107046393119
 30
0.0
 40
0.75
  0
CIRCLE
  5
3602
330
1F
100
AcDbEntity
  8
0
 62
     0
100
AcDbCircle
 10
332.4171860948139
 20
4327.107046393119
 30
0.0
 40
0.75
  0
CIRCLE
  5
3603
330
1F
100
AcDbEntity
  8
0
 62
     0
100
AcDbCircle
 10
338.6032208395306
 20
4327.107046393119
 30
0.0
 40
0.75
  0
CIRCLE
  5
3604
330
1F
100
AcDbEntity
  8
0
 62
     0
100
AcDbCircle
 10
344.7892555842474
 20
4327.107046393119
 30
0.0
 40
0.75
  0
CIRCLE
  5
3605
330
1F
100
AcDbEntity
  8
0
 62
     0
100
AcDbCircle
 10
350.9752903289641
 20
4327.107046393119
 30
0.0
 40
0.75
  0
CIRCLE
  5
3606
330
1F
100
AcDbEntity
  8
0
 62
     0
100
AcDbCircle
 10
245.8126996687799
 20
4367.107046393119
 30
0.0
 40
0.75
  0
CIRCLE
  5
3607
330
1F
100
AcDbEntity
  8
0
 62
     0
100
AcDbCircle
 10
251.9987344134967
 20
4367.107046393119
 30
0.0
 40
0.75
  0
CIRCLE
  5
3608
330
1F
100
AcDbEntity
  8
0
 62
     0
100
AcDbCircle
 10
258.1847691582134
 20
4367.107046393119
 30
0.0
 40
0.75
  0
CIRCLE
  5
3609
330
1F
100
AcDbEntity
  8
0
 62
     0
100
AcDbCircle
 10
264.3708039029301
 20
4367.107046393119
 30
0.0
 40
0.75
  0
CIRCLE
  5
360A
330
1F
100
AcDbEntity
  8
0
 62
     0
100
AcDbCircle
 10
270.5568386476468
 20
4367.107046393119
 30
0.0
 40
0.75
  0
CIRCLE
  5
360B
330
1F
100
AcDbEntity
  8
0
 62
     0
100
AcDbCircle
 10
276.7428733923635
 20
4367.107046393119
 30
0.0
 40
0.75
  0
CIRCLE
  5
360C
330
1F
100
AcDbEntity
  8
0
 62
     0
100
AcDbCircle
 10
282.9289081370802
 20
4367.107046393119
 30
0.0
 40
0.75
  0
CIRCLE
  5
360D
330
1F
100
AcDbEntity
  8
0
 62
     0
100
AcDbCircle
 10
289.1149428817969
 20
4367.107046393119
 30
0.0
 40
0.75
  0
CIRCLE
  5
360E
330
1F
100
AcDbEntity
  8
0
 62
     0
100
AcDbCircle
 10
295.3009776265137
 20
4367.107046393119
 30
0.0
 40
0.75
  0
CIRCLE
  5
360F
330
1F
100
AcDbEntity
  8
0
 62
     0
100
AcDbCircle
 10
301.4870123712304
 20
4367.107046393119
 30
0.0
 40
0.75
  0
CIRCLE
  5
3610
330
1F
100
AcDbEntity
  8
0
 62
     0
100
AcDbCircle
 10
307.6730471159471
 20
4367.107046393119
 30
0.0
 40
0.75
  0
CIRCLE
  5
3611
330
1F
100
AcDbEntity
  8
0
 62
     0
100
AcDbCircle
 10
313.8590818606638
 20
4367.107046393119
 30
0.0
 40
0.75
  0
CIRCLE
  5
3612
330
1F
100
AcDbEntity
  8
0
 62
     0
100
AcDbCircle
 10
320.0451166053805
 20
4367.107046393119
 30
0.0
 40
0.75
  0
CIRCLE
  5
3613
330
1F
100
AcDbEntity
  8
0
 62
     0
100
AcDbCircle
 10
326.2311513500972
 20
4367.107046393119
 30
0.0
 40
0.75
  0
CIRCLE
  5
3614
330
1F
100
AcDbEntity
  8
0
 62
     0
100
AcDbCircle
 10
332.4171860948139
 20
4367.107046393119
 30
0.0
 40
0.75
  0
CIRCLE
  5
3615
330
1F
100
AcDbEntity
  8
0
 62
     0
100
AcDbCircle
 10
338.6032208395306
 20
4367.107046393119
 30
0.0
 40
0.75
  0
CIRCLE
  5
3616
330
1F
100
AcDbEntity
  8
0
 62
     0
100
AcDbCircle
 10
344.7892555842474
 20
4367.107046393119
 30
0.0
 40
0.75
  0
CIRCLE
  5
3617
330
1F
100
AcDbEntity
  8
0
 62
     0
100
AcDbCircle
 10
350.9752903289641
 20
4367.107046393119
 30
0.0
 40
0.75
  0
CIRCLE
  5
3618
330
1F
100
AcDbEntity
  8
0
 62
     0
100
AcDbCircle
 10
245.8126996687799
 20
4407.107046393119
 30
0.0
 40
0.75
  0
CIRCLE
  5
3619
330
1F
100
AcDbEntity
  8
0
 62
     0
100
AcDbCircle
 10
251.9987344134967
 20
4407.107046393119
 30
0.0
 40
0.75
  0
CIRCLE
  5
361A
330
1F
100
AcDbEntity
  8
0
 62
     0
100
AcDbCircle
 10
258.1847691582134
 20
4407.107046393119
 30
0.0
 40
0.75
  0
CIRCLE
  5
361B
330
1F
100
AcDbEntity
  8
0
 62
     0
100
AcDbCircle
 10
264.3708039029301
 20
4407.107046393119
 30
0.0
 40
0.75
  0
CIRCLE
  5
361C
330
1F
100
AcDbEntity
  8
0
 62
     0
100
AcDbCircle
 10
270.5568386476468
 20
4407.107046393119
 30
0.0
 40
0.75
  0
CIRCLE
  5
361D
330
1F
100
AcDbEntity
  8
0
 62
     0
100
AcDbCircle
 10
276.7428733923635
 20
4407.107046393119
 30
0.0
 40
0.75
  0
CIRCLE
  5
361E
330
1F
100
AcDbEntity
  8
0
 62
     0
100
AcDbCircle
 10
282.9289081370802
 20
4407.107046393119
 30
0.0
 40
0.75
  0
CIRCLE
  5
361F
330
1F
100
AcDbEntity
  8
0
 62
     0
100
AcDbCircle
 10
289.1149428817969
 20
4407.107046393119
 30
0.0
 40
0.75
  0
CIRCLE
  5
3620
330
1F
100
AcDbEntity
  8
0
 62
     0
100
AcDbCircle
 10
295.3009776265137
 20
4407.107046393119
 30
0.0
 40
0.75
  0
CIRCLE
  5
3621
330
1F
100
AcDbEntity
  8
0
 62
     0
100
AcDbCircle
 10
301.4870123712304
 20
4407.107046393119
 30
0.0
 40
0.75
  0
CIRCLE
  5
3622
330
1F
100
AcDbEntity
  8
0
 62
     0
100
AcDbCircle
 10
307.6730471159471
 20
4407.107046393119
 30
0.0
 40
0.75
  0
CIRCLE
  5
3623
330
1F
100
AcDbEntity
  8
0
 62
     0
100
AcDbCircle
 10
313.8590818606638
 20
4407.107046393119
 30
0.0
 40
0.75
  0
CIRCLE
  5
3624
330
1F
100
AcDbEntity
  8
0
 62
     0
100
AcDbCircle
 10
320.0451166053805
 20
4407.107046393119
 30
0.0
 40
0.75
  0
CIRCLE
  5
3625
330
1F
100
AcDbEntity
  8
0
 62
     0
100
AcDbCircle
 10
326.2311513500972
 20
4407.107046393119
 30
0.0
 40
0.75
  0
CIRCLE
  5
3626
330
1F
100
AcDbEntity
  8
0
 62
     0
100
AcDbCircle
 10
332.4171860948139
 20
4407.107046393119
 30
0.0
 40
0.75
  0
CIRCLE
  5
3627
330
1F
100
AcDbEntity
  8
0
 62
     0
100
AcDbCircle
 10
338.6032208395306
 20
4407.107046393119
 30
0.0
 40
0.75
  0
CIRCLE
  5
3628
330
1F
100
AcDbEntity
  8
0
 62
     0
100
AcDbCircle
 10
344.7892555842474
 20
4407.107046393119
 30
0.0
 40
0.75
  0
CIRCLE
  5
3629
330
1F
100
AcDbEntity
  8
0
 62
     0
100
AcDbCircle
 10
350.9752903289641
 20
4407.107046393119
 30
0.0
 40
0.75
  0
CIRCLE
  5
362A
330
1F
100
AcDbEntity
  8
0
 62
     0
100
AcDbCircle
 10
245.8126996687799
 20
4452.107046393119
 30
0.0
 40
0.75
  0
CIRCLE
  5
362B
330
1F
100
AcDbEntity
  8
0
 62
     0
100
AcDbCircle
 10
251.9987344134967
 20
4452.107046393119
 30
0.0
 40
0.75
  0
CIRCLE
  5
362C
330
1F
100
AcDbEntity
  8
0
 62
     0
100
AcDbCircle
 10
258.1847691582134
 20
4452.107046393119
 30
0.0
 40
0.75
  0
CIRCLE
  5
362D
330
1F
100
AcDbEntity
  8
0
 62
     0
100
AcDbCircle
 10
264.3708039029301
 20
4452.107046393119
 30
0.0
 40
0.75
  0
CIRCLE
  5
362E
330
1F
100
AcDbEntity
  8
0
 62
     0
100
AcDbCircle
 10
270.5568386476468
 20
4452.107046393119
 30
0.0
 40
0.75
  0
CIRCLE
  5
362F
330
1F
100
AcDbEntity
  8
0
 62
     0
100
AcDbCircle
 10
276.7428733923635
 20
4452.107046393119
 30
0.0
 40
0.75
  0
CIRCLE
  5
3630
330
1F
100
AcDbEntity
  8
0
 62
     0
100
AcDbCircle
 10
282.9289081370802
 20
4452.107046393119
 30
0.0
 40
0.75
  0
CIRCLE
  5
3631
330
1F
100
AcDbEntity
  8
0
 62
     0
100
AcDbCircle
 10
289.1149428817969
 20
4452.107046393119
 30
0.0
 40
0.75
  0
CIRCLE
  5
3632
330
1F
100
AcDbEntity
  8
0
 62
     0
100
AcDbCircle
 10
295.3009776265137
 20
4452.107046393119
 30
0.0
 40
0.75
  0
CIRCLE
  5
3633
330
1F
100
AcDbEntity
  8
0
 62
     0
100
AcDbCircle
 10
301.4870123712304
 20
4452.107046393119
 30
0.0
 40
0.75
  0
CIRCLE
  5
3634
330
1F
100
AcDbEntity
  8
0
 62
     0
100
AcDbCircle
 10
307.6730471159471
 20
4452.107046393119
 30
0.0
 40
0.75
  0
CIRCLE
  5
3635
330
1F
100
AcDbEntity
  8
0
 62
     0
100
AcDbCircle
 10
313.8590818606638
 20
4452.107046393119
 30
0.0
 40
0.75
  0
CIRCLE
  5
3636
330
1F
100
AcDbEntity
  8
0
 62
     0
100
AcDbCircle
 10
320.0451166053805
 20
4452.107046393119
 30
0.0
 40
0.75
  0
CIRCLE
  5
3637
330
1F
100
AcDbEntity
  8
0
 62
     0
100
AcDbCircle
 10
326.2311513500972
 20
4452.107046393119
 30
0.0
 40
0.75
  0
CIRCLE
  5
3638
330
1F
100
AcDbEntity
  8
0
 62
     0
100
AcDbCircle
 10
332.4171860948139
 20
4452.107046393119
 30
0.0
 40
0.75
  0
CIRCLE
  5
3639
330
1F
100
AcDbEntity
  8
0
 62
     0
100
AcDbCircle
 10
338.6032208395306
 20
4452.107046393119
 30
0.0
 40
0.75
  0
CIRCLE
  5
363A
330
1F
100
AcDbEntity
  8
0
 62
     0
100
AcDbCircle
 10
344.7892555842474
 20
4452.107046393119
 30
0.0
 40
0.75
  0
CIRCLE
  5
363B
330
1F
100
AcDbEntity
  8
0
 62
     0
100
AcDbCircle
 10
350.9752903289641
 20
4452.107046393119
 30
0.0
 40
0.75
  0
CIRCLE
  5
363C
330
1F
100
AcDbEntity
  8
0
 62
     0
100
AcDbCircle
 10
245.8126996687799
 20
4502.10704639312
 30
0.0
 40
0.75
  0
CIRCLE
  5
363D
330
1F
100
AcDbEntity
  8
0
 62
     0
100
AcDbCircle
 10
251.9987344134967
 20
4502.10704639312
 30
0.0
 40
0.75
  0
CIRCLE
  5
363E
330
1F
100
AcDbEntity
  8
0
 62
     0
100
AcDbCircle
 10
258.1847691582134
 20
4502.10704639312
 30
0.0
 40
0.75
  0
CIRCLE
  5
363F
330
1F
100
AcDbEntity
  8
0
 62
     0
100
AcDbCircle
 10
264.3708039029301
 20
4502.10704639312
 30
0.0
 40
0.75
  0
CIRCLE
  5
3640
330
1F
100
AcDbEntity
  8
0
 62
     0
100
AcDbCircle
 10
270.5568386476468
 20
4502.10704639312
 30
0.0
 40
0.75
  0
CIRCLE
  5
3641
330
1F
100
AcDbEntity
  8
0
 62
     0
100
AcDbCircle
 10
276.7428733923635
 20
4502.10704639312
 30
0.0
 40
0.75
  0
CIRCLE
  5
3642
330
1F
100
AcDbEntity
  8
0
 62
     0
100
AcDbCircle
 10
282.9289081370802
 20
4502.10704639312
 30
0.0
 40
0.75
  0
CIRCLE
  5
3643
330
1F
100
AcDbEntity
  8
0
 62
     0
100
AcDbCircle
 10
289.1149428817969
 20
4502.10704639312
 30
0.0
 40
0.75
  0
CIRCLE
  5
3644
330
1F
100
AcDbEntity
  8
0
 62
     0
100
AcDbCircle
 10
295.3009776265137
 20
4502.10704639312
 30
0.0
 40
0.75
  0
CIRCLE
  5
3645
330
1F
100
AcDbEntity
  8
0
 62
     0
100
AcDbCircle
 10
301.4870123712304
 20
4502.10704639312
 30
0.0
 40
0.75
  0
CIRCLE
  5
3646
330
1F
100
AcDbEntity
  8
0
 62
     0
100
AcDbCircle
 10
307.6730471159471
 20
4502.10704639312
 30
0.0
 40
0.75
  0
CIRCLE
  5
3647
330
1F
100
AcDbEntity
  8
0
 62
     0
100
AcDbCircle
 10
313.8590818606638
 20
4502.10704639312
 30
0.0
 40
0.75
  0
CIRCLE
  5
3648
330
1F
100
AcDbEntity
  8
0
 62
     0
100
AcDbCircle
 10
320.0451166053805
 20
4502.10704639312
 30
0.0
 40
0.75
  0
CIRCLE
  5
3649
330
1F
100
AcDbEntity
  8
0
 62
     0
100
AcDbCircle
 10
326.2311513500972
 20
4502.10704639312
 30
0.0
 40
0.75
  0
CIRCLE
  5
364A
330
1F
100
AcDbEntity
  8
0
 62
     0
100
AcDbCircle
 10
332.4171860948139
 20
4502.10704639312
 30
0.0
 40
0.75
  0
CIRCLE
  5
364B
330
1F
100
AcDbEntity
  8
0
 62
     0
100
AcDbCircle
 10
338.6032208395306
 20
4502.10704639312
 30
0.0
 40
0.75
  0
CIRCLE
  5
364C
330
1F
100
AcDbEntity
  8
0
 62
     0
100
AcDbCircle
 10
344.7892555842474
 20
4502.10704639312
 30
0.0
 40
0.75
  0
CIRCLE
  5
364D
330
1F
100
AcDbEntity
  8
0
 62
     0
100
AcDbCircle
 10
350.9752903289641
 20
4502.10704639312
 30
0.0
 40
0.75
  0
CIRCLE
  5
364E
330
1F
100
AcDbEntity
  8
0
 62
     0
100
AcDbCircle
 10
245.8126996687799
 20
4557.107046393119
 30
0.0
 40
0.75
  0
CIRCLE
  5
364F
330
1F
100
AcDbEntity
  8
0
 62
     0
100
AcDbCircle
 10
251.9987344134967
 20
4557.107046393119
 30
0.0
 40
0.75
  0
CIRCLE
  5
3650
330
1F
100
AcDbEntity
  8
0
 62
     0
100
AcDbCircle
 10
258.1847691582134
 20
4557.107046393119
 30
0.0
 40
0.75
  0
CIRCLE
  5
3651
330
1F
100
AcDbEntity
  8
0
 62
     0
100
AcDbCircle
 10
264.3708039029301
 20
4557.107046393119
 30
0.0
 40
0.75
  0
CIRCLE
  5
3652
330
1F
100
AcDbEntity
  8
0
 62
     0
100
AcDbCircle
 10
270.5568386476468
 20
4557.107046393119
 30
0.0
 40
0.75
  0
CIRCLE
  5
3653
330
1F
100
AcDbEntity
  8
0
 62
     0
100
AcDbCircle
 10
276.7428733923635
 20
4557.107046393119
 30
0.0
 40
0.75
  0
CIRCLE
  5
3654
330
1F
100
AcDbEntity
  8
0
 62
     0
100
AcDbCircle
 10
282.9289081370802
 20
4557.107046393119
 30
0.0
 40
0.75
  0
CIRCLE
  5
3655
330
1F
100
AcDbEntity
  8
0
 62
     0
100
AcDbCircle
 10
289.1149428817969
 20
4557.107046393119
 30
0.0
 40
0.75
  0
CIRCLE
  5
3656
330
1F
100
AcDbEntity
  8
0
 62
     0
100
AcDbCircle
 10
295.3009776265137
 20
4557.107046393119
 30
0.0
 40
0.75
  0
CIRCLE
  5
3657
330
1F
100
AcDbEntity
  8
0
 62
     0
100
AcDbCircle
 10
301.4870123712304
 20
4557.107046393119
 30
0.0
 40
0.75
  0
CIRCLE
  5
3658
330
1F
100
AcDbEntity
  8
0
 62
     0
100
AcDbCircle
 10
307.6730471159471
 20
4557.107046393119
 30
0.0
 40
0.75
  0
CIRCLE
  5
3659
330
1F
100
AcDbEntity
  8
0
 62
     0
100
AcDbCircle
 10
313.8590818606638
 20
4557.107046393119
 30
0.0
 40
0.75
  0
CIRCLE
  5
365A
330
1F
100
AcDbEntity
  8
0
 62
     0
100
AcDbCircle
 10
320.0451166053805
 20
4557.107046393119
 30
0.0
 40
0.75
  0
CIRCLE
  5
365B
330
1F
100
AcDbEntity
  8
0
 62
     0
100
AcDbCircle
 10
326.2311513500972
 20
4557.107046393119
 30
0.0
 40
0.75
  0
CIRCLE
  5
365C
330
1F
100
AcDbEntity
  8
0
 62
     0
100
AcDbCircle
 10
332.4171860948139
 20
4557.107046393119
 30
0.0
 40
0.75
  0
CIRCLE
  5
365D
330
1F
100
AcDbEntity
  8
0
 62
     0
100
AcDbCircle
 10
338.6032208395306
 20
4557.107046393119
 30
0.0
 40
0.75
  0
CIRCLE
  5
365E
330
1F
100
AcDbEntity
  8
0
 62
     0
100
AcDbCircle
 10
344.7892555842474
 20
4557.107046393119
 30
0.0
 40
0.75
  0
CIRCLE
  5
365F
330
1F
100
AcDbEntity
  8
0
 62
     0
100
AcDbCircle
 10
350.9752903289641
 20
4557.107046393119
 30
0.0
 40
0.75
  0
CIRCLE
  5
3660
330
1F
100
AcDbEntity
  8
0
 62
     0
100
AcDbCircle
 10
522.8597252773018
 20
4162.107046393119
 30
0.0
 40
0.75
  0
CIRCLE
  5
3661
330
1F
100
AcDbEntity
  8
0
 62
     0
100
AcDbCircle
 10
516.673690532585
 20
4162.107046393119
 30
0.0
 40
0.75
  0
CIRCLE
  5
3662
330
1F
100
AcDbEntity
  8
0
 62
     0
100
AcDbCircle
 10
510.4876557878682
 20
4162.107046393119
 30
0.0
 40
0.75
  0
CIRCLE
  5
3663
330
1F
100
AcDbEntity
  8
0
 62
     0
100
AcDbCircle
 10
504.3016210431516
 20
4162.107046393119
 30
0.0
 40
0.75
  0
CIRCLE
  5
3664
330
1F
100
AcDbEntity
  8
0
 62
     0
100
AcDbCircle
 10
498.1155862984349
 20
4162.107046393119
 30
0.0
 40
0.75
  0
CIRCLE
  5
3665
330
1F
100
AcDbEntity
  8
0
 62
     0
100
AcDbCircle
 10
491.9295515537182
 20
4162.107046393119
 30
0.0
 40
0.75
  0
CIRCLE
  5
3666
330
1F
100
AcDbEntity
  8
0
 62
     0
100
AcDbCircle
 10
485.7435168090015
 20
4162.107046393119
 30
0.0
 40
0.75
  0
CIRCLE
  5
3667
330
1F
100
AcDbEntity
  8
0
 62
     0
100
AcDbCircle
 10
479.5574820642848
 20
4162.107046393119
 30
0.0
 40
0.75
  0
CIRCLE
  5
3668
330
1F
100
AcDbEntity
  8
0
 62
     0
100
AcDbCircle
 10
473.371447319568
 20
4162.107046393119
 30
0.0
 40
0.75
  0
CIRCLE
  5
3669
330
1F
100
AcDbEntity
  8
0
 62
     0
100
AcDbCircle
 10
467.1854125748513
 20
4162.107046393119
 30
0.0
 40
0.75
  0
CIRCLE
  5
366A
330
1F
100
AcDbEntity
  8
0
 62
     0
100
AcDbCircle
 10
460.9993778301346
 20
4162.107046393119
 30
0.0
 40
0.75
  0
CIRCLE
  5
366B
330
1F
100
AcDbEntity
  8
0
 62
     0
100
AcDbCircle
 10
454.8133430854178
 20
4162.107046393119
 30
0.0
 40
0.75
  0
CIRCLE
  5
366C
330
1F
100
AcDbEntity
  8
0
 62
     0
100
AcDbCircle
 10
448.6273083407011
 20
4162.107046393119
 30
0.0
 40
0.75
  0
CIRCLE
  5
366D
330
1F
100
AcDbEntity
  8
0
 62
     0
100
AcDbCircle
 10
442.4412735959845
 20
4162.107046393119
 30
0.0
 40
0.75
  0
CIRCLE
  5
366E
330
1F
100
AcDbEntity
  8
0
 62
     0
100
AcDbCircle
 10
436.2552388512678
 20
4162.107046393119
 30
0.0
 40
0.75
  0
CIRCLE
  5
366F
330
1F
100
AcDbEntity
  8
0
 62
     0
100
AcDbCircle
 10
430.069204106551
 20
4162.107046393119
 30
0.0
 40
0.75
  0
CIRCLE
  5
3670
330
1F
100
AcDbEntity
  8
0
 62
     0
100
AcDbCircle
 10
423.8831693618343
 20
4162.107046393119
 30
0.0
 40
0.75
  0
CIRCLE
  5
3671
330
1F
100
AcDbEntity
  8
0
 62
     0
100
AcDbCircle
 10
417.6971346171176
 20
4162.107046393119
 30
0.0
 40
0.75
  0
CIRCLE
  5
3672
330
1F
100
AcDbEntity
  8
0
 62
     0
100
AcDbCircle
 10
522.8597252773018
 20
4192.107046393119
 30
0.0
 40
0.75
  0
CIRCLE
  5
3673
330
1F
100
AcDbEntity
  8
0
 62
     0
100
AcDbCircle
 10
516.673690532585
 20
4192.107046393119
 30
0.0
 40
0.75
  0
CIRCLE
  5
3674
330
1F
100
AcDbEntity
  8
0
 62
     0
100
AcDbCircle
 10
510.4876557878682
 20
4192.107046393119
 30
0.0
 40
0.75
  0
CIRCLE
  5
3675
330
1F
100
AcDbEntity
  8
0
 62
     0
100
AcDbCircle
 10
504.3016210431516
 20
4192.107046393119
 30
0.0
 40
0.75
  0
CIRCLE
  5
3676
330
1F
100
AcDbEntity
  8
0
 62
     0
100
AcDbCircle
 10
498.1155862984349
 20
4192.107046393119
 30
0.0
 40
0.75
  0
CIRCLE
  5
3677
330
1F
100
AcDbEntity
  8
0
 62
     0
100
AcDbCircle
 10
491.9295515537182
 20
4192.107046393119
 30
0.0
 40
0.75
  0
CIRCLE
  5
3678
330
1F
100
AcDbEntity
  8
0
 62
     0
100
AcDbCircle
 10
485.7435168090015
 20
4192.107046393119
 30
0.0
 40
0.75
  0
CIRCLE
  5
3679
330
1F
100
AcDbEntity
  8
0
 62
     0
100
AcDbCircle
 10
479.5574820642848
 20
4192.107046393119
 30
0.0
 40
0.75
  0
CIRCLE
  5
367A
330
1F
100
AcDbEntity
  8
0
 62
     0
100
AcDbCircle
 10
473.371447319568
 20
4192.107046393119
 30
0.0
 40
0.75
  0
CIRCLE
  5
367B
330
1F
100
AcDbEntity
  8
0
 62
     0
100
AcDbCircle
 10
467.1854125748513
 20
4192.107046393119
 30
0.0
 40
0.75
  0
CIRCLE
  5
367C
330
1F
100
AcDbEntity
  8
0
 62
     0
100
AcDbCircle
 10
460.9993778301346
 20
4192.107046393119
 30
0.0
 40
0.75
  0
CIRCLE
  5
367D
330
1F
100
AcDbEntity
  8
0
 62
     0
100
AcDbCircle
 10
454.8133430854178
 20
4192.107046393119
 30
0.0
 40
0.75
  0
CIRCLE
  5
367E
330
1F
100
AcDbEntity
  8
0
 62
     0
100
AcDbCircle
 10
448.6273083407011
 20
4192.107046393119
 30
0.0
 40
0.75
  0
CIRCLE
  5
367F
330
1F
100
AcDbEntity
  8
0
 62
     0
100
AcDbCircle
 10
442.4412735959845
 20
4192.107046393119
 30
0.0
 40
0.75
  0
CIRCLE
  5
3680
330
1F
100
AcDbEntity
  8
0
 62
     0
100
AcDbCircle
 10
436.2552388512678
 20
4192.107046393119
 30
0.0
 40
0.75
  0
CIRCLE
  5
3681
330
1F
100
AcDbEntity
  8
0
 62
     0
100
AcDbCircle
 10
430.069204106551
 20
4192.107046393119
 30
0.0
 40
0.75
  0
CIRCLE
  5
3682
330
1F
100
AcDbEntity
  8
0
 62
     0
100
AcDbCircle
 10
423.8831693618343
 20
4192.107046393119
 30
0.0
 40
0.75
  0
CIRCLE
  5
3683
330
1F
100
AcDbEntity
  8
0
 62
     0
100
AcDbCircle
 10
417.6971346171176
 20
4192.107046393119
 30
0.0
 40
0.75
  0
CIRCLE
  5
3684
330
1F
100
AcDbEntity
  8
0
 62
     0
100
AcDbCircle
 10
523.046854607624
 20
4222.107046393118
 30
0.0
 40
0.75
  0
CIRCLE
  5
3685
330
1F
100
AcDbEntity
  8
0
 62
     0
100
AcDbCircle
 10
516.8608198629073
 20
4222.107046393118
 30
0.0
 40
0.75
  0
CIRCLE
  5
3686
330
1F
100
AcDbEntity
  8
0
 62
     0
100
AcDbCircle
 10
510.6747851181905
 20
4222.107046393118
 30
0.0
 40
0.75
  0
CIRCLE
  5
3687
330
1F
100
AcDbEntity
  8
0
 62
     0
100
AcDbCircle
 10
504.4887503734738
 20
4222.107046393118
 30
0.0
 40
0.75
  0
CIRCLE
  5
3688
330
1F
100
AcDbEntity
  8
0
 62
     0
100
AcDbCircle
 10
498.3027156287571
 20
4222.107046393118
 30
0.0
 40
0.75
  0
CIRCLE
  5
3689
330
1F
100
AcDbEntity
  8
0
 62
     0
100
AcDbCircle
 10
492.1166808840404
 20
4222.107046393118
 30
0.0
 40
0.75
  0
CIRCLE
  5
368A
330
1F
100
AcDbEntity
  8
0
 62
     0
100
AcDbCircle
 10
485.9306461393237
 20
4222.107046393118
 30
0.0
 40
0.75
  0
CIRCLE
  5
368B
330
1F
100
AcDbEntity
  8
0
 62
     0
100
AcDbCircle
 10
479.7446113946071
 20
4222.107046393118
 30
0.0
 40
0.75
  0
CIRCLE
  5
368C
330
1F
100
AcDbEntity
  8
0
 62
     0
100
AcDbCircle
 10
473.5585766498902
 20
4222.107046393118
 30
0.0
 40
0.75
  0
CIRCLE
  5
368D
330
1F
100
AcDbEntity
  8
0
 62
     0
100
AcDbCircle
 10
467.3725419051735
 20
4222.107046393118
 30
0.0
 40
0.75
  0
CIRCLE
  5
368E
330
1F
100
AcDbEntity
  8
0
 62
     0
100
AcDbCircle
 10
461.1865071604568
 20
4222.107046393118
 30
0.0
 40
0.75
  0
CIRCLE
  5
368F
330
1F
100
AcDbEntity
  8
0
 62
     0
100
AcDbCircle
 10
455.0004724157401
 20
4222.107046393118
 30
0.0
 40
0.75
  0
CIRCLE
  5
3690
330
1F
100
AcDbEntity
  8
0
 62
     0
100
AcDbCircle
 10
448.8144376710234
 20
4222.107046393118
 30
0.0
 40
0.75
  0
CIRCLE
  5
3691
330
1F
100
AcDbEntity
  8
0
 62
     0
100
AcDbCircle
 10
442.6284029263067
 20
4222.107046393118
 30
0.0
 40
0.75
  0
CIRCLE
  5
3692
330
1F
100
AcDbEntity
  8
0
 62
     0
100
AcDbCircle
 10
436.4423681815901
 20
4222.107046393118
 30
0.0
 40
0.75
  0
CIRCLE
  5
3693
330
1F
100
AcDbEntity
  8
0
 62
     0
100
AcDbCircle
 10
430.2563334368733
 20
4222.107046393118
 30
0.0
 40
0.75
  0
CIRCLE
  5
3694
330
1F
100
AcDbEntity
  8
0
 62
     0
100
AcDbCircle
 10
424.0702986921566
 20
4222.107046393118
 30
0.0
 40
0.75
  0
CIRCLE
  5
3695
330
1F
100
AcDbEntity
  8
0
 62
     0
100
AcDbCircle
 10
417.8842639474398
 20
4222.107046393118
 30
0.0
 40
0.75
  0
CIRCLE
  5
3696
330
1F
100
AcDbEntity
  8
0
 62
     0
100
AcDbCircle
 10
522.8496629235884
 20
4257.096973750857
 30
0.0
 40
0.75
  0
CIRCLE
  5
3697
330
1F
100
AcDbEntity
  8
0
 62
     0
100
AcDbCircle
 10
516.6636281788717
 20
4257.096973750857
 30
0.0
 40
0.75
  0
CIRCLE
  5
3698
330
1F
100
AcDbEntity
  8
0
 62
     0
100
AcDbCircle
 10
510.4775934341549
 20
4257.096973750857
 30
0.0
 40
0.75
  0
CIRCLE
  5
3699
330
1F
100
AcDbEntity
  8
0
 62
     0
100
AcDbCircle
 10
504.2915586894382
 20
4257.096973750857
 30
0.0
 40
0.75
  0
CIRCLE
  5
369A
330
1F
100
AcDbEntity
  8
0
 62
     0
100
AcDbCircle
 10
498.1055239447215
 20
4257.096973750857
 30
0.0
 40
0.75
  0
CIRCLE
  5
369B
330
1F
100
AcDbEntity
  8
0
 62
     0
100
AcDbCircle
 10
491.9194892000049
 20
4257.096973750857
 30
0.0
 40
0.75
  0
CIRCLE
  5
369C
330
1F
100
AcDbEntity
  8
0
 62
     0
100
AcDbCircle
 10
485.7334544552881
 20
4257.096973750857
 30
0.0
 40
0.75
  0
CIRCLE
  5
369D
330
1F
100
AcDbEntity
  8
0
 62
     0
100
AcDbCircle
 10
479.5474197105715
 20
4257.096973750857
 30
0.0
 40
0.75
  0
CIRCLE
  5
369E
330
1F
100
AcDbEntity
  8
0
 62
     0
100
AcDbCircle
 10
473.3613849658547
 20
4257.096973750857
 30
0.0
 40
0.75
  0
CIRCLE
  5
369F
330
1F
100
AcDbEntity
  8
0
 62
     0
100
AcDbCircle
 10
467.1753502211379
 20
4257.096973750857
 30
0.0
 40
0.75
  0
CIRCLE
  5
36A0
330
1F
100
AcDbEntity
  8
0
 62
     0
100
AcDbCircle
 10
460.9893154764212
 20
4257.096973750857
 30
0.0
 40
0.75
  0
CIRCLE
  5
36A1
330
1F
100
AcDbEntity
  8
0
 62
     0
100
AcDbCircle
 10
454.8032807317045
 20
4257.096973750857
 30
0.0
 40
0.75
  0
CIRCLE
  5
36A2
330
1F
100
AcDbEntity
  8
0
 62
     0
100
AcDbCircle
 10
448.6172459869878
 20
4257.096973750857
 30
0.0
 40
0.75
  0
CIRCLE
  5
36A3
330
1F
100
AcDbEntity
  8
0
 62
     0
100
AcDbCircle
 10
442.4312112422711
 20
4257.096973750857
 30
0.0
 40
0.75
  0
CIRCLE
  5
36A4
330
1F
100
AcDbEntity
  8
0
 62
     0
100
AcDbCircle
 10
436.2451764975545
 20
4257.096973750857
 30
0.0
 40
0.75
  0
CIRCLE
  5
36A5
330
1F
100
AcDbEntity
  8
0
 62
     0
100
AcDbCircle
 10
430.0591417528377
 20
4257.096973750857
 30
0.0
 40
0.75
  0
CIRCLE
  5
36A6
330
1F
100
AcDbEntity
  8
0
 62
     0
100
AcDbCircle
 10
423.8731070081209
 20
4257.096973750857
 30
0.0
 40
0.75
  0
CIRCLE
  5
36A7
330
1F
100
AcDbEntity
  8
0
 62
     0
100
AcDbCircle
 10
417.6870722634042
 20
4257.096973750857
 30
0.0
 40
0.75
  0
CIRCLE
  5
36A8
330
1F
100
AcDbEntity
  8
0
 62
     0
100
AcDbCircle
 10
522.8597252773018
 20
4292.107046393119
 30
0.0
 40
0.75
  0
CIRCLE
  5
36A9
330
1F
100
AcDbEntity
  8
0
 62
     0
100
AcDbCircle
 10
516.673690532585
 20
4292.107046393119
 30
0.0
 40
0.75
  0
CIRCLE
  5
36AA
330
1F
100
AcDbEntity
  8
0
 62
     0
100
AcDbCircle
 10
510.4876557878682
 20
4292.107046393119
 30
0.0
 40
0.75
  0
CIRCLE
  5
36AB
330
1F
100
AcDbEntity
  8
0
 62
     0
100
AcDbCircle
 10
504.3016210431516
 20
4292.107046393119
 30
0.0
 40
0.75
  0
CIRCLE
  5
36AC
330
1F
100
AcDbEntity
  8
0
 62
     0
100
AcDbCircle
 10
498.1155862984349
 20
4292.107046393119
 30
0.0
 40
0.75
  0
CIRCLE
  5
36AD
330
1F
100
AcDbEntity
  8
0
 62
     0
100
AcDbCircle
 10
491.9295515537182
 20
4292.107046393119
 30
0.0
 40
0.75
  0
CIRCLE
  5
36AE
330
1F
100
AcDbEntity
  8
0
 62
     0
100
AcDbCircle
 10
485.7435168090015
 20
4292.107046393119
 30
0.0
 40
0.75
  0
CIRCLE
  5
36AF
330
1F
100
AcDbEntity
  8
0
 62
     0
100
AcDbCircle
 10
479.5574820642848
 20
4292.107046393119
 30
0.0
 40
0.75
  0
CIRCLE
  5
36B0
330
1F
100
AcDbEntity
  8
0
 62
     0
100
AcDbCircle
 10
473.371447319568
 20
4292.107046393119
 30
0.0
 40
0.75
  0
CIRCLE
  5
36B1
330
1F
100
AcDbEntity
  8
0
 62
     0
100
AcDbCircle
 10
467.1854125748513
 20
4292.107046393119
 30
0.0
 40
0.75
  0
CIRCLE
  5
36B2
330
1F
100
AcDbEntity
  8
0
 62
     0
100
AcDbCircle
 10
460.9993778301346
 20
4292.107046393119
 30
0.0
 40
0.75
  0
CIRCLE
  5
36B3
330
1F
100
AcDbEntity
  8
0
 62
     0
100
AcDbCircle
 10
454.8133430854178
 20
4292.107046393119
 30
0.0
 40
0.75
  0
CIRCLE
  5
36B4
330
1F
100
AcDbEntity
  8
0
 62
     0
100
AcDbCircle
 10
448.6273083407011
 20
4292.107046393119
 30
0.0
 40
0.75
  0
CIRCLE
  5
36B5
330
1F
100
AcDbEntity
  8
0
 62
     0
100
AcDbCircle
 10
442.4412735959845
 20
4292.107046393119
 30
0.0
 40
0.75
  0
CIRCLE
  5
36B6
330
1F
100
AcDbEntity
  8
0
 62
     0
100
AcDbCircle
 10
436.2552388512678
 20
4292.107046393119
 30
0.0
 40
0.75
  0
CIRCLE
  5
36B7
330
1F
100
AcDbEntity
  8
0
 62
     0
100
AcDbCircle
 10
430.069204106551
 20
4292.107046393119
 30
0.0
 40
0.75
  0
CIRCLE
  5
36B8
330
1F
100
AcDbEntity
  8
0
 62
     0
100
AcDbCircle
 10
423.8831693618343
 20
4292.107046393119
 30
0.0
 40
0.75
  0
CIRCLE
  5
36B9
330
1F
100
AcDbEntity
  8
0
 62
     0
100
AcDbCircle
 10
417.6971346171176
 20
4292.107046393119
 30
0.0
 40
0.75
  0
CIRCLE
  5
36BA
330
1F
100
AcDbEntity
  8
0
 62
     0
100
AcDbCircle
 10
522.8597252773018
 20
4327.107046393119
 30
0.0
 40
0.75
  0
CIRCLE
  5
36BB
330
1F
100
AcDbEntity
  8
0
 62
     0
100
AcDbCircle
 10
516.673690532585
 20
4327.107046393119
 30
0.0
 40
0.75
  0
CIRCLE
  5
36BC
330
1F
100
AcDbEntity
  8
0
 62
     0
100
AcDbCircle
 10
510.4876557878682
 20
4327.107046393119
 30
0.0
 40
0.75
  0
CIRCLE
  5
36BD
330
1F
100
AcDbEntity
  8
0
 62
     0
100
AcDbCircle
 10
504.3016210431516
 20
4327.107046393119
 30
0.0
 40
0.75
  0
CIRCLE
  5
36BE
330
1F
100
AcDbEntity
  8
0
 62
     0
100
AcDbCircle
 10
498.1155862984349
 20
4327.107046393119
 30
0.0
 40
0.75
  0
CIRCLE
  5
36BF
330
1F
100
AcDbEntity
  8
0
 62
     0
100
AcDbCircle
 10
491.9295515537182
 20
4327.107046393119
 30
0.0
 40
0.75
  0
CIRCLE
  5
36C0
330
1F
100
AcDbEntity
  8
0
 62
     0
100
AcDbCircle
 10
485.7435168090015
 20
4327.107046393119
 30
0.0
 40
0.75
  0
CIRCLE
  5
36C1
330
1F
100
AcDbEntity
  8
0
 62
     0
100
AcDbCircle
 10
479.5574820642848
 20
4327.107046393119
 30
0.0
 40
0.75
  0
CIRCLE
  5
36C2
330
1F
100
AcDbEntity
  8
0
 62
     0
100
AcDbCircle
 10
473.371447319568
 20
4327.107046393119
 30
0.0
 40
0.75
  0
CIRCLE
  5
36C3
330
1F
100
AcDbEntity
  8
0
 62
     0
100
AcDbCircle
 10
467.1854125748513
 20
4327.107046393119
 30
0.0
 40
0.75
  0
CIRCLE
  5
36C4
330
1F
100
AcDbEntity
  8
0
 62
     0
100
AcDbCircle
 10
460.9993778301346
 20
4327.107046393119
 30
0.0
 40
0.75
  0
CIRCLE
  5
36C5
330
1F
100
AcDbEntity
  8
0
 62
     0
100
AcDbCircle
 10
454.8133430854178
 20
4327.107046393119
 30
0.0
 40
0.75
  0
CIRCLE
  5
36C6
330
1F
100
AcDbEntity
  8
0
 62
     0
100
AcDbCircle
 10
448.6273083407011
 20
4327.107046393119
 30
0.0
 40
0.75
  0
CIRCLE
  5
36C7
330
1F
100
AcDbEntity
  8
0
 62
     0
100
AcDbCircle
 10
442.4412735959845
 20
4327.107046393119
 30
0.0
 40
0.75
  0
CIRCLE
  5
36C8
330
1F
100
AcDbEntity
  8
0
 62
     0
100
AcDbCircle
 10
436.2552388512678
 20
4327.107046393119
 30
0.0
 40
0.75
  0
CIRCLE
  5
36C9
330
1F
100
AcDbEntity
  8
0
 62
     0
100
AcDbCircle
 10
430.069204106551
 20
4327.107046393119
 30
0.0
 40
0.75
  0
CIRCLE
  5
36CA
330
1F
100
AcDbEntity
  8
0
 62
     0
100
AcDbCircle
 10
423.8831693618343
 20
4327.107046393119
 30
0.0
 40
0.75
  0
CIRCLE
  5
36CB
330
1F
100
AcDbEntity
  8
0
 62
     0
100
AcDbCircle
 10
417.6971346171176
 20
4327.107046393119
 30
0.0
 40
0.75
  0
CIRCLE
  5
36CC
330
1F
100
AcDbEntity
  8
0
 62
     0
100
AcDbCircle
 10
522.8597252773018
 20
4367.107046393119
 30
0.0
 40
0.75
  0
CIRCLE
  5
36CD
330
1F
100
AcDbEntity
  8
0
 62
     0
100
AcDbCircle
 10
516.673690532585
 20
4367.107046393119
 30
0.0
 40
0.75
  0
CIRCLE
  5
36CE
330
1F
100
AcDbEntity
  8
0
 62
     0
100
AcDbCircle
 10
510.4876557878682
 20
4367.107046393119
 30
0.0
 40
0.75
  0
CIRCLE
  5
36CF
330
1F
100
AcDbEntity
  8
0
 62
     0
100
AcDbCircle
 10
504.3016210431516
 20
4367.107046393119
 30
0.0
 40
0.75
  0
CIRCLE
  5
36D0
330
1F
100
AcDbEntity
  8
0
 62
     0
100
AcDbCircle
 10
498.1155862984349
 20
4367.107046393119
 30
0.0
 40
0.75
  0
CIRCLE
  5
36D1
330
1F
100
AcDbEntity
  8
0
 62
     0
100
AcDbCircle
 10
491.9295515537182
 20
4367.107046393119
 30
0.0
 40
0.75
  0
CIRCLE
  5
36D2
330
1F
100
AcDbEntity
  8
0
 62
     0
100
AcDbCircle
 10
485.7435168090015
 20
4367.107046393119
 30
0.0
 40
0.75
  0
CIRCLE
  5
36D3
330
1F
100
AcDbEntity
  8
0
 62
     0
100
AcDbCircle
 10
479.5574820642848
 20
4367.107046393119
 30
0.0
 40
0.75
  0
CIRCLE
  5
36D4
330
1F
100
AcDbEntity
  8
0
 62
     0
100
AcDbCircle
 10
473.371447319568
 20
4367.107046393119
 30
0.0
 40
0.75
  0
CIRCLE
  5
36D5
330
1F
100
AcDbEntity
  8
0
 62
     0
100
AcDbCircle
 10
467.1854125748513
 20
4367.107046393119
 30
0.0
 40
0.75
  0
CIRCLE
  5
36D6
330
1F
100
AcDbEntity
  8
0
 62
     0
100
AcDbCircle
 10
460.9993778301346
 20
4367.107046393119
 30
0.0
 40
0.75
  0
CIRCLE
  5
36D7
330
1F
100
AcDbEntity
  8
0
 62
     0
100
AcDbCircle
 10
454.8133430854178
 20
4367.107046393119
 30
0.0
 40
0.75
  0
CIRCLE
  5
36D8
330
1F
100
AcDbEntity
  8
0
 62
     0
100
AcDbCircle
 10
448.6273083407011
 20
4367.107046393119
 30
0.0
 40
0.75
  0
CIRCLE
  5
36D9
330
1F
100
AcDbEntity
  8
0
 62
     0
100
AcDbCircle
 10
442.4412735959845
 20
4367.107046393119
 30
0.0
 40
0.75
  0
CIRCLE
  5
36DA
330
1F
100
AcDbEntity
  8
0
 62
     0
100
AcDbCircle
 10
436.2552388512678
 20
4367.107046393119
 30
0.0
 40
0.75
  0
CIRCLE
  5
36DB
330
1F
100
AcDbEntity
  8
0
 62
     0
100
AcDbCircle
 10
430.069204106551
 20
4367.107046393119
 30
0.0
 40
0.75
  0
CIRCLE
  5
36DC
330
1F
100
AcDbEntity
  8
0
 62
     0
100
AcDbCircle
 10
423.8831693618343
 20
4367.107046393119
 30
0.0
 40
0.75
  0
CIRCLE
  5
36DD
330
1F
100
AcDbEntity
  8
0
 62
     0
100
AcDbCircle
 10
417.6971346171176
 20
4367.107046393119
 30
0.0
 40
0.75
  0
CIRCLE
  5
36DE
330
1F
100
AcDbEntity
  8
0
 62
     0
100
AcDbCircle
 10
522.8597252773018
 20
4407.107046393119
 30
0.0
 40
0.75
  0
CIRCLE
  5
36DF
330
1F
100
AcDbEntity
  8
0
 62
     0
100
AcDbCircle
 10
516.673690532585
 20
4407.107046393119
 30
0.0
 40
0.75
  0
CIRCLE
  5
36E0
330
1F
100
AcDbEntity
  8
0
 62
     0
100
AcDbCircle
 10
510.4876557878682
 20
4407.107046393119
 30
0.0
 40
0.75
  0
CIRCLE
  5
36E1
330
1F
100
AcDbEntity
  8
0
 62
     0
100
AcDbCircle
 10
504.3016210431516
 20
4407.107046393119
 30
0.0
 40
0.75
  0
CIRCLE
  5
36E2
330
1F
100
AcDbEntity
  8
0
 62
     0
100
AcDbCircle
 10
498.1155862984349
 20
4407.107046393119
 30
0.0
 40
0.75
  0
CIRCLE
  5
36E3
330
1F
100
AcDbEntity
  8
0
 62
     0
100
AcDbCircle
 10
491.9295515537182
 20
4407.107046393119
 30
0.0
 40
0.75
  0
CIRCLE
  5
36E4
330
1F
100
AcDbEntity
  8
0
 62
     0
100
AcDbCircle
 10
485.7435168090015
 20
4407.107046393119
 30
0.0
 40
0.75
  0
CIRCLE
  5
36E5
330
1F
100
AcDbEntity
  8
0
 62
     0
100
AcDbCircle
 10
479.5574820642848
 20
4407.107046393119
 30
0.0
 40
0.75
  0
CIRCLE
  5
36E6
330
1F
100
AcDbEntity
  8
0
 62
     0
100
AcDbCircle
 10
473.371447319568
 20
4407.107046393119
 30
0.0
 40
0.75
  0
CIRCLE
  5
36E7
330
1F
100
AcDbEntity
  8
0
 62
     0
100
AcDbCircle
 10
467.1854125748513
 20
4407.107046393119
 30
0.0
 40
0.75
  0
CIRCLE
  5
36E8
330
1F
100
AcDbEntity
  8
0
 62
     0
100
AcDbCircle
 10
460.9993778301346
 20
4407.107046393119
 30
0.0
 40
0.75
  0
CIRCLE
  5
36E9
330
1F
100
AcDbEntity
  8
0
 62
     0
100
AcDbCircle
 10
454.8133430854178
 20
4407.107046393119
 30
0.0
 40
0.75
  0
CIRCLE
  5
36EA
330
1F
100
AcDbEntity
  8
0
 62
     0
100
AcDbCircle
 10
448.6273083407011
 20
4407.107046393119
 30
0.0
 40
0.75
  0
CIRCLE
  5
36EB
330
1F
100
AcDbEntity
  8
0
 62
     0
100
AcDbCircle
 10
442.4412735959845
 20
4407.107046393119
 30
0.0
 40
0.75
  0
CIRCLE
  5
36EC
330
1F
100
AcDbEntity
  8
0
 62
     0
100
AcDbCircle
 10
436.2552388512678
 20
4407.107046393119
 30
0.0
 40
0.75
  0
CIRCLE
  5
36ED
330
1F
100
AcDbEntity
  8
0
 62
     0
100
AcDbCircle
 10
430.069204106551
 20
4407.107046393119
 30
0.0
 40
0.75
  0
CIRCLE
  5
36EE
330
1F
100
AcDbEntity
  8
0
 62
     0
100
AcDbCircle
 10
423.8831693618343
 20
4407.107046393119
 30
0.0
 40
0.75
  0
CIRCLE
  5
36EF
330
1F
100
AcDbEntity
  8
0
 62
     0
100
AcDbCircle
 10
417.6971346171176
 20
4407.107046393119
 30
0.0
 40
0.75
  0
CIRCLE
  5
36F0
330
1F
100
AcDbEntity
  8
0
 62
     0
100
AcDbCircle
 10
522.8597252773018
 20
4452.107046393119
 30
0.0
 40
0.75
  0
CIRCLE
  5
36F1
330
1F
100
AcDbEntity
  8
0
 62
     0
100
AcDbCircle
 10
516.673690532585
 20
4452.107046393119
 30
0.0
 40
0.75
  0
CIRCLE
  5
36F2
330
1F
100
AcDbEntity
  8
0
 62
     0
100
AcDbCircle
 10
510.4876557878682
 20
4452.107046393119
 30
0.0
 40
0.75
  0
CIRCLE
  5
36F3
330
1F
100
AcDbEntity
  8
0
 62
     0
100
AcDbCircle
 10
504.3016210431516
 20
4452.107046393119
 30
0.0
 40
0.75
  0
CIRCLE
  5
36F4
330
1F
100
AcDbEntity
  8
0
 62
     0
100
AcDbCircle
 10
498.1155862984349
 20
4452.107046393119
 30
0.0
 40
0.75
  0
CIRCLE
  5
36F5
330
1F
100
AcDbEntity
  8
0
 62
     0
100
AcDbCircle
 10
491.9295515537182
 20
4452.107046393119
 30
0.0
 40
0.75
  0
CIRCLE
  5
36F6
330
1F
100
AcDbEntity
  8
0
 62
     0
100
AcDbCircle
 10
485.7435168090015
 20
4452.107046393119
 30
0.0
 40
0.75
  0
CIRCLE
  5
36F7
330
1F
100
AcDbEntity
  8
0
 62
     0
100
AcDbCircle
 10
479.5574820642848
 20
4452.107046393119
 30
0.0
 40
0.75
  0
CIRCLE
  5
36F8
330
1F
100
AcDbEntity
  8
0
 62
     0
100
AcDbCircle
 10
473.371447319568
 20
4452.107046393119
 30
0.0
 40
0.75
  0
CIRCLE
  5
36F9
330
1F
100
AcDbEntity
  8
0
 62
     0
100
AcDbCircle
 10
467.1854125748513
 20
4452.107046393119
 30
0.0
 40
0.75
  0
CIRCLE
  5
36FA
330
1F
100
AcDbEntity
  8
0
 62
     0
100
AcDbCircle
 10
460.9993778301346
 20
4452.107046393119
 30
0.0
 40
0.75
  0
CIRCLE
  5
36FB
330
1F
100
AcDbEntity
  8
0
 62
     0
100
AcDbCircle
 10
454.8133430854178
 20
4452.107046393119
 30
0.0
 40
0.75
  0
CIRCLE
  5
36FC
330
1F
100
AcDbEntity
  8
0
 62
     0
100
AcDbCircle
 10
448.6273083407011
 20
4452.107046393119
 30
0.0
 40
0.75
  0
CIRCLE
  5
36FD
330
1F
100
AcDbEntity
  8
0
 62
     0
100
AcDbCircle
 10
442.4412735959845
 20
4452.107046393119
 30
0.0
 40
0.75
  0
CIRCLE
  5
36FE
330
1F
100
AcDbEntity
  8
0
 62
     0
100
AcDbCircle
 10
436.2552388512678
 20
4452.107046393119
 30
0.0
 40
0.75
  0
CIRCLE
  5
36FF
330
1F
100
AcDbEntity
  8
0
 62
     0
100
AcDbCircle
 10
430.069204106551
 20
4452.107046393119
 30
0.0
 40
0.75
  0
CIRCLE
  5
3700
330
1F
100
AcDbEntity
  8
0
 62
     0
100
AcDbCircle
 10
423.8831693618343
 20
4452.107046393119
 30
0.0
 40
0.75
  0
CIRCLE
  5
3701
330
1F
100
AcDbEntity
  8
0
 62
     0
100
AcDbCircle
 10
417.6971346171176
 20
4452.107046393119
 30
0.0
 40
0.75
  0
CIRCLE
  5
3702
330
1F
100
AcDbEntity
  8
0
 62
     0
100
AcDbCircle
 10
522.8597252773018
 20
4502.10704639312
 30
0.0
 40
0.75
  0
CIRCLE
  5
3703
330
1F
100
AcDbEntity
  8
0
 62
     0
100
AcDbCircle
 10
516.673690532585
 20
4502.10704639312
 30
0.0
 40
0.75
  0
CIRCLE
  5
3704
330
1F
100
AcDbEntity
  8
0
 62
     0
100
AcDbCircle
 10
510.4876557878682
 20
4502.10704639312
 30
0.0
 40
0.75
  0
CIRCLE
  5
3705
330
1F
100
AcDbEntity
  8
0
 62
     0
100
AcDbCircle
 10
504.3016210431516
 20
4502.10704639312
 30
0.0
 40
0.75
  0
CIRCLE
  5
3706
330
1F
100
AcDbEntity
  8
0
 62
     0
100
AcDbCircle
 10
498.1155862984349
 20
4502.10704639312
 30
0.0
 40
0.75
  0
CIRCLE
  5
3707
330
1F
100
AcDbEntity
  8
0
 62
     0
100
AcDbCircle
 10
491.9295515537182
 20
4502.10704639312
 30
0.0
 40
0.75
  0
CIRCLE
  5
3708
330
1F
100
AcDbEntity
  8
0
 62
     0
100
AcDbCircle
 10
485.7435168090015
 20
4502.10704639312
 30
0.0
 40
0.75
  0
CIRCLE
  5
3709
330
1F
100
AcDbEntity
  8
0
 62
     0
100
AcDbCircle
 10
479.5574820642848
 20
4502.10704639312
 30
0.0
 40
0.75
  0
CIRCLE
  5
370A
330
1F
100
AcDbEntity
  8
0
 62
     0
100
AcDbCircle
 10
473.371447319568
 20
4502.10704639312
 30
0.0
 40
0.75
  0
CIRCLE
  5
370B
330
1F
100
AcDbEntity
  8
0
 62
     0
100
AcDbCircle
 10
467.1854125748513
 20
4502.10704639312
 30
0.0
 40
0.75
  0
CIRCLE
  5
370C
330
1F
100
AcDbEntity
  8
0
 62
     0
100
AcDbCircle
 10
460.9993778301346
 20
4502.10704639312
 30
0.0
 40
0.75
  0
CIRCLE
  5
370D
330
1F
100
AcDbEntity
  8
0
 62
     0
100
AcDbCircle
 10
454.8133430854178
 20
4502.10704639312
 30
0.0
 40
0.75
  0
CIRCLE
  5
370E
330
1F
100
AcDbEntity
  8
0
 62
     0
100
AcDbCircle
 10
448.6273083407011
 20
4502.10704639312
 30
0.0
 40
0.75
  0
CIRCLE
  5
370F
330
1F
100
AcDbEntity
  8
0
 62
     0
100
AcDbCircle
 10
442.4412735959845
 20
4502.10704639312
 30
0.0
 40
0.75
  0
CIRCLE
  5
3710
330
1F
100
AcDbEntity
  8
0
 62
     0
100
AcDbCircle
 10
436.2552388512678
 20
4502.10704639312
 30
0.0
 40
0.75
  0
CIRCLE
  5
3711
330
1F
100
AcDbEntity
  8
0
 62
     0
100
AcDbCircle
 10
430.069204106551
 20
4502.10704639312
 30
0.0
 40
0.75
  0
CIRCLE
  5
3712
330
1F
100
AcDbEntity
  8
0
 62
     0
100
AcDbCircle
 10
423.8831693618343
 20
4502.10704639312
 30
0.0
 40
0.75
  0
CIRCLE
  5
3713
330
1F
100
AcDbEntity
  8
0
 62
     0
100
AcDbCircle
 10
417.6971346171176
 20
4502.10704639312
 30
0.0
 40
0.75
  0
CIRCLE
  5
3714
330
1F
100
AcDbEntity
  8
0
 62
     0
100
AcDbCircle
 10
522.8597252773018
 20
4557.107046393119
 30
0.0
 40
0.75
  0
CIRCLE
  5
3715
330
1F
100
AcDbEntity
  8
0
 62
     0
100
AcDbCircle
 10
516.673690532585
 20
4557.107046393119
 30
0.0
 40
0.75
  0
CIRCLE
  5
3716
330
1F
100
AcDbEntity
  8
0
 62
     0
100
AcDbCircle
 10
510.4876557878682
 20
4557.107046393119
 30
0.0
 40
0.75
  0
CIRCLE
  5
3717
330
1F
100
AcDbEntity
  8
0
 62
     0
100
AcDbCircle
 10
504.3016210431516
 20
4557.107046393119
 30
0.0
 40
0.75
  0
CIRCLE
  5
3718
330
1F
100
AcDbEntity
  8
0
 62
     0
100
AcDbCircle
 10
498.1155862984349
 20
4557.107046393119
 30
0.0
 40
0.75
  0
CIRCLE
  5
3719
330
1F
100
AcDbEntity
  8
0
 62
     0
100
AcDbCircle
 10
491.9295515537182
 20
4557.107046393119
 30
0.0
 40
0.75
  0
CIRCLE
  5
371A
330
1F
100
AcDbEntity
  8
0
 62
     0
100
AcDbCircle
 10
485.7435168090015
 20
4557.107046393119
 30
0.0
 40
0.75
  0
CIRCLE
  5
371B
330
1F
100
AcDbEntity
  8
0
 62
     0
100
AcDbCircle
 10
479.5574820642848
 20
4557.107046393119
 30
0.0
 40
0.75
  0
CIRCLE
  5
371C
330
1F
100
AcDbEntity
  8
0
 62
     0
100
AcDbCircle
 10
473.371447319568
 20
4557.107046393119
 30
0.0
 40
0.75
  0
CIRCLE
  5
371D
330
1F
100
AcDbEntity
  8
0
 62
     0
100
AcDbCircle
 10
467.1854125748513
 20
4557.107046393119
 30
0.0
 40
0.75
  0
CIRCLE
  5
371E
330
1F
100
AcDbEntity
  8
0
 62
     0
100
AcDbCircle
 10
460.9993778301346
 20
4557.107046393119
 30
0.0
 40
0.75
  0
CIRCLE
  5
371F
330
1F
100
AcDbEntity
  8
0
 62
     0
100
AcDbCircle
 10
454.8133430854178
 20
4557.107046393119
 30
0.0
 40
0.75
  0
CIRCLE
  5
3720
330
1F
100
AcDbEntity
  8
0
 62
     0
100
AcDbCircle
 10
448.6273083407011
 20
4557.107046393119
 30
0.0
 40
0.75
  0
CIRCLE
  5
3721
330
1F
100
AcDbEntity
  8
0
 62
     0
100
AcDbCircle
 10
442.4412735959845
 20
4557.107046393119
 30
0.0
 40
0.75
  0
CIRCLE
  5
3722
330
1F
100
AcDbEntity
  8
0
 62
     0
100
AcDbCircle
 10
436.2552388512678
 20
4557.107046393119
 30
0.0
 40
0.75
  0
CIRCLE
  5
3723
330
1F
100
AcDbEntity
  8
0
 62
     0
100
AcDbCircle
 10
430.069204106551
 20
4557.107046393119
 30
0.0
 40
0.75
  0
CIRCLE
  5
3724
330
1F
100
AcDbEntity
  8
0
 62
     0
100
AcDbCircle
 10
423.8831693618343
 20
4557.107046393119
 30
0.0
 40
0.75
  0
CIRCLE
  5
3725
330
1F
100
AcDbEntity
  8
0
 62
     0
100
AcDbCircle
 10
417.6971346171176
 20
4557.107046393119
 30
0.0
 40
0.75
  0
ENDSEC
  0
SECTION
  2
OBJECTS
  0
DICTIONARY
  5
C
330
0
100
AcDbDictionary
281
     1
  3
ACAD_ASSOCNETWORK
350
1CDE
  3
ACAD_CIP_PREVIOUS_PRODUCT_INFO
350
216
  3
ACAD_COLOR
350
6B
  3
ACAD_DETAILVIEWSTYLE
350
21B
  3
ACAD_GROUP
350
D
  3
ACAD_IMAGE_DICT
350
2C3
  3
ACAD_IMAGE_VARS
350
2C4
  3
ACAD_LAST_SAVED_VERSION_INFO
350
285F
  3
ACAD_LAYOUT
350
1A
  3
ACAD_MATERIAL
350
6A
  3
ACAD_MLEADERSTYLE
350
12D
  3
ACAD_MLINESTYLE
350
17
  3
ACAD_PLOTSETTINGS
350
19
  3
ACAD_PLOTSTYLENAME
350
E
  3
ACAD_SCALELIST
350
10C
  3
ACAD_SECTIONVIEWSTYLE
350
219
  3
ACAD_TABLESTYLE
350
7E
  3
ACAD_VISUALSTYLE
350
EF
  3
ACDB_RECOMPOSE_DATA
350
3727
  3
AcDbVariableDictionary
350
5E
  0
DICTIONARY
  5
1FF
330
2
100
AcDbDictionary
280
     1
281
     1
  3
ACAD_LAYERSTATES
360
200
  0
DICTIONARY
  5
13C
330
10
100
AcDbDictionary
280
     1
281
     1
  0
DICTIONARY
  5
1CE
330
1F
100
AcDbDictionary
280
     1
281
     1
  3
ACAD_SORTENTS
360
2F2
  0
DICTIONARY
  5
23D8
330
23D6
100
AcDbDictionary
280
     1
281
     1
  3
ACAD_SORTENTS
360
23D9
  0
DICTIONARY
  5
2476
330
243C
100
AcDbDictionary
280
     1
281
     1
  3
ACAD_SORTENTS
360
2477
  0
DICTIONARY
  5
2772
330
2770
100
AcDbDictionary
280
     1
281
     1
  3
ACAD_ASSOCNETWORK
360
2781
  3
ACAD_SORTENTS
360
2773
  3
AcDbDynamicBlockRoundTripPurgePreventer
360
350F
  0
DICTIONARY
  5
27A0
330
279E
100
AcDbDictionary
280
     1
281
     1
  3
ACAD_ASSOCNETWORK
360
27AF
  3
ACAD_SORTENTS
360
27A1
  3
AcDbDynamicBlockRoundTripPurgePreventer
360
3510
  0
DICTIONARY
  5
2D12
330
2D0F
100
AcDbDictionary
280
     1
281
     1
  3
ACAD_ASSOCNETWORK
360
2D21
  3
ACAD_SORTENTS
360
2D13
  3
AcDbDynamicBlockRoundTripPurgePreventer
360
3511
  0
DICTIONARY
  5
1CDE
102
{ACAD_REACTORS
330
C
102
}
330
C
100
AcDbDictionary
281
     1
  3
ACAD_ASSOCNETWORK
350
1CDF
  0
XRECORD
  5
216
102
{ACAD_REACTORS
330
C
102
}
330
C
100
AcDbXrecord
280
     1
300
ACD
300
2025
300
87919ACD_2025_0F
  0
DICTIONARY
  5
6B
102
{ACAD_REACTORS
330
C
102
}
330
C
100
AcDbDictionary
281
     1
  0
DICTIONARY
  5
21B
102
{ACAD_REACTORS
330
C
102
}
330
C
100
AcDbDictionary
281
     1
  3
Metric50
350
21C
  0
DICTIONARY
  5
D
102
{ACAD_REACTORS
330
C
102
}
330
C
100
AcDbDictionary
281
     1
  0
DICTIONARY
  5
2C3
102
{ACAD_REACTORS
330
C
102
}
330
C
100
AcDbDictionary
281
     1
  3
photo_2026-05-26_20-44-17
350
4C9
  3
photo_2026-05-26_20-44-48
350
2D8
  3
photo_2026-05-26_20-51-45
350
2ED
  3
photo_2026-05-26_20-52-00
350
2C5
  0
RASTERVARIABLES
  5
2C4
102
{ACAD_REACTORS
330
C
102
}
330
C
100
AcDbRasterVariables
 90
        0
 70
     1
 71
     1
 72
     1
  0
XRECORD
  5
285F
102
{ACAD_REACTORS
330
C
102
}
330
C
100
AcDbXrecord
280
     1
300
{A80A74F9-C7E2-8141-8ED9-E6EE9973F0D3}
301

302
{A80A74F9-C7E2-8141-8ED9-E6EE9973F0D3}
303
C:\Leather-Manufactory\Чертежи для кожи\38'1\38'1 Рулонный органайзер для инструмента\38'1 Рулонный органайзер для инструмента.dxf
  0
DICTIONARY
  5
1A
102
{ACAD_REACTORS
330
C
102
}
330
C
100
AcDbDictionary
281
     1
  3
Model
350
22
  3
Лист1
350
D3
  3
Лист2
350
D7
  0
DICTIONARY
  5
6A
102
{ACAD_REACTORS
330
C
102
}
330
C
100
AcDbDictionary
281
     1
  3
ByBlock
350
ED
  3
ByLayer
350
EC
  3
Global
350
EE
  0
DICTIONARY
  5
12D
102
{ACAD_REACTORS
330
C
102
}
330
C
100
AcDbDictionary
281
     1
  3
Standard
350
12E
  3
Аннотативный
350
13B
  0
DICTIONARY
  5
17
102
{ACAD_REACTORS
330
C
102
}
330
C
100
AcDbDictionary
281
     1
  3
Standard
350
18
  0
DICTIONARY
  5
19
102
{ACAD_REACTORS
330
C
102
}
330
C
100
AcDbDictionary
281
     1
  0
ACDBDICTIONARYWDFLT
  5
E
102
{ACAD_REACTORS
330
C
102
}
330
C
100
AcDbDictionary
281
     1
  3
Normal
350
F
100
AcDbDictionaryWithDefault
340
F
  0
DICTIONARY
  5
10C
102
{ACAD_REACTORS
330
C
102
}
330
C
100
AcDbDictionary
281
     1
  3
A0
350
10D
  3
A1
350
1BE
  3
A2
350
1BF
  3
A3
350
1C0
  3
A4
350
1C1
  3
A5
350
1C2
  3
A6
350
1C3
  3
A7
350
1C4
  3
A8
350
1C5
  3
A9
350
1C6
  3
B0
350
1C7
  3
B1
350
1C8
  3
B2
350
1C9
  3
B3
350
1CA
  3
B4
350
1CB
  3
B5
350
1CC
  3
B6
350
1CD
  0
DICTIONARY
  5
219
102
{ACAD_REACTORS
330
C
102
}
330
C
100
AcDbDictionary
281
     1
  3
Metric50
350
21A
  0
DICTIONARY
  5
7E
102
{ACAD_REACTORS
330
C
102
}
330
C
100
AcDbDictionary
281
     1
  3
Standard
350
7F
  0
DICTIONARY
  5
EF
102
{ACAD_REACTORS
330
C
102
}
330
C
100
AcDbDictionary
281
     1
  3
2dWireframe
350
F5
  3
Basic
350
F4
  3
Brighten
350
FB
  3
ColorChange
350
FF
  3
Conceptual
350
F8
  3
Dim
350
FA
  3
EdgeColorOff
350
1E6
  3
Facepattern
350
FE
  3
Flat
350
F0
  3
FlatWithEdges
350
F1
  3
Gouraud
350
F2
  3
GouraudWithEdges
350
F3
  3
Hidden
350
F7
  3
JitterOff
350
1E4
  3
Linepattern
350
FD
  3
OverhangOff
350
1E5
  3
Realistic
350
F9
  3
Shaded
350
1F3
  3
Shaded with edges
350
1F2
  3
Shades of Gray
350
1EF
  3
Sketchy
350
1F0
  3
Thicken
350
FC
  3
Wireframe
350
F6
  3
X-Ray
350
1F1
  0
XRECORD
  5
3727
102
{ACAD_REACTORS
330
C
102
}
330
C
100
AcDbXrecord
280
     1
 90
        1
330
7F
  0
DICTIONARY
  5
5E
102
{ACAD_REACTORS
330
C
102
}
330
C
100
AcDbDictionary
281
     1
  3
CANNOSCALE
350
146
  3
CENTEREXE
350
259
  3
CENTERLTYPEFILE
350
25A
  3
CMLEADERSTYLE
350
145
  3
CTABLESTYLE
350
84
  3
CVIEWDETAILSTYLE
350
227
  3
CVIEWSECTIONSTYLE
350
228
  3
DIMASSOC
350
5F
  3
HIDETEXT
350
63
  3
LAYEREVAL
350
1AE
  3
LAYERNOTIFY
350
1AF
  0
DICTIONARY
  5
200
102
{ACAD_REACTORS
330
1FF
102
}
330
1FF
100
AcDbDictionary
281
     1
  0
SORTENTSTABLE
  5
2F2
102
{ACAD_REACTORS
330
1CE
102
}
330
1CE
100
AcDbSortentsTable
330
1F
331
AF7
  5
B0B
331
AF8
  5
B0D
331
B0C
  5
17AA
331
B0E
  5
17A9
331
17AC
  5
184B
331
17AD
  5
184C
331
17AE
  5
184D
331
17AF
  5
184E
331
17B0
  5
184F
331
17B1
  5
1850
331
17B2
  5
1851
331
17B3
  5
1852
331
17B4
  5
1853
331
17B5
  5
1854
331
17B6
  5
1855
331
17B7
  5
18C4
331
17B8
  5
18C5
331
17B9
  5
18C6
331
17BA
  5
18C7
331
1829
  5
18C8
331
182A
  5
18C9
331
182B
  5
18CA
331
182C
  5
18CB
331
182D
  5
18CC
331
182E
  5
18CD
331
182F
  5
18CE
331
1830
  5
18CF
331
1831
  5
18D0
331
1832
  5
18D1
331
1833
  5
18D2
331
1834
  5
18E7
331
1835
  5
191C
331
1836
  5
191D
331
1837
  5
191E
331
1844
  5
17AD
331
1845
  5
17AE
331
1846
  5
17AF
331
1847
  5
17B0
331
1848
  5
17B1
331
1849
  5
17B2
331
184A
  5
17B3
331
184B
  5
17B4
331
184C
  5
17B5
331
184D
  5
17B6
331
184E
  5
17B7
331
184F
  5
182C
331
1850
  5
182D
331
1851
  5
182E
331
1852
  5
182F
331
18C7
  5
1830
331
18C8
  5
1831
331
18C9
  5
1832
331
18CA
  5
1833
331
18CB
  5
1834
331
18CC
  5
1835
331
18CD
  5
1836
331
18CE
  5
1837
331
18CF
  5
1838
331
18D0
  5
1839
331
18D1
  5
183A
331
18D2
  5
1847
331
18D3
  5
1848
331
18D4
  5
1849
331
18D5
  5
184A
331
191C
  5
192C
331
191D
  5
192D
331
191E
  5
192E
331
191F
  5
192F
331
1920
  5
1930
331
1921
  5
1931
331
1922
  5
1932
331
1923
  5
1933
331
1924
  5
1934
331
1925
  5
1935
331
1926
  5
1936
331
1927
  5
1937
331
1928
  5
1938
331
1929
  5
1939
331
192A
  5
193A
331
192B
  5
195E
331
192C
  5
195F
331
192D
  5
1960
331
192E
  5
1961
331
192F
  5
1963
331
1930
  5
1964
331
1931
  5
1965
331
1932
  5
1966
331
1933
  5
1967
331
1934
  5
1968
331
1935
  5
1969
331
1936
  5
196A
331
1937
  5
196B
331
1938
  5
196C
331
1939
  5
196D
331
195E
  5
196E
331
195F
  5
196F
331
1960
  5
1970
331
1961
  5
1971
331
1962
  5
1972
331
1963
  5
1973
331
1964
  5
1974
331
1965
  5
1975
331
1966
  5
1976
331
1967
  5
1977
331
1968
  5
1978
331
1969
  5
1979
331
196A
  5
197A
331
196B
  5
197B
331
196C
  5
197C
331
196D
  5
197D
331
196E
  5
197E
331
196F
  5
197F
331
1970
  5
1980
331
1971
  5
1981
331
1972
  5
1982
331
1973
  5
1983
331
1974
  5
1984
331
1975
  5
1985
331
1976
  5
1986
331
1977
  5
1987
331
1978
  5
1988
331
1979
  5
1989
331
197A
  5
198A
331
197B
  5
198B
331
197C
  5
198C
331
197D
  5
198D
331
197E
  5
198E
331
197F
  5
198F
331
1980
  5
1990
331
1981
  5
1991
331
1982
  5
1992
331
1983
  5
1993
331
1984
  5
1994
331
1985
  5
1995
331
1986
  5
1996
331
1987
  5
1997
331
1988
  5
1998
331
1989
  5
1999
331
198A
  5
199A
331
198B
  5
199B
331
198C
  5
199C
331
198D
  5
199D
331
198E
  5
19A7
331
198F
  5
19A8
331
1990
  5
19A9
331
1991
  5
19AA
331
1992
  5
19AB
331
1993
  5
19AC
331
1994
  5
19AD
331
1995
  5
19AE
331
1996
  5
19AF
331
1997
  5
19B0
331
1998
  5
19B1
331
19A2
  5
19B2
331
19A3
  5
19B3
331
19A4
  5
19B4
331
19A5
  5
19B5
331
19A6
  5
19B6
331
19A7
  5
19B7
331
19A8
  5
19BC
331
19A9
  5
19BD
331
19AA
  5
19BE
331
19AB
  5
19BF
331
19AC
  5
19C0
331
19AD
  5
19C1
331
19AE
  5
19C2
331
19AF
  5
19C3
331
19B0
  5
19C4
331
19B1
  5
19C5
331
19B2
  5
19C6
331
19B7
  5
19C7
331
19B8
  5
19C8
331
19B9
  5
19C9
331
19BA
  5
19CA
331
19BB
  5
19CB
331
19BC
  5
19CC
331
19BD
  5
19CD
331
19BE
  5
19CE
331
19BF
  5
19CF
331
19C0
  5
19D0
331
19C1
  5
19D1
331
19C2
  5
19D2
331
19C3
  5
19D3
331
19C4
  5
19D4
331
19C5
  5
19F8
331
19C6
  5
19F9
331
19C7
  5
19FA
331
19C8
  5
19FB
331
19C9
  5
19FD
331
19CA
  5
19FE
331
19CB
  5
19FF
331
19CC
  5
1A00
331
19CD
  5
1A01
331
19CE
  5
1A02
331
19CF
  5
1A03
331
19D0
  5
1A04
331
19D1
  5
1A05
331
19D2
  5
1A06
331
19D3
  5
1A07
331
19F8
  5
1A08
331
19F9
  5
1A09
331
19FA
  5
1A0A
331
19FB
  5
1A0B
331
19FC
  5
1A0C
331
19FD
  5
1A0D
331
19FE
  5
1A0E
331
19FF
  5
1A0F
331
1A00
  5
1A10
331
1A01
  5
1A11
331
1A02
  5
1A12
331
1A03
  5
1A13
331
1A04
  5
1A14
331
1A05
  5
1A15
331
1A06
  5
1A16
331
1A07
  5
1A17
331
1A08
  5
1A18
331
1A09
  5
1A19
331
1A0A
  5
1A1A
331
1A0B
  5
1A1B
331
1A0C
  5
1A1C
331
1A0D
  5
1A1D
331
1A0E
  5
1A1E
331
1A0F
  5
1A1F
331
1A10
  5
1A20
331
1A11
  5
1A21
331
1A12
  5
1A22
331
1A13
  5
1A23
331
1A14
  5
1A24
331
1A15
  5
1A25
331
1A16
  5
1A26
331
1A17
  5
1A27
331
1A18
  5
1A28
331
1A19
  5
1A29
331
1A1A
  5
1A2A
331
1A1B
  5
1A2B
331
1A1C
  5
1A2C
331
1A1D
  5
1A2D
331
1A1E
  5
1A2E
331
1A1F
  5
1A2F
331
1A20
  5
1A30
331
1A21
  5
1A31
331
1A22
  5
1A32
331
1A23
  5
1A33
331
1A24
  5
1A34
331
1A25
  5
1A35
331
1A26
  5
1A36
331
1A27
  5
1A37
331
1A28
  5
1A3E
331
1A29
  5
1A3F
331
1A2A
  5
1A40
331
1A2B
  5
1A41
331
1A2C
  5
1A42
331
1A2D
  5
1A43
331
1A2E
  5
1A44
331
1A2F
  5
1A45
331
1A30
  5
1A46
331
1A31
  5
1A47
331
1A32
  5
1A48
331
1A39
  5
1A49
331
1A3A
  5
1A4A
331
1A3B
  5
1A4B
331
1A3C
  5
1A4C
331
1A3D
  5
1A4D
331
1A3E
  5
1A4E
331
1A3F
  5
1B32
331
1A40
  5
1B34
331
1A41
  5
1B59
331
1A42
  5
1B5A
331
1A43
  5
1B5D
331
1A44
  5
1B5E
331
1A45
  5
1B5F
331
1A46
  5
1B60
331
1A47
  5
1B61
331
1A48
  5
1B62
331
1A49
  5
1B63
331
1B2E
  5
1B66
331
1B2F
  5
1B67
331
1B54
  5
1B68
331
1B55
  5
1B69
331
1B56
  5
1B6A
331
1B57
  5
1B6B
331
1B58
  5
1B6C
331
1B59
  5
1B6D
331
1B5A
  5
1B6E
331
1B5B
  5
1B6F
331
1B5C
  5
1B70
331
1B5D
  5
1B71
331
1B5E
  5
1B72
331
1B5F
  5
1B73
331
1B60
  5
1B74
331
1B61
  5
1B75
331
1B62
  5
1B76
331
1B63
  5
1B77
331
1B64
  5
1B78
331
1B65
  5
1B79
331
1B66
  5
1B7A
331
1B67
  5
1B7B
331
1B68
  5
1B7C
331
1B69
  5
1B7D
331
1B6A
  5
1B7E
331
1B6B
  5
1B7F
331
1B6C
  5
1B80
331
1B6D
  5
1B81
331
1B6E
  5
1B82
331
1B6F
  5
1B83
331
1B70
  5
1B84
331
1B71
  5
1B85
331
1B72
  5
1B86
331
1B73
  5
1B87
331
1B74
  5
1B88
331
1B75
  5
1B89
331
1B76
  5
1B8A
331
1B77
  5
1B8B
331
1B78
  5
1B8C
331
1B79
  5
1B8D
331
1B7A
  5
1B8E
331
1B7B
  5
1BAC
331
1B7C
  5
1BC9
331
1B7D
  5
1BCA
331
1B7E
  5
1BCB
331
1B7F
  5
1BCC
331
1B80
  5
1BCD
331
1B81
  5
1BCE
331
1B82
  5
1BF1
331
1B83
  5
1BF2
331
1B84
  5
1BF3
331
1B85
  5
1BF4
331
1B86
  5
1BF5
331
1B87
  5
1BF6
331
1B88
  5
1BF7
331
1B89
  5
1BF8
331
1B8A
  5
1BF9
331
1B8B
  5
1BFA
331
1B8C
  5
1BFB
331
1B8D
  5
1BFC
331
1B8E
  5
1BFD
331
1BC8
  5
1BFE
331
1BC9
  5
1BFF
331
1BEC
  5
1C00
331
1BED
  5
1C01
331
1BEE
  5
1C02
331
1BEF
  5
1C03
331
1BF0
  5
1C04
331
1BF1
  5
1C05
331
1BF2
  5
1C06
331
1BF3
  5
1C07
331
1BF4
  5
1C08
331
1BF5
  5
1C09
331
1BF6
  5
1C0A
331
1BF7
  5
1C0B
331
1BF8
  5
1C0C
331
1BF9
  5
1C0D
331
1BFA
  5
1C0E
331
1BFB
  5
1C0F
331
1BFC
  5
1C10
331
1BFD
  5
1C11
331
1BFE
  5
1C12
331
1BFF
  5
1C13
331
1C00
  5
1C14
331
1C01
  5
1C15
331
1C02
  5
1C16
331
1C03
  5
1C17
331
1C04
  5
1C18
331
1C05
  5
1C19
331
1C06
  5
1C1A
331
1C07
  5
1C1B
331
1C08
  5
1C1C
331
1C09
  5
1C1D
331
1C0A
  5
1C1E
331
1C0B
  5
1C1F
331
1C0C
  5
1C20
331
1C0D
  5
1C21
331
1C0E
  5
1C22
331
1C0F
  5
1C23
331
1C10
  5
1C24
331
1C11
  5
1C25
331
1C12
  5
1C26
331
1C13
  5
1C27
331
1C14
  5
1C28
331
1C15
  5
1CC5
331
1C16
  5
1CED
331
1C17
  5
1E1B
331
1C18
  5
1E38
331
1C19
  5
1E39
331
1C1A
  5
1E3A
331
1C1B
  5
1E3B
331
1C1C
  5
1E3C
331
1C1D
  5
1E3D
331
1C1E
  5
25A6
331
1C1F
  5
25AD
331
1C20
  5
25AE
331
1C21
  5
25AF
331
1C22
  5
25B0
331
1C23
  5
25B1
331
1C24
  5
25B2
331
1C25
  5
25B3
331
1C26
  5
25B4
331
1C27
  5
25B5
331
1C28
  5
25B6
331
2400
  5
1B64
331
2402
  5
1B65
331
242C
  5
B0C
331
242D
  5
B0E
331
25A6
  5
25B7
331
25A8
  5
25B8
331
25A9
  5
25B9
331
25AA
  5
25BA
331
25AB
  5
25BB
331
25AC
  5
25BC
331
25AD
  5
25BD
331
25AE
  5
25BE
331
25AF
  5
25BF
331
25B0
  5
25C0
331
25B1
  5
25C1
331
25B2
  5
25C2
331
25B3
  5
25C3
331
25B4
  5
25C4
331
25B5
  5
25C5
331
25B6
  5
25C6
331
25B7
  5
25C7
331
25B8
  5
25C8
331
25B9
  5
25C9
331
25BA
  5
25CA
331
25BB
  5
25CB
331
25BC
  5
25CC
331
25BD
  5
25CD
331
25BE
  5
25CE
331
25BF
  5
25CF
331
25C0
  5
25D0
331
25C1
  5
25D1
331
25C2
  5
25D2
331
25C3
  5
25D3
331
25C4
  5
25D4
331
25C5
  5
25D5
331
25C6
  5
25D6
331
25C7
  5
25D7
331
25C8
  5
25D8
331
25C9
  5
25D9
331
25CA
  5
25DA
331
25CB
  5
25DB
331
25CC
  5
25DC
331
25CD
  5
25DD
331
25CE
  5
25DE
331
25CF
  5
25DF
331
25D0
  5
25E0
331
25D1
  5
25E1
331
25D2
  5
25E2
331
25D3
  5
25E3
331
25D4
  5
25E4
331
25D5
  5
25E5
331
25D6
  5
25E6
331
25D7
  5
25E7
331
25D8
  5
25E8
331
25D9
  5
25E9
331
25DA
  5
25EA
331
25DB
  5
25EB
331
25DC
  5
25EC
331
25DD
  5
25ED
331
25DE
  5
25EE
331
25DF
  5
25EF
331
25E0
  5
25F0
331
25E1
  5
25F1
331
25E2
  5
25F2
331
25E3
  5
25F3
331
25E4
  5
25F4
331
25E5
  5
25F5
331
25E6
  5
25F6
331
25E7
  5
25F7
331
25E8
  5
25F8
331
25E9
  5
25F9
331
25EA
  5
25FA
331
25EB
  5
25FB
331
25EC
  5
25FC
331
25ED
  5
25FD
331
25EE
  5
25FE
331
25EF
  5
25FF
331
25F0
  5
2600
331
25F1
  5
2601
331
25F2
  5
2602
331
25F3
  5
2603
331
25F4
  5
2604
331
25F5
  5
2613
331
25F6
  5
2614
331
25F7
  5
2615
331
25F8
  5
2616
331
25F9
  5
2624
331
25FA
  5
2625
331
25FB
  5
2626
331
25FC
  5
2627
331
25FD
  5
2628
331
25FE
  5
2629
331
25FF
  5
262A
331
260E
  5
262B
331
260F
  5
262C
331
2610
  5
262D
331
2611
  5
262E
331
261F
  5
262F
331
2620
  5
2630
331
2621
  5
2631
331
2622
  5
2632
331
2623
  5
2633
331
2624
  5
2634
331
2625
  5
2635
331
2626
  5
2636
331
2627
  5
2637
331
2628
  5
2638
331
2629
  5
2639
331
262A
  5
263A
331
262B
  5
263B
331
262C
  5
263C
331
262D
  5
263D
331
262E
  5
263E
331
262F
  5
263F
331
2630
  5
2640
331
2631
  5
2641
331
2632
  5
2642
331
2633
  5
2643
331
2634
  5
2644
331
2635
  5
2645
331
2636
  5
2646
331
2637
  5
2647
331
2638
  5
2648
331
2639
  5
2649
331
263A
  5
264A
331
263B
  5
264B
331
263C
  5
264C
331
263D
  5
264D
331
263E
  5
264E
331
263F
  5
264F
331
2640
  5
2650
331
2641
  5
2651
331
2642
  5
2652
331
2643
  5
2653
331
2644
  5
2654
331
2645
  5
2655
331
2646
  5
2656
331
2647
  5
2657
331
2648
  5
2658
331
2649
  5
2659
331
264A
  5
265A
331
264B
  5
265B
331
264C
  5
265C
331
264D
  5
265D
331
264E
  5
265E
331
264F
  5
265F
331
2650
  5
2660
331
2651
  5
2661
331
2652
  5
2662
331
2653
  5
2663
331
2654
  5
2664
331
2655
  5
2665
331
2656
  5
2666
331
2657
  5
2667
331
2658
  5
2668
331
2659
  5
2669
331
265A
  5
266A
331
265B
  5
266B
331
265C
  5
266C
331
265D
  5
266D
331
265E
  5
266E
331
265F
  5
266F
331
2660
  5
2670
331
2661
  5
2671
331
2662
  5
2672
331
2663
  5
2673
331
2664
  5
2674
331
2665
  5
2675
331
2666
  5
2676
331
2667
  5
2677
331
2668
  5
2678
331
2669
  5
2679
331
266A
  5
267A
331
266B
  5
2689
331
266C
  5
268A
331
266D
  5
268B
331
266E
  5
268C
331
266F
  5
2999
331
2670
  5
29EF
331
2671
  5
2A45
331
2672
  5
2A9B
331
2673
  5
2AF1
331
2674
  5
2B47
331
2675
  5
2B6E
331
2684
  5
2B6F
331
2685
  5
2B70
331
2686
  5
2B71
331
2687
  5
2B72
331
326B
  5
361A
331
326C
  5
361B
331
326D
  5
361C
331
326E
  5
361D
331
326F
  5
361E
331
3270
  5
361F
331
3271
  5
3620
331
3272
  5
3621
331
3273
  5
3622
331
3274
  5
3623
331
3275
  5
3624
331
3276
  5
3625
331
3277
  5
3626
331
3278
  5
3627
331
3279
  5
3628
331
327A
  5
3629
331
327D
  5
362A
331
327E
  5
362B
331
327F
  5
362C
331
3280
  5
362D
331
3281
  5
362E
331
3282
  5
362F
331
3283
  5
3630
331
3284
  5
3631
331
3285
  5
3632
331
3286
  5
3633
331
3287
  5
3634
331
3288
  5
3635
331
3289
  5
3636
331
328A
  5
3637
331
328B
  5
3638
331
328C
  5
3639
331
328F
  5
363A
331
3290
  5
363B
331
3291
  5
363C
331
3292
  5
363D
331
3293
  5
363E
331
3294
  5
363F
331
3295
  5
3640
331
3296
  5
3641
331
3297
  5
3642
331
3298
  5
3643
331
3299
  5
3644
331
329A
  5
3645
331
329B
  5
3646
331
329C
  5
3647
331
329D
  5
3648
331
329E
  5
3649
331
32A1
  5
364A
331
32A2
  5
364B
331
32A3
  5
364C
331
32A4
  5
364D
331
32A5
  5
364E
331
32A6
  5
364F
331
32A7
  5
3650
331
32A8
  5
3651
331
32A9
  5
3652
331
32AA
  5
3653
331
32AB
  5
3654
331
32AC
  5
3655
331
32AD
  5
3656
331
32AE
  5
3657
331
32AF
  5
3658
331
32B0
  5
3659
331
32B3
  5
365A
331
32B4
  5
365B
331
32B5
  5
365C
331
32B6
  5
365D
331
32B7
  5
365E
331
32B8
  5
365F
331
32B9
  5
3660
331
32BA
  5
3661
331
32BB
  5
3662
331
32BC
  5
3663
331
32BD
  5
3664
331
32BE
  5
3665
331
32BF
  5
3666
331
32C0
  5
3667
331
32C1
  5
3668
331
32C2
  5
3669
331
32C5
  5
366A
331
32C6
  5
366B
331
32C7
  5
366C
331
32C8
  5
366D
331
32C9
  5
366E
331
32CA
  5
366F
331
32CB
  5
3670
331
32CC
  5
3671
331
32CD
  5
3672
331
32CE
  5
3673
331
32CF
  5
3674
331
32D0
  5
3675
331
32D1
  5
3676
331
32D2
  5
3677
331
32D3
  5
3678
331
32D4
  5
3679
331
32D7
  5
367A
331
32D8
  5
367B
331
32D9
  5
367C
331
32DA
  5
367D
331
32DB
  5
367E
331
32DC
  5
367F
331
32DD
  5
3680
331
32DE
  5
3681
331
32DF
  5
3682
331
32E0
  5
3683
331
32E1
  5
3684
331
32E2
  5
3685
331
32E3
  5
3686
331
32E4
  5
3687
331
32E5
  5
3688
331
32E6
  5
3689
331
32E9
  5
368A
331
32EA
  5
368B
331
32EB
  5
368C
331
32EC
  5
368D
331
32ED
  5
368E
331
32EE
  5
368F
331
32EF
  5
3690
331
32F0
  5
3691
331
32F1
  5
3692
331
32F2
  5
3693
331
32F3
  5
3694
331
32F4
  5
3695
331
32F5
  5
3696
331
32F6
  5
3697
331
32F7
  5
3698
331
32F8
  5
3699
331
32FB
  5
369A
331
32FC
  5
369B
331
32FD
  5
369C
331
32FE
  5
369D
331
32FF
  5
369E
331
3300
  5
369F
331
3301
  5
36A0
331
3302
  5
36A1
331
3303
  5
36A2
331
3304
  5
36A3
331
3305
  5
36A4
331
3306
  5
36A5
331
3307
  5
36A6
331
3308
  5
36A7
331
3309
  5
36A8
331
330A
  5
36A9
331
330D
  5
36AA
331
330E
  5
36AB
331
330F
  5
36AC
331
3310
  5
36AD
331
3311
  5
36AE
331
3312
  5
36AF
331
3313
  5
36B0
331
3314
  5
36B1
331
3315
  5
36B2
331
3316
  5
36B3
331
3317
  5
36B4
331
3318
  5
36B5
331
3319
  5
36B6
331
331A
  5
36B7
331
331B
  5
36B8
331
331C
  5
36B9
331
331F
  5
36BA
331
3320
  5
36BB
331
3321
  5
36BC
331
3322
  5
36BD
331
3323
  5
36BE
331
3324
  5
36BF
331
3325
  5
36C0
331
3326
  5
36C1
331
3327
  5
36C2
331
3328
  5
36C3
331
3329
  5
36C4
331
332A
  5
36C5
331
332B
  5
36C6
331
332C
  5
36C7
331
332D
  5
36C8
331
332E
  5
36C9
331
3331
  5
34E8
331
3332
  5
34E9
331
3333
  5
34EA
331
3334
  5
34FD
331
3335
  5
34FE
331
3336
  5
34FF
331
3337
  5
3500
331
3338
  5
3501
331
3339
  5
3502
331
333A
  5
3503
331
333B
  5
3504
331
333C
  5
3505
331
333D
  5
3506
331
333E
  5
352F
331
333F
  5
3530
331
3340
  5
3531
331
3343
  5
3532
331
3344
  5
3533
331
3345
  5
3534
331
3346
  5
3535
331
3347
  5
3536
331
3348
  5
3537
331
3349
  5
3538
331
334A
  5
3539
331
334B
  5
3551
331
334C
  5
3552
331
334D
  5
3553
331
334E
  5
3554
331
334F
  5
3555
331
3350
  5
3557
331
3351
  5
3558
331
3352
  5
3559
331
3355
  5
355A
331
3356
  5
355B
331
3357
  5
3565
331
3358
  5
3575
331
3359
  5
3576
331
335A
  5
3577
331
335B
  5
3578
331
335C
  5
3579
331
335D
  5
357A
331
335E
  5
357D
331
335F
  5
357E
331
3360
  5
357F
331
3361
  5
3580
331
3362
  5
3581
331
3363
  5
3582
331
3364
  5
3583
331
3367
  5
359A
331
3368
  5
359B
331
3369
  5
359C
331
336A
  5
359D
331
336B
  5
359E
331
336C
  5
359F
331
336D
  5
35A0
331
336E
  5
35A1
331
336F
  5
35A2
331
3370
  5
35A3
331
3371
  5
35A4
331
3372
  5
35A5
331
3373
  5
35A6
331
3374
  5
35A7
331
3375
  5
35A8
331
3376
  5
35A9
331
3379
  5
35AA
331
337A
  5
35AB
331
337B
  5
35AC
331
337C
  5
35AD
331
337D
  5
35AE
331
337E
  5
35AF
331
337F
  5
35B0
331
3380
  5
35B1
331
3381
  5
35B2
331
3382
  5
35B3
331
3383
  5
35B4
331
3384
  5
35B5
331
3385
  5
35B6
331
3386
  5
35B7
331
3387
  5
35B8
331
3388
  5
35B9
331
338B
  5
35BA
331
338C
  5
35BB
331
338D
  5
35BC
331
338E
  5
35BD
331
338F
  5
35BE
331
3390
  5
35BF
331
3391
  5
35C0
331
3392
  5
35C1
331
3393
  5
35C2
331
3394
  5
35C3
331
3395
  5
35C4
331
3396
  5
35C5
331
3397
  5
35C6
331
3398
  5
35C7
331
3399
  5
35C8
331
339A
  5
35C9
331
339D
  5
35CA
331
339E
  5
35CB
331
339F
  5
35CC
331
33A0
  5
35CD
331
33A1
  5
35CE
331
33A2
  5
35CF
331
33A3
  5
35D0
331
33A4
  5
35D1
331
33A5
  5
35D2
331
33A6
  5
35D3
331
33A7
  5
35D4
331
33A8
  5
35D5
331
33A9
  5
35D6
331
33AA
  5
35D7
331
33AB
  5
35D8
331
33AC
  5
35D9
331
33AF
  5
35DA
331
33B0
  5
35DB
331
33B1
  5
35DC
331
33B2
  5
35DD
331
33B3
  5
35DE
331
33B4
  5
35DF
331
33B5
  5
35E0
331
33B6
  5
35E1
331
33B7
  5
35E2
331
33B8
  5
35E3
331
33B9
  5
35E4
331
33BA
  5
35E5
331
33BB
  5
35E6
331
33BC
  5
35E7
331
33BD
  5
35E8
331
33BE
  5
35E9
331
33C1
  5
35EA
331
33C2
  5
35EB
331
33C3
  5
35EC
331
33C4
  5
35ED
331
33C5
  5
35EE
331
33C6
  5
35EF
331
33C7
  5
35F0
331
33C8
  5
35F1
331
33C9
  5
35F2
331
33CA
  5
35F3
331
33CB
  5
35F4
331
33CC
  5
35F5
331
33CD
  5
35F6
331
33CE
  5
35F7
331
33CF
  5
35F8
331
33D0
  5
35F9
331
33D3
  5
35FA
331
33D4
  5
35FB
331
33D5
  5
35FC
331
33D6
  5
35FD
331
33D7
  5
35FE
331
33D8
  5
35FF
331
33D9
  5
3600
331
33DA
  5
3601
331
33DB
  5
3602
331
33DC
  5
3603
331
33DD
  5
3604
331
33DE
  5
3605
331
33DF
  5
3606
331
33E0
  5
3607
331
33E1
  5
3608
331
33E2
  5
3609
331
33E5
  5
360A
331
33E6
  5
360B
331
33E7
  5
360C
331
33E8
  5
360D
331
33E9
  5
360E
331
33EA
  5
360F
331
33EB
  5
3610
331
33EC
  5
3611
331
33ED
  5
3612
331
33EE
  5
3613
331
33EF
  5
3614
331
33F0
  5
3615
331
33F1
  5
3616
331
33F2
  5
3617
331
33F3
  5
3618
331
33F4
  5
3619
331
33F7
  5
36CA
331
33F8
  5
36CB
331
3453
  5
36D0
331
3454
  5
36D1
331
3455
  5
36D2
331
3456
  5
36D3
331
3457
  5
36D4
331
3458
  5
36D5
331
3459
  5
36D6
331
345A
  5
36D7
331
345B
  5
36D8
331
345C
  5
36D9
331
345D
  5
36DA
331
345E
  5
36DB
331
345F
  5
36DC
331
3460
  5
36DD
331
3461
  5
36DE
331
3462
  5
36DF
331
3463
  5
36E0
331
3464
  5
36E1
331
3465
  5
36E2
331
3484
  5
36E3
331
3489
  5
36CC
331
348A
  5
36CD
331
348B
  5
36CE
331
348C
  5
36CF
331
34A5
  5
36E4
331
34A6
  5
36E5
331
34A7
  5
36E6
331
34A8
  5
36E7
331
34AA
  5
36E8
331
34AB
  5
36E9
331
34AC
  5
36EA
331
34AD
  5
36EB
331
34D3
  5
36EC
331
34D4
  5
36ED
331
34D5
  5
36EE
331
34D6
  5
36EF
331
34D7
  5
36F0
331
34D8
  5
36F1
331
34D9
  5
36F2
331
34DA
  5
36F3
331
34DB
  5
36F4
331
34DC
  5
36F5
331
34DD
  5
36F6
331
34DE
  5
36F7
331
34DF
  5
36F8
331
34E0
  5
36F9
331
34E1
  5
36FA
331
34E2
  5
36FB
331
34E3
  5
36FC
331
34E4
  5
36FD
331
34E5
  5
36FE
331
34E6
  5
36FF
331
34E7
  5
3700
331
34E8
  5
3701
331
34E9
  5
3702
331
34EA
  5
3703
331
34FD
  5
3704
331
34FE
  5
3705
331
34FF
  5
3706
331
3500
  5
3707
331
3501
  5
3708
331
3502
  5
3709
331
3503
  5
370A
331
3504
  5
370B
331
3505
  5
370C
331
3506
  5
370D
331
3551
  5
370E
331
3552
  5
370F
331
3553
  5
3710
331
3554
  5
3711
331
3555
  5
3712
331
3557
  5
3713
331
3558
  5
3714
331
3559
  5
3715
331
355A
  5
3716
331
355B
  5
3717
331
3575
  5
3719
331
3576
  5
371A
331
3577
  5
371B
331
3578
  5
371C
331
3579
  5
371D
331
357A
  5
371E
331
357D
  5
371F
331
357E
  5
3720
331
357F
  5
3721
331
3580
  5
3722
331
3581
  5
3723
331
3582
  5
3724
331
3583
  5
3725
331
359A
  5
327D
331
359B
  5
327E
331
359C
  5
327F
331
359D
  5
3280
331
359E
  5
3281
331
359F
  5
3282
331
35A0
  5
3283
331
35A1
  5
3284
331
35A2
  5
3285
331
35A3
  5
3286
331
35A4
  5
3287
331
35A5
  5
3288
331
35A6
  5
3289
331
35A7
  5
328A
331
35A8
  5
328B
331
35A9
  5
328C
331
35AA
  5
328F
331
35AB
  5
3290
331
35AC
  5
3291
331
35AD
  5
3292
331
35AE
  5
3293
331
35AF
  5
3294
331
35B0
  5
3295
331
35B1
  5
3296
331
35B2
  5
3297
331
35B3
  5
3298
331
35B4
  5
3299
331
35B5
  5
329A
331
35B6
  5
329B
331
35B7
  5
329C
331
35B8
  5
329D
331
35B9
  5
329E
331
35BA
  5
32A1
331
35BB
  5
32A2
331
35BC
  5
32A3
331
35BD
  5
32A4
331
35BE
  5
32A5
331
35BF
  5
32A6
331
35C0
  5
32A7
331
35C1
  5
32A8
331
35C2
  5
32A9
331
35C3
  5
32AA
331
35C4
  5
32AB
331
35C5
  5
32AC
331
35C6
  5
32AD
331
35C7
  5
32AE
331
35C8
  5
32AF
331
35C9
  5
32B0
331
35CA
  5
32B3
331
35CB
  5
32B4
331
35CC
  5
32B5
331
35CD
  5
32B6
331
35CE
  5
32B7
331
35CF
  5
32B8
331
35D0
  5
32B9
331
35D1
  5
32BA
331
35D2
  5
32BB
331
35D3
  5
32BC
331
35D4
  5
32BD
331
35D5
  5
32BE
331
35D6
  5
32BF
331
35D7
  5
32C0
331
35D8
  5
32C1
331
35D9
  5
32C2
331
35DA
  5
32C5
331
35DB
  5
32C6
331
35DC
  5
32C7
331
35DD
  5
32C8
331
35DE
  5
32C9
331
35DF
  5
32CA
331
35E0
  5
32CB
331
35E1
  5
32CC
331
35E2
  5
32CD
331
35E3
  5
32CE
331
35E4
  5
32CF
331
35E5
  5
32D0
331
35E6
  5
32D1
331
35E7
  5
32D2
331
35E8
  5
32D3
331
35E9
  5
32D4
331
35EA
  5
32D7
331
35EB
  5
32D8
331
35EC
  5
32D9
331
35ED
  5
32DA
331
35EE
  5
32DB
331
35EF
  5
32DC
331
35F0
  5
32DD
331
35F1
  5
32DE
331
35F2
  5
32DF
331
35F3
  5
32E0
331
35F4
  5
32E1
331
35F5
  5
32E2
331
35F6
  5
32E3
331
35F7
  5
32E4
331
35F8
  5
32E5
331
35F9
  5
32E6
331
35FA
  5
32E9
331
35FB
  5
32EA
331
35FC
  5
32EB
331
35FD
  5
32EC
331
35FE
  5
32ED
331
35FF
  5
32EE
331
3600
  5
32EF
331
3601
  5
32F0
331
3602
  5
32F1
331
3603
  5
32F2
331
3604
  5
32F3
331
3605
  5
32F4
331
3606
  5
32F5
331
3607
  5
32F6
331
3608
  5
32F7
331
3609
  5
32F8
331
360A
  5
32FB
331
360B
  5
32FC
331
360C
  5
32FD
331
360D
  5
32FE
331
360E
  5
32FF
331
360F
  5
3300
331
3610
  5
3301
331
3611
  5
3302
331
3612
  5
3303
331
3613
  5
3304
331
3614
  5
3305
331
3615
  5
3306
331
3616
  5
3307
331
3617
  5
3308
331
3618
  5
3309
331
3619
  5
330A
331
361A
  5
330D
331
361B
  5
330E
331
361C
  5
330F
331
361D
  5
3310
331
361E
  5
3311
331
361F
  5
3312
331
3620
  5
3313
331
3621
  5
3314
331
3622
  5
3315
331
3623
  5
3316
331
3624
  5
3317
331
3625
  5
3318
331
3626
  5
3319
331
3627
  5
331A
331
3628
  5
331B
331
3629
  5
331C
331
362A
  5
331F
331
362B
  5
3320
331
362C
  5
3321
331
362D
  5
3322
331
362E
  5
3323
331
362F
  5
3324
331
3630
  5
3325
331
3631
  5
3326
331
3632
  5
3327
331
3633
  5
3328
331
3634
  5
3329
331
3635
  5
332A
331
3636
  5
332B
331
3637
  5
332C
331
3638
  5
332D
331
3639
  5
332E
331
363A
  5
3331
331
363B
  5
3332
331
363C
  5
3333
331
363D
  5
3334
331
363E
  5
3335
331
363F
  5
3336
331
3640
  5
3337
331
3641
  5
3338
331
3642
  5
3339
331
3643
  5
333A
331
3644
  5
333B
331
3645
  5
333C
331
3646
  5
333D
331
3647
  5
333E
331
3648
  5
333F
331
3649
  5
3340
331
364A
  5
3343
331
364B
  5
3344
331
364C
  5
3345
331
364D
  5
3346
331
364E
  5
3347
331
364F
  5
3348
331
3650
  5
3349
331
3651
  5
334A
331
3652
  5
334B
331
3653
  5
334C
331
3654
  5
334D
331
3655
  5
334E
331
3656
  5
334F
331
3657
  5
3350
331
3658
  5
3351
331
3659
  5
3352
331
365A
  5
3355
331
365B
  5
3356
331
365C
  5
3357
331
365D
  5
3358
331
365E
  5
3359
331
365F
  5
335A
331
3660
  5
335B
331
3661
  5
335C
331
3662
  5
335D
331
3663
  5
335E
331
3664
  5
335F
331
3665
  5
3360
331
3666
  5
3361
331
3667
  5
3362
331
3668
  5
3363
331
3669
  5
3364
331
366A
  5
3367
331
366B
  5
3368
331
366C
  5
3369
331
366D
  5
336A
331
366E
  5
336B
331
366F
  5
336C
331
3670
  5
336D
331
3671
  5
336E
331
3672
  5
336F
331
3673
  5
3370
331
3674
  5
3371
331
3675
  5
3372
331
3676
  5
3373
331
3677
  5
3374
331
3678
  5
3375
331
3679
  5
3376
331
367A
  5
3379
331
367B
  5
337A
331
367C
  5
337B
331
367D
  5
337C
331
367E
  5
337D
331
367F
  5
337E
331
3680
  5
337F
331
3681
  5
3380
331
3682
  5
3381
331
3683
  5
3382
331
3684
  5
3383
331
3685
  5
3384
331
3686
  5
3385
331
3687
  5
3386
331
3688
  5
3387
331
3689
  5
3388
331
368A
  5
338B
331
368B
  5
338C
331
368C
  5
338D
331
368D
  5
338E
331
368E
  5
338F
331
368F
  5
3390
331
3690
  5
3391
331
3691
  5
3392
331
3692
  5
3393
331
3693
  5
3394
331
3694
  5
3395
331
3695
  5
3396
331
3696
  5
3397
331
3697
  5
3398
331
3698
  5
3399
331
3699
  5
339A
331
369A
  5
339D
331
369B
  5
339E
331
369C
  5
339F
331
369D
  5
33A0
331
369E
  5
33A1
331
369F
  5
33A2
331
36A0
  5
33A3
331
36A1
  5
33A4
331
36A2
  5
33A5
331
36A3
  5
33A6
331
36A4
  5
33A7
331
36A5
  5
33A8
331
36A6
  5
33A9
331
36A7
  5
33AA
331
36A8
  5
33AB
331
36A9
  5
33AC
331
36AA
  5
33AF
331
36AB
  5
33B0
331
36AC
  5
33B1
331
36AD
  5
33B2
331
36AE
  5
33B3
331
36AF
  5
33B4
331
36B0
  5
33B5
331
36B1
  5
33B6
331
36B2
  5
33B7
331
36B3
  5
33B8
331
36B4
  5
33B9
331
36B5
  5
33BA
331
36B6
  5
33BB
331
36B7
  5
33BC
331
36B8
  5
33BD
331
36B9
  5
33BE
331
36BA
  5
33C1
331
36BB
  5
33C2
331
36BC
  5
33C3
331
36BD
  5
33C4
331
36BE
  5
33C5
331
36BF
  5
33C6
331
36C0
  5
33C7
331
36C1
  5
33C8
331
36C2
  5
33C9
331
36C3
  5
33CA
331
36C4
  5
33CB
331
36C5
  5
33CC
331
36C6
  5
33CD
331
36C7
  5
33CE
331
36C8
  5
33CF
331
36C9
  5
33D0
331
36CA
  5
33D3
331
36CB
  5
33D4
331
36CC
  5
33D5
331
36CD
  5
33D6
331
36CE
  5
33D7
331
36CF
  5
33D8
331
36D0
  5
33D9
331
36D1
  5
33DA
331
36D2
  5
33DB
331
36D3
  5
33DC
331
36D4
  5
33DD
331
36D5
  5
33DE
331
36D6
  5
33DF
331
36D7
  5
33E0
331
36D8
  5
33E1
331
36D9
  5
33E2
331
36DA
  5
33E5
331
36DB
  5
33E6
331
36DC
  5
33E7
331
36DD
  5
33E8
331
36DE
  5
33E9
331
36DF
  5
33EA
331
36E0
  5
33EB
331
36E1
  5
33EC
331
36E2
  5
33ED
331
36E3
  5
33EE
331
36E4
  5
33EF
331
36E5
  5
33F0
331
36E6
  5
33F1
331
36E7
  5
33F2
331
36E8
  5
33F3
331
36E9
  5
33F4
331
36EA
  5
33F7
331
36EB
  5
33F8
331
36EC
  5
33F9
331
36ED
  5
33FA
331
36EE
  5
33FB
331
36EF
  5
33FC
331
36F0
  5
33FD
331
36F1
  5
3415
331
36F2
  5
3454
331
36F3
  5
3455
331
36F4
  5
3456
331
36F5
  5
345A
331
36F6
  5
345B
331
36F7
  5
345C
331
36F8
  5
345D
331
36F9
  5
345E
331
36FA
  5
345F
331
36FB
  5
3460
331
36FC
  5
3463
331
36FD
  5
3464
331
36FE
  5
3465
331
36FF
  5
3466
331
3700
  5
3483
331
3701
  5
3486
331
3702
  5
3487
331
3703
  5
3488
331
3704
  5
3489
331
3705
  5
348A
331
3706
  5
348B
331
3707
  5
348C
331
3708
  5
34A6
331
3709
  5
34A8
331
370A
  5
34AA
331
370B
  5
34AB
331
370C
  5
34AC
331
370D
  5
34AD
331
370E
  5
34AF
331
370F
  5
34B0
331
3710
  5
34B1
331
3711
  5
34D3
331
3712
  5
34D4
331
3713
  5
34D5
331
3714
  5
34D6
331
3715
  5
34D7
331
3716
  5
34D8
331
3717
  5
34D9
331
3718
  5
34DA
331
3719
  5
34DB
331
371A
  5
34DC
331
371B
  5
34DD
331
371C
  5
34DE
331
371D
  5
34DF
331
371E
  5
34E0
331
371F
  5
34E1
331
3720
  5
34E2
331
3721
  5
34E3
331
3722
  5
34E4
331
3723
  5
34E5
331
3724
  5
34E6
331
3725
  5
34E7
  0
SORTENTSTABLE
  5
23D9
102
{ACAD_REACTORS
330
23D8
102
}
330
23D8
100
AcDbSortentsTable
330
23D6
  0
SORTENTSTABLE
  5
2477
102
{ACAD_REACTORS
330
2476
102
}
330
2476
100
AcDbSortentsTable
330
243C
  0
DICTIONARY
  5
2781
102
{ACAD_REACTORS
330
2772
102
}
330
2772
100
AcDbDictionary
281
     1
  3
ACAD_ASSOCNETWORK
350
2782
  0
SORTENTSTABLE
  5
2773
102
{ACAD_REACTORS
330
2772
102
}
330
2772
100
AcDbSortentsTable
330
2770
  0
ACDB_DYNAMICBLOCKPURGEPREVENTER_VERSION
  5
350F
102
{ACAD_REACTORS
330
2772
102
}
330
2772
100
AcDbDynamicBlockPurgePreventer
 70
     1
  0
DICTIONARY
  5
27AF
102
{ACAD_REACTORS
330
27A0
102
}
330
27A0
100
AcDbDictionary
281
     1
  3
ACAD_ASSOCNETWORK
350
27B0
  0
SORTENTSTABLE
  5
27A1
102
{ACAD_REACTORS
330
27A0
102
}
330
27A0
100
AcDbSortentsTable
330
279E
  0
ACDB_DYNAMICBLOCKPURGEPREVENTER_VERSION
  5
3510
102
{ACAD_REACTORS
330
27A0
102
}
330
27A0
100
AcDbDynamicBlockPurgePreventer
 70
     1
  0
DICTIONARY
  5
2D21
102
{ACAD_REACTORS
330
2D12
102
}
330
2D12
100
AcDbDictionary
281
     1
  3
ACAD_ASSOCNETWORK
350
2D22
  0
SORTENTSTABLE
  5
2D13
102
{ACAD_REACTORS
330
2D12
102
}
330
2D12
100
AcDbSortentsTable
330
2D0F
  0
ACDB_DYNAMICBLOCKPURGEPREVENTER_VERSION
  5
3511
102
{ACAD_REACTORS
330
2D12
102
}
330
2D12
100
AcDbDynamicBlockPurgePreventer
 70
     1
  0
ACDBASSOCNETWORK
  5
1CDF
102
{ACAD_REACTORS
330
1CDE
102
}
330
1CDE
100
AcDbAssocAction
 90
        2
 90
        0
330
0
360
0
 90
        0
 90
        0
 90
        0
 90
        0
 90
        0
 90
        0
 90
        0
100
AcDbAssocNetwork
 90
        0
 90
       27
 90
        3
330
2782
330
27B0
330
2D22
 90
        0
  0
ACDBDETAILVIEWSTYLE
  5
21C
102
{ACAD_REACTORS
330
21B
102
}
330
21B
100
AcDbModelDocViewStyle
 70
     0
  3
Metric50
290
     0
300
Metric50
 90
        0
100
AcDbDetailViewStyle
 70
     0
 71
     0
 90
        3
 71
     1
340
11
 62
   256
 40
5.0
340
0
 62
   256
 40
5.0
300

 40
0.0
280
     1
 71
     2
340
16
 90
       25
 62
   256
 71
     3
340
11
 62
   256
 40
5.0
 90
        0
 40
15.0
 90
        1
300
%<\AcVar ViewDetailId>% (%<\AcVar ViewScale \f "%sn">%)
 71
     4
340
16
 90
       25
 62
   256
340
16
 90
       25
 62
   256
280
     0
  0
IMAGEDEF
  5
4C9
102
{ACAD_REACTORS
330
2C3
102
}
330
2C3
100
AcDbRasterImageDef
 90
        0
  1
C:\Users\Анастасия\Videos\ScreenRecorderFiles\20260526\photo_2026-05-26_20-44-17.jpg
 10
1024.0
 20
682.0
 11
0.0009765625
 21
0.0009765625
280
     1
281
     0
  0
IMAGEDEF
  5
2D8
102
{ACAD_REACTORS
330
2C3
102
}
330
2C3
100
AcDbRasterImageDef
 90
        0
  1
C:\Users\Анастасия\Videos\ScreenRecorderFiles\20260526\photo_2026-05-26_20-44-48.jpg
 10
835.0
 20
1237.0
 11
0.0011976047904192
 21
0.0011976047904192
280
     1
281
     0
  0
IMAGEDEF
  5
2ED
102
{ACAD_REACTORS
330
2C3
102
}
330
2C3
100
AcDbRasterImageDef
 90
        0
  1
C:\Users\Анастасия\Videos\ScreenRecorderFiles\20260526\photo_2026-05-26_20-51-45.jpg
 10
835.0
 20
1237.0
 11
0.3527777777777778
 21
0.3527777777777778
280
     1
281
     5
  0
IMAGEDEF
  5
2C5
102
{ACAD_REACTORS
330
2C3
102
}
330
2C3
100
AcDbRasterImageDef
 90
        0
  1
C:\Users\Анастасия\Videos\ScreenRecorderFiles\20260526\photo_2026-05-26_20-52-00.jpg
 10
685.0
 20
1191.0
 11
0.0014598540145985
 21
0.0014598540145985
280
     1
281
     0
  0
LAYOUT
  5
22
102
{ACAD_XDICTIONARY
360
205
102
}
102
{ACAD_REACTORS
330
1A
102
}
330
1A
100
AcDbPlotSettings
  1

  2
none_device
  4
ISO_A4_(210.00_x_297.00_MM)
  6

 40
7.5
 41
20.0
 42
7.5
 43
20.0
 44
210.0
 45
297.0
 46
11.54999923706054
 47
-13.65000009536743
 48
0.0
 49
0.0
140
0.0
141
0.0
142
1.0
143
8.704084754739808
 70
 11952
 72
     1
 73
     0
 74
     0
  7

 75
     0
147
0.1148885871608098
 76
     0
 77
     2
 78
   300
148
0.0
149
0.0
100
AcDbLayout
  1
Model
 70
     1
 71
     0
 10
0.0
 20
0.0
 11
12.0
 21
9.0
 12
0.0
 22
0.0
 32
0.0
 14
0.0
 24
0.0
 34
0.0
 15
0.0
 25
0.0
 35
0.0
146
0.0
 13
0.0
 23
0.0
 33
0.0
 16
1.0
 26
0.0
 36
0.0
 17
0.0
 27
1.0
 37
0.0
 76
     0
330
1F
331
EA
1001
ACAD_PSEXT
1000
None
1000
None
1000
Not applicable
1000
The layout will not be plotted unless a new plotter configuration name is selected.
1070
     0
  0
LAYOUT
  5
D3
102
{ACAD_REACTORS
330
1A
102
}
330
1A
100
AcDbPlotSettings
  1

  2
C:\Documents and Settings\basas\Application Data\Autodesk\AutoCAD 2005\R16.1\enu\plotters\Default Windows System Printer.pc3
  4

  6

 40
0.0
 41
0.0
 42
0.0
 43
0.0
 44
0.0
 45
0.0
 46
0.0
 47
0.0
 48
0.0
 49
0.0
140
0.0
141
0.0
142
1.0
143
1.0
 70
   688
 72
     0
 73
     0
 74
     5
  7

 75
    16
147
1.0
 76
     0
 77
     2
 78
   300
148
0.0
149
0.0
100
AcDbLayout
  1
Лист1
 70
     1
 71
     1
 10
0.0
 20
0.0
 11
12.0
 21
9.0
 12
0.0
 22
0.0
 32
0.0
 14
0.0
 24
0.0
 34
0.0
 15
0.0
 25
0.0
 35
0.0
146
0.0
 13
0.0
 23
0.0
 33
0.0
 16
1.0
 26
0.0
 36
0.0
 17
0.0
 27
1.0
 37
0.0
 76
     0
330
D2
  0
LAYOUT
  5
D7
102
{ACAD_REACTORS
330
1A
102
}
330
1A
100
AcDbPlotSettings
  1

  2
C:\Documents and Settings\basas\Application Data\Autodesk\AutoCAD 2005\R16.1\enu\plotters\Default Windows System Printer.pc3
  4

  6

 40
0.0
 41
0.0
 42
0.0
 43
0.0
 44
0.0
 45
0.0
 46
0.0
 47
0.0
 48
0.0
 49
0.0
140
0.0
141
0.0
142
1.0
143
1.0
 70
   688
 72
     0
 73
     0
 74
     5
  7

 75
    16
147
1.0
 76
     0
 77
     2
 78
   300
148
0.0
149
0.0
100
AcDbLayout
  1
Лист2
 70
     1
 71
     2
 10
0.0
 20
0.0
 11
12.0
 21
9.0
 12
0.0
 22
0.0
 32
0.0
 14
0.0
 24
0.0
 34
0.0
 15
0.0
 25
0.0
 35
0.0
146
0.0
 13
0.0
 23
0.0
 33
0.0
 16
1.0
 26
0.0
 36
0.0
 17
0.0
 27
1.0
 37
0.0
 76
     0
330
D6
  0
MATERIAL
  5
ED
102
{ACAD_XDICTIONARY
360
1F9
102
}
102
{ACAD_REACTORS
330
6A
102
}
330
6A
100
AcDbMaterial
  1
ByBlock
 94
       63
  0
MATERIAL
  5
EC
102
{ACAD_XDICTIONARY
360
1F7
102
}
102
{ACAD_REACTORS
330
6A
102
}
330
6A
100
AcDbMaterial
  1
ByLayer
 94
       63
  0
MATERIAL
  5
EE
102
{ACAD_XDICTIONARY
360
173
102
}
102
{ACAD_REACTORS
330
6A
102
}
330
6A
100
AcDbMaterial
  1
Global
 43
0.0007999999797903
 43
0.0
 43
0.0
 43
0.0
 43
0.0
 43
0.0007999999797903
 43
0.0
 43
0.0
 43
0.0
 43
0.0
 43
1.0
 43
0.0
 43
0.0
 43
0.0
 43
0.0
 43
1.0
 49
0.0007999999797903
 49
0.0
 49
0.0
 49
0.0
 49
0.0
 49
0.0007999999797903
 49
0.0
 49
0.0
 49
0.0
 49
0.0
 49
1.0
 49
0.0
 49
0.0
 49
0.0
 49
0.0
 49
1.0
142
0.0007999999797903
142
0.0
142
0.0
142
0.0
142
0.0
142
0.0007999999797903
142
0.0
142
0.0
142
0.0
142
0.0
142
1.0
142
0.0
142
0.0
142
0.0
142
0.0
142
1.0
144
0.0007999999797903
144
0.0
144
0.0
144
0.0
144
0.0
144
0.0007999999797903
144
0.0
144
0.0
144
0.0
144
0.0
144
1.0
144
0.0
144
0.0
144
0.0
144
0.0
144
1.0
 94
       63
1001
ACAD
1070
    -1
1070
     3
1070
     0
1000

1071
        0
1070
     0
  0
MLEADERSTYLE
  5
12E
102
{ACAD_REACTORS
330
12D
102
}
330
12D
100
AcDbMLeaderStyle
179
     2
170
     2
171
     1
172
     0
 90
        2
 40
0.0
 41
0.0
173
     1
 91
-1056964608
340
14
 92
       -2
290
     1
 42
2.0
291
     1
 43
8.0
  3
Standard
 44
4.0
300

342
11
174
     1
178
     1
175
     1
176
     0
 93
-1056964608
 45
4.0
292
     0
297
     0
 46
4.0
 94
-1056964608
 47
1.0
 49
1.0
140
1.0
293
     1
141
0.0
294
     1
177
     0
142
1.0
295
     0
296
     0
143
3.75
271
     0
272
     9
273
     9
298
     0
  0
MLEADERSTYLE
  5
13B
102
{ACAD_REACTORS
330
12D
102
}
330
12D
100
AcDbMLeaderStyle
179
     2
170
     2
171
     1
172
     0
 90
        2
 40
0.0
 41
0.0
173
     1
 91
-1056964608
340
14
 92
       -2
290
     1
 42
2.0
291
     1
 43
8.0
  3
Standard
 44
4.0
300

342
11
174
     1
178
     1
175
     1
176
     0
 93
-1056964608
 45
4.0
292
     0
297
     0
 46
4.0
 94
-1056964608
 47
1.0
 49
1.0
140
1.0
293
     1
141
0.0
294
     1
177
     0
142
1.0
295
     0
296
     1
143
3.75
271
     0
272
     9
273
     9
298
     0
  0
MLINESTYLE
  5
18
102
{ACAD_REACTORS
330
17
102
}
330
17
100
AcDbMlineStyle
  2
STANDARD
 70
     0
  3

 62
   256
 51
90.0
 52
90.0
 71
     2
 49
0.5
 62
   256
  6
BYLAYER
 49
-0.5
 62
   256
  6
BYLAYER
  0
ACDBPLACEHOLDER
  5
F
102
{ACAD_REACTORS
330
E
102
}
330
E
  0
SCALE
  5
10D
102
{ACAD_REACTORS
330
10C
102
}
330
10C
100
AcDbScale
 70
     0
300
1:1
140
1.0
141
1.0
290
     1
  0
SCALE
  5
1BE
102
{ACAD_REACTORS
330
10C
102
}
330
10C
100
AcDbScale
 70
     0
300
1:2
140
1.0
141
2.0
290
     0
  0
SCALE
  5
1BF
102
{ACAD_REACTORS
330
10C
102
}
330
10C
100
AcDbScale
 70
     0
300
1:4
140
1.0
141
4.0
290
     0
  0
SCALE
  5
1C0
102
{ACAD_REACTORS
330
10C
102
}
330
10C
100
AcDbScale
 70
     0
300
1:5
140
1.0
141
5.0
290
     0
  0
SCALE
  5
1C1
102
{ACAD_REACTORS
330
10C
102
}
330
10C
100
AcDbScale
 70
     0
300
1:8
140
1.0
141
8.0
290
     0
  0
SCALE
  5
1C2
102
{ACAD_REACTORS
330
10C
102
}
330
10C
100
AcDbScale
 70
     0
300
1:10
140
1.0
141
10.0
290
     0
  0
SCALE
  5
1C3
102
{ACAD_REACTORS
330
10C
102
}
330
10C
100
AcDbScale
 70
     0
300
1:16
140
1.0
141
16.0
290
     0
  0
SCALE
  5
1C4
102
{ACAD_REACTORS
330
10C
102
}
330
10C
100
AcDbScale
 70
     0
300
1:20
140
1.0
141
20.0
290
     0
  0
SCALE
  5
1C5
102
{ACAD_REACTORS
330
10C
102
}
330
10C
100
AcDbScale
 70
     0
300
1:30
140
1.0
141
30.0
290
     0
  0
SCALE
  5
1C6
102
{ACAD_REACTORS
330
10C
102
}
330
10C
100
AcDbScale
 70
     0
300
1:40
140
1.0
141
40.0
290
     0
  0
SCALE
  5
1C7
102
{ACAD_REACTORS
330
10C
102
}
330
10C
100
AcDbScale
 70
     0
300
1:50
140
1.0
141
50.0
290
     0
  0
SCALE
  5
1C8
102
{ACAD_REACTORS
330
10C
102
}
330
10C
100
AcDbScale
 70
     0
300
1:100
140
1.0
141
100.0
290
     0
  0
SCALE
  5
1C9
102
{ACAD_REACTORS
330
10C
102
}
330
10C
100
AcDbScale
 70
     0
300
2:1
140
2.0
141
1.0
290
     0
  0
SCALE
  5
1CA
102
{ACAD_REACTORS
330
10C
102
}
330
10C
100
AcDbScale
 70
     0
300
4:1
140
4.0
141
1.0
290
     0
  0
SCALE
  5
1CB
102
{ACAD_REACTORS
330
10C
102
}
330
10C
100
AcDbScale
 70
     0
300
8:1
140
8.0
141
1.0
290
     0
  0
SCALE
  5
1CC
102
{ACAD_REACTORS
330
10C
102
}
330
10C
100
AcDbScale
 70
     0
300
10:1
140
10.0
141
1.0
290
     0
  0
SCALE
  5
1CD
102
{ACAD_REACTORS
330
10C
102
}
330
10C
100
AcDbScale
 70
     0
300
100:1
140
100.0
141
1.0
290
     0
  0
ACDBSECTIONVIEWSTYLE
  5
21A
102
{ACAD_REACTORS
330
219
102
}
330
219
100
AcDbModelDocViewStyle
 70
     0
  3
Metric50
290
     0
300
Metric50
 90
        0
100
AcDbSectionViewStyle
 70
     0
 71
     0
 90
      102
 71
     1
340
11
 62
   256
 40
5.0
340
0
340
0
 62
   256
 40
5.0
300
I, O, Q, S, X, Z
 40
10.0
 90
        0
 40
2.5
 90
        0
 71
     2
340
16
 90
       25
 62
   256
340
16
 90
       50
 62
   256
 40
5.0
 40
2.5
 40
5.0
 71
     3
340
11
 62
   256
 40
5.0
 90
        0
 40
15.0
 90
        1
300
%<\AcVar ViewSectionStartId>%-%<\AcVar ViewSectionEndId>% (%<\AcVar ViewScale \f "%sn">%)
 71
     4
 62
   256
 62
   257
300
ANSI31
 40
1.0
 90
        0
290
     0
290
     0
 90
        6
 40
0.0
 40
1.570796326794896
 40
0.2617993877991494
 40
1.308996938995747
 40
-0.2617993877991494
 40
1.832595714594044
  0
TABLESTYLE
  5
7F
102
{ACAD_XDICTIONARY
360
162
102
}
102
{ACAD_REACTORS
330
7E
102
}
330
7E
100
AcDbTableStyle
280
     0
  3
Standard
 70
     0
 71
     0
 40
1.5
 41
1.5
280
     0
281
     0
  7
Standard
140
4.5
170
     2
 62
     0
 63
     7
283
     0
 90
      512
 91
        0
  1

274
    -2
284
     1
 64
     0
275
    -2
285
     1
 65
     0
276
    -2
286
     1
 66
     0
277
    -2
287
     1
 67
     0
278
    -2
288
     1
 68
     0
279
    -2
289
     1
 69
     0
  7
Standard
140
6.0
170
     5
 62
     0
 63
     7
283
     0
 90
      512
 91
        0
  1

274
    -2
284
     1
 64
     0
275
    -2
285
     1
 65
     0
276
    -2
286
     1
 66
     0
277
    -2
287
     1
 67
     0
278
    -2
288
     1
 68
     0
279
    -2
289
     1
 69
     0
  7
Standard
140
4.5
170
     5
 62
     0
 63
     7
283
     0
 90
      512
 91
        0
  1

274
    -2
284
     1
 64
     0
275
    -2
285
     1
 65
     0
276
    -2
286
     1
 66
     0
277
    -2
287
     1
 67
     0
278
    -2
288
     1
 68
     0
279
    -2
289
     1
 69
     0
  0
VISUALSTYLE
  5
F5
102
{ACAD_REACTORS
330
EF
102
}
330
EF
100
AcDbVisualStyle
  2
2dWireframe
 70
     4
177
     3
291
     0
 70
    58
 90
        0
176
     1
 90
        2
176
     1
 90
        1
176
     1
 90
        0
176
     1
 40
0.6
176
     1
 40
30.0
176
     1
 62
     7
420
 16777215
176
     1
 90
        1
176
     1
 90
        4
176
     1
 62
     7
176
     1
 62
   257
176
     1
 90
        1
176
     1
 90
        1
176
     1
 40
1.0
176
     1
 90
        0
176
     1
 62
   257
176
     1
 40
1.0
176
     1
 90
        1
176
     1
 90
        6
176
     1
 90
        2
176
     1
 62
     7
176
     1
 90
        5
176
     1
 90
        0
176
     1
 90
        0
176
     1
290
     0
176
     1
 90
        1
176
     1
 40
0.0
176
     1
 90
        0
176
     1
290
     1
176
     1
290
     1
176
     1
290
     0
176
     1
290
     0
176
     1
290
     0
176
     1
290
     0
176
     1
290
     0
176
     1
290
     0
176
     1
290
     0
176
     1
 90
       50
176
     1
 40
0.0
176
     1
 40
1.0
176
     1
 90
        0
176
     1
 62
    18
176
     1
 90
       50
176
     1
 90
        3
176
     1
 62
     5
420
      255
176
     1
290
     0
176
     1
 90
       50
176
     1
 90
       50
176
     1
 90
       50
176
     1
290
     0
176
     1
 90
       50
176
     1
 62
   256
176
     0
 40
1.0
176
     0
 90
        2
176
     1
  1
strokes_ogs.tif
176
     1
290
     0
176
     1
 40
1.0
176
     1
 40
1.0
176
     1
  0
VISUALSTYLE
  5
F4
102
{ACAD_REACTORS
330
EF
102
}
330
EF
100
AcDbVisualStyle
  2
Basic
 70
     7
177
     3
291
     1
 70
    58
 90
        1
176
     1
 90
        0
176
     1
 90
        1
176
     1
 90
        0
176
     1
 40
0.6
176
     1
 40
30.0
176
     1
 62
     7
420
 16777215
176
     1
 90
        0
176
     1
 90
        4
176
     1
 62
     7
176
     1
 62
   257
176
     1
 90
        1
176
     1
 90
        1
176
     1
 40
1.0
176
     1
 90
        8
176
     1
 62
     7
176
     1
 40
1.0
176
     1
 90
        1
176
     1
 90
        6
176
     1
 90
        2
176
     1
 62
     7
176
     1
 90
        5
176
     1
 90
        0
176
     1
 90
        0
176
     1
290
     0
176
     1
 90
        1
176
     1
 40
0.0
176
     1
 90
        0
176
     1
290
     0
176
     1
290
     1
176
     1
290
     1
176
     1
290
     0
176
     1
290
     0
176
     1
290
     0
176
     1
290
     0
176
     1
290
     0
176
     1
290
     0
176
     1
 90
       50
176
     1
 40
0.0
176
     1
 40
1.0
176
     1
 90
        0
176
     1
 62
    18
176
     1
 90
       50
176
     1
 90
        3
176
     1
 62
     5
420
      255
176
     1
290
     0
176
     1
 90
       50
176
     1
 90
       50
176
     1
 90
       50
176
     1
290
     0
176
     1
 90
       50
176
     1
 62
   256
176
     0
 40
1.0
176
     0
 90
        2
176
     1
  1
strokes_ogs.tif
176
     1
290
     0
176
     1
 40
1.0
176
     1
 40
1.0
176
     1
  0
VISUALSTYLE
  5
FB
102
{ACAD_REACTORS
330
EF
102
}
330
EF
100
AcDbVisualStyle
  2
Brighten
 70
    12
177
     3
291
     1
 70
    58
 90
        2
176
     1
 90
        2
176
     1
 90
        1
176
     1
 90
        0
176
     1
 40
0.6
176
     1
 40
30.0
176
     1
 62
     7
420
 16777215
176
     1
 90
        1
176
     1
 90
        4
176
     1
 62
     7
176
     1
 62
   257
176
     1
 90
        1
176
     1
 90
        1
176
     1
 40
1.0
176
     1
 90
        8
176
     1
 62
     7
176
     1
 40
1.0
176
     1
 90
        1
176
     1
 90
        6
176
     1
 90
        2
176
     1
 62
     7
176
     1
 90
        5
176
     1
 90
        0
176
     1
 90
        0
176
     1
290
     0
176
     1
 90
        1
176
     1
 40
50.0
176
     1
 90
        0
176
     1
290
     0
176
     1
290
     1
176
     1
290
     1
176
     1
290
     0
176
     1
290
     0
176
     1
290
     0
176
     1
290
     0
176
     1
290
     0
176
     1
290
     0
176
     1
 90
       50
176
     1
 40
0.0
176
     1
 40
1.0
176
     1
 90
        0
176
     1
 62
    18
176
     1
 90
       50
176
     1
 90
        3
176
     1
 62
     5
420
      255
176
     1
290
     0
176
     1
 90
       50
176
     1
 90
       50
176
     1
 90
       50
176
     1
290
     0
176
     1
 90
       50
176
     1
 62
   256
176
     0
 40
1.0
176
     0
 90
        2
176
     1
  1
strokes_ogs.tif
176
     1
290
     0
176
     1
 40
1.0
176
     1
 40
1.0
176
     1
  0
VISUALSTYLE
  5
FF
102
{ACAD_REACTORS
330
EF
102
}
330
EF
100
AcDbVisualStyle
  2
ColorChange
 70
    16
177
     3
291
     1
 70
    58
 90
        2
176
     1
 90
        2
176
     1
 90
        3
176
     1
 90
        0
176
     1
 40
0.6
176
     1
 40
30.0
176
     1
 62
     8
420
  8421504
176
     1
 90
        1
176
     1
 90
        4
176
     1
 62
     7
176
     1
 62
   257
176
     1
 90
        1
176
     1
 90
        1
176
     1
 40
1.0
176
     1
 90
        8
176
     1
 62
     8
420
  8421504
176
     1
 40
1.0
176
     1
 90
        1
176
     1
 90
        6
176
     1
 90
        2
176
     1
 62
     7
176
     1
 90
        5
176
     1
 90
        0
176
     1
 90
        0
176
     1
290
     0
176
     1
 90
        1
176
     1
 40
0.0
176
     1
 90
        0
176
     1
290
     0
176
     1
290
     1
176
     1
290
     1
176
     1
290
     0
176
     1
290
     0
176
     1
290
     0
176
     1
290
     0
176
     1
290
     0
176
     1
290
     0
176
     1
 90
       50
176
     1
 40
0.0
176
     1
 40
1.0
176
     1
 90
        0
176
     1
 62
    18
176
     1
 90
       50
176
     1
 90
        3
176
     1
 62
     5
420
      255
176
     1
290
     0
176
     1
 90
       50
176
     1
 90
       50
176
     1
 90
       50
176
     1
290
     0
176
     1
 90
       50
176
     1
 62
   256
176
     0
 40
1.0
176
     0
 90
        2
176
     1
  1
strokes_ogs.tif
176
     1
290
     0
176
     1
 40
1.0
176
     1
 40
1.0
176
     1
  0
VISUALSTYLE
  5
F8
102
{ACAD_REACTORS
330
EF
102
}
330
EF
100
AcDbVisualStyle
  2
Conceptual
 70
     9
177
     3
291
     0
 70
    58
 90
        3
176
     1
 90
        2
176
     1
 90
        1
176
     1
 90
        0
176
     1
 40
0.6
176
     1
 40
30.0
176
     1
 62
     7
420
 16777215
176
     1
 90
        2
176
     1
 90
        2
176
     1
 62
     7
176
     1
 62
   257
176
     1
 90
        1
176
     1
 90
        1
176
     1
 40
40.0
176
     1
 90
        8
176
     1
 62
     7
176
     1
 40
1.0
176
     1
 90
        1
176
     1
 90
        6
176
     1
 90
        2
176
     1
 62
     7
176
     1
 90
        3
176
     1
 90
        0
176
     1
 90
        0
176
     1
290
     0
176
     1
 90
        1
176
     1
 40
0.0
176
     1
 90
        0
176
     1
290
     0
176
     1
290
     1
176
     1
290
     1
176
     1
290
     0
176
     1
290
     0
176
     1
290
     0
176
     1
290
     0
176
     1
290
     0
176
     1
290
     0
176
     1
 90
       50
176
     1
 40
0.0
176
     1
 40
1.0
176
     1
 90
        0
176
     1
 62
    18
176
     1
 90
       50
176
     1
 90
        3
176
     1
 62
     5
420
      255
176
     1
290
     0
176
     1
 90
       50
176
     1
 90
       50
176
     1
 90
       50
176
     1
290
     0
176
     1
 90
       50
176
     1
 62
   256
176
     0
 40
1.0
176
     0
 90
        2
176
     1
  1
strokes_ogs.tif
176
     1
290
     0
176
     1
 40
1.0
176
     1
 40
1.0
176
     1
  0
VISUALSTYLE
  5
FA
102
{ACAD_REACTORS
330
EF
102
}
330
EF
100
AcDbVisualStyle
  2
Dim
 70
    11
177
     3
291
     1
 70
    58
 90
        2
176
     1
 90
        2
176
     1
 90
        1
176
     1
 90
        0
176
     1
 40
0.6
176
     1
 40
30.0
176
     1
 62
     7
420
 16777215
176
     1
 90
        1
176
     1
 90
        4
176
     1
 62
     7
176
     1
 62
   257
176
     1
 90
        1
176
     1
 90
        1
176
     1
 40
1.0
176
     1
 90
        8
176
     1
 62
     7
176
     1
 40
1.0
176
     1
 90
        1
176
     1
 90
        6
176
     1
 90
        2
176
     1
 62
     7
176
     1
 90
        5
176
     1
 90
        0
176
     1
 90
        0
176
     1
290
     0
176
     1
 90
        1
176
     1
 40
-50.0
176
     1
 90
        0
176
     1
290
     0
176
     1
290
     1
176
     1
290
     1
176
     1
290
     0
176
     1
290
     0
176
     1
290
     0
176
     1
290
     0
176
     1
290
     0
176
     1
290
     0
176
     1
 90
       50
176
     1
 40
0.0
176
     1
 40
1.0
176
     1
 90
        0
176
     1
 62
    18
176
     1
 90
       50
176
     1
 90
        3
176
     1
 62
     5
420
      255
176
     1
290
     0
176
     1
 90
       50
176
     1
 90
       50
176
     1
 90
       50
176
     1
290
     0
176
     1
 90
       50
176
     1
 62
   256
176
     0
 40
1.0
176
     0
 90
        2
176
     1
  1
strokes_ogs.tif
176
     1
290
     0
176
     1
 40
1.0
176
     1
 40
1.0
176
     1
  0
VISUALSTYLE
  5
1E6
102
{ACAD_REACTORS
330
EF
102
}
330
EF
100
AcDbVisualStyle
  2
EdgeColorOff
 70
    22
177
     3
291
     1
 70
    58
 90
        2
176
     0
 90
        2
176
     0
 90
        0
176
     0
 90
        0
176
     0
 40
0.6
176
     0
 40
30.0
176
     0
 62
     7
420
 16777215
176
     0
 90
        1
176
     0
 90
        4
176
     0
 62
     7
176
     0
 62
   257
176
     0
 90
        1
176
     0
 90
        1
176
     0
 40
1.0
176
     0
 90
        8
176
     2
 62
     7
176
     0
 40
1.0
176
     0
 90
        1
176
     0
 90
        6
176
     0
 90
        2
176
     0
 62
     7
176
     0
 90
        5
176
     0
 90
        0
176
     0
 90
        0
176
     0
290
     0
176
     0
 90
        1
176
     0
 40
0.0
176
     0
 90
        0
176
     0
290
     0
176
     1
290
     1
176
     1
290
     1
176
     1
290
     0
176
     1
290
     0
176
     1
290
     0
176
     1
290
     0
176
     1
290
     0
176
     1
290
     0
176
     1
 90
       50
176
     1
 40
0.0
176
     1
 40
1.0
176
     1
 90
        0
176
     1
 62
    18
176
     1
 90
       50
176
     1
 90
        3
176
     1
 62
     5
420
      255
176
     1
290
     0
176
     1
 90
       50
176
     1
 90
       50
176
     1
 90
       50
176
     1
290
     0
176
     1
 90
       50
176
     1
 62
   256
176
     0
 40
1.0
176
     0
 90
        2
176
     1
  1
strokes_ogs.tif
176
     1
290
     0
176
     1
 40
1.0
176
     1
 40
1.0
176
     1
  0
VISUALSTYLE
  5
FE
102
{ACAD_REACTORS
330
EF
102
}
330
EF
100
AcDbVisualStyle
  2
Facepattern
 70
    15
177
     3
291
     1
 70
    58
 90
        2
176
     1
 90
        2
176
     1
 90
        1
176
     1
 90
        0
176
     1
 40
0.6
176
     1
 40
30.0
176
     1
 62
     7
420
 16777215
176
     1
 90
        1
176
     1
 90
        4
176
     1
 62
     7
176
     1
 62
   257
176
     1
 90
        1
176
     1
 90
        1
176
     1
 40
1.0
176
     1
 90
        8
176
     1
 62
     7
176
     1
 40
1.0
176
     1
 90
        1
176
     1
 90
        6
176
     1
 90
        2
176
     1
 62
     7
176
     1
 90
        5
176
     1
 90
        0
176
     1
 90
        0
176
     1
290
     0
176
     1
 90
        1
176
     1
 40
0.0
176
     1
 90
        0
176
     1
290
     0
176
     1
290
     1
176
     1
290
     1
176
     1
290
     0
176
     1
290
     0
176
     1
290
     0
176
     1
290
     0
176
     1
290
     0
176
     1
290
     0
176
     1
 90
       50
176
     1
 40
0.0
176
     1
 40
1.0
176
     1
 90
        0
176
     1
 62
    18
176
     1
 90
       50
176
     1
 90
        3
176
     1
 62
     5
420
      255
176
     1
290
     0
176
     1
 90
       50
176
     1
 90
       50
176
     1
 90
       50
176
     1
290
     0
176
     1
 90
       50
176
     1
 62
   256
176
     0
 40
1.0
176
     0
 90
        2
176
     1
  1
strokes_ogs.tif
176
     1
290
     0
176
     1
 40
1.0
176
     1
 40
1.0
176
     1
  0
VISUALSTYLE
  5
F0
102
{ACAD_REACTORS
330
EF
102
}
330
EF
100
AcDbVisualStyle
  2
Flat
 70
     0
177
     3
291
     1
 70
    58
 90
        2
176
     1
 90
        1
176
     1
 90
        1
176
     1
 90
        2
176
     1
 40
0.6
176
     1
 40
30.0
176
     1
 62
     7
420
 16777215
176
     1
 90
        0
176
     1
 90
        0
176
     1
 62
     7
176
     1
 62
   257
176
     1
 90
        1
176
     1
 90
        1
176
     1
 40
1.0
176
     1
 90
        8
176
     1
 62
     7
176
     1
 40
1.0
176
     1
 90
        1
176
     1
 90
        6
176
     1
 90
        2
176
     1
 62
     7
176
     1
 90
        5
176
     1
 90
        0
176
     1
 90
        0
176
     1
290
     0
176
     1
 90
       13
176
     1
 40
0.0
176
     1
 90
        0
176
     1
290
     0
176
     1
290
     1
176
     1
290
     1
176
     1
290
     0
176
     1
290
     0
176
     1
290
     0
176
     1
290
     0
176
     1
290
     0
176
     1
290
     0
176
     1
 90
       50
176
     1
 40
0.0
176
     1
 40
1.0
176
     1
 90
        0
176
     1
 62
    18
176
     1
 90
       50
176
     1
 90
        3
176
     1
 62
     5
420
      255
176
     1
290
     0
176
     1
 90
       50
176
     1
 90
       50
176
     1
 90
       50
176
     1
290
     0
176
     1
 90
       50
176
     1
 62
   256
176
     0
 40
1.0
176
     0
 90
        2
176
     1
  1
strokes_ogs.tif
176
     1
290
     0
176
     1
 40
1.0
176
     1
 40
1.0
176
     1
  0
VISUALSTYLE
  5
F1
102
{ACAD_REACTORS
330
EF
102
}
330
EF
100
AcDbVisualStyle
  2
FlatWithEdges
 70
     1
177
     3
291
     1
 70
    58
 90
        2
176
     1
 90
        1
176
     1
 90
        1
176
     1
 90
        2
176
     1
 40
0.6
176
     1
 40
30.0
176
     1
 62
     7
420
 16777215
176
     1
 90
        1
176
     1
 90
        0
176
     1
 62
     7
176
     1
 62
   257
176
     1
 90
        1
176
     1
 90
        1
176
     1
 40
1.0
176
     1
 90
        0
176
     1
 62
   257
176
     1
 40
1.0
176
     1
 90
        1
176
     1
 90
        6
176
     1
 90
        2
176
     1
 62
     7
176
     1
 90
        5
176
     1
 90
        0
176
     1
 90
        0
176
     1
290
     0
176
     1
 90
       13
176
     1
 40
0.0
176
     1
 90
        0
176
     1
290
     0
176
     1
290
     1
176
     1
290
     1
176
     1
290
     0
176
     1
290
     0
176
     1
290
     0
176
     1
290
     0
176
     1
290
     0
176
     1
290
     0
176
     1
 90
       50
176
     1
 40
0.0
176
     1
 40
1.0
176
     1
 90
        0
176
     1
 62
    18
176
     1
 90
       50
176
     1
 90
        3
176
     1
 62
     5
420
      255
176
     1
290
     0
176
     1
 90
       50
176
     1
 90
       50
176
     1
 90
       50
176
     1
290
     0
176
     1
 90
       50
176
     1
 62
   256
176
     0
 40
1.0
176
     0
 90
        2
176
     1
  1
strokes_ogs.tif
176
     1
290
     0
176
     1
 40
1.0
176
     1
 40
1.0
176
     1
  0
VISUALSTYLE
  5
F2
102
{ACAD_REACTORS
330
EF
102
}
330
EF
100
AcDbVisualStyle
  2
Gouraud
 70
     2
177
     3
291
     1
 70
    58
 90
        2
176
     1
 90
        2
176
     1
 90
        1
176
     1
 90
        2
176
     1
 40
0.6
176
     1
 40
30.0
176
     1
 62
     7
420
 16777215
176
     1
 90
        0
176
     1
 90
        0
176
     1
 62
     7
176
     1
 62
   257
176
     1
 90
        1
176
     1
 90
        1
176
     1
 40
1.0
176
     1
 90
        0
176
     1
 62
     7
176
     1
 40
1.0
176
     1
 90
        1
176
     1
 90
        6
176
     1
 90
        2
176
     1
 62
     7
176
     1
 90
        5
176
     1
 90
        0
176
     1
 90
        0
176
     1
290
     0
176
     1
 90
       13
176
     1
 40
0.0
176
     1
 90
        0
176
     1
290
     0
176
     1
290
     1
176
     1
290
     1
176
     1
290
     0
176
     1
290
     0
176
     1
290
     0
176
     1
290
     0
176
     1
290
     0
176
     1
290
     0
176
     1
 90
       50
176
     1
 40
0.0
176
     1
 40
1.0
176
     1
 90
        0
176
     1
 62
    18
176
     1
 90
       50
176
     1
 90
        3
176
     1
 62
     5
420
      255
176
     1
290
     0
176
     1
 90
       50
176
     1
 90
       50
176
     1
 90
       50
176
     1
290
     0
176
     1
 90
       50
176
     1
 62
   256
176
     0
 40
1.0
176
     0
 90
        2
176
     1
  1
strokes_ogs.tif
176
     1
290
     0
176
     1
 40
1.0
176
     1
 40
1.0
176
     1
  0
VISUALSTYLE
  5
F3
102
{ACAD_REACTORS
330
EF
102
}
330
EF
100
AcDbVisualStyle
  2
GouraudWithEdges
 70
     3
177
     3
291
     1
 70
    58
 90
        2
176
     1
 90
        2
176
     1
 90
        1
176
     1
 90
        2
176
     1
 40
0.6
176
     1
 40
30.0
176
     1
 62
     7
420
 16777215
176
     1
 90
        1
176
     1
 90
        0
176
     1
 62
     7
176
     1
 62
   257
176
     1
 90
        1
176
     1
 90
        1
176
     1
 40
1.0
176
     1
 90
        0
176
     1
 62
   257
176
     1
 40
1.0
176
     1
 90
        1
176
     1
 90
        6
176
     1
 90
        2
176
     1
 62
     7
176
     1
 90
        5
176
     1
 90
        0
176
     1
 90
        0
176
     1
290
     0
176
     1
 90
       13
176
     1
 40
0.0
176
     1
 90
        0
176
     1
290
     0
176
     1
290
     1
176
     1
290
     1
176
     1
290
     0
176
     1
290
     0
176
     1
290
     0
176
     1
290
     0
176
     1
290
     0
176
     1
290
     0
176
     1
 90
       50
176
     1
 40
0.0
176
     1
 40
1.0
176
     1
 90
        0
176
     1
 62
    18
176
     1
 90
       50
176
     1
 90
        3
176
     1
 62
     5
420
      255
176
     1
290
     0
176
     1
 90
       50
176
     1
 90
       50
176
     1
 90
       50
176
     1
290
     0
176
     1
 90
       50
176
     1
 62
   256
176
     0
 40
1.0
176
     0
 90
        2
176
     1
  1
strokes_ogs.tif
176
     1
290
     0
176
     1
 40
1.0
176
     1
 40
1.0
176
     1
  0
VISUALSTYLE
  5
F7
102
{ACAD_REACTORS
330
EF
102
}
330
EF
100
AcDbVisualStyle
  2
Hidden
 70
     6
177
     3
291
     0
 70
    58
 90
        1
176
     1
 90
        2
176
     1
 90
        2
176
     1
 90
        0
176
     1
 40
0.6
176
     1
 40
30.0
176
     1
 62
     7
420
 16777215
176
     1
 90
        2
176
     1
 90
        2
176
     1
 62
     7
176
     1
 62
   257
176
     1
 90
        2
176
     1
 90
        1
176
     1
 40
40.0
176
     1
 90
        0
176
     1
 62
   257
176
     1
 40
1.0
176
     1
 90
        1
176
     1
 90
        6
176
     1
 90
        2
176
     1
 62
     7
176
     1
 90
        3
176
     1
 90
        0
176
     1
 90
        0
176
     1
290
     0
176
     1
 90
        1
176
     1
 40
0.0
176
     1
 90
        0
176
     1
290
     0
176
     1
290
     1
176
     1
290
     1
176
     1
290
     0
176
     1
290
     0
176
     1
290
     0
176
     1
290
     0
176
     1
290
     0
176
     1
290
     0
176
     1
 90
       50
176
     1
 40
0.0
176
     1
 40
1.0
176
     1
 90
        0
176
     1
 62
    18
176
     1
 90
       50
176
     1
 90
        3
176
     1
 62
     5
420
      255
176
     1
290
     0
176
     1
 90
       50
176
     1
 90
       50
176
     1
 90
       50
176
     1
290
     0
176
     1
 90
       50
176
     1
 62
   256
176
     0
 40
1.0
176
     0
 90
        2
176
     1
  1
strokes_ogs.tif
176
     1
290
     0
176
     1
 40
1.0
176
     1
 40
1.0
176
     1
  0
VISUALSTYLE
  5
1E4
102
{ACAD_REACTORS
330
EF
102
}
330
EF
100
AcDbVisualStyle
  2
JitterOff
 70
    20
177
     3
291
     1
 70
    58
 90
        2
176
     0
 90
        2
176
     0
 90
        0
176
     0
 90
        0
176
     0
 40
0.6
176
     0
 40
30.0
176
     0
 62
     7
420
 16777215
176
     0
 90
        1
176
     0
 90
        4
176
     0
 62
     7
176
     0
 62
   257
176
     0
 90
        1
176
     0
 90
        1
176
     0
 40
1.0
176
     0
 90
       10
176
     2
 62
     7
176
     0
 40
1.0
176
     0
 90
        1
176
     0
 90
        6
176
     0
 90
        2
176
     0
 62
     7
176
     0
 90
        5
176
     0
 90
        0
176
     0
 90
        0
176
     0
290
     0
176
     0
 90
        1
176
     0
 40
0.0
176
     0
 90
        0
176
     0
290
     0
176
     1
290
     1
176
     1
290
     1
176
     1
290
     0
176
     1
290
     0
176
     1
290
     0
176
     1
290
     0
176
     1
290
     0
176
     1
290
     0
176
     1
 90
       50
176
     1
 40
0.0
176
     1
 40
1.0
176
     1
 90
        0
176
     1
 62
    18
176
     1
 90
       50
176
     1
 90
        3
176
     1
 62
     5
420
      255
176
     1
290
     0
176
     1
 90
       50
176
     1
 90
       50
176
     1
 90
       50
176
     1
290
     0
176
     1
 90
       50
176
     1
 62
   256
176
     0
 40
1.0
176
     0
 90
        2
176
     1
  1
strokes_ogs.tif
176
     1
290
     0
176
     1
 40
1.0
176
     1
 40
1.0
176
     1
  0
VISUALSTYLE
  5
FD
102
{ACAD_REACTORS
330
EF
102
}
330
EF
100
AcDbVisualStyle
  2
Linepattern
 70
    14
177
     3
291
     1
 70
    58
 90
        2
176
     1
 90
        2
176
     1
 90
        1
176
     1
 90
        0
176
     1
 40
0.6
176
     1
 40
30.0
176
     1
 62
     7
420
 16777215
176
     1
 90
        1
176
     1
 90
        4
176
     1
 62
     7
176
     1
 62
   257
176
     1
 90
        7
176
     1
 90
        7
176
     1
 40
1.0
176
     1
 90
        8
176
     1
 62
     7
176
     1
 40
1.0
176
     1
 90
        1
176
     1
 90
        6
176
     1
 90
        2
176
     1
 62
     7
176
     1
 90
        5
176
     1
 90
        0
176
     1
 90
        0
176
     1
290
     0
176
     1
 90
        1
176
     1
 40
0.0
176
     1
 90
        0
176
     1
290
     0
176
     1
290
     1
176
     1
290
     1
176
     1
290
     0
176
     1
290
     0
176
     1
290
     0
176
     1
290
     0
176
     1
290
     0
176
     1
290
     0
176
     1
 90
       50
176
     1
 40
0.0
176
     1
 40
1.0
176
     1
 90
        0
176
     1
 62
    18
176
     1
 90
       50
176
     1
 90
        3
176
     1
 62
     5
420
      255
176
     1
290
     0
176
     1
 90
       50
176
     1
 90
       50
176
     1
 90
       50
176
     1
290
     0
176
     1
 90
       50
176
     1
 62
   256
176
     0
 40
1.0
176
     0
 90
        2
176
     1
  1
strokes_ogs.tif
176
     1
290
     0
176
     1
 40
1.0
176
     1
 40
1.0
176
     1
  0
VISUALSTYLE
  5
1E5
102
{ACAD_REACTORS
330
EF
102
}
330
EF
100
AcDbVisualStyle
  2
OverhangOff
 70
    21
177
     3
291
     1
 70
    58
 90
        2
176
     0
 90
        2
176
     0
 90
        0
176
     0
 90
        0
176
     0
 40
0.6
176
     0
 40
30.0
176
     0
 62
     7
420
 16777215
176
     0
 90
        1
176
     0
 90
        4
176
     0
 62
     7
176
     0
 62
   257
176
     0
 90
        1
176
     0
 90
        1
176
     0
 40
1.0
176
     0
 90
        9
176
     2
 62
     7
176
     0
 40
1.0
176
     0
 90
        1
176
     0
 90
        6
176
     0
 90
        2
176
     0
 62
     7
176
     0
 90
        5
176
     0
 90
        0
176
     0
 90
        0
176
     0
290
     0
176
     0
 90
        1
176
     0
 40
0.0
176
     0
 90
        0
176
     0
290
     0
176
     1
290
     1
176
     1
290
     1
176
     1
290
     0
176
     1
290
     0
176
     1
290
     0
176
     1
290
     0
176
     1
290
     0
176
     1
290
     0
176
     1
 90
       50
176
     1
 40
0.0
176
     1
 40
1.0
176
     1
 90
        0
176
     1
 62
    18
176
     1
 90
       50
176
     1
 90
        3
176
     1
 62
     5
420
      255
176
     1
290
     0
176
     1
 90
       50
176
     1
 90
       50
176
     1
 90
       50
176
     1
290
     0
176
     1
 90
       50
176
     1
 62
   256
176
     0
 40
1.0
176
     0
 90
        2
176
     1
  1
strokes_ogs.tif
176
     1
290
     0
176
     1
 40
1.0
176
     1
 40
1.0
176
     1
  0
VISUALSTYLE
  5
F9
102
{ACAD_REACTORS
330
EF
102
}
330
EF
100
AcDbVisualStyle
  2
Realistic
 70
     8
177
     3
291
     0
 70
    58
 90
        2
176
     1
 90
        3
176
     1
 90
        0
176
     1
 90
        2
176
     1
 40
0.6
176
     1
 40
30.0
176
     1
 62
     7
420
 16777215
176
     1
 90
        0
176
     1
 90
        0
176
     1
 62
     7
176
     1
 62
   257
176
     1
 90
        1
176
     1
 90
        1
176
     1
 40
1.0
176
     1
 90
        8
176
     1
 62
   257
176
     1
 40
1.0
176
     1
 90
        1
176
     1
 90
        6
176
     1
 90
        2
176
     1
 62
     7
176
     1
 90
        3
176
     1
 90
        0
176
     1
 90
        0
176
     1
290
     0
176
     1
 90
       13
176
     1
 40
0.0
176
     1
 90
        0
176
     1
290
     0
176
     1
290
     1
176
     1
290
     1
176
     1
290
     0
176
     1
290
     0
176
     1
290
     0
176
     1
290
     0
176
     1
290
     0
176
     1
290
     0
176
     1
 90
       50
176
     1
 40
0.0
176
     1
 40
1.0
176
     1
 90
        0
176
     1
 62
    18
176
     1
 90
       50
176
     1
 90
        3
176
     1
 62
     5
420
      255
176
     1
290
     0
176
     1
 90
       50
176
     1
 90
       50
176
     1
 90
       50
176
     1
290
     0
176
     1
 90
       50
176
     1
 62
   256
176
     0
 40
1.0
176
     0
 90
        2
176
     1
  1
strokes_ogs.tif
176
     1
290
     0
176
     1
 40
1.0
176
     1
 40
1.0
176
     1
  0
VISUALSTYLE
  5
1F3
102
{ACAD_REACTORS
330
EF
102
}
330
EF
100
AcDbVisualStyle
  2
Shaded
 70
    27
177
     3
291
     0
 70
    58
 90
        2
176
     1
 90
        2
176
     1
 90
        1
176
     1
 90
        2
176
     1
 40
0.6
176
     1
 40
30.0
176
     1
 62
     7
420
 16777215
176
     1
 90
        0
176
     1
 90
        4
176
     1
 62
     7
176
     1
 62
   257
176
     1
 90
        1
176
     1
 90
        1
176
     1
 40
1.0
176
     1
 90
        8
176
     1
 62
   257
176
     1
 40
1.0
176
     1
 90
        1
176
     1
 90
        6
176
     1
 90
        2
176
     1
 62
     8
420
  7895160
176
     1
 90
        3
176
     1
 90
        0
176
     1
 90
        0
176
     1
290
     0
176
     1
 90
        5
176
     1
 40
0.0
176
     1
 90
        0
176
     1
290
     0
176
     1
290
     1
176
     1
290
     1
176
     1
290
     0
176
     1
290
     0
176
     1
290
     0
176
     1
290
     0
176
     1
290
     0
176
     1
290
     0
176
     1
 90
       50
176
     1
 40
0.0
176
     1
 40
1.0
176
     1
 90
        0
176
     1
 62
    18
176
     1
 90
       50
176
     1
 90
        3
176
     1
 62
     5
420
      255
176
     1
290
     0
176
     1
 90
       50
176
     1
 90
       50
176
     1
 90
       50
176
     1
290
     0
176
     1
 90
       50
176
     1
 62
   256
176
     0
 40
1.0
176
     0
 90
        2
176
     1
  1
strokes_ogs.tif
176
     1
290
     0
176
     1
 40
1.0
176
     1
 40
1.0
176
     1
  0
VISUALSTYLE
  5
1F2
102
{ACAD_REACTORS
330
EF
102
}
330
EF
100
AcDbVisualStyle
  2
Shaded with edges
 70
    26
177
     3
291
     0
 70
    58
 90
        2
176
     1
 90
        2
176
     1
 90
        1
176
     1
 90
        2
176
     1
 40
0.6
176
     1
 40
30.0
176
     1
 62
     7
420
 16777215
176
     1
 90
        1
176
     1
 90
        2
176
     1
 62
     7
176
     1
 62
   257
176
     1
 90
        2
176
     1
 90
        1
176
     1
 40
1.0
176
     1
 90
        8
176
     1
 62
   257
176
     1
 40
1.0
176
     1
 90
        1
176
     1
 90
        6
176
     1
 90
        2
176
     1
 62
     7
176
     1
 90
        3
176
     1
 90
        0
176
     1
 90
        0
176
     1
290
     0
176
     1
 90
        5
176
     1
 40
0.0
176
     1
 90
        0
176
     1
290
     0
176
     1
290
     1
176
     1
290
     1
176
     1
290
     0
176
     1
290
     0
176
     1
290
     0
176
     1
290
     0
176
     1
290
     0
176
     1
290
     0
176
     1
 90
       50
176
     1
 40
0.0
176
     1
 40
1.0
176
     1
 90
        0
176
     1
 62
    18
176
     1
 90
       50
176
     1
 90
        3
176
     1
 62
     5
420
      255
176
     1
290
     0
176
     1
 90
       50
176
     1
 90
       50
176
     1
 90
       50
176
     1
290
     0
176
     1
 90
       50
176
     1
 62
   256
176
     0
 40
1.0
176
     0
 90
        2
176
     1
  1
strokes_ogs.tif
176
     1
290
     0
176
     1
 40
1.0
176
     1
 40
1.0
176
     1
  0
VISUALSTYLE
  5
1EF
102
{ACAD_REACTORS
330
EF
102
}
330
EF
100
AcDbVisualStyle
  2
Shades of Gray
 70
    23
177
     3
291
     0
 70
    58
 90
        2
176
     1
 90
        2
176
     1
 90
        3
176
     1
 90
        0
176
     1
 40
0.6
176
     1
 40
30.0
176
     1
 62
     7
420
 16777215
176
     1
 90
        2
176
     1
 90
        2
176
     1
 62
     7
176
     1
 62
     7
176
     1
 90
        1
176
     1
 90
        1
176
     1
 40
40.0
176
     1
 90
        8
176
     1
 62
     7
176
     1
 40
1.0
176
     1
 90
        1
176
     1
 90
        6
176
     1
 90
        2
176
     1
 62
     7
176
     1
 90
        3
176
     1
 90
        0
176
     1
 90
        0
176
     1
290
     0
176
     1
 90
        1
176
     1
 40
0.0
176
     1
 90
        0
176
     1
290
     0
176
     1
290
     1
176
     1
290
     1
176
     1
290
     0
176
     1
290
     0
176
     1
290
     0
176
     1
290
     0
176
     1
290
     0
176
     1
290
     0
176
     1
 90
       50
176
     1
 40
0.0
176
     1
 40
1.0
176
     1
 90
        0
176
     1
 62
    18
176
     1
 90
       50
176
     1
 90
        3
176
     1
 62
     5
420
      255
176
     1
290
     0
176
     1
 90
       50
176
     1
 90
       50
176
     1
 90
       50
176
     1
290
     0
176
     1
 90
       50
176
     1
 62
   256
176
     0
 40
1.0
176
     0
 90
        2
176
     1
  1
strokes_ogs.tif
176
     1
290
     0
176
     1
 40
1.0
176
     1
 40
1.0
176
     1
  0
VISUALSTYLE
  5
1F0
102
{ACAD_REACTORS
330
EF
102
}
330
EF
100
AcDbVisualStyle
  2
Sketchy
 70
    24
177
     3
291
     0
 70
    58
 90
        1
176
     1
 90
        2
176
     1
 90
        2
176
     1
 90
        0
176
     1
 40
0.6
176
     1
 40
30.0
176
     1
 62
     7
420
 16777215
176
     1
 90
        2
176
     1
 90
        2
176
     1
 62
     7
176
     1
 62
     7
176
     1
 90
        1
176
     1
 90
        1
176
     1
 40
40.0
176
     1
 90
       11
176
     1
 62
     7
176
     1
 40
1.0
176
     1
 90
        1
176
     1
 90
        6
176
     1
 90
        2
176
     1
 62
     7
176
     1
 90
        6
176
     1
 90
        0
176
     1
 90
        0
176
     1
290
     0
176
     1
 90
        1
176
     1
 40
0.0
176
     1
 90
        0
176
     1
290
     0
176
     1
290
     1
176
     1
290
     1
176
     1
290
     0
176
     1
290
     0
176
     1
290
     0
176
     1
290
     0
176
     1
290
     0
176
     1
290
     0
176
     1
 90
       50
176
     1
 40
0.0
176
     1
 40
1.0
176
     1
 90
        0
176
     1
 62
    18
176
     1
 90
       50
176
     1
 90
        3
176
     1
 62
     5
420
      255
176
     1
290
     0
176
     1
 90
       50
176
     1
 90
       50
176
     1
 90
       50
176
     1
290
     0
176
     1
 90
       50
176
     1
 62
   256
176
     0
 40
1.0
176
     0
 90
        2
176
     1
  1
strokes_ogs.tif
176
     1
290
     0
176
     1
 40
1.0
176
     1
 40
1.0
176
     1
  0
VISUALSTYLE
  5
FC
102
{ACAD_REACTORS
330
EF
102
}
330
EF
100
AcDbVisualStyle
  2
Thicken
 70
    13
177
     3
291
     1
 70
    58
 90
        2
176
     1
 90
        2
176
     1
 90
        1
176
     1
 90
        0
176
     1
 40
0.6
176
     1
 40
30.0
176
     1
 62
     7
420
 16777215
176
     1
 90
        1
176
     1
 90
        4
176
     1
 62
     7
176
     1
 62
   257
176
     1
 90
        1
176
     1
 90
        1
176
     1
 40
1.0
176
     1
 90
       12
176
     1
 62
     7
176
     1
 40
1.0
176
     1
 90
        1
176
     1
 90
        6
176
     1
 90
        2
176
     1
 62
     7
176
     1
 90
        5
176
     1
 90
        0
176
     1
 90
        0
176
     1
290
     0
176
     1
 90
        1
176
     1
 40
0.0
176
     1
 90
        0
176
     1
290
     0
176
     1
290
     1
176
     1
290
     1
176
     1
290
     0
176
     1
290
     0
176
     1
290
     0
176
     1
290
     0
176
     1
290
     0
176
     1
290
     0
176
     1
 90
       50
176
     1
 40
0.0
176
     1
 40
1.0
176
     1
 90
        0
176
     1
 62
    18
176
     1
 90
       50
176
     1
 90
        3
176
     1
 62
     5
420
      255
176
     1
290
     0
176
     1
 90
       50
176
     1
 90
       50
176
     1
 90
       50
176
     1
290
     0
176
     1
 90
       50
176
     1
 62
   256
176
     0
 40
1.0
176
     0
 90
        2
176
     1
  1
strokes_ogs.tif
176
     1
290
     0
176
     1
 40
1.0
176
     1
 40
1.0
176
     1
  0
VISUALSTYLE
  5
F6
102
{ACAD_REACTORS
330
EF
102
}
330
EF
100
AcDbVisualStyle
  2
Wireframe
 70
     5
177
     3
291
     0
 70
    58
 90
        0
176
     1
 90
        2
176
     1
 90
        0
176
     1
 90
        0
176
     1
 40
0.6
176
     1
 40
30.0
176
     1
 62
     7
420
 16777215
176
     1
 90
        1
176
     1
 90
        4
176
     1
 62
     7
176
     1
 62
   257
176
     1
 90
        1
176
     1
 90
        1
176
     1
 40
1.0
176
     1
 90
        0
176
     1
 62
   257
176
     1
 40
1.0
176
     1
 90
        1
176
     1
 90
        6
176
     1
 90
        2
176
     1
 62
     7
176
     1
 90
        3
176
     1
 90
        0
176
     1
 90
        0
176
     1
290
     0
176
     1
 90
        1
176
     1
 40
0.0
176
     1
 90
        0
176
     1
290
     0
176
     1
290
     1
176
     1
290
     1
176
     1
290
     0
176
     1
290
     0
176
     1
290
     0
176
     1
290
     0
176
     1
290
     0
176
     1
290
     0
176
     1
 90
       50
176
     1
 40
0.0
176
     1
 40
1.0
176
     1
 90
        0
176
     1
 62
    18
176
     1
 90
       50
176
     1
 90
        3
176
     1
 62
     5
420
      255
176
     1
290
     0
176
     1
 90
       50
176
     1
 90
       50
176
     1
 90
       50
176
     1
290
     0
176
     1
 90
       50
176
     1
 62
   256
176
     0
 40
1.0
176
     0
 90
        2
176
     1
  1
strokes_ogs.tif
176
     1
290
     0
176
     1
 40
1.0
176
     1
 40
1.0
176
     1
  0
VISUALSTYLE
  5
1F1
102
{ACAD_REACTORS
330
EF
102
}
330
EF
100
AcDbVisualStyle
  2
X-Ray
 70
    25
177
     3
291
     0
 70
    58
 90
        2
176
     1
 90
        2
176
     1
 90
        1
176
     1
 90
        1
176
     1
 40
0.5
176
     1
 40
30.0
176
     1
 62
     7
420
 16777215
176
     1
 90
        1
176
     1
 90
        0
176
     1
 62
     7
176
     1
 62
   257
176
     1
 90
        1
176
     1
 90
        1
176
     1
 40
1.0
176
     1
 90
        8
176
     1
 62
     7
176
     1
 40
1.0
176
     1
 90
        1
176
     1
 90
        6
176
     1
 90
        2
176
     1
 62
     7
176
     1
 90
        3
176
     1
 90
        0
176
     1
 90
        0
176
     1
290
     0
176
     1
 90
       13
176
     1
 40
0.0
176
     1
 90
        0
176
     1
290
     0
176
     1
290
     1
176
     1
290
     1
176
     1
290
     0
176
     1
290
     0
176
     1
290
     0
176
     1
290
     0
176
     1
290
     0
176
     1
290
     0
176
     1
 90
       50
176
     1
 40
0.0
176
     1
 40
1.0
176
     1
 90
        0
176
     1
 62
    18
176
     1
 90
       50
176
     1
 90
        3
176
     1
 62
     5
420
      255
176
     1
290
     0
176
     1
 90
       50
176
     1
 90
       50
176
     1
 90
       50
176
     1
290
     0
176
     1
 90
       50
176
     1
 62
   256
176
     0
 40
1.0
176
     0
 90
        2
176
     1
  1
strokes_ogs.tif
176
     1
290
     0
176
     1
 40
1.0
176
     1
 40
1.0
176
     1
  0
DICTIONARYVAR
  5
146
102
{ACAD_REACTORS
330
5E
102
}
330
5E
100
DictionaryVariables
280
     0
  1
1:1
  0
DICTIONARYVAR
  5
259
102
{ACAD_REACTORS
330
5E
102
}
330
5E
100
DictionaryVariables
280
     0
  1
3.500000
  0
DICTIONARYVAR
  5
25A
102
{ACAD_REACTORS
330
5E
102
}
330
5E
100
DictionaryVariables
280
     0
  1
acadiso.lin
  0
DICTIONARYVAR
  5
145
102
{ACAD_REACTORS
330
5E
102
}
330
5E
100
DictionaryVariables
280
     0
  1
STANDARD
  0
DICTIONARYVAR
  5
84
102
{ACAD_REACTORS
330
5E
102
}
330
5E
100
DictionaryVariables
280
     0
  1
STANDARD
  0
DICTIONARYVAR
  5
227
102
{ACAD_REACTORS
330
5E
102
}
330
5E
100
DictionaryVariables
280
     0
  1
Metric50
  0
DICTIONARYVAR
  5
228
102
{ACAD_REACTORS
330
5E
102
}
330
5E
100
DictionaryVariables
280
     0
  1
Metric50
  0
DICTIONARYVAR
  5
5F
102
{ACAD_REACTORS
330
5E
102
}
330
5E
100
DictionaryVariables
280
     0
  1
2
  0
DICTIONARYVAR
  5
63
102
{ACAD_REACTORS
330
5E
102
}
330
5E
100
DictionaryVariables
280
     0
  1
1
  0
DICTIONARYVAR
  5
1AE
102
{ACAD_REACTORS
330
5E
102
}
330
5E
100
DictionaryVariables
280
     0
  1
0
  0
DICTIONARYVAR
  5
1AF
102
{ACAD_REACTORS
330
5E
102
}
330
5E
100
DictionaryVariables
280
     0
  1
0
  0
ACDBASSOCNETWORK
  5
2782
102
{ACAD_REACTORS
330
2781
102
}
330
2781
100
AcDbAssocAction
 90
        2
 90
        0
330
1CDF
360
0
 90
        2
 90
        0
 90
        0
 90
        0
 90
        0
 90
        0
 90
        0
100
AcDbAssocNetwork
 90
        0
 90
       20
 90
        1
360
2778
 90
        0
  0
ACDBASSOCNETWORK
  5
27B0
102
{ACAD_REACTORS
330
27AF
102
}
330
27AF
100
AcDbAssocAction
 90
        2
 90
        0
330
1CDF
360
0
 90
        3
 90
        0
 90
        0
 90
        0
 90
        0
 90
        0
 90
        0
100
AcDbAssocNetwork
 90
        0
 90
       20
 90
        1
360
27A6
 90
        0
  0
ACDBASSOCNETWORK
  5
2D22
102
{ACAD_REACTORS
330
2D21
102
}
330
2D21
100
AcDbAssocAction
 90
        2
 90
        0
330
1CDF
360
0
 90
       15
 90
        0
 90
        0
 90
        0
 90
        0
 90
        0
 90
        0
100
AcDbAssocNetwork
 90
        0
 90
       20
 90
        1
360
2D18
 90
        0
  0
DICTIONARY
  5
205
330
22
100
AcDbDictionary
280
     1
281
     1
  0
DICTIONARY
  5
1F9
330
ED
100
AcDbDictionary
280
     1
281
     1
  3
FBXASSET
360
1FA
  0
DICTIONARY
  5
1F7
330
EC
100
AcDbDictionary
280
     1
281
     1
  3
FBXASSET
360
1F8
  0
DICTIONARY
  5
173
330
EE
100
AcDbDictionary
280
     1
281
     1
  3
BUMPTILE
360
175
  3
DIFFUSETILE
360
174
  3
FBXASSET
360
1FB
  3
OPACITYTILE
360
176
  3
REFLECTIONTILE
360
177
  0
DICTIONARY
  5
162
330
7F
100
AcDbDictionary
280
     1
281
     1
  3
ACAD_ROUNDTRIP_2008_TABLESTYLE_CELLSTYLEMAP
360
3726
  0
ACDBASSOCACTION
  5
2778
330
2782
100
AcDbAssocAction
 90
        2
 90
        0
330
2782
360
2779
 90
       20
 90
        4
 90
        3
360
277A
360
277B
360
277C
 90
        0
 90
        4
360
277D
360
277E
360
277F
360
2780
 90
        0
 90
       13
 90
        0
  1
ItemSpacing
 90
        1
 90
        1
 40
6.0
330
0
330
0
 90
        0
  1
Items
 90
        0
 90
        1
 90
       18
330
0
330
0
 90
        0
  1
LevelSpacing
 90
        1
 90
        1
 40
1.0
330
0
330
0
 90
        0
  1
Levels
 90
        0
 90
        1
 90
        1
330
0
330
0
 90
        0
  1
RowElevation
 90
        1
 90
        1
 40
0.0
330
0
330
0
 90
        0
  1
RowSpacing
 90
        1
 90
        1
 40
2.25
330
0
330
0
 90
        0
  1
Rows
 90
        0
 90
        1
 90
        1
330
0
330
0
 90
        0
  1
AlignItems
 90
        0
 90
        1
 90
        1
330
0
330
0
 90
        0
  1
FillPath
 90
        0
 90
        1
 40
1.0
330
0
330
0
 90
        0
  1
MaintainZ
 90
        0
 90
        1
 40
1.0
330
0
330
0
 90
        0
  1
Orientation
 90
        0
 90
        1
 90
        1
330
0
330
0
 90
        0
  1
Method
 90
        0
 90
        1
 90
        0
330
0
330
0
 90
        0
  1
TangentOrientationAngle
 90
        0
 90
        1
 40
0.0
330
0
330
0
  0
ACDBASSOCACTION
  5
27A6
330
27B0
100
AcDbAssocAction
 90
        2
 90
        0
330
27B0
360
27A7
 90
       20
 90
        4
 90
        3
360
27A8
360
27A9
360
27AA
 90
        0
 90
        4
360
27AB
360
27AC
360
27AD
360
27AE
 90
        0
 90
       13
 90
        0
  1
ItemSpacing
 90
        1
 90
        1
 40
6.0
330
0
330
0
 90
        0
  1
Items
 90
        0
 90
        1
 90
       18
330
0
330
0
 90
        0
  1
LevelSpacing
 90
        1
 90
        1
 40
1.0
330
0
330
0
 90
        0
  1
Levels
 90
        0
 90
        1
 90
        1
330
0
330
0
 90
        0
  1
RowElevation
 90
        1
 90
        1
 40
0.0
330
0
330
0
 90
        0
  1
RowSpacing
 90
        1
 90
        1
 40
2.25
330
0
330
0
 90
        0
  1
Rows
 90
        0
 90
        1
 90
        1
330
0
330
0
 90
        0
  1
AlignItems
 90
        0
 90
        1
 90
        1
330
0
330
0
 90
        0
  1
FillPath
 90
        0
 90
        1
 40
1.0
330
0
330
0
 90
        0
  1
MaintainZ
 90
        0
 90
        1
 40
1.0
330
0
330
0
 90
        0
  1
Orientation
 90
        0
 90
        1
 90
        1
330
0
330
0
 90
        0
  1
Method
 90
        0
 90
        1
 90
        0
330
0
330
0
 90
        0
  1
TangentOrientationAngle
 90
        0
 90
        1
 40
0.0
330
0
330
0
  0
ACDBASSOCACTION
  5
2D18
330
2D22
100
AcDbAssocAction
 90
        2
 90
        0
330
2D22
360
2D19
 90
       20
 90
        4
 90
        3
360
2D1A
360
2D1B
360
2D1C
 90
        0
 90
        4
360
2D1D
360
2D1E
360
2D1F
360
2D20
 90
        0
 90
       14
 90
        0
  1
ItemSpacing
 90
        1
 90
        1
 40
6.0
330
0
330
0
 90
        0
  1
Items
 90
        0
 90
        1
 90
       18
330
0
330
0
 90
        0
  1
LevelSpacing
 90
        1
 90
        1
 40
1.0
330
0
330
0
 90
        0
  1
Levels
 90
        0
 90
        1
 90
        1
330
0
330
0
 90
        0
  1
RowElevation
 90
        1
 90
        1
 40
0.0
330
0
330
0
 90
        0
  1
RowSpacing
 90
        1
 90
        1
 40
2.25
330
0
330
0
 90
        0
  1
Rows
 90
        0
 90
        1
 90
        1
330
0
330
0
 90
        0
  1
AlignItems
 90
        0
 90
        1
 90
        1
330
0
330
0
 90
        0
  1
FillPath
 90
        0
 90
        1
 40
1.0
330
0
330
0
 90
        0
  1
MaintainZ
 90
        0
 90
        1
 40
1.0
330
0
330
0
 90
        0
  1
Orientation
 90
        0
 90
        1
 90
        1
330
0
330
0
 90
        0
  1
Method
 90
        0
 90
        1
 90
        0
330
0
330
0
 90
        0
  1
TangentOrientationAngle
 90
        0
 90
        1
 40
0.0
330
0
330
0
 90
        0
  1
PathDirection
 90
        0
 90
        1
 90
        1
330
0
330
0
  0
XRECORD
  5
1FA
102
{ACAD_REACTORS
330
1F9
102
}
330
1F9
100
AcDbXrecord
280
     1
 70
     1
 90
429727718
  1
D62C5603-E3A1-4AEA-B7FB-FE5D8D0755AF
310
504B03040A0000080000CC70623B3DEE336E79000000790000001B0000006175746F6465736B2D64657369676E2D7061636B6167652E786D6C3C3F786D6C2076657273696F6E3D22312E302220656E636F64696E673D227574662D3822203F3E3C666F726D6174733E3C666F726D61743E687474703A2F2F736368656D612E
310
6175746F6465736B2E636F6D2F64657369676E2D7061636B6167652F323030393C2F666F726D61743E3C2F666F726D6174733E504B0304140006080800CC70623BD486FD9CA0000000F4000000130000005B436F6E74656E745F54797065735D2E786D6C7D8EC10E82300C865F65E91D8A1E8C310C0EEA1BF002731658846E
310
D98AC1B77784ABF1D8FE5FBFBF75BBCE937A534CCEB38643598122B6FEE978D0B0485F9C41B54DDD7D022595594E1A469170414C76A4D9A4D207E29CF43ECE46F218070CC6BECC4078ACAA135ACF422C856C0E68EA1BF5669944DDD7BCDE7B1F8E415D77AECB980613C2E4AC91FC167A2B244592486606FC29C8FD7F045B9A
310
EF7053A7E60B504B0304140006080800CC70623B853B8169EB0000007C01000008000000636F72652E786D6C8D90416EC3201045AF62CDB6C206821CC7C244919D9CA01740401C94182C03558F5F9C3852BBEB6A467FFE9B197D7EFC9E1EC5975982F5AE035262288C535E5B377690E21535501C055FBC8FBF6C503839990E
310
5619041F179FE64D52DE45E362569DD7661365082642A11EB9E920A89B99642953CC8E702F67A9EE7234257977194EC9EAE275C4EABCCF5EAD5940D4AC6F0E35A568B8F43562CD7046CD199FD07E60174276A7BE677B5EADB0E0D14EEFFB6A31321A0D82627C4084204C3F096B71DD52F6819B16635EADF63F509AF53FA164
310
5DDCD1EDDD17164090FCC8732078B56691CB33A85CD7DCC40F504B0304140006080800CC70623B55019EA25F0000007C00000007000000636E782E786D6C4DCB3B0E80201045D1AD90E915ED2CF8AC45050C11660C8261F98AB1B07AC9C97D42D718D865D3E909258CFD00CCE24AC6E326A164D74DC0B4128928FF32603847
310
2BA13128B1252AC747C6BAB984FC68F0B87FE8960A5C09FE86CFB69FBA01504B0304140006080800CC70623BDBABAAF470010000D40300000C0000006662782F636F72652E786D6CC553D16E823014FD95A6AF4B694182CC941A83FA05FB810A9511A125A5257EFE2E82712ECEB8A7F100CD39F7F69E734AF9FADC366850B6
310
AF8DCE7018308C942E4C59EB2AC3DE1D498AD15A706B8CFB56869196ADCAF00863C12B6B7C374385D14E6907A836A59A41D9F7CA615434B0C8705F7CAA5606D23BA8E84F41278B93AC54100640439DE0BDB320004D43C63716C7C399D30917DCFBBA9CD9BA8469F5B156168B24CED3F7248AC8769F27244EB73B92EED8862C
310
B7F13E0C179B3C8F979C8ECD82BBBABDAA2BAC924E9558448CBD9330242CFA08E3154B5651FCC6D215639C8EE5774DBE2B5F6CF2B5768B68963BB5F5588420E442FC700B1139D4CB01F450C1E918227C2E09DF070D8140C84E1E9AAB8F1340832A9CB13130A5F1376A908D57309505ECF2A0DF179C4E9D30F5B239B87E3823
310
7A79C6F31DE1A8A5AEC08474B03C7837EAE4938639B44E5932B833D2C6B6B279CDC613877FA26EE21F4A2A4C63EC7F29A2F301D1F9F7A0E37D145F504B0304140006080800CC70623B9C113CC27E0000009D0000000B0000006662782F636E782E786D6C4DCCDF0A83201C86E15B91DFB94BFB330DD428C8FB886521330DA7
310
6397BF1A1DECE883878F57749FCDA1B7892F1BBC047A23808C7F84D9FA55424E0BE6803A256208E9EF06C84F9B91703228B1C690F78B66B34CD9A5439DF5CF0BFBF65E35BCA1B8D6A5C6F540381E886698B5741C695F9503EBA150A2F8958E3DC3EA0B504B0304140006080800CC70623B7DF2F77C2A010000120200003100
310
00006662782F41393633353835312D344632462D344230382D423046372D3739314545314133324237412F636F72652E786D6C8D51DB8EC22014FC15C2939B0D2DB4B45643319AE817EC0F6041255A68B86CFCFC856D4D76DF7CE190393373060EDB3DC707F856CE6B6B7A480A0C81328395DA5C7B18C3057510EC3873D686
310
3F34088C18550F330C39BB3A1BA7051AAC09CA84841A2BD5020AEF55806078A44B0FFD7053A328440C89E1EFC52486BBB8AA8214A99D789CF9E05200300FC927E4FB4D5B375D43103D5527440FB843077C5AA3F5861C8F645F5787F59E95B390B318B55CE45AA638FAA2957BD7248B390B7A7CC51F9C124149C82B8C378810
310
84AB2F42B7B8DD56F413775B8C5999E9FF4471926F8AA236A1AE96B8B3CC434E5839373893369E1FAF30EA395917409EB7F26AF8801C171837A4A6AC9C89E9F9C9B1A58BA30FD6A5EF5DDDCF894B9AD9B6A59C957943A9FCAE2FD5BC4DFE03504B0304140006080800CC70623BAD7543B64E01000033030000300000006662
310
782F41393633353835312D344632462D344230382D423046372D3739314545314133324237412F636E782E786D6CD593CD6EC32010845F0571AD6CE3D48AD20813A9873E410FBD12D82434182C7EAAE6EDBB2424CD25871E7B41D6EC30B3FA84F9E67BB2E40B4234DE8DB46F1925E094D7C6ED479AD3AE5951B2113C789FEE
310
6C943839C1488B4C05DF079FE72A69D8C96C13AAD6B8631503449F83828872B949AC57D26200B826A308D316B4064D6E46FCDA41C05550DC9E483A00797BFD207EFB092A45DE9514C1BBD22178396BD39D891265658C238DEA00936C654E5E433CB65A26D9F6EDB5EBC14EBF49A45CB856E66048291F6939A9A81BB5C89177
310
38143CA680F4AA299D66A042CEB3354A2684DC9D8D178FE0D9B8B41CAAD720F880EE7EF93C0C18769E099ECC04D5A102C8049A8A05632F4DDF376CF1DE0F6BB65C2F8627B65A33C6BB62177CEBBDAD973006829F89F22E814B54F4BC2BE347F8AA8F681390B50FA73F804400B5F542E796F19FF974E7F78DB802FE05E20750
310
4B0304140006080800CC70623BE75B7789680500003C100000340000006662782F41393633353835312D344632462D344230382D423046372D3739314545314133324237412F6F626A656374732E786D6CAD575B8F9B3818FD2B887D06C22499CB8AA1CA655245D5B455A356FB305264C061D8018C6C3393D95FBFC7600890
310
A4CD5EF210B0B1BFEBF98E3F7B1FF6596ABC522E1296DF9BAE3D320D9A872C4AF2F8DE2CE5CEBA358D0FBEC719939D65A691938CDE9B6ADAF4BD98B3B2D05311DD91329583D9D5FC0F438434A7A611A644887B5384CF34233629258BA878B12322891DEFF6B66BD70BFB62634E8AE781D082709A4B588AF91C528CDA28B73F
310
1C998EEF39EABBEFA97FBD6A7C7E9553F9D3D79FE442923C3C523610337627CB87ABE99D359D4CC6D6E4FACAB5E6ABF9D2726FC6A3C5F56271377BB88362213924694B38DD99FE47C48627A1E7D49F5A8BB5E1A74C0A599ED3B0F21F1E56366B89112D681E218F0915D0D6F17AD41FBA2A369DCF6335D62ABBD39779D5DDD1
310
11D4D8DE3CBB96B2E04FB8202E41051754A1AA8E8F76B4C6DFE810B580B1547F4B84911149794252234D024EF8BBE963A95AE27B3D310A9D5C215C7960FAEE415ED75694C6AFB17BCACA5D99A60A9AA65F217B0BFC53292ACB92BF283FAD0D3621576592CB5BED907C2FA8E9DF794E35E97BEA31BED21FEB401ABB94C44839
310
DCACBF0E1C5DA8DA5B2F4DFFD32AD86F543D9E565E7056502E157C00AD2671CD534549AB752FCA9CDA00677A313F04E51B22FF19E57B300579E3C97EB29F682D92935CEC18CF901B7B54FD8C51F362B56FC72FE0B3C1EAE335EDCCBF5AEC39ADB17DC238973F804BA5E6F6BFE7AF1FB32E523BE9F3BD571418E3631DCA4D48
310
5250CF639223210A9446CA30052EDF057BD35F8329C1ECD84552BF0DC8D18BE7BCE23BFE6BD960AB4A7DE79923A103BEBD80F911CBAA2C60DB19B01CF164A5583B772EE6D3FFA56666CBCDA74DC97724A48F9A58967497E489C4D979006FD7A05E227A1EBDD0F737C623387A9C844D3709995625106D157315F8B8392CD4E0
310
A0B9A720C4BE9829CEF37EA1E13111214D53925356365ADA634861B52519DD27A00AEB808EAF0628E6F435519D446F45CF2C9CF5214F0A15B2F6D06B79DA3EE3CBF7F56780D2F4E7EF73A0F5E5B02A38D07DC852C6B7C1FBB6664213E0C39E3EBA7FF4E1AD23EA2829407C85E586727488B751B2DB9502BC7B228A3FD68B6E
310
A65A22397E690AA8D158D7E404EC8CDA235CC3B7D1898680131CEC2CDF2638C65196279577750F15884AEE19F94199155B92B13297978469D4F8D358DF0AEF7631E28DC8F0D9F437D5D39A83B2231A1D52D543813A824EF8D44BCFF2FA6A31BD1E8DAD87F1CCB526B3879935BF59CDADD5C37479BB1CDD4CA7B3556B516589
310
EF352754B706114D9C885EC9131DE6EFEB43D99AFE2391C2F958179413D7CFEF6B1B6DB1E7600F00DE6E5C67454A339A4BA2E0FBA85ED26F045D454F463DBFCE484C2F90F2E5E3666003662ED8F755951A7D1BECD5B30B550B2785C8E7320B7292A4838DDA71BBC863ED7613CAF659337A3354231D4FF4A182A54904C2898C
310
98B28C4AD0CE056CCF332A80986E571EE9DBC305BB5FEB7E509220A58D25CF042D712A806AC0AD0C657FDEF80D2D9CEAA2EE4D1C76F60BFE74219A06527D6F82DF6412526107381E55E353090704D085B52408A8913C4ED159D79BDA71BB4BC506F4831350EB6F975CD22D69BF7AC49B91A2C0A9DDA3D5CA36AD20FC478E37
310
E61844E2352865EBCB61A275A65283CAAA9DD27703B4102F5AF51EF5F573B75CBB5AD38BC845F7A49F82A0966A49C2E3EA5EA0ECD326CD965F1DB402C6FA8B51A4658C5C5E2EC9E214602E55810345408596591009A82E7E7FFACA19EEA299B14A0081A705CB3296EBC14CDF658DCD336EA6D1136881AAEB87B81AB9EE53D5
310
F5EB8BC8362082DA24122F98680A4E7930C01A0079749CEA14382A0783E5EBA5A10F8C098456A03D6A4AEB6BB881E2513747552A5DB22C7EDAF83BD5528081A365F7FF06504B0304140006080000CC70623B000000000000000000000000350000006662782F41393633353835312D344632462D344230382D423046372D37
310
39314545314133324237412F76657274696365732E62696E504B0304140006080800CC70623BF270F1330600000004000000360000006662782F41393633353835312D344632462D344230382D423046372D3739314545314133324237412F747269616E676C65732E62696E636660600000504B0304140006080000CC7062
310
3B000000000000000000000000370000006662782F41393633353835312D344632462D344230382D423046372D3739314545314133324237412F617474726962757465732E62696E504B0304140006080800CC70623B08DA0BD19000000041010000360000006662782F41393633353835312D344632462D344230382D4230
310
46372D3739314545314133324237412F6469726563746F72792E786D6C858F410AC3201045AF22B36F53E9A60B35CBEEBAE80D244E44489C6234F4F835464A48035D0DF398FF9F8AF63D0E6CC63039F212F8F9020C7D47C6792B21C5FE7403D62A1188E2E60C98D7234A5830286103A55745067B9D86B8A3CF9C7F90C11DE6
310
07FB144396D7B6A82D282E9A152AD114D5EF2CB866EEE831B8EEA07A7BB5A8D7D61A2BAAEB7FD5F70921FF497D00504B0304140006080800CC70623BEDD1DC58FD000000A00100003B0000006662782F41393633353835312D344632462D344230382D423046372D3739314545314133324237412F7265736F75726365732F
310
636F72652E786D6C8D504B6E833010BD0A9A6D65B00922041947112427E8052C33A156828DFCA97AFC9A40A576D7CDCCE87D344F8F9FBFE667F689CE6B6B3A6039850C8DB2A336530731DC4903D95970676DF82583CCC8193B5861107C72362E3BA4AC096842428D1D7107A5F7182053CF7474E0D507CE32973124857FE48B
310
540F3961CEF244279DE03EB81420DB9EAC1384436FA353E879B1B182C7A8C75DA3C7F453DF353A1075D537A7BA6464B8F535A99AE14A9A2BBD90E350DD183B5CFABE3AF262350B1EF4FC9351399401471025A527C218A1E53BAB5A5AB765F5469B96525EACF23FA6B88CFF34456DC2A1DCE36E360F82A5202F42F062ED2BAD
310
579969AFDD8A6F504B010214000A0000080000CC70623B3DEE336E79000000790000001B00000000000000000000000000000000006175746F6465736B2D64657369676E2D7061636B6167652E786D6C504B01021400140006080800CC70623BD486FD9CA0000000F40000001300000000000000000000000000B20000005B
310
436F6E74656E745F54797065735D2E786D6C504B01021400140006080800CC70623B853B8169EB0000007C010000080000000000000000000000000083010000636F72652E786D6C504B01021400140006080800CC70623B55019EA25F0000007C000000070000000000000000000000000094020000636E782E786D6C504B
310
01021400140006080800CC70623BDBABAAF470010000D40300000C00000000000000000000000000180300006662782F636F72652E786D6C504B01021400140006080800CC70623B9C113CC27E0000009D0000000B00000000000000000000000000B20400006662782F636E782E786D6C504B01021400140006080800CC70
310
623B7DF2F77C2A010000120200003100000000000000000000000000590500006662782F41393633353835312D344632462D344230382D423046372D3739314545314133324237412F636F72652E786D6C504B01021400140006080800CC70623BAD7543B64E010000330300003000000000000000000000000000D2060000
310
6662782F41393633353835312D344632462D344230382D423046372D3739314545314133324237412F636E782E786D6C504B01021400140006080800CC70623BE75B7789680500003C10000034000000000000000000000000006E0800006662782F41393633353835312D344632462D344230382D423046372D3739314545
310
314133324237412F6F626A656374732E786D6C504B01021400140006080000CC70623B0000000000000000000000003500000000000000000000000000280E00006662782F41393633353835312D344632462D344230382D423046372D3739314545314133324237412F76657274696365732E62696E504B01021400140006
310
080800CC70623BF270F133060000000400000036000000000000000000000000007B0E00006662782F41393633353835312D344632462D344230382D423046372D3739314545314133324237412F747269616E676C65732E62696E504B01021400140006080000CC70623B0000000000000000000000003700000000000000
310
000000000000D50E00006662782F41393633353835312D344632462D344230382D423046372D3739314545314133324237412F617474726962757465732E62696E504B01021400140006080800CC70623B08DA0BD1900000004101000036000000000000000000000000002A0F00006662782F41393633353835312D344632
310
462D344230382D423046372D3739314545314133324237412F6469726563746F72792E786D6C504B01021400140006080800CC70623BEDD1DC58FD000000A00100003B000000000000000000000000000E1000006662782F41393633353835312D344632462D344230382D423046372D3739314545314133324237412F7265
310
736F75726365732F636F72652E786D6C504B0506000000000E000E0080040000641100000000
  0
XRECORD
  5
1F8
102
{ACAD_REACTORS
330
1F7
102
}
330
1F7
100
AcDbXrecord
280
     1
 70
     1
 90
429727718
  1
30362254-06B7-45E0-A893-8CFA70E3D6BC
310
504B03040A0000080000CC70623B3DEE336E79000000790000001B0000006175746F6465736B2D64657369676E2D7061636B6167652E786D6C3C3F786D6C2076657273696F6E3D22312E302220656E636F64696E673D227574662D3822203F3E3C666F726D6174733E3C666F726D61743E687474703A2F2F736368656D612E
310
6175746F6465736B2E636F6D2F64657369676E2D7061636B6167652F323030393C2F666F726D61743E3C2F666F726D6174733E504B0304140006080800CC70623BD486FD9CA0000000F4000000130000005B436F6E74656E745F54797065735D2E786D6C7D8EC10E82300C865F65E91D8A1E8C310C0EEA1BF002731658846E
310
D98AC1B77784ABF1D8FE5FBFBF75BBCE937A534CCEB38643598122B6FEE978D0B0485F9C41B54DDD7D022595594E1A469170414C76A4D9A4D207E29CF43ECE46F218070CC6BECC4078ACAA135ACF422C856C0E68EA1BF5669944DDD7BCDE7B1F8E415D77AECB980613C2E4AC91FC167A2B244592486606FC29C8FD7F045B9A
310
EF7053A7E60B504B0304140006080800CC70623B1EC5D7A3EB0000007C01000008000000636F72652E786D6C8D90416EC3201045AF82665B6103C6756C6122AB4D4ED00B204C5C94182C03558F5F9C3852BBEB6A467FFE9B197D71FC9E6FE8CBACC17AD7032D0820E3B41FAD9B7A48F1820F808E52ACDEC75F36404ECDA687
310
4D0629A6D5A76597B477D1B89855E747B38B2A041301E95B6E7A08FAD3CCAA50296647B8168BD2573599823EBB0CA76447F43862C7BCCF5EAC59410E4DDD9C7973C2755553CCCFA4C603E3040F1565ED3B1FDE4E432BCA0D9622DAF9795FAF464533826484B498524CD807E51D79ED187F21878E10516EF63F505AC67F42C9
310
BA58B1FDDD071640D2FCC87D2045B96591CB3DA85CB7DCE40F504B0304140006080800CC70623B55019EA25F0000007C00000007000000636E782E786D6C4DCB3B0E80201045D1AD90E915ED2CF8AC45050C11660C8261F98AB1B07AC9C97D42D718D865D3E909258CFD00CCE24AC6E326A164D74DC0B4128928FF32603847
310
2BA13128B1252AC747C6BAB984FC68F0B87FE8960A5C09FE86CFB69FBA01504B0304140006080800CC70623B8C9102E971010000D40300000C0000006662782F636F72652E786D6CC5535B6E833010BC8AE5DF0A6C08340F1947A84D4ED00B38C6A128602363A31CBFCB234A53A551FA553EC09AD9F5CE8C31DB9E9B1AF5CA
310
7695D1198E428A91D2D214952E33ECDD315861B4E5CC1AE3BE9561A445A3323CC098B3D21ADFCE9034DA29ED00D5A6503328BA4E398C640D8B0C77F253352214DE4145770A5B214FA2546114020D759C75CE8200340D19DE981F0F6746269C33EFAB6266AB02A655C74A59CCF365BADC27CB5D902ED22848F6340DF238A141
310
BE88E2F57B92BFEDF23523433367AE6A2EEAA455C2A902F398D2751045018D3FA264435F3771F242571B4A1919CA6F9A7C5B3CD9E42BED16F12C776AEB308F40C848FC700B1139D4891EF410CEC810227CC6846F8386402064270EF5C5C709A05E49676C024C61FC95EA45ED154CA5211D1FF4FB8291A913A68E9B83EBBB33
310
E2A7673CDE118E5AE8124C0807CB8377834E366998436B950D7A7746DAD846D4CFD978E0F04FD455FC5D49D2D4C6FE9722321F10997F0F32DC47FE05504B0304140006080800CC70623BFFEA85907E0000009D0000000B0000006662782F636E782E786D6C4DCCD10A83201886E15B91FFDC95D95A811AB6F23E625948A6C3
310
E9D8E5AF46073BFAE0E1E365ED67B3E8ADC3CB78C7815C7240DA3DFC64DCC221C519D7805AC182F7F1EF06C88D9BE6703008B6049F9E274D7A1E938DBB5AE3D6131B2589BA0D3D965551E0B2EA732C9B9A624AAEB41E3A557677029960D9AFB4EF11165F504B0304140006080800CC70623B4FEEA4082C0100001202000031
310
0000006662782F39464131463745442D413632322D343644302D413938332D3331353338454246344243312F636F72652E786D6C8D515B6EC32010BC0AE2AB55850DD871ED0813254D72825EC00192A2C460F1A872FC42ED48ED5F7E00CDCECCCEB26C731F6FE05B39AFADE921293004CA082BB5B9F43086336A21D870E6AC
310
0D7F68109861543DCC30E4ECE26C9C164858139409093556AA051CBC570102714B8F1E7AF1A5C6A11862480C7F2DA6415C878B2A4891CA89C7990F2E050073937C42DE1DB7E4F87ED8A36D4329AA9B3D46DBAEAD504556557BD81DEBDD0761E52CE42C462D17B996298E3E6BE59E35C962CE821E1FF18553435012728A7187
310
0841987E927A8D9B35ADDF70BBC6989599FE4F1427F9A4286A132ABAC49D651EF234CD5CE04CDA78BA3DC2A8FB645D00B9DF8B57E215725C60BCA2A463E54C4CE327C7A65E1C7DB02E7DEFCBF594B864C5CA6CDBD49C957943E9FA5D5FBAF336F90F504B0304140006080800CC70623BAD7543B64E01000033030000300000
310
006662782F39464131463745442D413632322D343644302D413938332D3331353338454246344243312F636E782E786D6CD593CD6EC32010845F0571AD6CE3D48AD20813A9873E410FBD12D82434182C7EAAE6EDBB2424CD25871E7B41D6EC30B3FA84F9E67BB2E40B4234DE8DB46F1925E094D7C6ED479AD3AE5951B2113C
310
789FEE6C943839C1488B4C05DF079FE72A69D8C96C13AAD6B8631503449F83828872B949AC57D26200B826A308D316B4064D6E46FCDA41C05550DC9E483A00797BFD207EFB092A45DE9514C1BBD22178396BD39D891265658C238DEA00936C654E5E433CB65A26D9F6EDB5EBC14EBF49A45CB856E66048291F6939A9A81BB5
310
C8917738143CA680F4AA299D66A042CEB3354A2684DC9D8D178FE0D9B8B41CAAD720F880EE7EF93C0C18769E099ECC04D5A102C8049A8A05632F4DDF376CF1DE0F6BB65C2F8627B65A33C6BB62177CEBBDAD973006829F89F22E814B54F4BC2BE347F8AA8F681390B50FA73F804400B5F542E796F19FF974E7F78DB802FE05
310
E207504B0304140006080800CC70623B16AB87BA640500003C100000340000006662782F39464131463745442D413632322D343644302D413938332D3331353338454246344243312F6F626A656374732E786D6CAD575B6FA33818FD2B887DE6924B3BED8A326A92B68A663B534DD4D13E548A0C38942D60649B369D5FBFC7
310
600890A493BDE42160637FD7F31D7FF63E6FB3D478A55C242CBF3247B66B1A340F5994E4F19559CA8D75611A9F7D8F33263BCB4C232719BD32D5B4E97B316765A1A722BA21652A07B3B7B33F0D11D29C9A46981221AE4C113ED38CD8A4942CA2E2C58E882476BCD9DA23BB5ED8171B73523C0F841684D35CC252CCE79062D4
310
468DFA43D7747CCF51DF7D4FFDEB5593E3AB9CCA9FBEFE241792E4E19EB28198C968BAB8199F5D5A67D3E9C49A9E8F47D6EC76B6B0469F26EEFC7C3EBFBCBEB98462213924694B38DD98FE1D62C393D073EA4FADC5DAF04326852CCF6958F90F0F2B9BB5C48816348F90C7840A68EB78EDF68723159BCEE7891A6B95DDE9D3
310
BCEAEEE8086A6C6F9E5D4B59F0175C10A7A0820BAA5055C7473B5AE3CFDD452D602CD5DF12616444529E90D448938013FE6EFA58AA96F85E4F8C42275708571E98FE6827AF6B2B4AE3D7D83D64E5A64C53054DD3AF90BD06FEA9149565C94FCA0F6B834DC85599E4F2423B24DF0B6AFA979E534DFA9E7A4CC6FA631D486393
310
921829879BF5D781A373557BCB85E97FB90DB62B558F8795179C15944B051F40AB495CF35451D26A4727654E6D8033BD98EF82F21D91FF8AF2DD9982BCF1643BDD4EB516C9492E368C67C88DED563FC36D5EACF66DFF057C3658BDBFA69DF9578B3DA735B64F18C7F20770A9D45CFCF7FCF563D6456A277DBEF78A02637CA2
310
43B90A490AEAB94F72244481D24819A6C0E59B606BFA4B3025981DBB48EAB701D97BF19C577CC77F2D1B6C55A9EF3C732474C0B727303F625995056C3B02963D9EAC146BE78EC5FCEC7FA999EBC5EACBAAE41B12D27B4D2C0BBA49F244E2ECDC81B76B502F113D8F5EE8FB1BE3111CDD4FC2AA9B844CAB1288B68AB90A7CDC
310
1C166AB0D3DC5310625FCC14E779BFD0709F8890A629C9292B1B2DED31A4B0DA928CEE135085754027E3018A397D4D5427D15BD1330B677DC8934285AC3DF45A9EB68FF8F2B8FC0A509AFEECFD0FF2DE25CC6047F7214B195F07EFEB9A094D800F7BFAE8FED187B78EA8A3A400F115961BCAD1215E47C966530AF0EE8128FE
310
58CEBB996A8964FFA529A046635D9353B0336A8F700DDF46271A024E70B0B37C9DE01847591E54DED53D54202AB947E4076556AC49C6CA5C9E1226B7F1A7B1BE15DEED62C41B91E1B3E9AFAAA735036547343A925075041DF0A9979E893B391F8FCFA6967B3EFB644DCF6E5CEBFAE272625DCC6FAF3FB93793C5F90CE1EF57
310
407342756B10D1C489E8953CD1617E5CEECAD6F4EF8914CE5D5D504E5C3F1F9736DA62CFC11E00BCDDB8CC8A9466349744C1F75EBDA4DF09BA8A9E8C7A7E9991989E20E5DBDD6A6003664ED8F7A04A8DBE0DF6EAD9B9AA858342E47399053949D2C146EDB85DE4B176BB0965FBAC19BD19AA918E27FA50C1D22402E144464C
310
59462568E704B6E71915404CB72B8FF4EDE184DDAF753F284990D2C6926782963815403548A70C657FDEF80D2D9CEAA2AE4C1C76F60BFE74219A06527D6582DF6412526107381E55E353090704D085B52408D0933C4ED159D79BDA71BB4BC506F4831350EB6F979CD22D69BF7AC49B91A2C0A9DDA3D5CA36AD20FC478E37E6
310
1844E2352865EBCB6EA275A652E3836BE04EFB400BF1A2556F515F1FBB35B2AB35BD889C744FFA1004B5544B121E57F70215746DD2F5E2C1412B602CBF19455AC6C8E5E9922C4E01E65215385004546899059180EAFCF7A707CE7017CD8CDB0410789AB32C63B91E5CEBBBACB17AC6CD347A022D5075FD106377347AAABA7E
310
7D11590744509B44E205134DC1290F06580320F78E537D3D73540E06CB970B431F185308AD40BBD794D6D77003C5A36E8EAA54BA64597CD8F83BD552A080A365F7FF06504B0304140006080000CC70623B000000000000000000000000350000006662782F39464131463745442D413632322D343644302D413938332D3331
310
353338454246344243312F76657274696365732E62696E504B0304140006080800CC70623BF270F1330600000004000000360000006662782F39464131463745442D413632322D343644302D413938332D3331353338454246344243312F747269616E676C65732E62696E636660600000504B0304140006080000CC70623B
310
000000000000000000000000370000006662782F39464131463745442D413632322D343644302D413938332D3331353338454246344243312F617474726962757465732E62696E504B0304140006080800CC70623B08DA0BD19000000041010000360000006662782F39464131463745442D413632322D343644302D413938
310
332D3331353338454246344243312F6469726563746F72792E786D6C858F410AC3201045AF22B36F53E9A60B35CBEEBAE80D244E44489C6234F4F835464A48035D0DF398FF9F8AF63D0E6CC63039F212F8F9020C7D47C6792B21C5FE7403D62A1188E2E60C98D7234A5830286103A55745067B9D86B8A3CF9C7F90C11DE607
310
FB144396D7B6A82D282E9A152AD114D5EF2CB866EEE831B8EEA07A7BB5A8D7D61A2BAAEB7FD5F70921FF497D00504B0304140006080800CC70623B0D6EF93BFE000000A00100003B0000006662782F39464131463745442D413632322D343644302D413938332D3331353338454246344243312F7265736F75726365732F63
310
6F72652E786D6C8D50596E833010BD0A9ADFCA60B334011947A8694ED00B586642AC041B79A97AFC9A40A5F6AF3F33A3B7689E1E3F7DCD8FEC139DD7D6F4C0720A191A65476DA61E62B892236427C19DB5E1970C322367EC618541F0C9D9B8EC90B226A009093576C41D94DE63804C3DD2D18357379C652E63480A7FCF17A9
310
EE72C29CE5894E3AC17D702940B63D59270887DE46A7D0F36263058F518FBB468FE9A7BE6A7420864373B8D4873369AA8691FA421B3294352543C5CAF65C0F6FEF43CB8BD52C78D0F34F46E550061C419494B6843142CB0F5677F4B52BEB177AEC28E5C52AFF638ACBF84F53D42654E51E77B379102C05791282176B5F693D
310
CB4C7BED567C03504B010214000A0000080000CC70623B3DEE336E79000000790000001B00000000000000000000000000000000006175746F6465736B2D64657369676E2D7061636B6167652E786D6C504B01021400140006080800CC70623BD486FD9CA0000000F40000001300000000000000000000000000B20000005B
310
436F6E74656E745F54797065735D2E786D6C504B01021400140006080800CC70623B1EC5D7A3EB0000007C010000080000000000000000000000000083010000636F72652E786D6C504B01021400140006080800CC70623B55019EA25F0000007C000000070000000000000000000000000094020000636E782E786D6C504B
310
01021400140006080800CC70623B8C9102E971010000D40300000C00000000000000000000000000180300006662782F636F72652E786D6C504B01021400140006080800CC70623BFFEA85907E0000009D0000000B00000000000000000000000000B30400006662782F636E782E786D6C504B01021400140006080800CC70
310
623B4FEEA4082C0100001202000031000000000000000000000000005A0500006662782F39464131463745442D413632322D343644302D413938332D3331353338454246344243312F636F72652E786D6C504B01021400140006080800CC70623BAD7543B64E010000330300003000000000000000000000000000D5060000
310
6662782F39464131463745442D413632322D343644302D413938332D3331353338454246344243312F636E782E786D6C504B01021400140006080800CC70623B16AB87BA640500003C1000003400000000000000000000000000710800006662782F39464131463745442D413632322D343644302D413938332D3331353338
310
454246344243312F6F626A656374732E786D6C504B01021400140006080000CC70623B0000000000000000000000003500000000000000000000000000270E00006662782F39464131463745442D413632322D343644302D413938332D3331353338454246344243312F76657274696365732E62696E504B01021400140006
310
080800CC70623BF270F133060000000400000036000000000000000000000000007A0E00006662782F39464131463745442D413632322D343644302D413938332D3331353338454246344243312F747269616E676C65732E62696E504B01021400140006080000CC70623B0000000000000000000000003700000000000000
310
000000000000D40E00006662782F39464131463745442D413632322D343644302D413938332D3331353338454246344243312F617474726962757465732E62696E504B01021400140006080800CC70623B08DA0BD190000000410100003600000000000000000000000000290F00006662782F39464131463745442D413632
310
322D343644302D413938332D3331353338454246344243312F6469726563746F72792E786D6C504B01021400140006080800CC70623B0D6EF93BFE000000A00100003B000000000000000000000000000D1000006662782F39464131463745442D413632322D343644302D413938332D3331353338454246344243312F7265
310
736F75726365732F636F72652E786D6C504B0506000000000E000E0080040000641100000000
  0
XRECORD
  5
175
102
{ACAD_REACTORS
330
173
102
}
330
173
100
AcDbXrecord
280
     1
270
     1
271
     1
  0
XRECORD
  5
174
102
{ACAD_REACTORS
330
173
102
}
330
173
100
AcDbXrecord
280
     1
270
     1
271
     1
  0
XRECORD
  5
1FB
102
{ACAD_REACTORS
330
173
102
}
330
173
100
AcDbXrecord
280
     1
 70
     0
 90
1673772943
  1
ECE7A1D2-D628-4531-984C-D00F80459256
310
504B03040A0000080000CC70623B3DEE336E79000000790000001B0000006175746F6465736B2D64657369676E2D7061636B6167652E786D6C3C3F786D6C2076657273696F6E3D22312E302220656E636F64696E673D227574662D3822203F3E3C666F726D6174733E3C666F726D61743E687474703A2F2F736368656D612E
310
6175746F6465736B2E636F6D2F64657369676E2D7061636B6167652F323030393C2F666F726D61743E3C2F666F726D6174733E504B0304140006080800CC70623BD486FD9CA0000000F4000000130000005B436F6E74656E745F54797065735D2E786D6C7D8EC10E82300C865F65E91D8A1E8C310C0EEA1BF002731658846E
310
D98AC1B77784ABF1D8FE5FBFBF75BBCE937A534CCEB38643598122B6FEE978D0B0485F9C41B54DDD7D022595594E1A469170414C76A4D9A4D207E29CF43ECE46F218070CC6BECC4078ACAA135ACF422C856C0E68EA1BF5669944DDD7BCDE7B1F8E415D77AECB980613C2E4AC91FC167A2B244592486606FC29C8FD7F045B9A
310
EF7053A7E60B504B0304140006080800CC70623BD9DDAED0EC0000007C01000008000000636F72652E786D6C8D90416EC3201045AF82665B61836D9CD8C2444DD39CA01740405C94182C03558F5F9C3852BBEB6A467FFE9B197D7EF89E6EE8CB2CC17A37002D0820E394D7D68D03A478C17B4007C117EFE32F1B20272733C0
310
2A83E0E3E2D3BC49CABB685CCCAAF3DA6CA20CC14440EA969B0182FA34932C648AD911AEC52CD5558EA6A0CF2EC329598D1E47ACCEFBECC59A050463A7EA5833865FEBDD0E37353BE3EE8DBDE3F6786A48D375FBF6CC78B9C282473B3DEFABC5C86834888A900E538A49F5419B9EB47DD5BC907D4F082F57FB1F28CDFA9F50
310
B22ED6D5F6EE030B20687EE43E10BC5CB3C8E51E54AE6B6EE207504B0304140006080800CC70623B55019EA25F0000007C00000007000000636E782E786D6C4DCB3B0E80201045D1AD90E915ED2CF8AC45050C11660C8261F98AB1B07AC9C97D42D718D865D3E909258CFD00CCE24AC6E326A164D74DC0B4128928FF326038
310
472BA13128B1252AC747C6BAB984FC68F0B87FE8960A5C09FE86CFB69FBA01504B0304140006080800CC70623BA24EB22D72010000D40300000C0000006662782F636F72652E786D6CC5535B6E833010BC8AE5DF0A6C5E49888CA3A6694ED00B38E05014B091B1518EDFE511A5A9D228FD2A1F60CDEC7A67C6986DCE4D8D7A
310
69BA4AAB0C073EC548AA5C17952A33ECECD15B61B4E1CC686DBF9561A44423333CC098B3D268D7CE50AE9595CA02AA74216750749DB418E5352C32DCE59FB211BE70162ABA93DF8AFC244AE9073ED050C759670D0840D390E18DF9F1706664C23973AE2A66B62A605A75ACA4C13C4976E1364A12EF355A2EBD384AF65EFA96
310
BC7B8BED2EA6719AAE16FB8491A199335B351775B991C2CA02F390D2D40B028F861F41BCA68B7518BFD0D59A524686F29B26D7164F36B94AD9289CE54E6D1DE6010819891F6E21228B3AD1831EC219194284CF98F06DD01008846CC5A1BEF83801D4CBDC6A1303536877A57A513B0953A94FC707FDBE6064EA84A9E3E6E0FA
310
EE8CF0E9198F7784A316AA0413C2C2F2E0ECA0934D1AE6D05A69BCDE9E91D2A611F573361E38FC1375157F5752AE6B6DFE4B11990F88CCBF0719EE23FF02504B0304140006080800CC70623B408A7D3B7C0000009D0000000B0000006662782F636E782E786D6C4DCCD10A83201886E15B91FFDC552A92A0064DBC8F581632
310
D3703A76F9ABD1C18E3E78F878E5F0D9027ABBFCF2292AE86E2D20171F69F6715550CB827B40839639A5F2770314A7CD293819B45C73AAFB45B35BA61ACAA1C1C7E7855C58C15BC331339661262CC762340413D68D77DA5B42298546CBE6573AF60CEB2F504B0304140006080800CC70623B449FB9BD290100001202000031
310
0000006662782F36394639363044362D344446342D343946362D394244322D3234314243333846323333332F636F72652E786D6C8D515B6EC32010BC0AE22B55850D98B871848994463E412FE002495162B07854397EA176A4F62F3F2C9A9D991D587EB84F37F0AD7D30CEF6905418026DA553C65E7A98E219ED203808EE9D
310
8B7F6810D871D23D2C3014FCE25D9A57483A1BB58D19B54EE9151C43D0110279CB971E06F9A5A7B11A53CC8C70ADE6515EC78BAE4895DB992778883E0700CB907242D17643D7E2538BD869608875438BBAE38922CAC8F1BDD90DB4691A5E2F42C153326A951B95E398B3D1FE599322163C9AE9115F7A3D46ADA0A018778810
310
84E907617BDCEE297BC5BB3DC6BC2EF47FA234AB2745C9D8D8D035EE220B50105E2F0DC1954B9FB747187D9F9D8FA0CCDB042D5FA0C015C65B42DF78BD10F3F3B363CB56C7109DCFDFBBB97E662ED92EB62D13BC2E1BCAE5777DB9966D8A1F504B0304140006080800CC70623BAD7543B64E01000033030000300000006662
310
782F36394639363044362D344446342D343946362D394244322D3234314243333846323333332F636E782E786D6CD593CD6EC32010845F0571AD6CE3D48AD20813A9873E410FBD12D82434182C7EAAE6EDBB2424CD25871E7B41D6EC30B3FA84F9E67BB2E40B4234DE8DB46F1925E094D7C6ED479AD3AE5951B2113C789FEE
310
6C943839C1488B4C05DF079FE72A69D8C96C13AAD6B8631503449F83828872B949AC57D26200B826A308D316B4064D6E46FCDA41C05550DC9E483A00797BFD207EFB092A45DE9514C1BBD22178396BD39D891265658C238DEA00936C654E5E433CB65A26D9F6EDB5EBC14EBF49A45CB856E66048291F6939A9A81BB5C89177
310
38143CA680F4AA299D66A042CEB3354A2684DC9D8D178FE0D9B8B41CAAD720F880EE7EF93C0C18769E099ECC04D5A102C8049A8A05632F4DDF376CF1DE0F6BB65C2F8627B65A33C6BB62177CEBBDAD973006829F89F22E814B54F4BC2BE347F8AA8F681390B50FA73F804400B5F542E796F19FF974E7F78DB802FE05E20750
310
4B0304140006080800CC70623B8D05915C650500003B100000340000006662782F36394639363044362D344446342D343946362D394244322D3234314243333846323333332F6F626A656374732E786D6CAD575B6FA33814FE2B887D06429276DA1565D4266D158D3A339A6846FB502932E050B66023DB74D2FDF5FB190C01
310
9276B2973C046C8ECFF53B17071F77456EBD502133CEAE6CDF9DD81665314F32965ED995DA3A17B6F5310C04E7AA47665B8C14F4CAD6DB7618A48257A5D94AE89654B91AEDDEDDFC61C998326A5B714EA4BCB265FC440BE2924AF184CA6737218AB8E976E7FA6E4338649B0A523E8D98964450A6A029F619B8588D52FE7039
310
B1BD30F0F4F730D0FF866AF6369557DB33949F31A9088B0F848DD8CCFCF9F2767A76E99CCDE733677E3EF59D9BBB9BA5E37F984D16E78BC5E5F5ED25044B25C0C96822E8D60EEFE11B91C581D77CEA34368A1F5329E68CD1B8B61F16D63A1B8E092D294B10C78C4A48EB593D192E7DED9BDEE7995E1B91FDEDD3ACEA9FE831
310
6A756F9F7D4D79F4274C90A7A04248AA51D5F8C718DAE06FB2F75AC4796EBE65D22A88A22223B995679120E2D50E41AA49C260C046A35368846B0BECD0DFF3EBEB8AD4F835768F69B9ADF25C43D30E6B646F807FAA64AD59F61715C7A54127C4AACA98BA3006A9D792DAE165E0D59B61A01FB3A9F9D838D2DAE62445C86166
310
F37564E842E7DE6A69879FEEA2DD5AE7E371E1A5E025154AC307D06A03D73EB5978C58FFA4C8E9033066E0F3BD53BEC1F39F91BE7B55103791EDE6BBB991A2046172CB4581D8B893FA674DDA17A77B3B7C413D1B511FD2743BFF8A38F03A658705E3ADF8015C3A3417FF3D7E439FF591DA0B5F18BC20C1B8981957AE6392A3
310
F43C640C01D1A0B4728E2DD4F26DB4B3C3152A252A3B4E913CEC1C72F012782FF88EFF8637AA552DBEF76408E8A8DE9E50F9E1CB3A2DA0DB1B6039A893B56063DC5B3E3FFB5F72E67AB9FEB4AEC496C4F4C1149625DD662C53E89D7BF0F6151A046260D1337DFDC94502430F83B0EE07A130A224BCAD7DAE1D9FB6CD422FF6
310
920702629C4BB9AE79C12F243C6432A6794E18E5552BA56B431AAB5D91317302B2B071E86C3A42B1A02F999E24061403B5D0EB639195DA655DD3EBEAB4FB862DDF579F014AD0E73C22F99E28DA57FB98E75C6CA2D74D53086D600F4786E0FE3144B771A8A7B900F03594DB8A633CBC49B2EDB69228BB479CF863B5E807AAAB
310
23872F6DFEB4129B949CA33823F58830E86D65621E10047D9DB34D862E8EAC3C2ABC2F7B2C40D67CDFE01F5545B92105AF983AC54D93D69E56FB8E797F88913F898A9FEC705D3F9D1B54EC8426FB500D40A03BD0119B06E1B95DDC7EB8F6975367793EBD70E66733DFB9BC982F9CE564727731999F5D4ECFCE3B8D6A4DC2A0
310
6D50FD148437D110834A64C6CDDF57FBACB5C307A2A477DFE4939736CFEF2B175371E0E10CF0DD1D5C15654E0BCA14D1E87DD02FF93782A162C0A3D95F1524A52770F972BF1EE9809D13CE7DD599467F8ECE9ADD85CE85A34CD45355448C64F9E8A031DC2D596ACC6E5DD93D9B82DE2EF5CAF81363A8E47996A0DE24564A79
310
4115AACE09C55E14540231FDA13C319787134EBF34E3A022514E5B4D9E0826E25C02D5805B15ABE1BEF51B26383D445DD9E875EE33FE4C22DA16427D65A3BCA92CA6D28DD01DF5DC53330704308475351050232CCD31583787BA75774AFB06E5070DD0C8EF484E19968C5D83BA5B90B244D31E54D55A372320FE4786B7EA58
310
44E135AA5467CB7EA333A61683CC6A8C3257034C10CF46F40EF9F5BE59BE5BD30C3C72D235E95D10345C1D45445A5F0BB47E46A5EBE5570F9380B5FA629579952296A773720405982B9DE04011506178964401AA8BDF1FBF0A8EAB6861DD6580C0E38217056766716DAEB2D6FA0917D3E4116581EADB879C4E7CFFB11EFACD
310
3D641311495D92C8676CB409A72D18610D803CE8A626049E8EC1887CB5B44CC39883690DDA8399B4B9855B481E7D71D4A9D22F96E5BB73BF5793020C02137BF837504B0304140006080000CC70623B000000000000000000000000350000006662782F36394639363044362D344446342D343946362D394244322D32343142
310
43333846323333332F76657274696365732E62696E504B0304140006080800CC70623BF270F1330600000004000000360000006662782F36394639363044362D344446342D343946362D394244322D3234314243333846323333332F747269616E676C65732E62696E636660600000504B0304140006080000CC70623B0000
310
00000000000000000000370000006662782F36394639363044362D344446342D343946362D394244322D3234314243333846323333332F617474726962757465732E62696E504B0304140006080800CC70623B08DA0BD19000000041010000360000006662782F36394639363044362D344446342D343946362D394244322D
310
3234314243333846323333332F6469726563746F72792E786D6C858F410AC3201045AF22B36F53E9A60B35CBEEBAE80D244E44489C6234F4F835464A48035D0DF398FF9F8AF63D0E6CC63039F212F8F9020C7D47C6792B21C5FE7403D62A1188E2E60C98D7234A5830286103A55745067B9D86B8A3CF9C7F90C11DE607FB14
310
4396D7B6A82D282E9A152AD114D5EF2CB866EEE831B8EEA07A7BB5A8D7D61A2BAAEB7FD5F70921FF497D00504B0304140006080800CC70623BCA768048FE000000A00100003B0000006662782F36394639363044362D344446342D343946362D394244322D3234314243333846323333332F7265736F75726365732F636F72
310
652E786D6C8D50596E833010BD0A9ADFCA60D600328E9AA639412F609909B1126CE4A5EAF16B0295DABFFECC8CDEA2797AECF8353F924FB44E193D409E5248504B332A3D0D10FC95B4901C39B3C6F85F3248B49871801506CE266BC2B243D2688FDA47549B11775038871E12F988C7004EDE7016A9083E2ADC3D5D84BC8B09
310
D33C8D74D471E6BC8D0192EDC93A815B742658898E651BCB59086ADC356A8C3FD555A1055ED7E7E254D615792D0F075295F585746FF53B694EE78A565DD736979A65AB9933AFE69F8CD2A2F038022F28ED489E135A7CE4554F9BBEA85E68DB53CAB255FEC71496F19FA6A0B42F8B3DEE6673C0F318E4497096AD7DC5F52C33
310
EEB55BFE0D504B010214000A0000080000CC70623B3DEE336E79000000790000001B00000000000000000000000000000000006175746F6465736B2D64657369676E2D7061636B6167652E786D6C504B01021400140006080800CC70623BD486FD9CA0000000F40000001300000000000000000000000000B20000005B436F
310
6E74656E745F54797065735D2E786D6C504B01021400140006080800CC70623BD9DDAED0EC0000007C010000080000000000000000000000000083010000636F72652E786D6C504B01021400140006080800CC70623B55019EA25F0000007C000000070000000000000000000000000095020000636E782E786D6C504B0102
310
1400140006080800CC70623BA24EB22D72010000D40300000C00000000000000000000000000190300006662782F636F72652E786D6C504B01021400140006080800CC70623B408A7D3B7C0000009D0000000B00000000000000000000000000B50400006662782F636E782E786D6C504B01021400140006080800CC70623B
310
449FB9BD290100001202000031000000000000000000000000005A0500006662782F36394639363044362D344446342D343946362D394244322D3234314243333846323333332F636F72652E786D6C504B01021400140006080800CC70623BAD7543B64E010000330300003000000000000000000000000000D20600006662
310
782F36394639363044362D344446342D343946362D394244322D3234314243333846323333332F636E782E786D6C504B01021400140006080800CC70623B8D05915C650500003B10000034000000000000000000000000006E0800006662782F36394639363044362D344446342D343946362D394244322D32343142433338
310
46323333332F6F626A656374732E786D6C504B01021400140006080000CC70623B0000000000000000000000003500000000000000000000000000250E00006662782F36394639363044362D344446342D343946362D394244322D3234314243333846323333332F76657274696365732E62696E504B010214001400060808
310
00CC70623BF270F13306000000040000003600000000000000000000000000780E00006662782F36394639363044362D344446342D343946362D394244322D3234314243333846323333332F747269616E676C65732E62696E504B01021400140006080000CC70623B00000000000000000000000037000000000000000000
310
00000000D20E00006662782F36394639363044362D344446342D343946362D394244322D3234314243333846323333332F617474726962757465732E62696E504B01021400140006080800CC70623B08DA0BD190000000410100003600000000000000000000000000270F00006662782F36394639363044362D344446342D
310
343946362D394244322D3234314243333846323333332F6469726563746F72792E786D6C504B01021400140006080800CC70623BCA768048FE000000A00100003B000000000000000000000000000B1000006662782F36394639363044362D344446342D343946362D394244322D3234314243333846323333332F7265736F
310
75726365732F636F72652E786D6C504B0506000000000E000E0080040000621100000000
  0
XRECORD
  5
176
102
{ACAD_REACTORS
330
173
102
}
330
173
100
AcDbXrecord
280
     1
270
     1
271
     1
  0
XRECORD
  5
177
102
{ACAD_REACTORS
330
173
102
}
330
173
100
AcDbXrecord
280
     1
270
     1
271
     1
  0
CELLSTYLEMAP
  5
3726
102
{ACAD_REACTORS
330
162
102
}
330
162
100
AcDbCellStyleMap
 90
        3
300
CELLSTYLE
  1
TABLEFORMAT_BEGIN
 90
        5
170
     1
 91
        0
 92
    32768
 62
   257
 93
        1
300
CONTENTFORMAT
  1
CONTENTFORMAT_BEGIN
 90
        0
 91
        0
 92
      512
 93
        0
300

 40
0.0
140
1.0
 94
        5
 62
     0
340
11
144
6.0
309
CONTENTFORMAT_END
171
     1
301
MARGIN
  1
CELLMARGIN_BEGIN
 40
1.5
 40
1.5
 40
1.5
 40
1.5
 40
0.18
 40
0.18
309
CELLMARGIN_END
 94
        6
 95
        1
302
GRIDFORMAT
  1
GRIDFORMAT_BEGIN
 90
        0
 91
        1
 62
     0
 92
       -2
340
14
 93
        0
 40
1.125
309
GRIDFORMAT_END
 95
        2
302
GRIDFORMAT
  1
GRIDFORMAT_BEGIN
 90
        0
 91
        1
 62
     0
 92
       -2
340
14
 93
        0
 40
1.125
309
GRIDFORMAT_END
 95
        4
302
GRIDFORMAT
  1
GRIDFORMAT_BEGIN
 90
        0
 91
        1
 62
     0
 92
       -2
340
14
 93
        0
 40
1.125
309
GRIDFORMAT_END
 95
        8
302
GRIDFORMAT
  1
GRIDFORMAT_BEGIN
 90
        0
 91
        1
 62
     0
 92
       -2
340
14
 93
        0
 40
1.125
309
GRIDFORMAT_END
 95
       16
302
GRIDFORMAT
  1
GRIDFORMAT_BEGIN
 90
        0
 91
        1
 62
     0
 92
       -2
340
14
 93
        0
 40
1.125
309
GRIDFORMAT_END
 95
       32
302
GRIDFORMAT
  1
GRIDFORMAT_BEGIN
 90
        0
 91
        1
 62
     0
 92
       -2
340
14
 93
        0
 40
1.125
309
GRIDFORMAT_END
309
TABLEFORMAT_END
  1
CELLSTYLE_BEGIN
 90
        1
 91
        1
300
_TITLE
309
CELLSTYLE_END
300
CELLSTYLE
  1
TABLEFORMAT_BEGIN
 90
        5
170
     1
 91
        0
 92
        0
 62
   257
 93
        1
300
CONTENTFORMAT
  1
CONTENTFORMAT_BEGIN
 90
        0
 91
        0
 92
      512
 93
        0
300

 40
0.0
140
1.0
 94
        5
 62
     0
340
11
144
4.5
309
CONTENTFORMAT_END
171
     1
301
MARGIN
  1
CELLMARGIN_BEGIN
 40
1.5
 40
1.5
 40
1.5
 40
1.5
 40
0.18
 40
0.18
309
CELLMARGIN_END
 94
        6
 95
        1
302
GRIDFORMAT
  1
GRIDFORMAT_BEGIN
 90
        0
 91
        1
 62
     0
 92
       -2
340
14
 93
        0
 40
1.125
309
GRIDFORMAT_END
 95
        2
302
GRIDFORMAT
  1
GRIDFORMAT_BEGIN
 90
        0
 91
        1
 62
     0
 92
       -2
340
14
 93
        0
 40
1.125
309
GRIDFORMAT_END
 95
        4
302
GRIDFORMAT
  1
GRIDFORMAT_BEGIN
 90
        0
 91
        1
 62
     0
 92
       -2
340
14
 93
        0
 40
1.125
309
GRIDFORMAT_END
 95
        8
302
GRIDFORMAT
  1
GRIDFORMAT_BEGIN
 90
        0
 91
        1
 62
     0
 92
       -2
340
14
 93
        0
 40
1.125
309
GRIDFORMAT_END
 95
       16
302
GRIDFORMAT
  1
GRIDFORMAT_BEGIN
 90
        0
 91
        1
 62
     0
 92
       -2
340
14
 93
        0
 40
1.125
309
GRIDFORMAT_END
 95
       32
302
GRIDFORMAT
  1
GRIDFORMAT_BEGIN
 90
        0
 91
        1
 62
     0
 92
       -2
340
14
 93
        0
 40
1.125
309
GRIDFORMAT_END
309
TABLEFORMAT_END
  1
CELLSTYLE_BEGIN
 90
        2
 91
        1
300
_HEADER
309
CELLSTYLE_END
300
CELLSTYLE
  1
TABLEFORMAT_BEGIN
 90
        5
170
     1
 91
        0
 92
        0
 62
   257
 93
        1
300
CONTENTFORMAT
  1
CONTENTFORMAT_BEGIN
 90
        0
 91
        0
 92
      512
 93
        0
300

 40
0.0
140
1.0
 94
        2
 62
     0
340
11
144
4.5
309
CONTENTFORMAT_END
171
     1
301
MARGIN
  1
CELLMARGIN_BEGIN
 40
1.5
 40
1.5
 40
1.5
 40
1.5
 40
0.18
 40
0.18
309
CELLMARGIN_END
 94
        6
 95
        1
302
GRIDFORMAT
  1
GRIDFORMAT_BEGIN
 90
        0
 91
        1
 62
     0
 92
       -2
340
14
 93
        0
 40
1.125
309
GRIDFORMAT_END
 95
        2
302
GRIDFORMAT
  1
GRIDFORMAT_BEGIN
 90
        0
 91
        1
 62
     0
 92
       -2
340
14
 93
        0
 40
1.125
309
GRIDFORMAT_END
 95
        4
302
GRIDFORMAT
  1
GRIDFORMAT_BEGIN
 90
        0
 91
        1
 62
     0
 92
       -2
340
14
 93
        0
 40
1.125
309
GRIDFORMAT_END
 95
        8
302
GRIDFORMAT
  1
GRIDFORMAT_BEGIN
 90
        0
 91
        1
 62
     0
 92
       -2
340
14
 93
        0
 40
1.125
309
GRIDFORMAT_END
 95
       16
302
GRIDFORMAT
  1
GRIDFORMAT_BEGIN
 90
        0
 91
        1
 62
     0
 92
       -2
340
14
 93
        0
 40
1.125
309
GRIDFORMAT_END
 95
       32
302
GRIDFORMAT
  1
GRIDFORMAT_BEGIN
 90
        0
 91
        1
 62
     0
 92
       -2
340
14
 93
        0
 40
1.125
309
GRIDFORMAT_END
309
TABLEFORMAT_END
  1
CELLSTYLE_BEGIN
 90
        3
 91
        2
300
_DATA
309
CELLSTYLE_END
  0
ACDBASSOCARRAYACTIONBODY
  5
2779
330
2778
100
AcDbAssocActionBody
 90
        2
100
AcDbAssocArrayActionBody
 90
        1
  1
AcDbAssocArrayPathParameters
 90
        0
 90
       18
  1
AcDbAssocArrayItem
100
AcDbAssocArrayItem
 90
        0
 90
        0
 90
        0
 90
        0
 90
        8
 11
245.8126996687799
 21
4162.107046393119
 31
0.0
330
275D
100
AcDbAssocArrayItem
 90
        0
 90
        1
 90
        0
 90
        0
 90
        8
 11
251.9987344134967
 21
4162.107046393119
 31
0.0
330
275E
100
AcDbAssocArrayItem
 90
        0
 90
        2
 90
        0
 90
        0
 90
        8
 11
258.1847691582134
 21
4162.107046393119
 31
0.0
330
275F
100
AcDbAssocArrayItem
 90
        0
 90
        3
 90
        0
 90
        0
 90
        8
 11
264.3708039029301
 21
4162.107046393119
 31
0.0
330
2760
100
AcDbAssocArrayItem
 90
        0
 90
        4
 90
        0
 90
        0
 90
        8
 11
270.5568386476468
 21
4162.107046393119
 31
0.0
330
2761
100
AcDbAssocArrayItem
 90
        0
 90
        5
 90
        0
 90
        0
 90
        8
 11
276.7428733923635
 21
4162.107046393119
 31
0.0
330
2762
100
AcDbAssocArrayItem
 90
        0
 90
        6
 90
        0
 90
        0
 90
        8
 11
282.9289081370802
 21
4162.107046393119
 31
0.0
330
2763
100
AcDbAssocArrayItem
 90
        0
 90
        7
 90
        0
 90
        0
 90
        8
 11
289.1149428817969
 21
4162.107046393119
 31
0.0
330
2764
100
AcDbAssocArrayItem
 90
        0
 90
        8
 90
        0
 90
        0
 90
        8
 11
295.3009776265137
 21
4162.107046393119
 31
0.0
330
2765
100
AcDbAssocArrayItem
 90
        0
 90
        9
 90
        0
 90
        0
 90
        8
 11
301.4870123712304
 21
4162.107046393119
 31
0.0
330
2766
100
AcDbAssocArrayItem
 90
        0
 90
       10
 90
        0
 90
        0
 90
        8
 11
307.6730471159471
 21
4162.107046393119
 31
0.0
330
2767
100
AcDbAssocArrayItem
 90
        0
 90
       11
 90
        0
 90
        0
 90
        8
 11
313.8590818606638
 21
4162.107046393119
 31
0.0
330
2768
100
AcDbAssocArrayItem
 90
        0
 90
       12
 90
        0
 90
        0
 90
        8
 11
320.0451166053805
 21
4162.107046393119
 31
0.0
330
2769
100
AcDbAssocArrayItem
 90
        0
 90
       13
 90
        0
 90
        0
 90
        8
 11
326.2311513500972
 21
4162.107046393119
 31
0.0
330
276A
100
AcDbAssocArrayItem
 90
        0
 90
       14
 90
        0
 90
        0
 90
        8
 11
332.4171860948139
 21
4162.107046393119
 31
0.0
330
276B
100
AcDbAssocArrayItem
 90
        0
 90
       15
 90
        0
 90
        0
 90
        8
 11
338.6032208395306
 21
4162.107046393119
 31
0.0
330
276C
100
AcDbAssocArrayItem
 90
        0
 90
       16
 90
        0
 90
        0
 90
        8
 11
344.7892555842474
 21
4162.107046393119
 31
0.0
330
276D
100
AcDbAssocArrayItem
 90
        0
 90
       17
 90
        0
 90
        0
 90
        8
 11
350.9752903289641
 21
4162.107046393119
 31
0.0
330
276E
 40
1.0
 40
0.0
 40
0.0
 40
-245.06269966878
 40
0.0
 40
1.0
 40
0.0
 40
-4161.357046393119
 40
0.0
 40
0.0
 40
1.0
 40
0.0
 40
0.0
 40
0.0
 40
0.0
 40
1.0
  0
ACDBASSOCDEPENDENCY
  5
277A
330
2778
100
AcDbAssocDependency
 90
        2
 90
        0
290
     0
290
     1
290
     1
290
     1
 90
        0
330
275B
290
     0
330
0
330
0
360
0
 90
        2
  0
ACDBASSOCDEPENDENCY
  5
277B
330
2778
100
AcDbAssocDependency
 90
        2
 90
        0
290
     1
290
     0
290
     1
290
     1
 90
        0
330
2757
290
     0
330
0
330
0
360
0
 90
        3
  0
ACDBASSOCDEPENDENCY
  5
277C
330
2778
100
AcDbAssocDependency
 90
        2
 90
        0
290
     1
290
     1
290
     1
290
     1
 90
-2147483648
330
2771
290
     0
330
0
330
0
360
0
 90
        4
  0
ACDBASSOCVERTEXACTIONPARAM
  5
277D
330
2778
100
AcDbAssocActionParam
 90
        1
 90
        0
  1
BaseNormal
100
AcDbAssocSingleDependencyActionParam
 90
        0
330
0
100
AcDbAssocVertexActionParam
 90
        0
 10
0.0
 20
0.0
 30
1.0
  0
ACDBASSOCVERTEXACTIONPARAM
  5
277E
330
2778
100
AcDbAssocActionParam
 90
        1
 90
        0
  1
Origin
100
AcDbAssocSingleDependencyActionParam
 90
        0
330
0
100
AcDbAssocVertexActionParam
 90
        0
 10
0.0
 20
0.0
 30
0.0
  0
ACDBASSOCEDGEACTIONPARAM
  5
277F
330
2778
100
AcDbAssocActionParam
 90
        1
 90
        0
  1
RowProfile
100
AcDbAssocSingleDependencyActionParam
 90
        0
330
0
100
AcDbAssocEdgeActionParam
 90
        0
330
0
290
     1
 90
       23
 10
245.8126996687799
 20
4162.107046393119
 30
0.0
 10
105.162590660184
 20
0.0
 30
0.0
  0
ACDBASSOCVERTEXACTIONPARAM
  5
2780
330
2778
100
AcDbAssocActionParam
 90
        1
 90
        0
  1
basePoint
100
AcDbAssocSingleDependencyActionParam
 90
        0
330
0
100
AcDbAssocVertexActionParam
 90
        0
 10
0.0
 20
0.0
 30
0.0
  0
ACDBASSOCARRAYACTIONBODY
  5
27A7
330
27A6
100
AcDbAssocActionBody
 90
        2
100
AcDbAssocArrayActionBody
 90
        1
  1
AcDbAssocArrayPathParameters
 90
        0
 90
       18
  1
AcDbAssocArrayItem
100
AcDbAssocArrayItem
 90
        0
 90
        0
 90
        0
 90
        0
 90
        8
 11
245.8126996687799
 21
4162.107046393119
 31
0.0
330
278B
100
AcDbAssocArrayItem
 90
        0
 90
        1
 90
        0
 90
        0
 90
        8
 11
251.9987344134967
 21
4162.107046393119
 31
0.0
330
278C
100
AcDbAssocArrayItem
 90
        0
 90
        2
 90
        0
 90
        0
 90
        8
 11
258.1847691582134
 21
4162.107046393119
 31
0.0
330
278D
100
AcDbAssocArrayItem
 90
        0
 90
        3
 90
        0
 90
        0
 90
        8
 11
264.3708039029301
 21
4162.107046393119
 31
0.0
330
278E
100
AcDbAssocArrayItem
 90
        0
 90
        4
 90
        0
 90
        0
 90
        8
 11
270.5568386476468
 21
4162.107046393119
 31
0.0
330
278F
100
AcDbAssocArrayItem
 90
        0
 90
        5
 90
        0
 90
        0
 90
        8
 11
276.7428733923635
 21
4162.107046393119
 31
0.0
330
2790
100
AcDbAssocArrayItem
 90
        0
 90
        6
 90
        0
 90
        0
 90
        8
 11
282.9289081370802
 21
4162.107046393119
 31
0.0
330
2791
100
AcDbAssocArrayItem
 90
        0
 90
        7
 90
        0
 90
        0
 90
        8
 11
289.1149428817969
 21
4162.107046393119
 31
0.0
330
2792
100
AcDbAssocArrayItem
 90
        0
 90
        8
 90
        0
 90
        0
 90
        8
 11
295.3009776265137
 21
4162.107046393119
 31
0.0
330
2793
100
AcDbAssocArrayItem
 90
        0
 90
        9
 90
        0
 90
        0
 90
        8
 11
301.4870123712304
 21
4162.107046393119
 31
0.0
330
2794
100
AcDbAssocArrayItem
 90
        0
 90
       10
 90
        0
 90
        0
 90
        8
 11
307.6730471159471
 21
4162.107046393119
 31
0.0
330
2795
100
AcDbAssocArrayItem
 90
        0
 90
       11
 90
        0
 90
        0
 90
        8
 11
313.8590818606638
 21
4162.107046393119
 31
0.0
330
2796
100
AcDbAssocArrayItem
 90
        0
 90
       12
 90
        0
 90
        0
 90
        8
 11
320.0451166053805
 21
4162.107046393119
 31
0.0
330
2797
100
AcDbAssocArrayItem
 90
        0
 90
       13
 90
        0
 90
        0
 90
        8
 11
326.2311513500972
 21
4162.107046393119
 31
0.0
330
2798
100
AcDbAssocArrayItem
 90
        0
 90
       14
 90
        0
 90
        0
 90
        8
 11
332.4171860948139
 21
4162.107046393119
 31
0.0
330
2799
100
AcDbAssocArrayItem
 90
        0
 90
       15
 90
        0
 90
        0
 90
        8
 11
338.6032208395306
 21
4162.107046393119
 31
0.0
330
279A
100
AcDbAssocArrayItem
 90
        0
 90
       16
 90
        0
 90
        0
 90
        8
 11
344.7892555842474
 21
4162.107046393119
 31
0.0
330
279B
100
AcDbAssocArrayItem
 90
        0
 90
       17
 90
        0
 90
        0
 90
        8
 11
350.9752903289641
 21
4162.107046393119
 31
0.0
330
279C
 40
1.0
 40
0.0
 40
0.0
 40
-245.06269966878
 40
0.0
 40
1.0
 40
0.0
 40
-4161.357046393119
 40
0.0
 40
0.0
 40
1.0
 40
0.0
 40
0.0
 40
0.0
 40
0.0
 40
1.0
  0
ACDBASSOCDEPENDENCY
  5
27A8
330
27A6
100
AcDbAssocDependency
 90
        2
 90
        0
290
     0
290
     1
290
     1
290
     1
 90
        0
330
2789
290
     0
330
0
330
0
360
0
 90
        2
  0
ACDBASSOCDEPENDENCY
  5
27A9
330
27A6
100
AcDbAssocDependency
 90
        2
 90
        0
290
     1
290
     0
290
     1
290
     1
 90
        0
330
2785
290
     0
330
0
330
0
360
0
 90
        3
  0
ACDBASSOCDEPENDENCY
  5
27AA
330
27A6
100
AcDbAssocDependency
 90
        2
 90
        0
290
     1
290
     1
290
     1
290
     1
 90
-2147483648
330
279F
290
     0
330
0
330
0
360
0
 90
        4
  0
ACDBASSOCVERTEXACTIONPARAM
  5
27AB
330
27A6
100
AcDbAssocActionParam
 90
        1
 90
        0
  1
BaseNormal
100
AcDbAssocSingleDependencyActionParam
 90
        0
330
0
100
AcDbAssocVertexActionParam
 90
        0
 10
0.0
 20
0.0
 30
1.0
  0
ACDBASSOCVERTEXACTIONPARAM
  5
27AC
330
27A6
100
AcDbAssocActionParam
 90
        1
 90
        0
  1
Origin
100
AcDbAssocSingleDependencyActionParam
 90
        0
330
0
100
AcDbAssocVertexActionParam
 90
        0
 10
0.0
 20
0.0
 30
0.0
  0
ACDBASSOCEDGEACTIONPARAM
  5
27AD
330
27A6
100
AcDbAssocActionParam
 90
        1
 90
        0
  1
RowProfile
100
AcDbAssocSingleDependencyActionParam
 90
        0
330
0
100
AcDbAssocEdgeActionParam
 90
        0
330
0
290
     1
 90
       23
 10
245.8126996687799
 20
4162.107046393119
 30
0.0
 10
105.162590660184
 20
0.0
 30
0.0
  0
ACDBASSOCVERTEXACTIONPARAM
  5
27AE
330
27A6
100
AcDbAssocActionParam
 90
        1
 90
        0
  1
basePoint
100
AcDbAssocSingleDependencyActionParam
 90
        0
330
0
100
AcDbAssocVertexActionParam
 90
        0
 10
0.0
 20
0.0
 30
0.0
  0
ACDBASSOCARRAYACTIONBODY
  5
2D19
330
2D18
100
AcDbAssocActionBody
 90
        2
100
AcDbAssocArrayActionBody
 90
        1
  1
AcDbAssocArrayPathParameters
 90
        0
 90
       18
  1
AcDbAssocArrayItem
100
AcDbAssocArrayItem
 90
        0
 90
        0
 90
        0
 90
        0
 90
        8
 11
245.8126996687799
 21
4162.107046393119
 31
0.0
330
2CFC
100
AcDbAssocArrayItem
 90
        0
 90
        1
 90
        0
 90
        0
 90
        8
 11
251.9987344134967
 21
4162.107046393119
 31
0.0
330
2CFD
100
AcDbAssocArrayItem
 90
        0
 90
        2
 90
        0
 90
        0
 90
        8
 11
258.1847691582134
 21
4162.107046393119
 31
0.0
330
2CFE
100
AcDbAssocArrayItem
 90
        0
 90
        3
 90
        0
 90
        0
 90
        8
 11
264.3708039029301
 21
4162.107046393119
 31
0.0
330
2CFF
100
AcDbAssocArrayItem
 90
        0
 90
        4
 90
        0
 90
        0
 90
        8
 11
270.5568386476468
 21
4162.107046393119
 31
0.0
330
2D00
100
AcDbAssocArrayItem
 90
        0
 90
        5
 90
        0
 90
        0
 90
        8
 11
276.7428733923635
 21
4162.107046393119
 31
0.0
330
2D01
100
AcDbAssocArrayItem
 90
        0
 90
        6
 90
        0
 90
        0
 90
        8
 11
282.9289081370802
 21
4162.107046393119
 31
0.0
330
2D02
100
AcDbAssocArrayItem
 90
        0
 90
        7
 90
        0
 90
        0
 90
        8
 11
289.1149428817969
 21
4162.107046393119
 31
0.0
330
2D03
100
AcDbAssocArrayItem
 90
        0
 90
        8
 90
        0
 90
        0
 90
        8
 11
295.3009776265137
 21
4162.107046393119
 31
0.0
330
2D04
100
AcDbAssocArrayItem
 90
        0
 90
        9
 90
        0
 90
        0
 90
        8
 11
301.4870123712304
 21
4162.107046393119
 31
0.0
330
2D05
100
AcDbAssocArrayItem
 90
        0
 90
       10
 90
        0
 90
        0
 90
        8
 11
307.6730471159471
 21
4162.107046393119
 31
0.0
330
2D06
100
AcDbAssocArrayItem
 90
        0
 90
       11
 90
        0
 90
        0
 90
        8
 11
313.8590818606638
 21
4162.107046393119
 31
0.0
330
2D07
100
AcDbAssocArrayItem
 90
        0
 90
       12
 90
        0
 90
        0
 90
        8
 11
320.0451166053805
 21
4162.107046393119
 31
0.0
330
2D08
100
AcDbAssocArrayItem
 90
        0
 90
       13
 90
        0
 90
        0
 90
        8
 11
326.2311513500972
 21
4162.107046393119
 31
0.0
330
2D09
100
AcDbAssocArrayItem
 90
        0
 90
       14
 90
        0
 90
        0
 90
        8
 11
332.4171860948139
 21
4162.107046393119
 31
0.0
330
2D0A
100
AcDbAssocArrayItem
 90
        0
 90
       15
 90
        0
 90
        0
 90
        8
 11
338.6032208395306
 21
4162.107046393119
 31
0.0
330
2D0B
100
AcDbAssocArrayItem
 90
        0
 90
       16
 90
        0
 90
        0
 90
        8
 11
344.7892555842474
 21
4162.107046393119
 31
0.0
330
2D0C
100
AcDbAssocArrayItem
 90
        0
 90
       17
 90
        0
 90
        0
 90
        8
 11
350.9752903289641
 21
4162.107046393119
 31
0.0
330
2D0D
 40
1.0
 40
0.0
 40
0.0
 40
-245.06269966878
 40
0.0
 40
1.0
 40
0.0
 40
-3539.130302786331
 40
0.0
 40
0.0
 40
1.0
 40
0.0
 40
0.0
 40
0.0
 40
0.0
 40
1.0
  0
ACDBASSOCDEPENDENCY
  5
2D1A
330
2D18
100
AcDbAssocDependency
 90
        2
 90
        0
290
     0
290
     1
290
     1
290
     1
 90
        0
330
2CFA
290
     0
330
0
330
0
360
0
 90
        2
  0
ACDBASSOCDEPENDENCY
  5
2D1B
330
2D18
100
AcDbAssocDependency
 90
        2
 90
        0
290
     1
290
     0
290
     1
290
     1
 90
        0
330
2CF6
290
     0
330
0
330
0
360
0
 90
        3
  0
ACDBASSOCDEPENDENCY
  5
2D1C
330
2D18
100
AcDbAssocDependency
 90
        2
 90
        0
290
     1
290
     1
290
     1
290
     1
 90
-2147483648
330
2D11
290
     0
330
0
330
0
360
0
 90
        4
  0
ACDBASSOCVERTEXACTIONPARAM
  5
2D1D
330
2D18
100
AcDbAssocActionParam
 90
        1
 90
        0
  1
BaseNormal
100
AcDbAssocSingleDependencyActionParam
 90
        0
330
0
100
AcDbAssocVertexActionParam
 90
        0
 10
0.0
 20
0.0
 30
1.0
  0
ACDBASSOCVERTEXACTIONPARAM
  5
2D1E
330
2D18
100
AcDbAssocActionParam
 90
        1
 90
        0
  1
Origin
100
AcDbAssocSingleDependencyActionParam
 90
        0
330
0
100
AcDbAssocVertexActionParam
 90
        0
 10
0.0
 20
0.0
 30
0.0
  0
ACDBASSOCEDGEACTIONPARAM
  5
2D1F
330
2D18
100
AcDbAssocActionParam
 90
        1
 90
        0
  1
RowProfile
100
AcDbAssocSingleDependencyActionParam
 90
        0
330
0
100
AcDbAssocEdgeActionParam
 90
        0
330
0
290
     1
 90
       23
 10
245.8126996687799
 20
4162.107046393119
 30
0.0
 10
105.162590660184
 20
0.0
 30
0.0
  0
ACDBASSOCVERTEXACTIONPARAM
  5
2D20
330
2D18
100
AcDbAssocActionParam
 90
        1
 90
        0
  1
basePoint
100
AcDbAssocSingleDependencyActionParam
 90
        0
330
0
100
AcDbAssocVertexActionParam
 90
        0
 10
0.0
 20
0.0
 30
0.0
  0
ENDSEC
  0
SECTION
  2
ACDSDATA
 70
     2
 71
     8
  0
ACDSSCHEMA
 90
        0
  1
AcDb_Thumbnail_Schema
  2
AcDbDs::ID
280
    10
 91
        8
  2
Thumbnail_Data
280
    15
 91
        0
101
ACDSRECORD
 95
        0
 90
        1
  2
AcDbDs::TreatedAsObjectData
280
     1
291
     1
101
ACDSRECORD
 95
        0
 90
        2
  2
AcDbDs::Legacy
280
     1
291
     1
101
ACDSRECORD
  1
AcDbDs::ID
 90
        3
  2
AcDs:Indexable
280
     1
291
     1
101
ACDSRECORD
  1
AcDbDs::ID
 90
        4
  2
AcDbDs::HandleAttribute
280
     7
282
     1
  0
ACDSSCHEMA
 90
        1
  1
AcDbDs::TreatedAsObjectDataSchema
  2
AcDbDs::TreatedAsObjectData
280
     1
 91
        0
  0
ACDSSCHEMA
 90
        2
  1
AcDbDs::LegacySchema
  2
AcDbDs::Legacy
280
     1
 91
        0
  0
ACDSSCHEMA
 90
        3
  1
AcDbDs::IndexedPropertySchema
  2
AcDs:Indexable
280
     1
 91
        0
  0
ACDSSCHEMA
 90
        4
  1
AcDbDs::HandleAttributeSchema
  2
AcDbDs::HandleAttribute
280
     7
 91
        1
284
     1
  0
ACDSRECORD
 90
        0
  2
AcDbDs::ID
280
    10
320
22
  2
Thumbnail_Data
280
    15
 94
     1251
310
89504E470D0A1A0A0000000D494844520000010000000063080300000043BB2E1400000300504C5445212830FFFFFF2128300000000000000000000000000000000000000000000000000000330000660000990000CC0000FF0033000033330033660033990033CC0033FF0066000066330066660066990066CC0066FF0099
310
000099330099660099990099CC0099FF00CC0000CC3300CC6600CC9900CCCC00CCFF00FF0000FF3300FF6600FF9900FFCC00FFFF3300003300333300663300993300CC3300FF3333003333333333663333993333CC3333FF3366003366333366663366993366CC3366FF3399003399333399663399993399CC3399FF33CC00
310
33CC3333CC6633CC9933CCCC33CCFF33FF0033FF3333FF6633FF9933FFCC33FFFF6600006600336600666600996600CC6600FF6633006633336633666633996633CC6633FF6666006666336666666666996666CC6666FF6699006699336699666699996699CC6699FF66CC0066CC3366CC6666CC9966CCCC66CCFF66FF0066
310
FF3366FF6666FF9966FFCC66FFFF9900009900339900669900999900CC9900FF9933009933339933669933999933CC9933FF9966009966339966669966999966CC9966FF9999009999339999669999999999CC9999FF99CC0099CC3399CC6699CC9999CCCC99CCFF99FF0099FF3399FF6699FF9999FFCC99FFFFCC0000CC00
310
33CC0066CC0099CC00CCCC00FFCC3300CC3333CC3366CC3399CC33CCCC33FFCC6600CC6633CC6666CC6699CC66CCCC66FFCC9900CC9933CC9966CC9999CC99CCCC99FFCCCC00CCCC33CCCC66CCCC99CCCCCCCCCCFFCCFF00CCFF33CCFF66CCFF99CCFFCCCCFFFFFF0000FF0033FF0066FF0099FF00CCFF00FFFF3300FF3333
310
FF3366FF3399FF33CCFF33FFFF6600FF6633FF6666FF6699FF66CCFF66FFFF9900FF9933FF9966FF9999FF99CCFF99FFFFCC00FFCC33FFCC66FFCC99FFCCCCFFCCFFFFFF00FFFF33FFFF66FFFF99FFFFCCFFFFFF0000000D0D0D1A1A1A2828283535354343435050505D5D5D6B6B6B787878868686939393A1A1A1AEAEAEBB
310
BBBBC9C9C9D6D6D6E4E4E4F1F1F1FFFFFF0000000000000000000000000000000000000000000000000000000000002E4550F1000000D64944415478DAEDD85B0AC2301005D0EC7F817525F32FD552FA30855A413A730E1AFC50B0373769496B00000000BF11A369AC19C0EB1DD3A732533EA9D880583B6A406CB24A72FDED
310
317A8FF3DCAF7A307763FDBBCF6B24EE17C0FAEFC76E9C5E6DF7CD8E3B37E071268096E1FA3F3460B9048E0348B80768C09906D803B2DC053601D4DB03BEBD0DE648E15A03520650AF01179E03CA37A055DF0304902080A1FA12186231E7C7E7014997C0F644A87B2416F33DA37B1A922291EE91589500FA0D889487820000
310
000000000000000000000000F0674F0FC764AC4FE9438C0000000049454E44AE4260822B1CE2C7D2C9D3010100F8FE5E5E09000070DE0A27DF6530B927439E04D47A8A631DE046409F1BC7BDB10A73FF4E00F2F6A773DA27631C1E856AFD829E67F10D00D7C1A1E71DBCCE1A95537B263A0CBD9DB47D5D18007706C3F45E0F
310
BF0C20860000000000606E001E5BE1580E189F0CE100E600000000000000000000000000C4C8055A75D8B5A2AA833CC2AAC98607205975D8C71FED3CC23CE1801FB0C0DB35E5BE7A344208218410420821841042E83FEB02217CAE29729087DC0000000049454E44AE426082
  0
ENDSEC
  0
EOF
