  0
SECTION
  2
HEADER
  9
$ACADVER
  1
AC1032
  9
$ACADMAINTVER
 90
      329
  9
$DWGCODEPAGE
  3
ANSI_1251
  9
$LASTSAVEDBY
  1
Анастасия
  9
$REQUIREDVERSIONS
160
                 0
  9
$INSBASE
 10
0.0
 20
0.0
 30
0.0
  9
$EXTMIN
 10
702.9792715342482
 20
1797.789483155899
 30
0.0
  9
$EXTMAX
 10
1051.620661583899
 20
1970.211563717843
 30
0.0
  9
$LIMMIN
 10
0.0
 20
0.0
  9
$LIMMAX
 10
420.0
 20
297.0
  9
$ORTHOMODE
 70
     0
  9
$REGENMODE
 70
     1
  9
$FILLMODE
 70
     1
  9
$QTEXTMODE
 70
     0
  9
$MIRRTEXT
 70
     0
  9
$LTSCALE
 40
1.0
  9
$ATTMODE
 70
     1
  9
$TEXTSIZE
 40
2.5
  9
$TRACEWID
 40
1.0
  9
$TEXTSTYLE
  7
Standard
  9
$CLAYER
  8
0
  9
$CELTYPE
  6
ByLayer
  9
$CECOLOR
 62
   256
  9
$CELTSCALE
 40
1.0
  9
$DISPSILH
 70
     0
  9
$DIMSCALE
 40
1.0
  9
$DIMASZ
 40
2.5
  9
$DIMEXO
 40
0.625
  9
$DIMDLI
 40
3.75
  9
$DIMRND
 40
0.0
  9
$DIMDLE
 40
0.0
  9
$DIMEXE
 40
1.25
  9
$DIMTP
 40
0.0
  9
$DIMTM
 40
0.0
  9
$DIMTXT
 40
2.5
  9
$DIMCEN
 40
2.5
  9
$DIMTSZ
 40
0.0
  9
$DIMTOL
 70
     0
  9
$DIMLIM
 70
     0
  9
$DIMTIH
 70
     0
  9
$DIMTOH
 70
     0
  9
$DIMSE1
 70
     0
  9
$DIMSE2
 70
     0
  9
$DIMTAD
 70
     1
  9
$DIMZIN
 70
     8
  9
$DIMBLK
  1

  9
$DIMASO
 70
     1
  9
$DIMSHO
 70
     1
  9
$DIMPOST
  1

  9
$DIMAPOST
  1

  9
$DIMALT
 70
     0
  9
$DIMALTD
 70
     3
  9
$DIMALTF
 40
0.03937007874016
  9
$DIMLFAC
 40
1.0
  9
$DIMTOFL
 70
     1
  9
$DIMTVP
 40
0.0
  9
$DIMTIX
 70
     0
  9
$DIMSOXD
 70
     0
  9
$DIMSAH
 70
     0
  9
$DIMBLK1
  1

  9
$DIMBLK2
  1

  9
$DIMSTYLE
  2
ISO-25
  9
$DIMCLRD
 70
     0
  9
$DIMCLRE
 70
     0
  9
$DIMCLRT
 70
     0
  9
$DIMTFAC
 40
1.0
  9
$DIMGAP
 40
0.625
  9
$DIMJUST
 70
     0
  9
$DIMSD1
 70
     0
  9
$DIMSD2
 70
     0
  9
$DIMTOLJ
 70
     0
  9
$DIMTZIN
 70
     8
  9
$DIMALTZ
 70
     0
  9
$DIMALTTZ
 70
     0
  9
$DIMUPT
 70
     0
  9
$DIMDEC
 70
     2
  9
$DIMTDEC
 70
     2
  9
$DIMALTU
 70
     2
  9
$DIMALTTD
 70
     3
  9
$DIMTXSTY
  7
Standard
  9
$DIMAUNIT
 70
     0
  9
$DIMADEC
 70
     0
  9
$DIMALTRND
 40
0.0
  9
$DIMAZIN
 70
     0
  9
$DIMDSEP
 70
    44
  9
$DIMATFIT
 70
     3
  9
$DIMFRAC
 70
     0
  9
$DIMLDRBLK
  1

  9
$DIMLUNIT
 70
     2
  9
$DIMLWD
 70
    -2
  9
$DIMLWE
 70
    -2
  9
$DIMTMOVE
 70
     0
  9
$DIMFXL
 40
1.0
  9
$DIMFXLON
 70
     0
  9
$DIMJOGANG
 40
0.7853981633974483
  9
$DIMTFILL
 70
     0
  9
$DIMTFILLCLR
 70
     0
  9
$DIMARCSYM
 70
     0
  9
$DIMLTYPE
  6

  9
$DIMLTEX1
  6

  9
$DIMLTEX2
  6

  9
$DIMTXTDIRECTION
 70
     0
  9
$LUNITS
 70
     2
  9
$LUPREC
 70
     4
  9
$SKETCHINC
 40
1.0
  9
$FILLETRAD
 40
8.25
  9
$AUNITS
 70
     0
  9
$AUPREC
 70
     0
  9
$MENU
  1
.
  9
$ELEVATION
 40
0.0
  9
$PELEVATION
 40
0.0
  9
$THICKNESS
 40
0.0
  9
$LIMCHECK
 70
     0
  9
$CHAMFERA
 40
0.0
  9
$CHAMFERB
 40
0.0
  9
$CHAMFERC
 40
0.0
  9
$CHAMFERD
 40
0.0
  9
$SKPOLY
 70
     0
  9
$TDCREATE
 40
2461269.847013889
  9
$TDUCREATE
 40
2461269.722013889
  9
$TDUPDATE
 40
2461270.765173611
  9
$TDUUPDATE
 40
2461270.640173611
  9
$TDINDWG
 40
0.3562152778
  9
$TDUSRTIMER
 40
0.3562152778
  9
$USRTIMER
 70
     1
  9
$ANGBASE
 50
0.0
  9
$ANGDIR
 70
     0
  9
$PDMODE
 70
     0
  9
$PDSIZE
 40
0.0
  9
$PLINEWID
 40
0.0
  9
$SPLFRAME
 70
     0
  9
$SPLINETYPE
 70
     6
  9
$SPLINESEGS
 70
     8
  9
$HANDSEED
  5
48E2
  9
$SURFTAB1
 70
     6
  9
$SURFTAB2
 70
     6
  9
$SURFTYPE
 70
     6
  9
$SURFU
 70
     6
  9
$SURFV
 70
     6
  9
$UCSBASE
  2

  9
$UCSNAME
  2

  9
$UCSORG
 10
0.0
 20
0.0
 30
0.0
  9
$UCSXDIR
 10
1.0
 20
0.0
 30
0.0
  9
$UCSYDIR
 10
0.0
 20
1.0
 30
0.0
  9
$UCSORTHOREF
  2

  9
$UCSORTHOVIEW
 70
     0
  9
$UCSORGTOP
 10
0.0
 20
0.0
 30
0.0
  9
$UCSORGBOTTOM
 10
0.0
 20
0.0
 30
0.0
  9
$UCSORGLEFT
 10
0.0
 20
0.0
 30
0.0
  9
$UCSORGRIGHT
 10
0.0
 20
0.0
 30
0.0
  9
$UCSORGFRONT
 10
0.0
 20
0.0
 30
0.0
  9
$UCSORGBACK
 10
0.0
 20
0.0
 30
0.0
  9
$PUCSBASE
  2

  9
$PUCSNAME
  2

  9
$PUCSORG
 10
0.0
 20
0.0
 30
0.0
  9
$PUCSXDIR
 10
1.0
 20
0.0
 30
0.0
  9
$PUCSYDIR
 10
0.0
 20
1.0
 30
0.0
  9
$PUCSORTHOREF
  2

  9
$PUCSORTHOVIEW
 70
     0
  9
$PUCSORGTOP
 10
0.0
 20
0.0
 30
0.0
  9
$PUCSORGBOTTOM
 10
0.0
 20
0.0
 30
0.0
  9
$PUCSORGLEFT
 10
0.0
 20
0.0
 30
0.0
  9
$PUCSORGRIGHT
 10
0.0
 20
0.0
 30
0.0
  9
$PUCSORGFRONT
 10
0.0
 20
0.0
 30
0.0
  9
$PUCSORGBACK
 10
0.0
 20
0.0
 30
0.0
  9
$USERI1
 70
     0
  9
$USERI2
 70
     0
  9
$USERI3
 70
     0
  9
$USERI4
 70
     0
  9
$USERI5
 70
     0
  9
$USERR1
 40
0.0
  9
$USERR2
 40
0.0
  9
$USERR3
 40
0.0
  9
$USERR4
 40
0.0
  9
$USERR5
 40
0.0
  9
$WORLDVIEW
 70
     1
  9
$SHADEDGE
 70
     3
  9
$SHADEDIF
 70
    70
  9
$TILEMODE
 70
     1
  9
$MAXACTVP
 70
    64
  9
$PINSBASE
 10
0.0
 20
0.0
 30
0.0
  9
$PLIMCHECK
 70
     0
  9
$PEXTMIN
 10
25.69999999999999
 20
19.5
 30
0.0
  9
$PEXTMAX
 10
231.3
 20
175.5
 30
0.0
  9
$PLIMMIN
 10
-20.0
 20
-7.5
  9
$PLIMMAX
 10
277.0
 20
202.5
  9
$UNITMODE
 70
     0
  9
$VISRETAIN
 70
     1
  9
$PLINEGEN
 70
     0
  9
$PSLTSCALE
 70
     1
  9
$TREEDEPTH
 70
  3020
  9
$CMLSTYLE
  2
Standard
  9
$CMLJUST
 70
     0
  9
$CMLSCALE
 40
20.0
  9
$PROXYGRAPHICS
 70
     1
  9
$MEASUREMENT
 70
     1
  9
$CELWEIGHT
370
    -1
  9
$ENDCAPS
280
     0
  9
$JOINSTYLE
280
     0
  9
$LWDISPLAY
290
     0
  9
$INSUNITS
 70
     4
  9
$HYPERLINKBASE
  1

  9
$STYLESHEET
  1

  9
$XEDIT
290
     1
  9
$CEPSNTYPE
380
     0
  9
$PSTYLEMODE
290
     1
  9
$FINGERPRINTGUID
  2
{70451FCF-046C-5B42-B620-AE741A1FA87C}
  9
$VERSIONGUID
  2
{9B83961E-C614-EE48-B115-6AC4318EA478}
  9
$EXTNAMES
290
     1
  9
$PSVPSCALE
 40
0.0
  9
$OLESTARTUP
290
     0
  9
$SORTENTS
280
   127
  9
$INDEXCTL
280
     0
  9
$HIDETEXT
280
     1
  9
$XCLIPFRAME
280
     2
  9
$HALOGAP
280
     0
  9
$OBSCOLOR
 70
   257
  9
$OBSLTYPE
280
     0
  9
$INTERSECTIONDISPLAY
280
     0
  9
$INTERSECTIONCOLOR
 70
   257
  9
$DIMASSOC
280
     2
  9
$PROJECTNAME
  1

  9
$CAMERADISPLAY
290
     0
  9
$LENSLENGTH
 40
50.0
  9
$CAMERAHEIGHT
 40
0.0
  9
$STEPSPERSEC
 40
2.0
  9
$STEPSIZE
 40
6.0
  9
$3DDWFPREC
 40
2.0
  9
$PSOLWIDTH
 40
5.0
  9
$PSOLHEIGHT
 40
80.0
  9
$LOFTANG1
 40
1.570796326794896
  9
$LOFTANG2
 40
1.570796326794896
  9
$LOFTMAG1
 40
0.0
  9
$LOFTMAG2
 40
0.0
  9
$LOFTPARAM
 70
     7
  9
$LOFTNORMALS
280
     1
  9
$LATITUDE
 40
37.795
  9
$LONGITUDE
 40
-122.394
  9
$NORTHDIRECTION
 40
0.0
  9
$TIMEZONE
 70
 -8000
  9
$LIGHTGLYPHDISPLAY
280
     1
  9
$TILEMODELIGHTSYNCH
280
     1
  9
$CMATERIAL
347
EC
  9
$SOLIDHIST
280
     0
  9
$SHOWHIST
280
     1
  9
$DWFFRAME
280
     2
  9
$DGNFRAME
280
     0
  9
$REALWORLDSCALE
290
     1
  9
$INTERFERECOLOR
 62
     1
  9
$INTERFEREOBJVS
345
F9
  9
$INTERFEREVPVS
346
F6
  9
$CSHADOW
280
     0
  9
$SHADOWPLANELOCATION
 40
0.0
  0
ENDSEC
  0
SECTION
  2
CLASSES
  0
CLASS
  1
ACDBDICTIONARYWDFLT
  2
AcDbDictionaryWithDefault
  3
ObjectDBX Classes
 90
        0
 91
        1
280
     0
281
     0
  0
CLASS
  1
DICTIONARYVAR
  2
AcDbDictionaryVar
  3
ObjectDBX Classes
 90
        0
 91
       11
280
     0
281
     0
  0
CLASS
  1
TABLESTYLE
  2
AcDbTableStyle
  3
ObjectDBX Classes
 90
     4095
 91
        1
280
     0
281
     0
  0
CLASS
  1
MATERIAL
  2
AcDbMaterial
  3
ObjectDBX Classes
 90
     1153
 91
        3
280
     0
281
     0
  0
CLASS
  1
VISUALSTYLE
  2
AcDbVisualStyle
  3
ObjectDBX Classes
 90
     4095
 91
       24
280
     0
281
     0
  0
CLASS
  1
SCALE
  2
AcDbScale
  3
ObjectDBX Classes
 90
     1153
 91
       17
280
     0
281
     0
  0
CLASS
  1
MLEADERSTYLE
  2
AcDbMLeaderStyle
  3
ACDB_MLEADERSTYLE_CLASS
 90
     4095
 91
        2
280
     0
281
     0
  0
CLASS
  1
CELLSTYLEMAP
  2
AcDbCellStyleMap
  3
ObjectDBX Classes
 90
     1152
 91
        1
280
     0
281
     0
  0
CLASS
  1
EXACXREFPANELOBJECT
  2
ExAcXREFPanelObject
  3
EXAC_ESW
 90
     1025
 91
        0
280
     0
281
     0
  0
CLASS
  1
NPOCOLLECTION
  2
AcDbImpNonPersistentObjectsCollection
  3
ObjectDBX Classes
 90
     1153
 91
        0
280
     0
281
     0
  0
CLASS
  1
LAYER_INDEX
  2
AcDbLayerIndex
  3
ObjectDBX Classes
 90
        0
 91
        0
280
     0
281
     0
  0
CLASS
  1
SPATIAL_INDEX
  2
AcDbSpatialIndex
  3
ObjectDBX Classes
 90
        0
 91
        0
280
     0
281
     0
  0
CLASS
  1
IDBUFFER
  2
AcDbIdBuffer
  3
ObjectDBX Classes
 90
        0
 91
        0
280
     0
281
     0
  0
CLASS
  1
ACDBSECTIONVIEWSTYLE
  2
AcDbSectionViewStyle
  3
ObjectDBX Classes
 90
     1025
 91
        1
280
     0
281
     0
  0
CLASS
  1
ACDBDETAILVIEWSTYLE
  2
AcDbDetailViewStyle
  3
ObjectDBX Classes
 90
     1025
 91
        1
280
     0
281
     0
  0
CLASS
  1
IMAGE
  2
AcDbRasterImage
  3
ISM
 90
     2175
 91
        7
280
     0
281
     1
  0
CLASS
  1
IMAGEDEF_REACTOR
  2
AcDbRasterImageDefReactor
  3
ISM
 90
        1
 91
        7
280
     0
281
     0
  0
CLASS
  1
SORTENTSTABLE
  2
AcDbSortentsTable
  3
ObjectDBX Classes
 90
        0
 91
        4
280
     0
281
     0
  0
CLASS
  1
IMAGEDEF
  2
AcDbRasterImageDef
  3
ISM
 90
        0
 91
        1
280
     0
281
     0
  0
CLASS
  1
ACDBASSOCACTION
  2
AcDbAssocAction
  3
ObjectDBX Classes
 90
     1025
 91
       12
280
     0
281
     0
  0
CLASS
  1
ACDBASSOCARRAYACTIONBODY
  2
AcDbAssocArrayActionBody
  3
ObjectDBX Classes
 90
     1025
 91
       12
280
     0
281
     0
  0
CLASS
  1
ACDBASSOCDEPENDENCY
  2
AcDbAssocDependency
  3
ObjectDBX Classes
 90
     1025
 91
       36
280
     0
281
     0
  0
CLASS
  1
ACDBASSOCVERTEXACTIONPARAM
  2
AcDbAssocVertexActionParam
  3
ObjectDBX Classes
 90
     1025
 91
       36
280
     0
281
     0
  0
CLASS
  1
ACDBASSOCEDGEACTIONPARAM
  2
AcDbAssocEdgeActionParam
  3
ObjectDBX Classes
 90
     1025
 91
       12
280
     0
281
     0
  0
CLASS
  1
ACDBASSOCARRAYPATHPARAMETERS
  2
AcDbAssocArrayPathParameters
  3
ObjectDBX Classes
 90
     1025
 91
        0
280
     0
281
     0
  0
CLASS
  1
ACDBASSOCNETWORK
  2
AcDbAssocNetwork
  3
ObjectDBX Classes
 90
     1025
 91
        3
280
     0
281
     0
  0
CLASS
  1
RASTERVARIABLES
  2
AcDbRasterVariables
  3
ISM
 90
        0
 91
        1
280
     0
281
     0
  0
CLASS
  1
DIMASSOC
  2
AcDbDimAssoc
  3
"AcDbDimAssoc|Product Desc:     AcDim ARX App For Dimension|Company:          Autodesk, Inc.|WEB Address:      www.autodesk.com"
 90
        0
 91
        0
280
     0
281
     0
  0
CLASS
  1
ACDBASSOCENTITYCLONEACTIONBODY
  2
AcDbAssocEntityCloneActionBody
  3
ObjectDBX Classes
 90
     1025
 91
        0
280
     0
281
     0
  0
CLASS
  1
SOLID_BACKGROUND
  2
AcDbSolidBackground
  3
SCENEOE
 90
     4095
 91
        0
280
     0
281
     0
  0
CLASS
  1
ACDB_DYNAMICBLOCKPURGEPREVENTER_VERSION
  2
AcDbDynamicBlockPurgePreventer
  3
ObjectDBX Classes
 90
     1153
 91
        1
280
     0
281
     0
  0
ENDSEC
  0
SECTION
  2
TABLES
  0
TABLE
  2
VPORT
  5
8
330
0
100
AcDbSymbolTable
 70
     1
  0
VPORT
  5
EA
330
8
100
AcDbSymbolTableRecord
100
AcDbViewportTableRecord
  2
*Active
 70
     0
 10
0.0
 20
0.0
 11
1.0
 21
1.0
 12
871.9165117407662
 22
1885.705864759506
 13
0.0
 23
0.0
 14
10.0
 24
10.0
 15
10.0
 25
10.0
 16
0.0
 26
0.0
 36
1.0
 17
0.0
 27
0.0
 37
0.0
 40
268.0024759714008
 41
2.190283400809716
 42
50.0
 43
0.0
 44
0.0
 50
0.0
 51
0.0
 71
     0
 72
  1000
 73
     1
 74
     3
 75
     0
 76
     1
 77
     0
 78
     0
281
     0
 65
     1
110
0.0
120
0.0
130
0.0
111
1.0
121
0.0
131
0.0
112
0.0
122
1.0
132
0.0
 79
     0
146
0.0
348
F5
 60
     3
 61
     5
292
     1
282
     1
141
0.0
142
0.0
 63
   250
421
  3355443
1001
ACAD_NAV_VCDISPLAY
1070
     3
  0
ENDTAB
  0
TABLE
  2
LTYPE
  5
5
330
0
100
AcDbSymbolTable
 70
     1
  0
LTYPE
  5
14
330
5
100
AcDbSymbolTableRecord
100
AcDbLinetypeTableRecord
  2
ByBlock
 70
     0
  3

 72
    65
 73
     0
 40
0.0
  0
LTYPE
  5
15
330
5
100
AcDbSymbolTableRecord
100
AcDbLinetypeTableRecord
  2
ByLayer
 70
     0
  3

 72
    65
 73
     0
 40
0.0
  0
LTYPE
  5
16
330
5
100
AcDbSymbolTableRecord
100
AcDbLinetypeTableRecord
  2
Continuous
 70
     0
  3
Solid line
 72
    65
 73
     0
 40
0.0
  0
ENDTAB
  0
TABLE
  2
LAYER
  5
2
102
{ACAD_XDICTIONARY
360
1FF
102
}
330
0
100
AcDbSymbolTable
 70
     3
  0
LAYER
  5
10
102
{ACAD_XDICTIONARY
360
13C
102
}
330
2
100
AcDbSymbolTableRecord
100
AcDbLayerTableRecord
  2
0
 70
     0
 62
     7
  6
Continuous
370
    -3
390
F
347
EE
348
0
  0
LAYER
  5
8CB
330
2
100
AcDbSymbolTableRecord
100
AcDbLayerTableRecord
  2
*ADSK_ASSOC_ENTITY_BACKUPS
 70
     5
 62
    -7
  6
Continuous
370
    -3
390
F
347
EE
348
0
  0
LAYER
  5
EBB
330
2
100
AcDbSymbolTableRecord
100
AcDbLayerTableRecord
  2
Defpoints
 70
     0
 62
     7
  6
Continuous
290
     0
370
    -3
390
F
347
EE
348
0
  0
ENDTAB
  0
TABLE
  2
STYLE
  5
3
330
0
100
AcDbSymbolTable
 70
     2
  0
STYLE
  5
11
330
3
100
AcDbSymbolTableRecord
100
AcDbTextStyleTableRecord
  2
Standard
 70
     0
 40
0.0
 41
1.0
 50
0.0
 71
     0
 42
2.5
  3
arial.ttf
  4

1001
ACAD
1000
Arial
1071
       34
  0
STYLE
  5
132
330
3
100
AcDbSymbolTableRecord
100
AcDbTextStyleTableRecord
  2
Аннотативный
 70
     0
 40
0.0
 41
1.0
 50
0.0
 71
     0
 42
2.5
  3
arial.ttf
  4

1001
AcadAnnotative
1000
AnnotativeData
1002
{
1070
     1
1070
     1
1002
}
1001
ACAD
1000
Arial
1071
       34
  0
ENDTAB
  0
TABLE
  2
VIEW
  5
6
330
0
100
AcDbSymbolTable
 70
     0
  0
ENDTAB
  0
TABLE
  2
UCS
  5
7
330
0
100
AcDbSymbolTable
 70
     0
  0
ENDTAB
  0
TABLE
  2
APPID
  5
9
330
0
100
AcDbSymbolTable
 70
    13
  0
APPID
  5
12
330
9
100
AcDbSymbolTableRecord
100
AcDbRegAppTableRecord
  2
ACAD
 70
     0
  0
APPID
  5
9E
330
9
100
AcDbSymbolTableRecord
100
AcDbRegAppTableRecord
  2
ACAD_PSEXT
 70
     0
  0
APPID
  5
133
330
9
100
AcDbSymbolTableRecord
100
AcDbRegAppTableRecord
  2
AcadAnnoPO
 70
     0
  0
APPID
  5
134
330
9
100
AcDbSymbolTableRecord
100
AcDbRegAppTableRecord
  2
AcadAnnotative
 70
     0
  0
APPID
  5
135
330
9
100
AcDbSymbolTableRecord
100
AcDbRegAppTableRecord
  2
ACAD_DSTYLE_DIMJAG
 70
     0
  0
APPID
  5
136
330
9
100
AcDbSymbolTableRecord
100
AcDbRegAppTableRecord
  2
ACAD_DSTYLE_DIMTALN
 70
     0
  0
APPID
  5
165
330
9
100
AcDbSymbolTableRecord
100
AcDbRegAppTableRecord
  2
ACAD_MLEADERVER
 70
     0
  0
APPID
  5
217
330
9
100
AcDbSymbolTableRecord
100
AcDbRegAppTableRecord
  2
ACAD_NAV_VCDISPLAY
 70
     0
  0
APPID
  5
7C4
330
9
100
AcDbSymbolTableRecord
100
AcDbRegAppTableRecord
  2
ACAD_EXEMPT_FROM_CAD_STANDARDS
 70
     0
  0
APPID
  5
7CC
330
9
100
AcDbSymbolTableRecord
100
AcDbRegAppTableRecord
  2
ACAD_DSTYLE_DIMRADIAL_EXTENSION
 70
     0
  0
APPID
  5
7E2
330
9
100
AcDbSymbolTableRecord
100
AcDbRegAppTableRecord
  2
Acad_TC
 70
     0
  0
APPID
  5
48A3
330
9
100
AcDbSymbolTableRecord
100
AcDbRegAppTableRecord
  2
AcDbDynamicBlockTrueName2
 70
     0
  0
APPID
  5
48A4
330
9
100
AcDbSymbolTableRecord
100
AcDbRegAppTableRecord
  2
AcDbDynamicBlockGUID
 70
     0
  0
ENDTAB
  0
TABLE
  2
DIMSTYLE
  5
A
330
0
100
AcDbSymbolTable
 70
     3
100
AcDbDimStyleTable
 71
     2
340
27
340
137
  0
DIMSTYLE
105
1B0
330
A
100
AcDbSymbolTableRecord
100
AcDbDimStyleTableRecord
  2
Standard
 70
     0
340
11
  0
DIMSTYLE
105
137
330
A
100
AcDbSymbolTableRecord
100
AcDbDimStyleTableRecord
  2
Аннотативный
 70
     0
 40
0.0
 41
2.5
 42
0.625
 43
3.75
 44
1.25
 73
     0
 74
     0
 77
     1
 78
     8
140
2.5
141
2.5
143
0.03937007874016
147
0.625
171
     3
172
     1
271
     2
272
     2
274
     3
278
    44
283
     0
284
     8
340
11
1001
AcadAnnotative
1000
AnnotativeData
1002
{
1070
     1
1070
     1
1002
}
1001
ACAD_DSTYLE_DIMJAG
1070
   388
1040
1.5
1001
ACAD_DSTYLE_DIMTALN
1070
   392
1070
     0
  0
DIMSTYLE
105
27
330
A
100
AcDbSymbolTableRecord
100
AcDbDimStyleTableRecord
  2
ISO-25
 70
     0
 41
2.5
 42
0.625
 43
3.75
 44
1.25
 73
     0
 74
     0
 77
     1
 78
     8
140
2.5
141
2.5
143
0.03937007874016
147
0.625
171
     3
172
     1
271
     2
272
     2
274
     3
278
    44
283
     0
284
     8
340
11
  0
ENDTAB
  0
TABLE
  2
BLOCK_RECORD
  5
1
330
0
100
AcDbSymbolTable
 70
    55
  0
BLOCK_RECORD
  5
1F
102
{ACAD_XDICTIONARY
360
1CE
102
}
330
1
100
AcDbSymbolTableRecord
100
AcDbBlockTableRecord
  2
*Model_Space
340
22
 70
     0
280
     1
281
     0
  0
BLOCK_RECORD
  5
D2
330
1
100
AcDbSymbolTableRecord
100
AcDbBlockTableRecord
  2
*Paper_Space
340
D3
 70
     0
280
     1
281
     0
  0
BLOCK_RECORD
  5
D6
330
1
100
AcDbSymbolTableRecord
100
AcDbBlockTableRecord
  2
*Paper_Space0
340
D7
 70
     0
280
     1
281
     0
  0
BLOCK_RECORD
  5
2C3
102
{ACAD_REACTORS
330
4F2
102
}
330
1
100
AcDbSymbolTableRecord
100
AcDbBlockTableRecord
  2
*U1
340
0
102
{BLKREFS
331
404
102
}
 70
     0
280
     1
281
     1
  0
BLOCK_RECORD
  5
2DF
102
{ACAD_REACTORS
330
505
102
}
330
1
100
AcDbSymbolTableRecord
100
AcDbBlockTableRecord
  2
*U2
340
0
102
{BLKREFS
331
2E5
331
2E6
331
2E7
331
2E8
331
2E9
331
2EA
331
2EB
331
2EC
331
2ED
331
2EE
331
2EF
331
2F0
331
2F1
331
2F2
331
2F3
331
2F4
331
2F5
331
2F6
331
2F7
331
2F8
331
2F9
331
2FA
331
2FB
331
2FC
331
2FD
102
}
 70
     0
280
     1
281
     0
  0
BLOCK_RECORD
  5
2E3
102
{ACAD_REACTORS
330
504
102
}
330
1
100
AcDbSymbolTableRecord
100
AcDbBlockTableRecord
  2
*U3
340
0
102
{BLKREFS
331
407
102
}
 70
     0
280
     1
281
     1
  0
BLOCK_RECORD
  5
2FF
102
{ACAD_REACTORS
330
4F3
102
}
330
1
100
AcDbSymbolTableRecord
100
AcDbBlockTableRecord
  2
*U4
340
0
102
{BLKREFS
331
2C5
331
2C6
331
2C7
331
2C8
331
2C9
331
2CA
331
2CB
331
2CC
331
2CD
331
2CE
331
2CF
331
2D0
331
2D1
331
2D2
331
2D3
331
2D4
331
2D5
331
2D6
331
2D7
331
2D8
331
2D9
331
2DA
331
2DB
331
2DC
331
2DD
102
}
 70
     0
280
     1
281
     0
  0
BLOCK_RECORD
  5
303
102
{ACAD_REACTORS
330
516
102
}
330
1
100
AcDbSymbolTableRecord
100
AcDbBlockTableRecord
  2
*U5
340
0
102
{BLKREFS
331
412
102
}
 70
     0
280
     1
281
     1
  0
BLOCK_RECORD
  5
31F
102
{ACAD_REACTORS
330
520
102
}
330
1
100
AcDbSymbolTableRecord
100
AcDbBlockTableRecord
  2
*U6
340
0
102
{BLKREFS
331
325
331
326
331
327
331
328
331
329
331
32A
331
32B
331
32C
331
32D
331
32E
331
32F
331
330
331
331
331
332
331
333
331
334
331
335
331
336
331
337
331
338
331
339
331
33A
331
33B
331
33C
331
33D
102
}
 70
     0
280
     1
281
     0
  0
BLOCK_RECORD
  5
323
102
{ACAD_REACTORS
330
51F
102
}
330
1
100
AcDbSymbolTableRecord
100
AcDbBlockTableRecord
  2
*U7
340
0
102
{BLKREFS
331
415
102
}
 70
     0
280
     1
281
     1
  0
BLOCK_RECORD
  5
33F
102
{ACAD_REACTORS
330
517
102
}
330
1
100
AcDbSymbolTableRecord
100
AcDbBlockTableRecord
  2
*U8
340
0
102
{BLKREFS
331
305
331
306
331
307
331
308
331
309
331
30A
331
30B
331
30C
331
30D
331
30E
331
30F
331
310
331
311
331
312
331
313
331
314
331
315
331
316
331
317
331
318
331
319
331
31A
331
31B
331
31C
331
31D
102
}
 70
     0
280
     1
281
     0
  0
BLOCK_RECORD
  5
343
102
{ACAD_REACTORS
330
4FC
102
}
330
1
100
AcDbSymbolTableRecord
100
AcDbBlockTableRecord
  2
*U9
340
0
102
{BLKREFS
331
349
331
34A
331
34B
331
34C
331
34D
331
34E
331
34F
331
350
331
351
331
352
331
353
331
354
331
355
331
356
331
357
331
358
331
359
331
35A
331
35B
331
35C
331
35D
331
35E
331
35F
331
360
331
361
102
}
 70
     0
280
     1
281
     0
  0
BLOCK_RECORD
  5
347
102
{ACAD_REACTORS
330
4FB
102
}
330
1
100
AcDbSymbolTableRecord
100
AcDbBlockTableRecord
  2
*U10
340
0
102
{BLKREFS
331
427
102
}
 70
     0
280
     1
281
     1
  0
BLOCK_RECORD
  5
363
102
{ACAD_REACTORS
330
532
102
}
330
1
100
AcDbSymbolTableRecord
100
AcDbBlockTableRecord
  2
*U11
340
0
102
{BLKREFS
331
370
331
371
331
372
331
373
331
374
331
375
331
376
331
377
331
378
331
379
331
37A
331
37B
331
37C
331
37D
331
37E
331
369
331
36A
331
36B
331
36C
331
36D
331
36E
331
36F
102
}
 70
     0
280
     1
281
     0
  0
BLOCK_RECORD
  5
367
102
{ACAD_REACTORS
330
531
102
}
330
1
100
AcDbSymbolTableRecord
100
AcDbBlockTableRecord
  2
*U12
340
0
102
{BLKREFS
331
42D
102
}
 70
     0
280
     1
281
     1
  0
BLOCK_RECORD
  5
380
102
{ACAD_REACTORS
330
529
102
}
330
1
100
AcDbSymbolTableRecord
100
AcDbBlockTableRecord
  2
*U13
340
0
102
{BLKREFS
331
386
331
387
331
388
331
389
331
38A
331
38B
331
38C
331
38D
331
38E
331
38F
331
390
331
391
331
392
331
393
331
394
331
395
331
396
331
397
331
398
331
399
331
39A
331
39B
102
}
 70
     0
280
     1
281
     0
  0
BLOCK_RECORD
  5
384
102
{ACAD_REACTORS
330
528
102
}
330
1
100
AcDbSymbolTableRecord
100
AcDbBlockTableRecord
  2
*U14
340
0
102
{BLKREFS
331
456
102
}
 70
     0
280
     1
281
     1
  0
BLOCK_RECORD
  5
39D
102
{ACAD_REACTORS
330
50E
102
}
330
1
100
AcDbSymbolTableRecord
100
AcDbBlockTableRecord
  2
*U15
340
0
102
{BLKREFS
331
3A3
331
3A4
331
3A5
331
3A6
331
3A7
331
3A8
331
3A9
331
3AA
331
3AB
331
3AC
331
3AD
331
3AE
331
3AF
331
3B0
331
3B1
331
3B2
331
3B3
331
3B4
331
3B5
331
3B6
331
3B7
331
3B8
102
}
 70
     0
280
     1
281
     0
  0
BLOCK_RECORD
  5
3A1
102
{ACAD_REACTORS
330
50D
102
}
330
1
100
AcDbSymbolTableRecord
100
AcDbBlockTableRecord
  2
*U16
340
0
102
{BLKREFS
331
4CA
102
}
 70
     0
280
     1
281
     1
  0
BLOCK_RECORD
  5
3BA
102
{ACAD_REACTORS
330
53B
102
}
330
1
100
AcDbSymbolTableRecord
100
AcDbBlockTableRecord
  2
*U17
340
0
102
{BLKREFS
331
3C0
331
3C1
331
3C2
331
3C3
331
3C4
331
3C5
331
3C6
331
3C7
331
3C8
331
3C9
331
3CA
331
3CB
331
3CC
331
3CD
331
3CE
331
3CF
331
3D0
331
3D1
331
3D2
331
3D3
331
3D4
331
3D5
331
3D6
331
3D7
331
3D8
102
}
 70
     0
280
     1
281
     0
  0
BLOCK_RECORD
  5
3BE
102
{ACAD_REACTORS
330
53A
102
}
330
1
100
AcDbSymbolTableRecord
100
AcDbBlockTableRecord
  2
*U18
340
0
102
{BLKREFS
331
4DA
102
}
 70
     0
280
     1
281
     1
  0
BLOCK_RECORD
  5
3DA
102
{ACAD_XDICTIONARY
360
4E8
102
}
330
1
100
AcDbSymbolTableRecord
100
AcDbBlockTableRecord
  2
A$C0054c5ad
340
0
 70
     4
280
     1
281
     0
1001
AcDbDynamicBlockTrueName2
1000
A$C0054c5ad
1001
AcDbDynamicBlockGUID
1000
{1A8FB2F5-55A4-7440-A3B6-C18C5C2F5468}
  0
BLOCK_RECORD
  5
6A9
330
1
100
AcDbSymbolTableRecord
100
AcDbBlockTableRecord
  2
*U20
340
0
102
{BLKREFS
102
}
 70
     0
280
     1
281
     0
  0
BLOCK_RECORD
  5
6ED
330
1
100
AcDbSymbolTableRecord
100
AcDbBlockTableRecord
  2
*U23
340
0
102
{BLKREFS
102
}
 70
     0
280
     1
281
     0
  0
BLOCK_RECORD
  5
70D
330
1
100
AcDbSymbolTableRecord
100
AcDbBlockTableRecord
  2
*U25
340
0
102
{BLKREFS
102
}
 70
     0
280
     1
281
     0
  0
BLOCK_RECORD
  5
746
330
1
100
AcDbSymbolTableRecord
100
AcDbBlockTableRecord
  2
*U28
340
0
102
{BLKREFS
102
}
 70
     0
280
     1
281
     0
  0
BLOCK_RECORD
  5
766
330
1
100
AcDbSymbolTableRecord
100
AcDbBlockTableRecord
  2
*U30
340
0
102
{BLKREFS
102
}
 70
     0
280
     1
281
     0
  0
BLOCK_RECORD
  5
783
330
1
100
AcDbSymbolTableRecord
100
AcDbBlockTableRecord
  2
*U32
340
0
102
{BLKREFS
102
}
 70
     0
280
     1
281
     0
  0
BLOCK_RECORD
  5
C8C
102
{ACAD_REACTORS
330
D48
102
}
330
1
100
AcDbSymbolTableRecord
100
AcDbBlockTableRecord
  2
*U41
340
0
102
{BLKREFS
331
CD1
331
CD2
331
CD3
331
CD4
331
CD5
331
CD6
331
CD7
331
CD8
331
CD9
331
CDA
331
CDB
331
CDC
331
CDD
331
CDE
331
CDF
331
CE0
331
CE1
331
CE2
331
CE3
331
CE4
331
CE5
331
CE6
331
CE7
331
CE8
331
CE9
102
}
 70
     0
280
     1
281
     0
  0
BLOCK_RECORD
  5
C92
102
{ACAD_REACTORS
330
D51
102
}
330
1
100
AcDbSymbolTableRecord
100
AcDbBlockTableRecord
  2
*U42
340
0
102
{BLKREFS
331
C98
331
C99
331
C9A
331
C9B
331
C9C
331
C9D
331
C9E
331
C9F
331
CA0
331
CA1
331
CA2
331
CA3
331
CA4
331
CA5
331
CA6
331
CA7
331
CA8
331
CA9
331
CAA
331
CAB
331
CAC
331
CAD
331
CAE
331
CAF
331
CB0
102
}
 70
     0
280
     1
281
     0
  0
BLOCK_RECORD
  5
C96
102
{ACAD_REACTORS
330
D50
102
}
330
1
100
AcDbSymbolTableRecord
100
AcDbBlockTableRecord
  2
*U43
340
0
102
{BLKREFS
331
BB4
102
}
 70
     0
280
     1
281
     1
  0
BLOCK_RECORD
  5
CB2
330
1
100
AcDbSymbolTableRecord
100
AcDbBlockTableRecord
  2
*U44
340
0
102
{BLKREFS
102
}
 70
     0
280
     1
281
     0
  0
BLOCK_RECORD
  5
CCF
102
{ACAD_REACTORS
330
D47
102
}
330
1
100
AcDbSymbolTableRecord
100
AcDbBlockTableRecord
  2
*U46
340
0
102
{BLKREFS
331
B63
102
}
 70
     0
280
     1
281
     1
  0
BLOCK_RECORD
  5
CEB
102
{ACAD_REACTORS
330
D5A
102
}
330
1
100
AcDbSymbolTableRecord
100
AcDbBlockTableRecord
  2
*U47
340
0
102
{BLKREFS
331
CF1
331
CF2
331
CF3
331
CF4
331
CF5
331
CF6
331
CF7
331
CF8
331
CF9
331
CFA
331
CFB
331
CFC
331
CFD
331
CFE
331
CFF
331
D00
331
D01
331
D02
331
D03
331
D04
331
D05
331
D06
331
D07
331
D08
331
D09
102
}
 70
     0
280
     1
281
     0
  0
BLOCK_RECORD
  5
CEF
102
{ACAD_REACTORS
330
D59
102
}
330
1
100
AcDbSymbolTableRecord
100
AcDbBlockTableRecord
  2
*U48
340
0
102
{BLKREFS
331
B66
102
}
 70
     0
280
     1
281
     1
  0
BLOCK_RECORD
  5
D0B
330
1
100
AcDbSymbolTableRecord
100
AcDbBlockTableRecord
  2
*U49
340
0
102
{BLKREFS
102
}
 70
     0
280
     1
281
     0
  0
BLOCK_RECORD
  5
D28
330
1
100
AcDbSymbolTableRecord
100
AcDbBlockTableRecord
  2
*U51
340
0
102
{BLKREFS
102
}
 70
     0
280
     1
281
     0
  0
BLOCK_RECORD
  5
256A
102
{ACAD_XDICTIONARY
360
256C
102
}
330
1
100
AcDbSymbolTableRecord
100
AcDbBlockTableRecord
  2
A$Cbf273f94
340
0
 70
     4
280
     1
281
     0
  0
BLOCK_RECORD
  5
25A5
102
{ACAD_XDICTIONARY
360
25A9
102
}
330
1
100
AcDbSymbolTableRecord
100
AcDbBlockTableRecord
  2
A$C7f0d8964
340
0
 70
     4
280
     1
281
     0
  0
ENDTAB
  0
ENDSEC
  0
SECTION
  2
BLOCKS
  0
BLOCK
  5
20
330
1F
100
AcDbEntity
  8
0
100
AcDbBlockBegin
  2
*Model_Space
 70
     0
 10
0.0
 20
0.0
 30
0.0
  3
*Model_Space
  1

  0
ENDBLK
  5
21
330
1F
100
AcDbEntity
  8
0
100
AcDbBlockEnd
  0
BLOCK
  5
D4
330
D2
100
AcDbEntity
 67
     1
  8
0
100
AcDbBlockBegin
  2
*Paper_Space
 70
     0
 10
0.0
 20
0.0
 30
0.0
  3
*Paper_Space
  1

  0
ENDBLK
  5
D5
330
D2
100
AcDbEntity
 67
     1
  8
0
100
AcDbBlockEnd
  0
BLOCK
  5
D8
330
D6
100
AcDbEntity
 67
     1
  8
0
100
AcDbBlockBegin
  2
*Paper_Space0
 70
     0
 10
0.0
 20
0.0
 30
0.0
  3
*Paper_Space0
  1

  0
VIEWPORT
  5
859
102
{ACAD_XDICTIONARY
360
85A
102
}
330
D6
100
AcDbEntity
 67
     1
  8
0
100
AcDbViewport
 10
129.1949338913172
 20
97.04642991365059
 30
0.0
 40
577.5883073755724
 41
224.6682077508132
 68
     0
 69
     0
 12
129.1949338913172
 22
97.04642991365059
 13
0.0
 23
0.0
 14
10.0
 24
10.0
 15
10.0
 25
10.0
 16
0.0
 26
0.0
 36
1.0
 17
0.0
 27
0.0
 37
0.0
 42
50.0
 43
0.0
 44
0.0
 45
224.6682077508132
 50
0.0
 51
0.0
 72
  1000
 90
   819232
  1

281
     0
 71
     1
 74
     0
110
0.0
120
0.0
130
0.0
111
1.0
121
0.0
131
0.0
112
0.0
122
1.0
132
0.0
 79
     0
146
0.0
170
     0
 61
     5
348
F5
292
     1
282
     1
141
0.0
142
0.0
 63
   250
421
  3355443
  0
VIEWPORT
  5
85D
102
{ACAD_XDICTIONARY
360
85E
102
}
330
D6
100
AcDbEntity
 67
     1
  8
0
100
AcDbViewport
 10
128.5
 20
97.5
 30
0.0
 40
205.6
 41
156.0
 68
     0
 69
     0
 12
1435.871719155402
 22
1829.261254968967
 13
0.0
 23
0.0
 14
10.0
 24
10.0
 15
10.0
 25
10.0
 16
0.0
 26
0.0
 36
1.0
 17
0.0
 27
0.0
 37
0.0
 42
50.0
 43
0.0
 44
0.0
 45
725.3872786543045
 50
0.0
 51
0.0
 72
  1000
 90
   819808
  1

281
     0
 71
     1
 74
     0
110
0.0
120
0.0
130
0.0
111
1.0
121
0.0
131
0.0
112
0.0
122
1.0
132
0.0
 79
     0
146
0.0
170
     0
 61
     5
348
F5
292
     1
282
     1
141
0.0
142
0.0
 63
   250
421
  3355443
  0
ENDBLK
  5
D9
330
D6
100
AcDbEntity
 67
     1
  8
0
100
AcDbBlockEnd
  0
BLOCK
  5
2C4
330
2C3
100
AcDbEntity
  8
0
 62
     7
420
 16777215
100
AcDbBlockBegin
  2
*U1
 70
     1
 10
0.0
 20
0.0
 30
0.0
  3
*U1
  1

  0
INSERT
  5
2C5
330
2C3
100
AcDbEntity
  8
0
  6
ByBlock
347
ED
 62
     0
440
 16777216
370
    -2
380
     1
100
AcDbBlockReference
  2
*U4
 10
3317.034483180562
 20
1239.683694075633
 30
0.0
 50
11.93217150224645
  0
INSERT
  5
2C6
330
2C3
100
AcDbEntity
  8
0
  6
ByBlock
347
ED
 62
     0
440
 16777216
370
    -2
380
     1
100
AcDbBlockReference
  2
*U4
 10
3325.127674391718
 20
1239.599936608847
 30
0.0
 50
346.8819481927531
  0
INSERT
  5
2C7
330
2C3
100
AcDbEntity
  8
0
  6
ByBlock
347
ED
 62
     0
440
 16777216
370
    -2
380
     1
100
AcDbBlockReference
  2
*U4
 10
3332.272322122357
 20
1235.921200265344
 30
0.0
 50
315.0422283150401
  0
INSERT
  5
2C8
330
2C3
100
AcDbEntity
  8
0
  6
ByBlock
347
ED
 62
     0
440
 16777216
370
    -2
380
     1
100
AcDbBlockReference
  2
*U4
 10
3338.425912260978
 20
1230.57451022611
 30
0.0
 50
322.9847636115124
  0
INSERT
  5
2C9
330
2C3
100
AcDbEntity
  8
0
  6
ByBlock
347
ED
 62
     0
440
 16777216
370
    -2
380
     1
100
AcDbBlockReference
  2
*U4
 10
3345.259276750277
 20
1226.12941228274
 30
0.0
 50
330.9272989079846
  0
INSERT
  5
2CA
330
2C3
100
AcDbEntity
  8
0
  6
ByBlock
347
ED
 62
     0
440
 16777216
370
    -2
380
     1
100
AcDbBlockReference
  2
*U4
 10
3352.641312764968
 20
1222.671188714551
 30
0.0
 50
338.8698342044567
  0
INSERT
  5
2CB
330
2C3
100
AcDbEntity
  8
0
  6
ByBlock
347
ED
 62
     0
440
 16777216
370
    -2
380
     1
100
AcDbBlockReference
  2
*U4
 10
3360.43039083696
 20
1220.266187933219
 30
0.0
 41
0.9999999999999998
 42
0.9999999999999998
 43
0.9999999999999998
 50
346.812369500929
  0
INSERT
  5
2CC
330
2C3
100
AcDbEntity
  8
0
  6
ByBlock
347
ED
 62
     0
440
 16777216
370
    -2
380
     1
100
AcDbBlockReference
  2
*U4
 10
3368.477072114682
 20
1218.960551542596
 30
0.0
 50
354.7549047974012
  0
INSERT
  5
2CD
330
2C3
100
AcDbEntity
  8
0
  6
ByBlock
347
ED
 62
     0
440
 16777216
370
    -2
380
     1
100
AcDbBlockReference
  2
*U4
 10
3376.621186112038
 20
1218.482897395722
 30
0.0
 50
356.8283279256142
  0
INSERT
  5
2CE
330
2C3
100
AcDbEntity
  8
0
  6
ByBlock
347
ED
 62
     0
440
 16777216
370
    -2
380
     1
100
AcDbBlockReference
  2
*U4
 10
3384.767138048364
 20
1218.031507940352
 30
0.0
 50
356.8283279256142
  0
INSERT
  5
2CF
330
2C3
100
AcDbEntity
  8
0
  6
ByBlock
347
ED
 62
     0
440
 16777216
370
    -2
380
     1
100
AcDbBlockReference
  2
*U4
 10
3392.913089984691
 20
1217.580118484981
 30
0.0
 50
356.8283279256142
  0
INSERT
  5
2D0
330
2C3
100
AcDbEntity
  8
0
  6
ByBlock
347
ED
 62
     0
440
 16777216
370
    -2
380
     1
100
AcDbBlockReference
  2
*U4
 10
3401.059041921018
 20
1217.128729029611
 30
0.0
 50
356.8283279256142
  0
INSERT
  5
2D1
330
2C3
100
AcDbEntity
  8
0
  6
ByBlock
347
ED
 62
     0
440
 16777216
370
    -2
380
     1
100
AcDbBlockReference
  2
*U4
 10
3409.204993857346
 20
1216.677339574241
 30
0.0
 50
356.8283279256142
  0
INSERT
  5
2D2
330
2C3
100
AcDbEntity
  8
0
  6
ByBlock
347
ED
 62
     0
440
 16777216
370
    -2
380
     1
100
AcDbBlockReference
  2
*U4
 10
3417.350945793672
 20
1216.225950118871
 30
0.0
 50
356.8283279256142
  0
INSERT
  5
2D3
330
2C3
100
AcDbEntity
  8
0
  6
ByBlock
347
ED
 62
     0
440
 16777216
370
    -2
380
     1
100
AcDbBlockReference
  2
*U4
 10
3425.496897729999
 20
1215.774560663501
 30
0.0
 50
356.8283279256142
  0
INSERT
  5
2D4
330
2C3
100
AcDbEntity
  8
0
  6
ByBlock
347
ED
 62
     0
440
 16777216
370
    -2
380
     1
100
AcDbBlockReference
  2
*U4
 10
3433.642849666326
 20
1215.323171208131
 30
0.0
 50
356.8283279256142
  0
INSERT
  5
2D5
330
2C3
100
AcDbEntity
  8
0
  6
ByBlock
347
ED
 62
     0
440
 16777216
370
    -2
380
     1
100
AcDbBlockReference
  2
*U4
 10
3441.788801602652
 20
1214.871781752761
 30
0.0
 50
356.8283279256142
  0
INSERT
  5
2D6
330
2C3
100
AcDbEntity
  8
0
  6
ByBlock
347
ED
 62
     0
440
 16777216
370
    -2
380
     1
100
AcDbBlockReference
  2
*U4
 10
3449.932730222275
 20
1214.390582670816
 30
0.0
 50
354.851536258225
  0
INSERT
  5
2D7
330
2C3
100
AcDbEntity
  8
0
  6
ByBlock
347
ED
 62
     0
440
 16777216
370
    -2
380
     1
100
AcDbBlockReference
  2
*U4
 10
3457.976529220339
 20
1213.071342381008
 30
0.0
 41
1.0
 42
1.0
 43
1.0
 50
346.5204716475162
  0
INSERT
  5
2D8
330
2C3
100
AcDbEntity
  8
0
  6
ByBlock
347
ED
 62
     0
440
 16777216
370
    -2
380
     1
100
AcDbBlockReference
  2
*U4
 10
3465.744296775144
 20
1210.600535938162
 30
0.0
 50
338.1894070368076
  0
INSERT
  5
2D9
330
2C3
100
AcDbEntity
  8
0
  6
ByBlock
347
ED
 62
     0
440
 16777216
370
    -2
380
     1
100
AcDbBlockReference
  2
*U4
 10
3473.072092235761
 20
1207.030310321921
 30
0.0
 50
329.858342426099
  0
INSERT
  5
2DA
330
2C3
100
AcDbEntity
  8
0
  6
ByBlock
347
ED
 62
     0
440
 16777216
370
    -2
380
     1
100
AcDbBlockReference
  2
*U4
 10
3479.80526067087
 20
1202.436016024865
 30
0.0
 50
321.5272778153904
  0
INSERT
  5
2DB
330
2C3
100
AcDbEntity
  8
0
  6
ByBlock
347
ED
 62
     0
440
 16777216
370
    -2
380
     1
100
AcDbBlockReference
  2
*U4
 10
3485.801696899247
 20
1196.91461676177
 30
0.0
 50
313.1962132046817
  0
INSERT
  5
2DC
330
2C3
100
AcDbEntity
  8
0
  6
ByBlock
347
ED
 62
     0
440
 16777216
370
    -2
380
     1
100
AcDbBlockReference
  2
*U4
 10
3490.93484465468
 20
1190.58264302648
 30
0.0
 41
0.9999999999999998
 42
0.9999999999999998
 43
0.9999999999999998
 50
304.8651485939732
  0
INSERT
  5
2DD
330
2C3
100
AcDbEntity
  8
0
  6
ByBlock
347
ED
 62
     0
440
 16777216
370
    -2
380
     1
100
AcDbBlockReference
  2
*U4
 10
3495.096367587193
 20
1183.573732687086
 30
0.0
 50
296.5340839832645
  0
ENDBLK
  5
2DE
330
2C3
100
AcDbEntity
  8
0
 62
     7
420
 16777215
100
AcDbBlockEnd
  0
BLOCK
  5
2E0
330
2DF
100
AcDbEntity
  8
0
 62
     7
420
 16777215
100
AcDbBlockBegin
  2
*U2
 70
     1
 10
0.0
 20
0.0
 30
0.0
  3
*U2
  1

  0
CIRCLE
  5
2E1
330
2DF
100
AcDbEntity
  8
0
 62
     7
420
 16777215
100
AcDbCircle
 10
0.4637085949370544
 20
-0.0057624708250025
 30
0.0
 40
0.75
  0
ENDBLK
  5
2E2
330
2DF
100
AcDbEntity
  8
0
 62
     7
420
 16777215
100
AcDbBlockEnd
  0
BLOCK
  5
2E4
330
2E3
100
AcDbEntity
  8
0
 62
     7
420
 16777215
100
AcDbBlockBegin
  2
*U3
 70
     1
 10
0.0
 20
0.0
 30
0.0
  3
*U3
  1

  0
INSERT
  5
2E5
330
2E3
100
AcDbEntity
  8
0
  6
ByBlock
347
ED
 62
     0
440
 16777216
370
    -2
380
     1
100
AcDbBlockReference
  2
*U2
 10
3264.960237582887
 20
1161.937086072492
 30
0.0
 50
11.93217150224784
  0
INSERT
  5
2E6
330
2E3
100
AcDbEntity
  8
0
  6
ByBlock
347
ED
 62
     0
440
 16777216
370
    -2
380
     1
100
AcDbBlockReference
  2
*U2
 10
3273.053428794043
 20
1161.853328605705
 30
0.0
 50
346.881948192753
  0
INSERT
  5
2E7
330
2E3
100
AcDbEntity
  8
0
  6
ByBlock
347
ED
 62
     0
440
 16777216
370
    -2
380
     1
100
AcDbBlockReference
  2
*U2
 10
3280.198076524681
 20
1158.174592262203
 30
0.0
 50
315.0422283150399
  0
INSERT
  5
2E8
330
2E3
100
AcDbEntity
  8
0
  6
ByBlock
347
ED
 62
     0
440
 16777216
370
    -2
380
     1
100
AcDbBlockReference
  2
*U2
 10
3286.351666663303
 20
1152.827902222968
 30
0.0
 50
322.9847636115122
  0
INSERT
  5
2E9
330
2E3
100
AcDbEntity
  8
0
  6
ByBlock
347
ED
 62
     0
440
 16777216
370
    -2
380
     1
100
AcDbBlockReference
  2
*U2
 10
3293.185031152602
 20
1148.382804279598
 30
0.0
 41
0.9999999999999998
 42
0.9999999999999998
 43
0.9999999999999998
 50
330.9272989079845
  0
INSERT
  5
2EA
330
2E3
100
AcDbEntity
  8
0
  6
ByBlock
347
ED
 62
     0
440
 16777216
370
    -2
380
     1
100
AcDbBlockReference
  2
*U2
 10
3300.567067167293
 20
1144.92458071141
 30
0.0
 50
338.8698342044566
  0
INSERT
  5
2EB
330
2E3
100
AcDbEntity
  8
0
  6
ByBlock
347
ED
 62
     0
440
 16777216
370
    -2
380
     1
100
AcDbBlockReference
  2
*U2
 10
3308.356145239284
 20
1142.519579930077
 30
0.0
 50
346.8123695009288
  0
INSERT
  5
2EC
330
2E3
100
AcDbEntity
  8
0
  6
ByBlock
347
ED
 62
     0
440
 16777216
370
    -2
380
     1
100
AcDbBlockReference
  2
*U2
 10
3316.402826517007
 20
1141.213943539455
 30
0.0
 50
354.7549047974011
  0
INSERT
  5
2ED
330
2E3
100
AcDbEntity
  8
0
  6
ByBlock
347
ED
 62
     0
440
 16777216
370
    -2
380
     1
100
AcDbBlockReference
  2
*U2
 10
3324.546940514363
 20
1140.73628939258
 30
0.0
 41
1.0
 42
1.0
 43
1.0
 50
356.8283279256148
  0
INSERT
  5
2EE
330
2E3
100
AcDbEntity
  8
0
  6
ByBlock
347
ED
 62
     0
440
 16777216
370
    -2
380
     1
100
AcDbBlockReference
  2
*U2
 10
3332.69289245069
 20
1140.28489993721
 30
0.0
 41
1.0
 42
1.0
 43
1.0
 50
356.8283279256148
  0
INSERT
  5
2EF
330
2E3
100
AcDbEntity
  8
0
  6
ByBlock
347
ED
 62
     0
440
 16777216
370
    -2
380
     1
100
AcDbBlockReference
  2
*U2
 10
3340.838844387015
 20
1139.833510481841
 30
0.0
 50
356.8283279256143
  0
INSERT
  5
2F0
330
2E3
100
AcDbEntity
  8
0
  6
ByBlock
347
ED
 62
     0
440
 16777216
370
    -2
380
     1
100
AcDbBlockReference
  2
*U2
 10
3348.984796323343
 20
1139.38212102647
 30
0.0
 41
1.0
 42
1.0
 43
1.0
 50
356.8283279256148
  0
INSERT
  5
2F1
330
2E3
100
AcDbEntity
  8
0
  6
ByBlock
347
ED
 62
     0
440
 16777216
370
    -2
380
     1
100
AcDbBlockReference
  2
*U2
 10
3357.13074825967
 20
1138.930731571099
 30
0.0
 41
1.0
 42
1.0
 43
1.0
 50
356.8283279256148
  0
INSERT
  5
2F2
330
2E3
100
AcDbEntity
  8
0
  6
ByBlock
347
ED
 62
     0
440
 16777216
370
    -2
380
     1
100
AcDbBlockReference
  2
*U2
 10
3365.276700195997
 20
1138.479342115729
 30
0.0
 41
1.0
 42
1.0
 43
1.0
 50
356.8283279256148
  0
INSERT
  5
2F3
330
2E3
100
AcDbEntity
  8
0
  6
ByBlock
347
ED
 62
     0
440
 16777216
370
    -2
380
     1
100
AcDbBlockReference
  2
*U2
 10
3373.422652132323
 20
1138.02795266036
 30
0.0
 50
356.8283279256143
  0
INSERT
  5
2F4
330
2E3
100
AcDbEntity
  8
0
  6
ByBlock
347
ED
 62
     0
440
 16777216
370
    -2
380
     1
100
AcDbBlockReference
  2
*U2
 10
3381.568604068651
 20
1137.576563204989
 30
0.0
 41
1.0
 42
1.0
 43
1.0
 50
356.8283279256148
  0
INSERT
  5
2F5
330
2E3
100
AcDbEntity
  8
0
  6
ByBlock
347
ED
 62
     0
440
 16777216
370
    -2
380
     1
100
AcDbBlockReference
  2
*U2
 10
3389.714556004978
 20
1137.125173749619
 30
0.0
 41
1.0
 42
1.0
 43
1.0
 50
356.8283279256148
  0
INSERT
  5
2F6
330
2E3
100
AcDbEntity
  8
0
  6
ByBlock
347
ED
 62
     0
440
 16777216
370
    -2
380
     1
100
AcDbBlockReference
  2
*U2
 10
3397.8584846246
 20
1136.643974667674
 30
0.0
 50
354.8515362582243
  0
INSERT
  5
2F7
330
2E3
100
AcDbEntity
  8
0
  6
ByBlock
347
ED
 62
     0
440
 16777216
370
    -2
380
     1
100
AcDbBlockReference
  2
*U2
 10
3405.902283622664
 20
1135.324734377866
 30
0.0
 41
1.0
 42
1.0
 43
1.0
 50
346.5204716475158
  0
INSERT
  5
2F8
330
2E3
100
AcDbEntity
  8
0
  6
ByBlock
347
ED
 62
     0
440
 16777216
370
    -2
380
     1
100
AcDbBlockReference
  2
*U2
 10
3413.670051177469
 20
1132.85392793502
 30
0.0
 50
338.1894070368073
  0
INSERT
  5
2F9
330
2E3
100
AcDbEntity
  8
0
  6
ByBlock
347
ED
 62
     0
440
 16777216
370
    -2
380
     1
100
AcDbBlockReference
  2
*U2
 10
3420.997846638086
 20
1129.283702318779
 30
0.0
 50
329.8583424260988
  0
INSERT
  5
2FA
330
2E3
100
AcDbEntity
  8
0
  6
ByBlock
347
ED
 62
     0
440
 16777216
370
    -2
380
     1
100
AcDbBlockReference
  2
*U2
 10
3427.731015073195
 20
1124.689408021723
 30
0.0
 50
321.5272778153903
  0
INSERT
  5
2FB
330
2E3
100
AcDbEntity
  8
0
  6
ByBlock
347
ED
 62
     0
440
 16777216
370
    -2
380
     1
100
AcDbBlockReference
  2
*U2
 10
3433.727451301571
 20
1119.168008758628
 30
0.0
 50
313.1962132046817
  0
INSERT
  5
2FC
330
2E3
100
AcDbEntity
  8
0
  6
ByBlock
347
ED
 62
     0
440
 16777216
370
    -2
380
     1
100
AcDbBlockReference
  2
*U2
 10
3438.860599057004
 20
1112.836035023338
 30
0.0
 50
304.8651485939732
  0
INSERT
  5
2FD
330
2E3
100
AcDbEntity
  8
0
  6
ByBlock
347
ED
 62
     0
440
 16777216
370
    -2
380
     1
100
AcDbBlockReference
  2
*U2
 10
3443.022121989518
 20
1105.827124683943
 30
0.0
 50
296.5340839832646
  0
ENDBLK
  5
2FE
330
2E3
100
AcDbEntity
  8
0
 62
     7
420
 16777215
100
AcDbBlockEnd
  0
BLOCK
  5
300
330
2FF
100
AcDbEntity
  8
0
 62
     7
420
 16777215
100
AcDbBlockBegin
  2
*U4
 70
     1
 10
0.0
 20
0.0
 30
0.0
  3
*U4
  1

  0
CIRCLE
  5
301
330
2FF
100
AcDbEntity
  8
0
 62
     7
420
 16777215
100
AcDbCircle
 10
0.4637085949370544
 20
-0.0057624708250025
 30
0.0
 40
0.75
  0
ENDBLK
  5
302
330
2FF
100
AcDbEntity
  8
0
 62
     7
420
 16777215
100
AcDbBlockEnd
  0
BLOCK
  5
304
330
303
100
AcDbEntity
  8
0
 62
     7
420
 16777215
100
AcDbBlockBegin
  2
*U5
 70
     1
 10
0.0
 20
0.0
 30
0.0
  3
*U5
  1

  0
INSERT
  5
305
330
303
100
AcDbEntity
  8
0
  6
ByBlock
347
ED
 62
     0
440
 16777216
370
    -2
380
     1
100
AcDbBlockReference
  2
*U8
 10
3317.034483180562
 20
1239.683694075633
 30
0.0
 50
11.93217150224645
  0
INSERT
  5
306
330
303
100
AcDbEntity
  8
0
  6
ByBlock
347
ED
 62
     0
440
 16777216
370
    -2
380
     1
100
AcDbBlockReference
  2
*U8
 10
3325.127674391718
 20
1239.599936608847
 30
0.0
 50
346.8819481927531
  0
INSERT
  5
307
330
303
100
AcDbEntity
  8
0
  6
ByBlock
347
ED
 62
     0
440
 16777216
370
    -2
380
     1
100
AcDbBlockReference
  2
*U8
 10
3332.272322122357
 20
1235.921200265344
 30
0.0
 50
315.0422283150401
  0
INSERT
  5
308
330
303
100
AcDbEntity
  8
0
  6
ByBlock
347
ED
 62
     0
440
 16777216
370
    -2
380
     1
100
AcDbBlockReference
  2
*U8
 10
3338.425912260978
 20
1230.57451022611
 30
0.0
 50
322.9847636115124
  0
INSERT
  5
309
330
303
100
AcDbEntity
  8
0
  6
ByBlock
347
ED
 62
     0
440
 16777216
370
    -2
380
     1
100
AcDbBlockReference
  2
*U8
 10
3345.259276750277
 20
1226.12941228274
 30
0.0
 50
330.9272989079846
  0
INSERT
  5
30A
330
303
100
AcDbEntity
  8
0
  6
ByBlock
347
ED
 62
     0
440
 16777216
370
    -2
380
     1
100
AcDbBlockReference
  2
*U8
 10
3352.641312764968
 20
1222.671188714551
 30
0.0
 50
338.8698342044567
  0
INSERT
  5
30B
330
303
100
AcDbEntity
  8
0
  6
ByBlock
347
ED
 62
     0
440
 16777216
370
    -2
380
     1
100
AcDbBlockReference
  2
*U8
 10
3360.43039083696
 20
1220.266187933219
 30
0.0
 41
0.9999999999999998
 42
0.9999999999999998
 43
0.9999999999999998
 50
346.812369500929
  0
INSERT
  5
30C
330
303
100
AcDbEntity
  8
0
  6
ByBlock
347
ED
 62
     0
440
 16777216
370
    -2
380
     1
100
AcDbBlockReference
  2
*U8
 10
3368.477072114682
 20
1218.960551542596
 30
0.0
 50
354.7549047974012
  0
INSERT
  5
30D
330
303
100
AcDbEntity
  8
0
  6
ByBlock
347
ED
 62
     0
440
 16777216
370
    -2
380
     1
100
AcDbBlockReference
  2
*U8
 10
3376.621186112038
 20
1218.482897395722
 30
0.0
 50
356.8283279256142
  0
INSERT
  5
30E
330
303
100
AcDbEntity
  8
0
  6
ByBlock
347
ED
 62
     0
440
 16777216
370
    -2
380
     1
100
AcDbBlockReference
  2
*U8
 10
3384.767138048364
 20
1218.031507940352
 30
0.0
 50
356.8283279256142
  0
INSERT
  5
30F
330
303
100
AcDbEntity
  8
0
  6
ByBlock
347
ED
 62
     0
440
 16777216
370
    -2
380
     1
100
AcDbBlockReference
  2
*U8
 10
3392.913089984691
 20
1217.580118484981
 30
0.0
 50
356.8283279256142
  0
INSERT
  5
310
330
303
100
AcDbEntity
  8
0
  6
ByBlock
347
ED
 62
     0
440
 16777216
370
    -2
380
     1
100
AcDbBlockReference
  2
*U8
 10
3401.059041921018
 20
1217.128729029611
 30
0.0
 50
356.8283279256142
  0
INSERT
  5
311
330
303
100
AcDbEntity
  8
0
  6
ByBlock
347
ED
 62
     0
440
 16777216
370
    -2
380
     1
100
AcDbBlockReference
  2
*U8
 10
3409.204993857346
 20
1216.677339574241
 30
0.0
 50
356.8283279256142
  0
INSERT
  5
312
330
303
100
AcDbEntity
  8
0
  6
ByBlock
347
ED
 62
     0
440
 16777216
370
    -2
380
     1
100
AcDbBlockReference
  2
*U8
 10
3417.350945793672
 20
1216.225950118871
 30
0.0
 50
356.8283279256142
  0
INSERT
  5
313
330
303
100
AcDbEntity
  8
0
  6
ByBlock
347
ED
 62
     0
440
 16777216
370
    -2
380
     1
100
AcDbBlockReference
  2
*U8
 10
3425.496897729999
 20
1215.774560663501
 30
0.0
 50
356.8283279256142
  0
INSERT
  5
314
330
303
100
AcDbEntity
  8
0
  6
ByBlock
347
ED
 62
     0
440
 16777216
370
    -2
380
     1
100
AcDbBlockReference
  2
*U8
 10
3433.642849666326
 20
1215.323171208131
 30
0.0
 50
356.8283279256142
  0
INSERT
  5
315
330
303
100
AcDbEntity
  8
0
  6
ByBlock
347
ED
 62
     0
440
 16777216
370
    -2
380
     1
100
AcDbBlockReference
  2
*U8
 10
3441.788801602652
 20
1214.871781752761
 30
0.0
 50
356.8283279256142
  0
INSERT
  5
316
330
303
100
AcDbEntity
  8
0
  6
ByBlock
347
ED
 62
     0
440
 16777216
370
    -2
380
     1
100
AcDbBlockReference
  2
*U8
 10
3449.932730222275
 20
1214.390582670816
 30
0.0
 50
354.851536258225
  0
INSERT
  5
317
330
303
100
AcDbEntity
  8
0
  6
ByBlock
347
ED
 62
     0
440
 16777216
370
    -2
380
     1
100
AcDbBlockReference
  2
*U8
 10
3457.976529220339
 20
1213.071342381008
 30
0.0
 41
1.0
 42
1.0
 43
1.0
 50
346.5204716475162
  0
INSERT
  5
318
330
303
100
AcDbEntity
  8
0
  6
ByBlock
347
ED
 62
     0
440
 16777216
370
    -2
380
     1
100
AcDbBlockReference
  2
*U8
 10
3465.744296775144
 20
1210.600535938162
 30
0.0
 50
338.1894070368076
  0
INSERT
  5
319
330
303
100
AcDbEntity
  8
0
  6
ByBlock
347
ED
 62
     0
440
 16777216
370
    -2
380
     1
100
AcDbBlockReference
  2
*U8
 10
3473.072092235761
 20
1207.030310321921
 30
0.0
 50
329.858342426099
  0
INSERT
  5
31A
330
303
100
AcDbEntity
  8
0
  6
ByBlock
347
ED
 62
     0
440
 16777216
370
    -2
380
     1
100
AcDbBlockReference
  2
*U8
 10
3479.80526067087
 20
1202.436016024865
 30
0.0
 50
321.5272778153904
  0
INSERT
  5
31B
330
303
100
AcDbEntity
  8
0
  6
ByBlock
347
ED
 62
     0
440
 16777216
370
    -2
380
     1
100
AcDbBlockReference
  2
*U8
 10
3485.801696899247
 20
1196.91461676177
 30
0.0
 50
313.1962132046817
  0
INSERT
  5
31C
330
303
100
AcDbEntity
  8
0
  6
ByBlock
347
ED
 62
     0
440
 16777216
370
    -2
380
     1
100
AcDbBlockReference
  2
*U8
 10
3490.93484465468
 20
1190.58264302648
 30
0.0
 41
0.9999999999999998
 42
0.9999999999999998
 43
0.9999999999999998
 50
304.8651485939732
  0
INSERT
  5
31D
330
303
100
AcDbEntity
  8
0
  6
ByBlock
347
ED
 62
     0
440
 16777216
370
    -2
380
     1
100
AcDbBlockReference
  2
*U8
 10
3495.096367587193
 20
1183.573732687086
 30
0.0
 50
296.5340839832645
  0
ENDBLK
  5
31E
330
303
100
AcDbEntity
  8
0
 62
     7
420
 16777215
100
AcDbBlockEnd
  0
BLOCK
  5
320
330
31F
100
AcDbEntity
  8
0
 62
     7
420
 16777215
100
AcDbBlockBegin
  2
*U6
 70
     1
 10
0.0
 20
0.0
 30
0.0
  3
*U6
  1

  0
CIRCLE
  5
321
330
31F
100
AcDbEntity
  8
0
 62
     7
420
 16777215
100
AcDbCircle
 10
0.4637085949370544
 20
-0.0057624708250025
 30
0.0
 40
0.75
  0
ENDBLK
  5
322
330
31F
100
AcDbEntity
  8
0
 62
     7
420
 16777215
100
AcDbBlockEnd
  0
BLOCK
  5
324
330
323
100
AcDbEntity
  8
0
 62
     7
420
 16777215
100
AcDbBlockBegin
  2
*U7
 70
     1
 10
0.0
 20
0.0
 30
0.0
  3
*U7
  1

  0
INSERT
  5
325
330
323
100
AcDbEntity
  8
0
  6
ByBlock
347
ED
 62
     0
440
 16777216
370
    -2
380
     1
100
AcDbBlockReference
  2
*U6
 10
3264.960237582887
 20
1161.937086072492
 30
0.0
 50
11.93217150224784
  0
INSERT
  5
326
330
323
100
AcDbEntity
  8
0
  6
ByBlock
347
ED
 62
     0
440
 16777216
370
    -2
380
     1
100
AcDbBlockReference
  2
*U6
 10
3273.053428794043
 20
1161.853328605705
 30
0.0
 50
346.881948192753
  0
INSERT
  5
327
330
323
100
AcDbEntity
  8
0
  6
ByBlock
347
ED
 62
     0
440
 16777216
370
    -2
380
     1
100
AcDbBlockReference
  2
*U6
 10
3280.198076524681
 20
1158.174592262203
 30
0.0
 50
315.0422283150399
  0
INSERT
  5
328
330
323
100
AcDbEntity
  8
0
  6
ByBlock
347
ED
 62
     0
440
 16777216
370
    -2
380
     1
100
AcDbBlockReference
  2
*U6
 10
3286.351666663303
 20
1152.827902222968
 30
0.0
 50
322.9847636115122
  0
INSERT
  5
329
330
323
100
AcDbEntity
  8
0
  6
ByBlock
347
ED
 62
     0
440
 16777216
370
    -2
380
     1
100
AcDbBlockReference
  2
*U6
 10
3293.185031152602
 20
1148.382804279598
 30
0.0
 41
0.9999999999999998
 42
0.9999999999999998
 43
0.9999999999999998
 50
330.9272989079845
  0
INSERT
  5
32A
330
323
100
AcDbEntity
  8
0
  6
ByBlock
347
ED
 62
     0
440
 16777216
370
    -2
380
     1
100
AcDbBlockReference
  2
*U6
 10
3300.567067167293
 20
1144.92458071141
 30
0.0
 50
338.8698342044566
  0
INSERT
  5
32B
330
323
100
AcDbEntity
  8
0
  6
ByBlock
347
ED
 62
     0
440
 16777216
370
    -2
380
     1
100
AcDbBlockReference
  2
*U6
 10
3308.356145239284
 20
1142.519579930077
 30
0.0
 50
346.8123695009288
  0
INSERT
  5
32C
330
323
100
AcDbEntity
  8
0
  6
ByBlock
347
ED
 62
     0
440
 16777216
370
    -2
380
     1
100
AcDbBlockReference
  2
*U6
 10
3316.402826517007
 20
1141.213943539455
 30
0.0
 50
354.7549047974011
  0
INSERT
  5
32D
330
323
100
AcDbEntity
  8
0
  6
ByBlock
347
ED
 62
     0
440
 16777216
370
    -2
380
     1
100
AcDbBlockReference
  2
*U6
 10
3324.546940514363
 20
1140.73628939258
 30
0.0
 41
1.0
 42
1.0
 43
1.0
 50
356.8283279256148
  0
INSERT
  5
32E
330
323
100
AcDbEntity
  8
0
  6
ByBlock
347
ED
 62
     0
440
 16777216
370
    -2
380
     1
100
AcDbBlockReference
  2
*U6
 10
3332.69289245069
 20
1140.28489993721
 30
0.0
 41
1.0
 42
1.0
 43
1.0
 50
356.8283279256148
  0
INSERT
  5
32F
330
323
100
AcDbEntity
  8
0
  6
ByBlock
347
ED
 62
     0
440
 16777216
370
    -2
380
     1
100
AcDbBlockReference
  2
*U6
 10
3340.838844387015
 20
1139.833510481841
 30
0.0
 50
356.8283279256143
  0
INSERT
  5
330
330
323
100
AcDbEntity
  8
0
  6
ByBlock
347
ED
 62
     0
440
 16777216
370
    -2
380
     1
100
AcDbBlockReference
  2
*U6
 10
3348.984796323343
 20
1139.38212102647
 30
0.0
 41
1.0
 42
1.0
 43
1.0
 50
356.8283279256148
  0
INSERT
  5
331
330
323
100
AcDbEntity
  8
0
  6
ByBlock
347
ED
 62
     0
440
 16777216
370
    -2
380
     1
100
AcDbBlockReference
  2
*U6
 10
3357.13074825967
 20
1138.930731571099
 30
0.0
 41
1.0
 42
1.0
 43
1.0
 50
356.8283279256148
  0
INSERT
  5
332
330
323
100
AcDbEntity
  8
0
  6
ByBlock
347
ED
 62
     0
440
 16777216
370
    -2
380
     1
100
AcDbBlockReference
  2
*U6
 10
3365.276700195997
 20
1138.479342115729
 30
0.0
 41
1.0
 42
1.0
 43
1.0
 50
356.8283279256148
  0
INSERT
  5
333
330
323
100
AcDbEntity
  8
0
  6
ByBlock
347
ED
 62
     0
440
 16777216
370
    -2
380
     1
100
AcDbBlockReference
  2
*U6
 10
3373.422652132323
 20
1138.02795266036
 30
0.0
 50
356.8283279256143
  0
INSERT
  5
334
330
323
100
AcDbEntity
  8
0
  6
ByBlock
347
ED
 62
     0
440
 16777216
370
    -2
380
     1
100
AcDbBlockReference
  2
*U6
 10
3381.568604068651
 20
1137.576563204989
 30
0.0
 41
1.0
 42
1.0
 43
1.0
 50
356.8283279256148
  0
INSERT
  5
335
330
323
100
AcDbEntity
  8
0
  6
ByBlock
347
ED
 62
     0
440
 16777216
370
    -2
380
     1
100
AcDbBlockReference
  2
*U6
 10
3389.714556004978
 20
1137.125173749619
 30
0.0
 41
1.0
 42
1.0
 43
1.0
 50
356.8283279256148
  0
INSERT
  5
336
330
323
100
AcDbEntity
  8
0
  6
ByBlock
347
ED
 62
     0
440
 16777216
370
    -2
380
     1
100
AcDbBlockReference
  2
*U6
 10
3397.8584846246
 20
1136.643974667674
 30
0.0
 50
354.8515362582243
  0
INSERT
  5
337
330
323
100
AcDbEntity
  8
0
  6
ByBlock
347
ED
 62
     0
440
 16777216
370
    -2
380
     1
100
AcDbBlockReference
  2
*U6
 10
3405.902283622664
 20
1135.324734377866
 30
0.0
 41
1.0
 42
1.0
 43
1.0
 50
346.5204716475158
  0
INSERT
  5
338
330
323
100
AcDbEntity
  8
0
  6
ByBlock
347
ED
 62
     0
440
 16777216
370
    -2
380
     1
100
AcDbBlockReference
  2
*U6
 10
3413.670051177469
 20
1132.85392793502
 30
0.0
 50
338.1894070368073
  0
INSERT
  5
339
330
323
100
AcDbEntity
  8
0
  6
ByBlock
347
ED
 62
     0
440
 16777216
370
    -2
380
     1
100
AcDbBlockReference
  2
*U6
 10
3420.997846638086
 20
1129.283702318779
 30
0.0
 50
329.8583424260988
  0
INSERT
  5
33A
330
323
100
AcDbEntity
  8
0
  6
ByBlock
347
ED
 62
     0
440
 16777216
370
    -2
380
     1
100
AcDbBlockReference
  2
*U6
 10
3427.731015073195
 20
1124.689408021723
 30
0.0
 50
321.5272778153903
  0
INSERT
  5
33B
330
323
100
AcDbEntity
  8
0
  6
ByBlock
347
ED
 62
     0
440
 16777216
370
    -2
380
     1
100
AcDbBlockReference
  2
*U6
 10
3433.727451301571
 20
1119.168008758628
 30
0.0
 50
313.1962132046817
  0
INSERT
  5
33C
330
323
100
AcDbEntity
  8
0
  6
ByBlock
347
ED
 62
     0
440
 16777216
370
    -2
380
     1
100
AcDbBlockReference
  2
*U6
 10
3438.860599057004
 20
1112.836035023338
 30
0.0
 50
304.8651485939732
  0
INSERT
  5
33D
330
323
100
AcDbEntity
  8
0
  6
ByBlock
347
ED
 62
     0
440
 16777216
370
    -2
380
     1
100
AcDbBlockReference
  2
*U6
 10
3443.022121989518
 20
1105.827124683943
 30
0.0
 50
296.5340839832646
  0
ENDBLK
  5
33E
330
323
100
AcDbEntity
  8
0
 62
     7
420
 16777215
100
AcDbBlockEnd
  0
BLOCK
  5
340
330
33F
100
AcDbEntity
  8
0
 62
     7
420
 16777215
100
AcDbBlockBegin
  2
*U8
 70
     1
 10
0.0
 20
0.0
 30
0.0
  3
*U8
  1

  0
CIRCLE
  5
341
330
33F
100
AcDbEntity
  8
0
 62
     7
420
 16777215
100
AcDbCircle
 10
0.4637085949370544
 20
-0.0057624708250025
 30
0.0
 40
0.75
  0
ENDBLK
  5
342
330
33F
100
AcDbEntity
  8
0
 62
     7
420
 16777215
100
AcDbBlockEnd
  0
BLOCK
  5
344
330
343
100
AcDbEntity
  8
0
 62
     7
420
 16777215
100
AcDbBlockBegin
  2
*U9
 70
     1
 10
0.0
 20
0.0
 30
0.0
  3
*U9
  1

  0
CIRCLE
  5
345
330
343
100
AcDbEntity
  8
0
 62
     7
420
 16777215
100
AcDbCircle
 10
0.4637085949370544
 20
-0.0057624708250025
 30
0.0
 40
0.75
  0
ENDBLK
  5
346
330
343
100
AcDbEntity
  8
0
 62
     7
420
 16777215
100
AcDbBlockEnd
  0
BLOCK
  5
348
330
347
100
AcDbEntity
  8
0
 62
     7
420
 16777215
100
AcDbBlockBegin
  2
*U10
 70
     1
 10
0.0
 20
0.0
 30
0.0
  3
*U10
  1

  0
INSERT
  5
349
330
347
100
AcDbEntity
  8
0
  6
ByBlock
347
ED
 62
     0
440
 16777216
370
    -2
380
     1
100
AcDbBlockReference
  2
*U9
 10
3264.960237582887
 20
1161.937086072492
 30
0.0
 50
11.93217150224784
  0
INSERT
  5
34A
330
347
100
AcDbEntity
  8
0
  6
ByBlock
347
ED
 62
     0
440
 16777216
370
    -2
380
     1
100
AcDbBlockReference
  2
*U9
 10
3273.053428794043
 20
1161.853328605705
 30
0.0
 50
346.881948192753
  0
INSERT
  5
34B
330
347
100
AcDbEntity
  8
0
  6
ByBlock
347
ED
 62
     0
440
 16777216
370
    -2
380
     1
100
AcDbBlockReference
  2
*U9
 10
3280.198076524681
 20
1158.174592262203
 30
0.0
 50
315.0422283150399
  0
INSERT
  5
34C
330
347
100
AcDbEntity
  8
0
  6
ByBlock
347
ED
 62
     0
440
 16777216
370
    -2
380
     1
100
AcDbBlockReference
  2
*U9
 10
3286.351666663303
 20
1152.827902222968
 30
0.0
 50
322.9847636115122
  0
INSERT
  5
34D
330
347
100
AcDbEntity
  8
0
  6
ByBlock
347
ED
 62
     0
440
 16777216
370
    -2
380
     1
100
AcDbBlockReference
  2
*U9
 10
3293.185031152602
 20
1148.382804279598
 30
0.0
 41
0.9999999999999998
 42
0.9999999999999998
 43
0.9999999999999998
 50
330.9272989079845
  0
INSERT
  5
34E
330
347
100
AcDbEntity
  8
0
  6
ByBlock
347
ED
 62
     0
440
 16777216
370
    -2
380
     1
100
AcDbBlockReference
  2
*U9
 10
3300.567067167293
 20
1144.92458071141
 30
0.0
 50
338.8698342044566
  0
INSERT
  5
34F
330
347
100
AcDbEntity
  8
0
  6
ByBlock
347
ED
 62
     0
440
 16777216
370
    -2
380
     1
100
AcDbBlockReference
  2
*U9
 10
3308.356145239284
 20
1142.519579930077
 30
0.0
 50
346.8123695009288
  0
INSERT
  5
350
330
347
100
AcDbEntity
  8
0
  6
ByBlock
347
ED
 62
     0
440
 16777216
370
    -2
380
     1
100
AcDbBlockReference
  2
*U9
 10
3316.402826517007
 20
1141.213943539455
 30
0.0
 50
354.7549047974011
  0
INSERT
  5
351
330
347
100
AcDbEntity
  8
0
  6
ByBlock
347
ED
 62
     0
440
 16777216
370
    -2
380
     1
100
AcDbBlockReference
  2
*U9
 10
3324.546940514363
 20
1140.73628939258
 30
0.0
 41
1.0
 42
1.0
 43
1.0
 50
356.8283279256148
  0
INSERT
  5
352
330
347
100
AcDbEntity
  8
0
  6
ByBlock
347
ED
 62
     0
440
 16777216
370
    -2
380
     1
100
AcDbBlockReference
  2
*U9
 10
3332.69289245069
 20
1140.28489993721
 30
0.0
 41
1.0
 42
1.0
 43
1.0
 50
356.8283279256148
  0
INSERT
  5
353
330
347
100
AcDbEntity
  8
0
  6
ByBlock
347
ED
 62
     0
440
 16777216
370
    -2
380
     1
100
AcDbBlockReference
  2
*U9
 10
3340.838844387015
 20
1139.833510481841
 30
0.0
 50
356.8283279256143
  0
INSERT
  5
354
330
347
100
AcDbEntity
  8
0
  6
ByBlock
347
ED
 62
     0
440
 16777216
370
    -2
380
     1
100
AcDbBlockReference
  2
*U9
 10
3348.984796323343
 20
1139.38212102647
 30
0.0
 41
1.0
 42
1.0
 43
1.0
 50
356.8283279256148
  0
INSERT
  5
355
330
347
100
AcDbEntity
  8
0
  6
ByBlock
347
ED
 62
     0
440
 16777216
370
    -2
380
     1
100
AcDbBlockReference
  2
*U9
 10
3357.13074825967
 20
1138.930731571099
 30
0.0
 41
1.0
 42
1.0
 43
1.0
 50
356.8283279256148
  0
INSERT
  5
356
330
347
100
AcDbEntity
  8
0
  6
ByBlock
347
ED
 62
     0
440
 16777216
370
    -2
380
     1
100
AcDbBlockReference
  2
*U9
 10
3365.276700195997
 20
1138.479342115729
 30
0.0
 41
1.0
 42
1.0
 43
1.0
 50
356.8283279256148
  0
INSERT
  5
357
330
347
100
AcDbEntity
  8
0
  6
ByBlock
347
ED
 62
     0
440
 16777216
370
    -2
380
     1
100
AcDbBlockReference
  2
*U9
 10
3373.422652132323
 20
1138.02795266036
 30
0.0
 50
356.8283279256143
  0
INSERT
  5
358
330
347
100
AcDbEntity
  8
0
  6
ByBlock
347
ED
 62
     0
440
 16777216
370
    -2
380
     1
100
AcDbBlockReference
  2
*U9
 10
3381.568604068651
 20
1137.576563204989
 30
0.0
 41
1.0
 42
1.0
 43
1.0
 50
356.8283279256148
  0
INSERT
  5
359
330
347
100
AcDbEntity
  8
0
  6
ByBlock
347
ED
 62
     0
440
 16777216
370
    -2
380
     1
100
AcDbBlockReference
  2
*U9
 10
3389.714556004978
 20
1137.125173749619
 30
0.0
 41
1.0
 42
1.0
 43
1.0
 50
356.8283279256148
  0
INSERT
  5
35A
330
347
100
AcDbEntity
  8
0
  6
ByBlock
347
ED
 62
     0
440
 16777216
370
    -2
380
     1
100
AcDbBlockReference
  2
*U9
 10
3397.8584846246
 20
1136.643974667674
 30
0.0
 50
354.8515362582243
  0
INSERT
  5
35B
330
347
100
AcDbEntity
  8
0
  6
ByBlock
347
ED
 62
     0
440
 16777216
370
    -2
380
     1
100
AcDbBlockReference
  2
*U9
 10
3405.902283622664
 20
1135.324734377866
 30
0.0
 41
1.0
 42
1.0
 43
1.0
 50
346.5204716475158
  0
INSERT
  5
35C
330
347
100
AcDbEntity
  8
0
  6
ByBlock
347
ED
 62
     0
440
 16777216
370
    -2
380
     1
100
AcDbBlockReference
  2
*U9
 10
3413.670051177469
 20
1132.85392793502
 30
0.0
 50
338.1894070368073
  0
INSERT
  5
35D
330
347
100
AcDbEntity
  8
0
  6
ByBlock
347
ED
 62
     0
440
 16777216
370
    -2
380
     1
100
AcDbBlockReference
  2
*U9
 10
3420.997846638086
 20
1129.283702318779
 30
0.0
 50
329.8583424260988
  0
INSERT
  5
35E
330
347
100
AcDbEntity
  8
0
  6
ByBlock
347
ED
 62
     0
440
 16777216
370
    -2
380
     1
100
AcDbBlockReference
  2
*U9
 10
3427.731015073195
 20
1124.689408021723
 30
0.0
 50
321.5272778153903
  0
INSERT
  5
35F
330
347
100
AcDbEntity
  8
0
  6
ByBlock
347
ED
 62
     0
440
 16777216
370
    -2
380
     1
100
AcDbBlockReference
  2
*U9
 10
3433.727451301571
 20
1119.168008758628
 30
0.0
 50
313.1962132046817
  0
INSERT
  5
360
330
347
100
AcDbEntity
  8
0
  6
ByBlock
347
ED
 62
     0
440
 16777216
370
    -2
380
     1
100
AcDbBlockReference
  2
*U9
 10
3438.860599057004
 20
1112.836035023338
 30
0.0
 50
304.8651485939732
  0
INSERT
  5
361
330
347
100
AcDbEntity
  8
0
  6
ByBlock
347
ED
 62
     0
440
 16777216
370
    -2
380
     1
100
AcDbBlockReference
  2
*U9
 10
3443.022121989518
 20
1105.827124683943
 30
0.0
 50
296.5340839832646
  0
ENDBLK
  5
362
330
347
100
AcDbEntity
  8
0
 62
     7
420
 16777215
100
AcDbBlockEnd
  0
BLOCK
  5
364
330
363
100
AcDbEntity
  8
0
 62
     7
420
 16777215
100
AcDbBlockBegin
  2
*U11
 70
     1
 10
0.0
 20
0.0
 30
0.0
  3
*U11
  1

  0
CIRCLE
  5
365
330
363
100
AcDbEntity
  8
0
 62
     7
420
 16777215
100
AcDbCircle
 10
0.2372020655234168
 20
0.0009708925340538
 30
0.0
 40
0.75
  0
ENDBLK
  5
366
330
363
100
AcDbEntity
  8
0
 62
     7
420
 16777215
100
AcDbBlockEnd
  0
BLOCK
  5
368
330
367
100
AcDbEntity
  8
0
 62
     7
420
 16777215
100
AcDbBlockBegin
  2
*U12
 70
     1
 10
0.0
 20
0.0
 30
0.0
  3
*U12
  1

  0
INSERT
  5
369
330
367
100
AcDbEntity
  8
0
  6
ByBlock
347
ED
 62
     0
440
 16777216
370
    -2
380
     1
100
AcDbBlockReference
  2
*U11
 10
2944.642173180465
 20
1049.1229802294
 30
0.0
 50
3.791973826345949
  0
INSERT
  5
36A
330
367
100
AcDbEntity
  8
0
  6
ByBlock
347
ED
 62
     0
440
 16777216
370
    -2
380
     1
100
AcDbBlockReference
  2
*U11
 10
2952.805349359922
 20
1049.83915823131
 30
0.0
 50
5.845894925021965
  0
INSERT
  5
36B
330
367
100
AcDbEntity
  8
0
  6
ByBlock
347
ED
 62
     0
440
 16777216
370
    -2
380
     1
100
AcDbBlockReference
  2
*U11
 10
2960.9565853443
 20
1050.683438027183
 30
0.0
 41
1.0
 42
1.0
 43
1.0
 50
5.990539837267175
  0
INSERT
  5
36C
330
367
100
AcDbEntity
  8
0
  6
ByBlock
347
ED
 62
     0
440
 16777216
370
    -2
380
     1
100
AcDbBlockReference
  2
*U11
 10
2969.106516326935
 20
1051.540247656539
 30
0.0
 50
6.012483020559228
  0
INSERT
  5
36D
330
367
100
AcDbEntity
  8
0
  6
ByBlock
347
ED
 62
     0
440
 16777216
370
    -2
380
     1
100
AcDbBlockReference
  2
*U11
 10
2977.256512329163
 20
1052.396436848973
 30
0.0
 50
5.963881569841318
  0
INSERT
  5
36E
330
367
100
AcDbEntity
  8
0
  6
ByBlock
347
ED
 62
     0
440
 16777216
370
    -2
380
     1
100
AcDbBlockReference
  2
*U11
 10
2985.406496941328
 20
1053.252506556757
 30
0.0
 50
6.397579617865098
  0
INSERT
  5
36F
330
367
100
AcDbEntity
  8
0
  6
ByBlock
347
ED
 62
     0
440
 16777216
370
    -2
380
     1
100
AcDbBlockReference
  2
*U11
 10
2993.548254752545
 20
1054.183596539794
 30
0.0
 50
6.280609022118468
  0
INSERT
  5
370
330
367
100
AcDbEntity
  8
0
  6
ByBlock
347
ED
 62
     0
440
 16777216
370
    -2
380
     1
100
AcDbBlockReference
  2
*U11
 10
3001.69386507233
 20
1055.080501074186
 30
0.0
 50
6.406058718086825
  0
INSERT
  5
371
330
367
100
AcDbEntity
  8
0
  6
ByBlock
347
ED
 62
     0
440
 16777216
370
    -2
380
     1
100
AcDbBlockReference
  2
*U11
 10
3009.836811997742
 20
1056.001304787955
 30
0.0
 50
6.510651446815291
  0
INSERT
  5
372
330
367
100
AcDbEntity
  8
0
  6
ByBlock
347
ED
 62
     0
440
 16777216
370
    -2
380
     1
100
AcDbBlockReference
  2
*U11
 10
3017.977453677749
 20
1056.942177733034
 30
0.0
 50
6.834395522230122
  0
INSERT
  5
373
330
367
100
AcDbEntity
  8
0
  6
ByBlock
347
ED
 62
     0
440
 16777216
370
    -2
380
     1
100
AcDbBlockReference
  2
*U11
 10
3026.109961259475
 20
1057.95090941709
 30
0.0
 50
7.264994385667196
  0
INSERT
  5
374
330
367
100
AcDbEntity
  8
0
  6
ByBlock
347
ED
 62
     0
440
 16777216
370
    -2
380
     1
100
AcDbBlockReference
  2
*U11
 10
3034.223274555104
 20
1059.102338844092
 30
0.0
 50
8.653251262678896
  0
INSERT
  5
375
330
367
100
AcDbEntity
  8
0
  6
ByBlock
347
ED
 62
     0
440
 16777216
370
    -2
380
     1
100
AcDbBlockReference
  2
*U11
 10
3042.314661455328
 20
1060.399659904047
 30
0.0
 41
0.9999999999999998
 42
0.9999999999999998
 43
0.9999999999999998
 50
9.695056436354331
  0
INSERT
  5
376
330
367
100
AcDbEntity
  8
0
  6
ByBlock
347
ED
 62
     0
440
 16777216
370
    -2
380
     1
100
AcDbBlockReference
  2
*U11
 10
3050.375220334998
 20
1061.875976298313
 30
0.0
 41
1.0
 42
1.0
 43
1.0
 50
11.12134844619146
  0
INSERT
  5
377
330
367
100
AcDbEntity
  8
0
  6
ByBlock
347
ED
 62
     0
440
 16777216
370
    -2
380
     1
100
AcDbBlockReference
  2
*U11
 10
3058.387991199245
 20
1063.591507918797
 30
0.0
 50
13.28797674184608
  0
INSERT
  5
378
330
367
100
AcDbEntity
  8
0
  6
ByBlock
347
ED
 62
     0
440
 16777216
370
    -2
380
     1
100
AcDbBlockReference
  2
*U11
 10
3066.338363642533
 20
1065.577596638084
 30
0.0
 50
15.12602669118849
  0
INSERT
  5
379
330
367
100
AcDbEntity
  8
0
  6
ByBlock
347
ED
 62
     0
440
 16777216
370
    -2
380
     1
100
AcDbBlockReference
  2
*U11
 10
3074.197816227604
 20
1067.889318024164
 30
0.0
 50
20.48334177613979
  0
INSERT
  5
37A
330
367
100
AcDbEntity
  8
0
  6
ByBlock
347
ED
 62
     0
440
 16777216
370
    -2
380
     1
100
AcDbBlockReference
  2
*U11
 10
3081.609061698487
 20
1071.375373506612
 30
0.0
 41
0.9999999999999998
 42
0.9999999999999998
 43
0.9999999999999998
 50
27.88547071135803
  0
INSERT
  5
37B
330
367
100
AcDbEntity
  8
0
  6
ByBlock
347
ED
 62
     0
440
 16777216
370
    -2
380
     1
100
AcDbBlockReference
  2
*U11
 10
3088.368835191207
 20
1075.957006743841
 30
0.0
 50
40.25586915969259
  0
INSERT
  5
37C
330
367
100
AcDbEntity
  8
0
  6
ByBlock
347
ED
 62
     0
440
 16777216
370
    -2
380
     1
100
AcDbBlockReference
  2
*U11
 10
3094.512121202009
 20
1081.379741588838
 30
0.0
 50
42.6144092851621
  0
INSERT
  5
37D
330
367
100
AcDbEntity
  8
0
  6
ByBlock
347
ED
 62
     0
440
 16777216
370
    -2
380
     1
100
AcDbBlockReference
  2
*U11
 10
3099.684903659693
 20
1087.691125285727
 30
0.0
 41
1.0
 42
1.0
 43
1.0
 50
58.3712167227024
  0
INSERT
  5
37E
330
367
100
AcDbEntity
  8
0
  6
ByBlock
347
ED
 62
     0
440
 16777216
370
    -2
380
     1
100
AcDbBlockReference
  2
*U11
 10
3103.5043500524
 20
1094.934574524813
 30
0.0
 50
66.02372229441319
  0
ENDBLK
  5
37F
330
367
100
AcDbEntity
  8
0
 62
     7
420
 16777215
100
AcDbBlockEnd
  0
BLOCK
  5
381
330
380
100
AcDbEntity
  8
0
 62
     7
420
 16777215
100
AcDbBlockBegin
  2
*U13
 70
     1
 10
0.0
 20
0.0
 30
0.0
  3
*U13
  1

  0
CIRCLE
  5
382
330
380
100
AcDbEntity
  8
0
 62
     7
420
 16777215
100
AcDbCircle
 10
0.2372020655234168
 20
0.0009708925340538
 30
0.0
 40
0.75
  0
ENDBLK
  5
383
330
380
100
AcDbEntity
  8
0
 62
     7
420
 16777215
100
AcDbBlockEnd
  0
BLOCK
  5
385
330
384
100
AcDbEntity
  8
0
 62
     7
420
 16777215
100
AcDbBlockBegin
  2
*U14
 70
     1
 10
0.0
 20
0.0
 30
0.0
  3
*U14
  1

  0
INSERT
  5
386
330
384
100
AcDbEntity
  8
0
  6
ByBlock
347
ED
 62
     0
440
 16777216
370
    -2
380
     1
100
AcDbBlockReference
  2
*U13
 10
2944.642173180465
 20
1049.1229802294
 30
0.0
 50
3.791973826345949
  0
INSERT
  5
387
330
384
100
AcDbEntity
  8
0
  6
ByBlock
347
ED
 62
     0
440
 16777216
370
    -2
380
     1
100
AcDbBlockReference
  2
*U13
 10
2952.805349359922
 20
1049.83915823131
 30
0.0
 50
5.845894925021965
  0
INSERT
  5
388
330
384
100
AcDbEntity
  8
0
  6
ByBlock
347
ED
 62
     0
440
 16777216
370
    -2
380
     1
100
AcDbBlockReference
  2
*U13
 10
2960.9565853443
 20
1050.683438027183
 30
0.0
 41
1.0
 42
1.0
 43
1.0
 50
5.990539837267175
  0
INSERT
  5
389
330
384
100
AcDbEntity
  8
0
  6
ByBlock
347
ED
 62
     0
440
 16777216
370
    -2
380
     1
100
AcDbBlockReference
  2
*U13
 10
2969.106516326935
 20
1051.540247656539
 30
0.0
 50
6.012483020559228
  0
INSERT
  5
38A
330
384
100
AcDbEntity
  8
0
  6
ByBlock
347
ED
 62
     0
440
 16777216
370
    -2
380
     1
100
AcDbBlockReference
  2
*U13
 10
2977.256512329163
 20
1052.396436848973
 30
0.0
 50
5.963881569841318
  0
INSERT
  5
38B
330
384
100
AcDbEntity
  8
0
  6
ByBlock
347
ED
 62
     0
440
 16777216
370
    -2
380
     1
100
AcDbBlockReference
  2
*U13
 10
2985.406496941328
 20
1053.252506556757
 30
0.0
 50
6.397579617865098
  0
INSERT
  5
38C
330
384
100
AcDbEntity
  8
0
  6
ByBlock
347
ED
 62
     0
440
 16777216
370
    -2
380
     1
100
AcDbBlockReference
  2
*U13
 10
2993.548254752545
 20
1054.183596539794
 30
0.0
 50
6.280609022118468
  0
INSERT
  5
38D
330
384
100
AcDbEntity
  8
0
  6
ByBlock
347
ED
 62
     0
440
 16777216
370
    -2
380
     1
100
AcDbBlockReference
  2
*U13
 10
3001.69386507233
 20
1055.080501074186
 30
0.0
 50
6.406058718086825
  0
INSERT
  5
38E
330
384
100
AcDbEntity
  8
0
  6
ByBlock
347
ED
 62
     0
440
 16777216
370
    -2
380
     1
100
AcDbBlockReference
  2
*U13
 10
3009.836811997742
 20
1056.001304787955
 30
0.0
 50
6.510651446815291
  0
INSERT
  5
38F
330
384
100
AcDbEntity
  8
0
  6
ByBlock
347
ED
 62
     0
440
 16777216
370
    -2
380
     1
100
AcDbBlockReference
  2
*U13
 10
3017.977453677749
 20
1056.942177733034
 30
0.0
 50
6.834395522230122
  0
INSERT
  5
390
330
384
100
AcDbEntity
  8
0
  6
ByBlock
347
ED
 62
     0
440
 16777216
370
    -2
380
     1
100
AcDbBlockReference
  2
*U13
 10
3026.109961259475
 20
1057.95090941709
 30
0.0
 50
7.264994385667196
  0
INSERT
  5
391
330
384
100
AcDbEntity
  8
0
  6
ByBlock
347
ED
 62
     0
440
 16777216
370
    -2
380
     1
100
AcDbBlockReference
  2
*U13
 10
3034.223274555104
 20
1059.102338844092
 30
0.0
 50
8.653251262678896
  0
INSERT
  5
392
330
384
100
AcDbEntity
  8
0
  6
ByBlock
347
ED
 62
     0
440
 16777216
370
    -2
380
     1
100
AcDbBlockReference
  2
*U13
 10
3042.314661455328
 20
1060.399659904047
 30
0.0
 41
0.9999999999999998
 42
0.9999999999999998
 43
0.9999999999999998
 50
9.695056436354331
  0
INSERT
  5
393
330
384
100
AcDbEntity
  8
0
  6
ByBlock
347
ED
 62
     0
440
 16777216
370
    -2
380
     1
100
AcDbBlockReference
  2
*U13
 10
3050.375220334998
 20
1061.875976298313
 30
0.0
 41
1.0
 42
1.0
 43
1.0
 50
11.12134844619146
  0
INSERT
  5
394
330
384
100
AcDbEntity
  8
0
  6
ByBlock
347
ED
 62
     0
440
 16777216
370
    -2
380
     1
100
AcDbBlockReference
  2
*U13
 10
3058.387991199245
 20
1063.591507918797
 30
0.0
 50
13.28797674184608
  0
INSERT
  5
395
330
384
100
AcDbEntity
  8
0
  6
ByBlock
347
ED
 62
     0
440
 16777216
370
    -2
380
     1
100
AcDbBlockReference
  2
*U13
 10
3066.338363642533
 20
1065.577596638084
 30
0.0
 50
15.12602669118849
  0
INSERT
  5
396
330
384
100
AcDbEntity
  8
0
  6
ByBlock
347
ED
 62
     0
440
 16777216
370
    -2
380
     1
100
AcDbBlockReference
  2
*U13
 10
3074.197816227604
 20
1067.889318024164
 30
0.0
 50
20.48334177613979
  0
INSERT
  5
397
330
384
100
AcDbEntity
  8
0
  6
ByBlock
347
ED
 62
     0
440
 16777216
370
    -2
380
     1
100
AcDbBlockReference
  2
*U13
 10
3081.609061698487
 20
1071.375373506612
 30
0.0
 41
0.9999999999999998
 42
0.9999999999999998
 43
0.9999999999999998
 50
27.88547071135803
  0
INSERT
  5
398
330
384
100
AcDbEntity
  8
0
  6
ByBlock
347
ED
 62
     0
440
 16777216
370
    -2
380
     1
100
AcDbBlockReference
  2
*U13
 10
3088.368835191207
 20
1075.957006743841
 30
0.0
 50
40.25586915969259
  0
INSERT
  5
399
330
384
100
AcDbEntity
  8
0
  6
ByBlock
347
ED
 62
     0
440
 16777216
370
    -2
380
     1
100
AcDbBlockReference
  2
*U13
 10
3094.512121202009
 20
1081.379741588838
 30
0.0
 50
42.6144092851621
  0
INSERT
  5
39A
330
384
100
AcDbEntity
  8
0
  6
ByBlock
347
ED
 62
     0
440
 16777216
370
    -2
380
     1
100
AcDbBlockReference
  2
*U13
 10
3099.684903659693
 20
1087.691125285727
 30
0.0
 41
1.0
 42
1.0
 43
1.0
 50
58.3712167227024
  0
INSERT
  5
39B
330
384
100
AcDbEntity
  8
0
  6
ByBlock
347
ED
 62
     0
440
 16777216
370
    -2
380
     1
100
AcDbBlockReference
  2
*U13
 10
3103.5043500524
 20
1094.934574524813
 30
0.0
 50
66.02372229441319
  0
ENDBLK
  5
39C
330
384
100
AcDbEntity
  8
0
 62
     7
420
 16777215
100
AcDbBlockEnd
  0
BLOCK
  5
39E
330
39D
100
AcDbEntity
  8
0
 62
     7
420
 16777215
100
AcDbBlockBegin
  2
*U15
 70
     1
 10
0.0
 20
0.0
 30
0.0
  3
*U15
  1

  0
CIRCLE
  5
39F
330
39D
100
AcDbEntity
  8
0
 62
     7
420
 16777215
100
AcDbCircle
 10
0.2372020655234168
 20
0.0009708925340538
 30
0.0
 40
0.75
  0
ENDBLK
  5
3A0
330
39D
100
AcDbEntity
  8
0
 62
     7
420
 16777215
100
AcDbBlockEnd
  0
BLOCK
  5
3A2
330
3A1
100
AcDbEntity
  8
0
 62
     7
420
 16777215
100
AcDbBlockBegin
  2
*U16
 70
     1
 10
0.0
 20
0.0
 30
0.0
  3
*U16
  1

  0
INSERT
  5
3A3
330
3A1
100
AcDbEntity
  8
0
  6
ByBlock
347
ED
 62
     0
440
 16777216
370
    -2
380
     1
100
AcDbBlockReference
  2
*U15
 10
2944.642173180465
 20
1049.1229802294
 30
0.0
 50
3.791973826345949
  0
INSERT
  5
3A4
330
3A1
100
AcDbEntity
  8
0
  6
ByBlock
347
ED
 62
     0
440
 16777216
370
    -2
380
     1
100
AcDbBlockReference
  2
*U15
 10
2952.805349359922
 20
1049.83915823131
 30
0.0
 50
5.845894925021965
  0
INSERT
  5
3A5
330
3A1
100
AcDbEntity
  8
0
  6
ByBlock
347
ED
 62
     0
440
 16777216
370
    -2
380
     1
100
AcDbBlockReference
  2
*U15
 10
2960.9565853443
 20
1050.683438027183
 30
0.0
 41
1.0
 42
1.0
 43
1.0
 50
5.990539837267175
  0
INSERT
  5
3A6
330
3A1
100
AcDbEntity
  8
0
  6
ByBlock
347
ED
 62
     0
440
 16777216
370
    -2
380
     1
100
AcDbBlockReference
  2
*U15
 10
2969.106516326935
 20
1051.540247656539
 30
0.0
 50
6.012483020559228
  0
INSERT
  5
3A7
330
3A1
100
AcDbEntity
  8
0
  6
ByBlock
347
ED
 62
     0
440
 16777216
370
    -2
380
     1
100
AcDbBlockReference
  2
*U15
 10
2977.256512329163
 20
1052.396436848973
 30
0.0
 50
5.963881569841318
  0
INSERT
  5
3A8
330
3A1
100
AcDbEntity
  8
0
  6
ByBlock
347
ED
 62
     0
440
 16777216
370
    -2
380
     1
100
AcDbBlockReference
  2
*U15
 10
2985.406496941328
 20
1053.252506556757
 30
0.0
 50
6.397579617865098
  0
INSERT
  5
3A9
330
3A1
100
AcDbEntity
  8
0
  6
ByBlock
347
ED
 62
     0
440
 16777216
370
    -2
380
     1
100
AcDbBlockReference
  2
*U15
 10
2993.548254752545
 20
1054.183596539794
 30
0.0
 50
6.280609022118468
  0
INSERT
  5
3AA
330
3A1
100
AcDbEntity
  8
0
  6
ByBlock
347
ED
 62
     0
440
 16777216
370
    -2
380
     1
100
AcDbBlockReference
  2
*U15
 10
3001.69386507233
 20
1055.080501074186
 30
0.0
 50
6.406058718086825
  0
INSERT
  5
3AB
330
3A1
100
AcDbEntity
  8
0
  6
ByBlock
347
ED
 62
     0
440
 16777216
370
    -2
380
     1
100
AcDbBlockReference
  2
*U15
 10
3009.836811997742
 20
1056.001304787955
 30
0.0
 50
6.510651446815291
  0
INSERT
  5
3AC
330
3A1
100
AcDbEntity
  8
0
  6
ByBlock
347
ED
 62
     0
440
 16777216
370
    -2
380
     1
100
AcDbBlockReference
  2
*U15
 10
3017.977453677749
 20
1056.942177733034
 30
0.0
 50
6.834395522230122
  0
INSERT
  5
3AD
330
3A1
100
AcDbEntity
  8
0
  6
ByBlock
347
ED
 62
     0
440
 16777216
370
    -2
380
     1
100
AcDbBlockReference
  2
*U15
 10
3026.109961259475
 20
1057.95090941709
 30
0.0
 50
7.264994385667196
  0
INSERT
  5
3AE
330
3A1
100
AcDbEntity
  8
0
  6
ByBlock
347
ED
 62
     0
440
 16777216
370
    -2
380
     1
100
AcDbBlockReference
  2
*U15
 10
3034.223274555104
 20
1059.102338844092
 30
0.0
 50
8.653251262678896
  0
INSERT
  5
3AF
330
3A1
100
AcDbEntity
  8
0
  6
ByBlock
347
ED
 62
     0
440
 16777216
370
    -2
380
     1
100
AcDbBlockReference
  2
*U15
 10
3042.314661455328
 20
1060.399659904047
 30
0.0
 41
0.9999999999999998
 42
0.9999999999999998
 43
0.9999999999999998
 50
9.695056436354331
  0
INSERT
  5
3B0
330
3A1
100
AcDbEntity
  8
0
  6
ByBlock
347
ED
 62
     0
440
 16777216
370
    -2
380
     1
100
AcDbBlockReference
  2
*U15
 10
3050.375220334998
 20
1061.875976298313
 30
0.0
 41
1.0
 42
1.0
 43
1.0
 50
11.12134844619146
  0
INSERT
  5
3B1
330
3A1
100
AcDbEntity
  8
0
  6
ByBlock
347
ED
 62
     0
440
 16777216
370
    -2
380
     1
100
AcDbBlockReference
  2
*U15
 10
3058.387991199245
 20
1063.591507918797
 30
0.0
 50
13.28797674184608
  0
INSERT
  5
3B2
330
3A1
100
AcDbEntity
  8
0
  6
ByBlock
347
ED
 62
     0
440
 16777216
370
    -2
380
     1
100
AcDbBlockReference
  2
*U15
 10
3066.338363642533
 20
1065.577596638084
 30
0.0
 50
15.12602669118849
  0
INSERT
  5
3B3
330
3A1
100
AcDbEntity
  8
0
  6
ByBlock
347
ED
 62
     0
440
 16777216
370
    -2
380
     1
100
AcDbBlockReference
  2
*U15
 10
3074.197816227604
 20
1067.889318024164
 30
0.0
 50
20.48334177613979
  0
INSERT
  5
3B4
330
3A1
100
AcDbEntity
  8
0
  6
ByBlock
347
ED
 62
     0
440
 16777216
370
    -2
380
     1
100
AcDbBlockReference
  2
*U15
 10
3081.609061698487
 20
1071.375373506612
 30
0.0
 41
0.9999999999999998
 42
0.9999999999999998
 43
0.9999999999999998
 50
27.88547071135803
  0
INSERT
  5
3B5
330
3A1
100
AcDbEntity
  8
0
  6
ByBlock
347
ED
 62
     0
440
 16777216
370
    -2
380
     1
100
AcDbBlockReference
  2
*U15
 10
3088.368835191207
 20
1075.957006743841
 30
0.0
 50
40.25586915969259
  0
INSERT
  5
3B6
330
3A1
100
AcDbEntity
  8
0
  6
ByBlock
347
ED
 62
     0
440
 16777216
370
    -2
380
     1
100
AcDbBlockReference
  2
*U15
 10
3094.512121202009
 20
1081.379741588838
 30
0.0
 50
42.6144092851621
  0
INSERT
  5
3B7
330
3A1
100
AcDbEntity
  8
0
  6
ByBlock
347
ED
 62
     0
440
 16777216
370
    -2
380
     1
100
AcDbBlockReference
  2
*U15
 10
3099.684903659693
 20
1087.691125285727
 30
0.0
 41
1.0
 42
1.0
 43
1.0
 50
58.3712167227024
  0
INSERT
  5
3B8
330
3A1
100
AcDbEntity
  8
0
  6
ByBlock
347
ED
 62
     0
440
 16777216
370
    -2
380
     1
100
AcDbBlockReference
  2
*U15
 10
3103.5043500524
 20
1094.934574524813
 30
0.0
 50
66.02372229441319
  0
ENDBLK
  5
3B9
330
3A1
100
AcDbEntity
  8
0
 62
     7
420
 16777215
100
AcDbBlockEnd
  0
BLOCK
  5
3BB
330
3BA
100
AcDbEntity
  8
0
 62
     7
420
 16777215
100
AcDbBlockBegin
  2
*U17
 70
     1
 10
0.0
 20
0.0
 30
0.0
  3
*U17
  1

  0
CIRCLE
  5
3BC
330
3BA
100
AcDbEntity
  8
0
 62
     7
420
 16777215
100
AcDbCircle
 10
0.4637085949370544
 20
-0.0057624708250025
 30
0.0
 40
0.75
  0
ENDBLK
  5
3BD
330
3BA
100
AcDbEntity
  8
0
 62
     7
420
 16777215
100
AcDbBlockEnd
  0
BLOCK
  5
3BF
330
3BE
100
AcDbEntity
  8
0
 62
     7
420
 16777215
100
AcDbBlockBegin
  2
*U18
 70
     1
 10
0.0
 20
0.0
 30
0.0
  3
*U18
  1

  0
INSERT
  5
3C0
330
3BE
100
AcDbEntity
  8
0
  6
ByBlock
347
ED
 62
     0
440
 16777216
370
    -2
380
     1
100
AcDbBlockReference
  2
*U17
 10
3264.960237582887
 20
1161.937086072492
 30
0.0
 50
11.93217150224784
  0
INSERT
  5
3C1
330
3BE
100
AcDbEntity
  8
0
  6
ByBlock
347
ED
 62
     0
440
 16777216
370
    -2
380
     1
100
AcDbBlockReference
  2
*U17
 10
3273.053428794043
 20
1161.853328605705
 30
0.0
 50
346.881948192753
  0
INSERT
  5
3C2
330
3BE
100
AcDbEntity
  8
0
  6
ByBlock
347
ED
 62
     0
440
 16777216
370
    -2
380
     1
100
AcDbBlockReference
  2
*U17
 10
3280.198076524681
 20
1158.174592262203
 30
0.0
 50
315.0422283150399
  0
INSERT
  5
3C3
330
3BE
100
AcDbEntity
  8
0
  6
ByBlock
347
ED
 62
     0
440
 16777216
370
    -2
380
     1
100
AcDbBlockReference
  2
*U17
 10
3286.351666663303
 20
1152.827902222968
 30
0.0
 50
322.9847636115122
  0
INSERT
  5
3C4
330
3BE
100
AcDbEntity
  8
0
  6
ByBlock
347
ED
 62
     0
440
 16777216
370
    -2
380
     1
100
AcDbBlockReference
  2
*U17
 10
3293.185031152602
 20
1148.382804279598
 30
0.0
 41
0.9999999999999998
 42
0.9999999999999998
 43
0.9999999999999998
 50
330.9272989079845
  0
INSERT
  5
3C5
330
3BE
100
AcDbEntity
  8
0
  6
ByBlock
347
ED
 62
     0
440
 16777216
370
    -2
380
     1
100
AcDbBlockReference
  2
*U17
 10
3300.567067167293
 20
1144.92458071141
 30
0.0
 50
338.8698342044566
  0
INSERT
  5
3C6
330
3BE
100
AcDbEntity
  8
0
  6
ByBlock
347
ED
 62
     0
440
 16777216
370
    -2
380
     1
100
AcDbBlockReference
  2
*U17
 10
3308.356145239284
 20
1142.519579930077
 30
0.0
 50
346.8123695009288
  0
INSERT
  5
3C7
330
3BE
100
AcDbEntity
  8
0
  6
ByBlock
347
ED
 62
     0
440
 16777216
370
    -2
380
     1
100
AcDbBlockReference
  2
*U17
 10
3316.402826517007
 20
1141.213943539455
 30
0.0
 50
354.7549047974011
  0
INSERT
  5
3C8
330
3BE
100
AcDbEntity
  8
0
  6
ByBlock
347
ED
 62
     0
440
 16777216
370
    -2
380
     1
100
AcDbBlockReference
  2
*U17
 10
3324.546940514363
 20
1140.73628939258
 30
0.0
 41
1.0
 42
1.0
 43
1.0
 50
356.8283279256148
  0
INSERT
  5
3C9
330
3BE
100
AcDbEntity
  8
0
  6
ByBlock
347
ED
 62
     0
440
 16777216
370
    -2
380
     1
100
AcDbBlockReference
  2
*U17
 10
3332.69289245069
 20
1140.28489993721
 30
0.0
 41
1.0
 42
1.0
 43
1.0
 50
356.8283279256148
  0
INSERT
  5
3CA
330
3BE
100
AcDbEntity
  8
0
  6
ByBlock
347
ED
 62
     0
440
 16777216
370
    -2
380
     1
100
AcDbBlockReference
  2
*U17
 10
3340.838844387015
 20
1139.833510481841
 30
0.0
 50
356.8283279256143
  0
INSERT
  5
3CB
330
3BE
100
AcDbEntity
  8
0
  6
ByBlock
347
ED
 62
     0
440
 16777216
370
    -2
380
     1
100
AcDbBlockReference
  2
*U17
 10
3348.984796323343
 20
1139.38212102647
 30
0.0
 41
1.0
 42
1.0
 43
1.0
 50
356.8283279256148
  0
INSERT
  5
3CC
330
3BE
100
AcDbEntity
  8
0
  6
ByBlock
347
ED
 62
     0
440
 16777216
370
    -2
380
     1
100
AcDbBlockReference
  2
*U17
 10
3357.13074825967
 20
1138.930731571099
 30
0.0
 41
1.0
 42
1.0
 43
1.0
 50
356.8283279256148
  0
INSERT
  5
3CD
330
3BE
100
AcDbEntity
  8
0
  6
ByBlock
347
ED
 62
     0
440
 16777216
370
    -2
380
     1
100
AcDbBlockReference
  2
*U17
 10
3365.276700195997
 20
1138.479342115729
 30
0.0
 41
1.0
 42
1.0
 43
1.0
 50
356.8283279256148
  0
INSERT
  5
3CE
330
3BE
100
AcDbEntity
  8
0
  6
ByBlock
347
ED
 62
     0
440
 16777216
370
    -2
380
     1
100
AcDbBlockReference
  2
*U17
 10
3373.422652132323
 20
1138.02795266036
 30
0.0
 50
356.8283279256143
  0
INSERT
  5
3CF
330
3BE
100
AcDbEntity
  8
0
  6
ByBlock
347
ED
 62
     0
440
 16777216
370
    -2
380
     1
100
AcDbBlockReference
  2
*U17
 10
3381.568604068651
 20
1137.576563204989
 30
0.0
 41
1.0
 42
1.0
 43
1.0
 50
356.8283279256148
  0
INSERT
  5
3D0
330
3BE
100
AcDbEntity
  8
0
  6
ByBlock
347
ED
 62
     0
440
 16777216
370
    -2
380
     1
100
AcDbBlockReference
  2
*U17
 10
3389.714556004978
 20
1137.125173749619
 30
0.0
 41
1.0
 42
1.0
 43
1.0
 50
356.8283279256148
  0
INSERT
  5
3D1
330
3BE
100
AcDbEntity
  8
0
  6
ByBlock
347
ED
 62
     0
440
 16777216
370
    -2
380
     1
100
AcDbBlockReference
  2
*U17
 10
3397.8584846246
 20
1136.643974667674
 30
0.0
 50
354.8515362582243
  0
INSERT
  5
3D2
330
3BE
100
AcDbEntity
  8
0
  6
ByBlock
347
ED
 62
     0
440
 16777216
370
    -2
380
     1
100
AcDbBlockReference
  2
*U17
 10
3405.902283622664
 20
1135.324734377866
 30
0.0
 41
1.0
 42
1.0
 43
1.0
 50
346.5204716475158
  0
INSERT
  5
3D3
330
3BE
100
AcDbEntity
  8
0
  6
ByBlock
347
ED
 62
     0
440
 16777216
370
    -2
380
     1
100
AcDbBlockReference
  2
*U17
 10
3413.670051177469
 20
1132.85392793502
 30
0.0
 50
338.1894070368073
  0
INSERT
  5
3D4
330
3BE
100
AcDbEntity
  8
0
  6
ByBlock
347
ED
 62
     0
440
 16777216
370
    -2
380
     1
100
AcDbBlockReference
  2
*U17
 10
3420.997846638086
 20
1129.283702318779
 30
0.0
 50
329.8583424260988
  0
INSERT
  5
3D5
330
3BE
100
AcDbEntity
  8
0
  6
ByBlock
347
ED
 62
     0
440
 16777216
370
    -2
380
     1
100
AcDbBlockReference
  2
*U17
 10
3427.731015073195
 20
1124.689408021723
 30
0.0
 50
321.5272778153903
  0
INSERT
  5
3D6
330
3BE
100
AcDbEntity
  8
0
  6
ByBlock
347
ED
 62
     0
440
 16777216
370
    -2
380
     1
100
AcDbBlockReference
  2
*U17
 10
3433.727451301571
 20
1119.168008758628
 30
0.0
 50
313.1962132046817
  0
INSERT
  5
3D7
330
3BE
100
AcDbEntity
  8
0
  6
ByBlock
347
ED
 62
     0
440
 16777216
370
    -2
380
     1
100
AcDbBlockReference
  2
*U17
 10
3438.860599057004
 20
1112.836035023338
 30
0.0
 50
304.8651485939732
  0
INSERT
  5
3D8
330
3BE
100
AcDbEntity
  8
0
  6
ByBlock
347
ED
 62
     0
440
 16777216
370
    -2
380
     1
100
AcDbBlockReference
  2
*U17
 10
3443.022121989518
 20
1105.827124683943
 30
0.0
 50
296.5340839832646
  0
ENDBLK
  5
3D9
330
3BE
100
AcDbEntity
  8
0
 62
     7
420
 16777215
100
AcDbBlockEnd
  0
BLOCK
  5
4EA
330
3DA
100
AcDbEntity
  8
0
100
AcDbBlockBegin
  2
A$C0054c5ad
 70
     0
 10
0.0
 20
0.0
 30
0.0
  3
A$C0054c5ad
  1

  0
IMAGE
  5
3DB
330
3DA
100
AcDbEntity
  8
0
 62
     7
420
 16777215
160
               500
310
F401000001000000EC0100000600000014000000B0CC0AD8A96637407EC3E106E82082400000000000000000688BDA32E21946400D332FDA32998240000000000000000016E0EF74A8325340B826EA453FCF824000000000000000008C0DF945F2D46240B72E1627D5CD82400000000000000000CBA3F919E1B66A40715342
310
FE9FCC82400000000000000000A9E504DCE8F67240F5975A89E88782400000000000000000CCAC809D6AF6724061C3E106E82082400000000000000000BCB21A0B43177140FD66B77BB6BD8140000000000000000040BA7BC7381E63406058BE4A05C0814000000000000000008F660942A11E6240936582E1304A81400000
310
00000000000077F214B5AF766040DBF4E3D4714A8140000000000000000062FBB682A4776040ABDBDABE4FAE814000000000000000003CE8906F270B524065B329C473AF814000000000000000000818E74956704240E77E7FB0315981400000000000000000A0DBB9377B2836402EA57D5C5A7081400000000000000000F0
310
AE652E87E13640049688034A698140000000000000000010BB6B43C70B37404FBD6534496981400000000000000000A0DBD0B2B70B3740F1001A047E6881400000000000000000A010C646202837403093C124C86E81400000000000000000B0CC0AD8A96637407EC3E106E82082400000000000000000
100
AcDbRasterImage
 90
        0
 10
22.28471975490447
 20
610.9254266506006
 30
0.0
 11
-0.0013238182557019
 21
-0.5530093748837013
 31
0.0
 12
0.5530093748837013
 22
-0.001323818255702
 32
0.0
 13
109.0
 23
512.0
340
4ED
 70
    15
280
     1
281
    50
282
    50
283
     0
290
     0
360
3DC
 71
     2
 91
       20
 14
55.21204549291883
 24
509.3480256673747
 14
27.93177707072391
 24
471.7988027280198
 14
15.57386824280615
 24
412.8975288882056
 14
15.57386824280615
 24
279.3319042356161
 14
15.57386824280615
 24
165.3005574104245
 14
30.7178470377894
 24
3.030396728563573
 14
54.0
 24
3.030396728563573
 14
76.55080864306569
 24
57.12949393617873
 14
76.55080864306592
 24
275.0452154888908
 14
103.218985936094
 24
289.4246144479148
 14
103.218985936094
 24
313.3812357269499
 14
80.64548723063877
 24
313.3812357269508
 14
80.64548723063877
 24
421.0910732010916
 14
100.2955998111802
 24
484.8705262683379
 14
95.12460842009682
 24
511.5
 14
96.71815601464414
 24
510.1890848514495
 14
96.71815601464414
 24
509.8906444938329
 14
96.89756203426373
 24
509.8906444938329
 14
95.47542296802204
 24
509.6933818716543
 14
55.21204549291883
 24
509.3480256673747
  0
IMAGE
  5
3DD
330
3DA
100
AcDbEntity
  8
0
 62
     7
420
 16777215
160
               500
310
F401000001000000EC010000060000001400000070B25CE1778C4A402467C4555AD4614000000000000000006C6DE98930F15140188E68D0ED07644000000000000000003C3241CD0BCD59409FB89FB5C9656540000000000000000094EA7B03D70E66409801A8B94793664000000000000000009F3C3B884BE06D405CECDD
310
B1AD9467400000000000000000F83FDE554E91744064D07D0729F967400000000000000000E687A23A95AB7440F52DB741846066400000000000000000A49B7E2744EA72409454DBFC975A64400000000000000000E5C20542B8E36640F37FBB8FB36E624000000000000000007AD14B4E88236640FE1C7F3E2B7A60400000
310
00000000000075D4BAF80C7F64403700B0B51744604000000000000000006D60A8AF184C6440882774504CD0614000000000000000001CED6BB530D35940234E28482BDD60400000000000000000B438604F036D514016B8DD709DE85D40000000000000000040AFEF97C15D4B404EB62888EA255E40000000000000000078
310
B9C51A2EC84B40E0115E21E5F35D400000000000000000F82941FC21DD4B40F143F90A3EF55D400000000000000000E025A3ABC0DE4B40B2F596CEF1EE5D400000000000000000185255E6C2DF4B40386F5CDEC1215E40000000000000000070B25CE1778C4A402467C4555AD461400000000000000000
100
AcDbRasterImage
 90
        0
 10
47.98717247010017
 20
173.0419333954101
 30
0.0
 11
0.0705393532704382
 21
-0.5484936835043996
 31
0.0
 12
0.5484936835043996
 22
0.0705393532704382
 32
0.0
 13
109.0
 23
512.0
340
4ED
 70
    15
280
     1
281
    50
282
    50
283
     0
290
     0
360
3DE
 71
     2
 91
       20
 14
55.21204549291883
 24
509.3480256673747
 14
27.93177707072391
 24
471.7988027280198
 14
15.57386824280615
 24
412.8975288882056
 14
15.57386824280615
 24
279.3319042356161
 14
15.57386824280615
 24
165.3005574104245
 14
30.7178470377894
 24
3.030396728563573
 14
54.0
 24
3.030396728563573
 14
76.55080864306569
 24
57.12949393617873
 14
76.55080864306592
 24
275.0452154888908
 14
103.218985936094
 24
289.4246144479148
 14
103.218985936094
 24
313.3812357269499
 14
80.64548723063877
 24
313.3812357269508
 14
80.64548723063877
 24
421.0910732010916
 14
100.2955998111802
 24
484.8705262683379
 14
95.12460842009682
 24
511.5
 14
96.71815601464414
 24
510.1890848514495
 14
96.71815601464414
 24
509.8906444938329
 14
96.89756203426373
 24
509.8906444938329
 14
95.47542296802204
 24
509.6933818716543
 14
55.21204549291883
 24
509.3480256673747
  0
IMAGE
  5
3DF
330
3DA
100
AcDbEntity
  8
0
 62
     7
420
 16777215
160
               500
310
F401000001000000EC0100000600000014000000309715CD52FE3E40018F6C77514178400000000000000000A8F05FADB6E54940206E071EE73179400000000000000000B69232B29218554075557DF5FF9D79400000000000000000DC669A64E7C763407365D5B72B9B794000000000000000001BFD9A38D6A96B40E8AE2D
310
66C198794000000000000000005192556B63707340F0375E7C520F794000000000000000007459D12CE56F7340C88E6C77514178400000000000000000645F6B9ABD907140FFD51761EE7A7740000000000000000090131DE62D116440C6B825FF8B7F77400000000000000000DFBFAA60961163402BD3AD2CE39376400000
310
000000000000C74BB6D3A4696140BBF17013659476400000000000000000B25458A1996A61405CBF5EE7205C77400000000000000000DC9AD3AC11F15340D16EFCF1685E77400000000000000000487D6CC42A3C4640D405A8CAE4B17640000000000000000020A6C42C24C03D406352A42236E07640000000000000000070
310
79702330793E400D34BA7015D2764000000000000000009085763870A33E40A58274D213D27640000000000000000020A6DBA760A33E40E709DD717DD07640000000000000000020DBD03BC9BF3E40672E2CB311DD76400000000000000000309715CD52FE3E40018F6C77514178400000000000000000
100
AcDbRasterImage
 90
        0
 10
29.87714158711742
 20
418.8945215567196
 30
0.0
 11
-0.0013238182557019
 21
-0.5530093748837013
 31
0.0
 12
0.5530093748837013
 22
-0.001323818255702
 32
0.0
 13
109.0
 23
512.0
340
4ED
 70
    15
280
     1
281
    50
282
    50
283
     0
290
     0
360
3E0
 71
     2
 91
       20
 14
55.21204549291883
 24
509.3480256673747
 14
27.93177707072391
 24
471.7988027280198
 14
15.57386824280615
 24
412.8975288882056
 14
15.57386824280615
 24
279.3319042356161
 14
15.57386824280615
 24
165.3005574104245
 14
30.7178470377894
 24
3.030396728563573
 14
54.0
 24
3.030396728563573
 14
76.55080864306569
 24
57.12949393617873
 14
76.55080864306592
 24
275.0452154888908
 14
103.218985936094
 24
289.4246144479148
 14
103.218985936094
 24
313.3812357269499
 14
80.64548723063877
 24
313.3812357269508
 14
80.64548723063877
 24
421.0910732010916
 14
100.2955998111802
 24
484.8705262683379
 14
95.12460842009682
 24
511.5
 14
96.71815601464414
 24
510.1890848514495
 14
96.71815601464414
 24
509.8906444938329
 14
96.89756203426373
 24
509.8906444938329
 14
95.47542296802204
 24
509.6933818716543
 14
55.21204549291883
 24
509.3480256673747
  0
IMAGE
  5
3E1
330
3DA
100
AcDbEntity
  8
0
 62
     7
420
 16777215
160
               500
310
F401000001000000EC0100000600000014000000B0CC0AD8A96637408E3D500337AF83400000000000000000688BDA32E2194640FFCD0230EC368340000000000000000016E0EF74A832534054DA47C4DF00834000000000000000008C0DF945F2D4624055D21BE3490283400000000000000000CBA3F919E1B66A409BADEF
310
0B7F0383400000000000000000A9E504DCE8F672401769D780364883400000000000000000CCAC809D6AF67240AB3D500337AF83400000000000000000BCB21A0B431771400F9A7A8E68128440000000000000000040BA7BC7381E6340ACA873BF1910844000000000000000008F660942A11E6240799BAF28EE8584400000
310
00000000000077F214B5AF766040310C4E35AD858440000000000000000062FBB682A47760406125574BCF21844000000000000000003CE8906F270B5240A74D0846AB20844000000000000000000818E749567042402582B259ED7684400000000000000000A0DBB9377B283640DE5BB4ADC45F84400000000000000000F0
310
AE652E87E13640086BA906D5668440000000000000000010BB6B43C70B3740BD43CCD5D56684400000000000000000A0DBD0B2B70B37401B001806A16784400000000000000000A010C64620283740DC6D70E5566184400000000000000000B0CC0AD8A96637408E3D500337AF83400000000000000000
100
AcDbRasterImage
 90
        0
 10
22.28471975490447
 20
599.0897295141951
 30
0.0
 11
-0.0013238182557019
 21
0.5530093748837013
 31
0.0
 12
0.5530093748837013
 22
0.001323818255702
 32
0.0
 13
109.0
 23
512.0
340
4ED
 70
    15
280
     1
281
    50
282
    50
283
     0
290
     0
360
3E2
 71
     2
 91
       20
 14
55.21204549291883
 24
509.3480256673747
 14
27.93177707072391
 24
471.7988027280198
 14
15.57386824280615
 24
412.8975288882056
 14
15.57386824280615
 24
279.3319042356161
 14
15.57386824280615
 24
165.3005574104245
 14
30.7178470377894
 24
3.030396728563573
 14
54.0
 24
3.030396728563573
 14
76.55080864306569
 24
57.12949393617873
 14
76.55080864306592
 24
275.0452154888908
 14
103.218985936094
 24
289.4246144479148
 14
103.218985936094
 24
313.3812357269499
 14
80.64548723063877
 24
313.3812357269508
 14
80.64548723063877
 24
421.0910732010916
 14
100.2955998111802
 24
484.8705262683379
 14
95.12460842009682
 24
511.5
 14
96.71815601464414
 24
510.1890848514495
 14
96.71815601464414
 24
509.8906444938329
 14
96.89756203426373
 24
509.8906444938329
 14
95.47542296802204
 24
509.6933818716543
 14
55.21204549291883
 24
509.3480256673747
  0
IMAGE
  5
3E3
330
3DA
100
AcDbEntity
  8
0
 62
     7
420
 16777215
160
               500
310
F401000001000000EC0100000600000014000000309715CD52FE3E4031FE0672FFB57B400000000000000000A8F05FADB6E54940121F6CCB69C57A400000000000000000B69232B292185540BD37F6F350597A400000000000000000DC669A64E7C76340BF279E31255C7A4000000000000000001BFD9A38D6A96B404ADE45
310
838F5E7A4000000000000000005192556B637073404255156DFEE77A4000000000000000007459D12CE56F73406AFE0672FFB57B400000000000000000645F6B9ABD90714033B75B88627C7C40000000000000000090131DE62D1164406CD44DEAC4777C400000000000000000DFBFAA609611634007BAC5BC6D637D400000
310
000000000000C74BB6D3A4696140779B02D6EB627D400000000000000000B25458A1996A6140D6CD1402309B7C400000000000000000DC9AD3AC11F15340611E77F7E7987C400000000000000000487D6CC42A3C46405E87CB1E6C457D40000000000000000020A6C42C24C03D40CF3ACFC61A177D40000000000000000070
310
79702330793E402559B9783B257D4000000000000000009085763870A33E408D0AFF163D257D40000000000000000020A6DBA760A33E404B839677D3267D40000000000000000020DBD03BC9BF3E40CB5E47363F1A7D400000000000000000309715CD52FE3E4031FE0672FFB57B400000000000000000
100
AcDbRasterImage
 90
        0
 10
29.87714158711742
 20
412.5627323298591
 30
0.0
 11
-0.0013238182557019
 21
0.5530093748837013
 31
0.0
 12
0.5530093748837013
 22
0.001323818255702
 32
0.0
 13
109.0
 23
512.0
340
4ED
 70
    15
280
     1
281
    50
282
    50
283
     0
290
     0
360
3E4
 71
     2
 91
       20
 14
55.21204549291883
 24
509.3480256673747
 14
27.93177707072391
 24
471.7988027280198
 14
15.57386824280615
 24
412.8975288882056
 14
15.57386824280615
 24
279.3319042356161
 14
15.57386824280615
 24
165.3005574104245
 14
30.7178470377894
 24
3.030396728563573
 14
54.0
 24
3.030396728563573
 14
76.55080864306569
 24
57.12949393617873
 14
76.55080864306592
 24
275.0452154888908
 14
103.218985936094
 24
289.4246144479148
 14
103.218985936094
 24
313.3812357269499
 14
80.64548723063877
 24
313.3812357269508
 14
80.64548723063877
 24
421.0910732010916
 14
100.2955998111802
 24
484.8705262683379
 14
95.12460842009682
 24
511.5
 14
96.71815601464414
 24
510.1890848514495
 14
96.71815601464414
 24
509.8906444938329
 14
96.89756203426373
 24
509.8906444938329
 14
95.47542296802204
 24
509.6933818716543
 14
55.21204549291883
 24
509.3480256673747
  0
IMAGE
  5
3E5
330
3DA
100
AcDbEntity
  8
0
 62
     7
420
 16777215
160
               500
310
F401000001000000EC01000006000000140000008CEF3B09444552406ABDEBABE4D63A4000000000000000001482A6AC8A785740AAD7CC8A1FF044400000000000000000761C2908429E5F4054127C46E65048400000000000000000BCAB950FBF0A694046923C59443A48400000000000000000FE20CBF156767040EDDDFE
310
CBF12648400000000000000000C134D340CF1176402C26837D7ADB43400000000000000000E4FB4E0251117640D0B9EBABE4D63A400000000000000000D401E96F29327440945A408D66E12C400000000000000000705818910554694078B3FC4E1A752D400000000000000000BF04A60B6E546840000000000000283D0000
310
000000000000A790B17E7CAC66400018D263D83CA03F00000000000000009299534C71AD66402C861D56B707294000000000000000009C24CA02C1765E40C074D3A9B8502940000000000000000064C82CB8C4A35540C0A932FA9D01FE3F000000000000000048B32761B8F5514010CE9F7DBD14134000000000000000001C
310
A8D25EFB2352404071300622190F400000000000000000242B14648B2E524000BD57E352180F4000000000000000004873ED7F872E5240505E9B97224D0E40000000000000000088C0EAA4A135524000CF969FA14B124000000000000000008CEF3B09444552406ABDEBABE4D63A400000000000000000
100
AcDbRasterImage
 90
        0
 10
71.96596823464687
 20
57.65155902562668
 30
0.0
 11
-0.0013238182557019
 21
-0.5530093748837013
 31
0.0
 12
0.5530093748837013
 22
-0.001323818255702
 32
0.0
 13
109.0
 23
512.0
340
4ED
 70
    15
280
     1
281
    50
282
    50
283
     0
290
     0
360
3E6
 71
     2
 91
       20
 14
55.21204549291883
 24
509.3480256673747
 14
27.93177707072391
 24
471.7988027280198
 14
15.57386824280615
 24
412.8975288882056
 14
15.57386824280615
 24
279.3319042356161
 14
15.57386824280615
 24
165.3005574104245
 14
30.7178470377894
 24
3.030396728563573
 14
54.0
 24
3.030396728563573
 14
76.55080864306569
 24
57.12949393617873
 14
76.55080864306592
 24
275.0452154888908
 14
103.218985936094
 24
289.4246144479148
 14
103.218985936094
 24
313.3812357269499
 14
80.64548723063877
 24
313.3812357269508
 14
80.64548723063877
 24
421.0910732010916
 14
100.2955998111802
 24
484.8705262683379
 14
95.12460842009682
 24
511.5
 14
96.71815601464414
 24
510.1890848514495
 14
96.71815601464414
 24
509.8906444938329
 14
96.89756203426373
 24
509.8906444938329
 14
95.47542296802204
 24
509.6933818716543
 14
55.21204549291883
 24
509.3480256673747
  0
ARC
  5
3E7
330
3DA
100
AcDbEntity
  8
0
100
AcDbCircle
 10
-118.246426483744
 20
660.1084231392824
 30
0.0
 40
266.8167708903734
100
AcDbArc
 50
352.5420101743876
 51
0.3958831880138991
  0
POLYLINE
  5
3E8
330
3DA
100
AcDbEntity
  8
0
100
AcDb2dPolyline
 66
     1
 10
0.0
 20
0.0
 30
0.0
  0
VERTEX
  5
3E9
330
3E8
100
AcDbEntity
  8
0
100
AcDbVertex
100
AcDb2dVertex
 10
148.563975421227
 20
550.7266642052636
 30
0.0
 42
-0.0001194493424921
  0
VERTEX
  5
3EA
330
3E8
100
AcDbEntity
  8
0
100
AcDbVertex
100
AcDb2dVertex
 10
148.4890253719186
 20
550.7251479906251
 30
0.0
 42
-0.0048641631070579
  0
SEQEND
  5
3EB
330
3E8
100
AcDbEntity
  8
0
  0
CIRCLE
  5
3EC
330
3DA
100
AcDbEntity
  8
0
100
AcDbCircle
 10
122.3714848944278
 20
538.220927835026
 30
0.0
 40
1.0
  0
ARC
  5
3ED
330
3DA
100
AcDbEntity
  8
0
100
AcDbCircle
 10
168.4382673201671
 20
198.0724517993655
 30
0.0
 40
327.145045395438
100
AcDbArc
 50
102.6221234059252
 51
112.7394326979402
  0
ARC
  5
3EE
330
3DA
100
AcDbEntity
  8
0
100
AcDbCircle
 10
90.39491334682907
 20
546.5861794358841
 30
0.0
 40
30.0
100
AcDbArc
 50
282.6221234059252
 51
304.4847537293458
  0
LINE
  5
3EF
330
3DA
100
AcDbEntity
  8
0
100
AcDbLine
 10
41.98333697151883
 20
499.7892582873395
 30
0.0
 11
23.53856314374798
 21
536.6154962976882
 31
0.0
  0
ARC
  5
3F0
330
3DA
100
AcDbEntity
  8
0
100
AcDbCircle
 10
152.9023834782797
 20
141.1896637027421
 30
0.0
 40
416.0487797061207
100
AcDbArc
 50
100.1397494680272
 51
108.1155424781967
  0
ARC
  5
3F1
330
3DA
100
AcDbEntity
  8
0
100
AcDbCircle
 10
84.93861476482379
 20
521.2088559218312
 30
0.0
 40
30.0
100
AcDbArc
 50
76.99406287064881
 51
100.1397494680529
  0
CIRCLE
  5
3F2
330
3DA
100
AcDbEntity
  8
0
100
AcDbCircle
 10
32.04788221311356
 20
533.0240563515071
 30
0.0
 40
1.0
  0
CIRCLE
  5
3F3
330
3DA
100
AcDbEntity
  8
0
100
AcDbCircle
 10
44.83094963492567
 20
507.5017979723211
 30
0.0
 40
1.0
  0
ARC
  5
3F4
330
3DA
100
AcDbEntity
  8
0
100
AcDbCircle
 10
122.3714848944278
 20
538.220927835026
 30
0.0
 40
5.0
100
AcDbArc
 50
304.4847537293458
 51
76.99406287064881
  0
LINE
  5
3F5
330
3DA
100
AcDbEntity
  8
0
100
AcDbLine
 10
123.4967449931987
 20
543.0926615828941
 30
0.0
 11
91.69017535745252
 21
550.4392584090371
 31
0.0
  0
LINE
  5
3F6
330
3DA
100
AcDbEntity
  8
0
100
AcDbLine
 10
125.2024194887062
 20
534.0995434410492
 30
0.0
 11
107.3805209125016
 21
521.8578730720241
 31
0.0
  0
LINE
  5
3F7
330
3DA
100
AcDbEntity
  8
0
 62
    40
420
 16308017
100
AcDbLine
 10
148.563975421227
 20
661.951969632824
 30
0.0
 11
148.563975421227
 21
548.0631865319717
 31
0.0
  0
LINE
  5
3F8
330
3DA
100
AcDbEntity
  8
0
 62
    40
420
 16308017
100
AcDbLine
 10
148.563975421227
 20
605.0075780823979
 30
0.0
 11
331.9888710525888
 21
604.4519696328245
 31
0.0
  0
LINE
  5
3F9
330
3DA
100
AcDbEntity
  8
0
 62
    40
420
 16308017
100
AcDbLine
 10
148.563975421227
 20
605.0075780823979
 30
0.0
 11
15.76287036796248
 21
605.0075780823979
 31
0.0
  0
LINE
  5
3FA
330
3DA
100
AcDbEntity
  8
0
 62
    40
420
 16308017
100
AcDbLine
 10
0.0
 20
605.0075780823979
 30
0.0
 11
0.0
 21
605.0075780823979
 31
0.0
  0
LINE
  5
3FB
330
3DA
100
AcDbEntity
  8
0
 62
     7
420
 16777215
100
AcDbLine
 10
148.563975421227
 20
616.0075780823979
 30
0.0
 11
148.563975421227
 21
605.0075780823979
 31
0.0
  0
LINE
  5
3FC
330
3DA
100
AcDbEntity
  8
0
 62
     7
420
 16777215
100
AcDbLine
 10
148.563975421227
 20
594.0075780823979
 30
0.0
 11
148.563975421227
 21
605.0075780823979
 31
0.0
  0
LINE
  5
3FD
330
3DA
100
AcDbEntity
  8
0
 62
     7
420
 16777215
100
AcDbLine
 10
148.563975421227
 20
599.5075780823979
 30
0.0
 11
148.563975421227
 21
610.5075780823979
 31
0.0
  0
LINE
  5
3FE
330
3DA
100
AcDbEntity
  8
0
 62
    40
420
 16308017
100
AcDbLine
 10
155.1441417994083
 20
473.0555055416278
 30
0.0
 11
155.1441417994083
 21
359.1667224407755
 31
0.0
  0
LINE
  5
3FF
330
3DA
100
AcDbEntity
  8
0
 62
    40
420
 16308017
100
AcDbLine
 10
155.1441417994083
 20
416.1111139912016
 30
0.0
 11
338.5690374307701
 21
415.5555055416282
 31
0.0
  0
LINE
  5
400
330
3DA
100
AcDbEntity
  8
0
 62
    40
420
 16308017
100
AcDbLine
 10
155.1441417994083
 20
416.1111139912016
 30
0.0
 11
22.34303674614375
 21
416.1111139912016
 31
0.0
  0
LWPOLYLINE
  5
401
330
3DA
100
AcDbEntity
  8
0
 62
     7
420
 16777215
100
AcDbPolyline
 90
       62
 70
     0
 43
0.0
 10
195.4266851932439
 20
44.48484521193307
 10
130.3281572734349
 20
45.71160122482109
 10
125.7286148586654
 20
45.71160122482109
 10
121.247770312556
 20
45.44034855542707
 10
118.1913001922303
 20
45.2094952204265
 10
114.8811672229049
 20
44.82858721734959
 10
110.9062184983277
 20
44.06099987691272
 10
108.6064472918742
 20
43.50118053900081
 10
106.4285999466169
 20
42.97104038615697
 10
102.4605469160651
 20
42.00512133554474
 10
98.64738520735
 20
41.07690653872777
 10
93.88791156684693
 20
39.01685450142253
 10
90.13409146791037
 20
37.083457818348
 10
88.39813513619537
 20
36.16004447741437
 10
86.23189903175171
 20
34.89612246686596
 10
84.47607842036678
 20
33.6902996714079
 10
82.67096297008629
 20
32.06816910961646
 10
80.74212260296281
 20
30.26751309363175
 10
79.21388754186864
 20
28.74965241467584
 10
77.99723438856836
 20
27.57807173775513
 10
76.32750530139038
 20
25.5350197209977
 10
74.88685197473114
 20
23.54968103682626
 10
74.13955365245874
 20
21.38983212643911
 10
73.86313404765314
 20
17.28201298424977
 10
74.13955365245874
 20
13.46139028491456
 10
74.13955365245874
 20
11.75596127016473
 10
75.16332277221318
 20
10.54975259406495
 10
77.34439611000652
 20
10.23521492453295
 10
79.62933008311029
 20
10.10247425651181
 10
81.9884502248251
 20
10.54109559403736
 10
84.67398950395818
 20
10.89314693035561
 10
86.51380647098358
 20
11.19902759986001
 10
88.42780960475739
 20
11.55685026953
 10
90.6385574092501
 20
11.19902759986001
 10
93.07186371957596
 20
10.59303759420294
 10
94.06595836890573
 20
10.19481559107083
 10
95.20842535545762
 20
9.767736921180073
 10
96.4992646792316
 20
9.42145691821355
 10
98.79903588568504
 20
8.775067579094354
 10
100.2827592448675
 20
8.347988909203593
 10
101.6181102686905
 20
8.192162907775525
 10
102.8941123572522
 20
8.082507573161308
 10
103.6359740377747
 20
8.417244909424368
 10
105.1345346303069
 20
9.046320247557048
 10
107.2710962680512
 20
10.23521492453295
 10
109.1702621684753
 20
11.28559760013598
 10
111.8112897475594
 20
13.22476561656225
 10
114.9716205031955
 20
15.41210096804428
 10
119.1408831433736
 20
17.55903698699552
 10
122.8947032423102
 20
18.61519099595028
 10
126.2479180352175
 20
18.8345016642474
 10
133.6665348311298
 20
19.30197966760028
 10
186.3683885553264
 20
17.8649176555686
 10
187.7927629811102
 20
17.8649176555686
 10
186.4425747239375
 20
11.91467293919999
 10
184.6917811607354
 20
4.082973538991097
 10
184.6917811607354
 20
2.599740860145573
 10
191.7543043506675
 20
2.599740860145573
 10
195.7010084868752
 20
15.14661963293332
 10
196.9324988753878
 20
18.96724233226854
 10
198.4111056061379
 20
44.52106349657259
 10
195.5081244496041
 20
44.48484521193307
  0
LINE
  5
402
330
3DA
100
AcDbEntity
  8
0
 62
     7
420
 16777215
100
AcDbLine
 10
323.2660366512723
 20
426.0691986508475
 30
0.0
 11
323.2660366512723
 21
415.5229406789163
 31
0.0
  0
LINE
  5
403
330
3DA
100
AcDbEntity
  8
0
 62
     7
420
 16777215
100
AcDbLine
 10
323.2660366512728
 20
426.0462424210709
 30
0.0
 11
323.363531026188
 21
426.0462424210709
 31
0.0
  0
INSERT
  5
404
102
{ACAD_REACTORS
330
4F4
102
}
330
3DA
100
AcDbEntity
  8
0
 62
     7
420
 16777215
100
AcDbBlockReference
  2
*U1
 10
-3176.035142998182
 20
-757.215062836236
 30
0.0
  0
LWPOLYLINE
  5
405
330
3DA
100
AcDbEntity
  8
0
 62
     7
420
 16777215
100
AcDbPolyline
 90
        6
 70
     0
 43
0.0
 10
323.3268077914731
 20
426.1267828274574
 42
0.275415120245028
 10
272.9291375702751
 20
461.0135964830986
 10
193.6534819924381
 20
465.4069606844064
 42
-0.1869727011748653
 10
157.7193659671638
 20
482.5616278669927
 42
0.0795446023937898
 10
157.7148837342256
 20
482.5668175573351
 42
0.2704233741391074
 10
135.2118748736684
 20
484.4385640966893
  0
LINE
  5
406
330
3DA
100
AcDbEntity
  8
0
 62
     7
420
 16777215
100
AcDbLine
 10
323.2660366512723
 20
404.9766827069848
 30
0.0
 11
323.2660366512723
 21
415.5229406789163
 31
0.0
  0
INSERT
  5
407
102
{ACAD_REACTORS
330
506
102
}
330
3DA
100
AcDbEntity
  8
0
 62
     7
420
 16777215
100
AcDbBlockReference
  2
*U3
 10
-3123.960897400506
 20
1510.514336190927
 30
0.0
 41
-1.0
 50
180.0
  0
LINE
  5
408
330
3DA
100
AcDbEntity
  8
0
 62
     7
420
 16777215
100
AcDbLine
 10
155.3037285339578
 20
403.5353446957574
 30
0.0
 11
155.3037285339578
 21
378.5353446957575
 31
0.0
  0
LWPOLYLINE
  5
409
330
3DA
100
AcDbEntity
  8
0
100
AcDbPolyline
 90
       56
 70
     0
 43
0.0
 10
135.2118748736684
 20
484.4385640966893
 42
-0.1343645973972865
 10
152.9707216550628
 20
434.0560589056754
 42
-0.1742315634716155
 10
149.0953680839161
 20
423.1827154045302
 42
-0.1464209555495522
 10
122.9972468400078
 20
408.1429541341218
 10
87.78060947687936
 20
408.8065977374322
 10
83.06208161447967
 20
408.8065977374322
 10
78.46833630451692
 20
408.528510500747
 10
75.33092810424022
 20
408.2915439616418
 10
71.84880930962709
 20
407.8908449779985
 10
67.69085653780166
 20
407.0879184169453
 10
55.11408970165575
 20
404.026432446721
 10
50.02799781548083
 20
401.8250096122981
 10
46.16695394710541
 20
399.8363875655364
 10
44.36138668966714
 20
398.8759458407008
 10
42.04880754797841
 20
397.5266378533031
 10
40.0406152904311
 20
396.1474969626495
 10
38.0687655861243
 20
394.375534029133
 10
36.08516996814888
 20
392.5237616151645
 10
34.54045093880905
 20
390.9895288689327
 10
33.21168627847965
 20
389.7099899995399
 10
31.374235274885
 20
387.4617163080685
 10
29.62150259433565
 20
385.0463066260075
 10
28.59744935924254
 20
382.0865779633383
 10
28.28002806617769
 20
377.3694405348668
 10
28.56374145822247
 20
373.4480044033205
 10
28.56374145822247
 20
370.7494633069714
 10
31.03520509691271
 20
367.837575434862
 10
34.46693916896993
 20
367.3426770658917
 10
37.24347795485846
 20
367.1813771694554
 10
39.88213256492599
 20
367.6719711811257
 10
42.53928416930693
 20
368.0203011349607
 10
44.45970326420592
 20
368.3395823944582
 10
45.88907586484538
 20
368.6068034406984
 10
47.45953887784071
 20
368.3526146694663
 10
49.57144459912888
 20
367.8266661875346
 10
50.40697504538957
 20
367.4919630400907
 10
51.71663856730674
 20
367.0023827182707
 10
53.12890301110974
 20
366.6235292647209
 10
55.4024252678846
 20
365.9845176339528
 10
57.11418871063415
 20
365.4917993318698
 10
58.739936807709
 20
365.302086049911
 10
60.83993180789502
 20
365.1216195314799
 10
62.25789379079742
 20
365.7614218417228
 10
63.87267749401917
 20
366.4392860596779
 10
66.15062471206738
 20
367.7068550706188
 10
68.21483257298814
 20
368.848518458462
 10
70.97724157515085
 20
370.8768104868021
 10
73.94269988682708
 20
372.9292702766223
 10
77.66918886704843
 20
374.8482027369483
 10
80.82858805359455
 20
375.7371137739222
 10
83.86433577562957
 20
375.9356611091867
 10
91.14427917591502
 20
376.3944007231753
 10
107.782490393271
 20
375.9511136268048
 42
-0.1279662874921935
 10
129.8902700325738
 20
370.0905348869238
 42
-0.1296871574462904
 10
137.3298979598253
 20
360.4796476818634
 42
-0.2330936672961129
 10
135.3556896510731
 20
346.5393174459467
  0
IMAGE
  5
40A
330
3DA
100
AcDbEntity
  8
0
 62
     7
420
 16777215
160
               500
310
F401000001000000EC010000060000001400000098FCCABA903748406A33862C57BD6A400000000000000000D410D0000F4F51402D7550DF2BDC6840000000000000000036AB525CC674594083A66430FA03684000000000000000001C73AA3901F665408686B4ABA209684000000000000000005B09AB0DF0D76D409CF303
310
4F770E684000000000000000007198DD55708774408DE1A222552169400000000000000000945F5917F2867440DE33862C57BD6A4000000000000000008465F384CAA772406EA52F591D4A6C400000000000000000D01F2DBB473F6640E0DF131DE2406C4000000000000000001FCCBA35B03F654016AB03C233186E400000
310
0000000000000758C6A8BE976340F66D7DF42F176E400000000000000000F2606876B3986340B5D2A14CB8876C4000000000000000005CB3F356454D5840CC73663728836C40000000000000000048AEAC1892F44E40C4450F8630DC6D4000000000000000001084A26A79984740A7AC16D68D7F6D400000000000000000B8
310
6DF865FFF4474053E9EA39CF9B6D400000000000000000C8737B701F0A4840244C7676D29B6D40000000000000000010042EA8170A48409E3DA537FF9E6D400000000000000000909E28F24B184840A0F406B5D6856D40000000000000000098FCCABA903748406A33862C57BD6A400000000000000000
100
AcDbRasterImage
 90
        0
 10
47.31779494113607
 20
183.1047590735523
 30
0.0
 11
-0.0013238182557019
 21
0.5530093748837013
 31
0.0
 12
0.5530093748837013
 22
0.001323818255702
 32
0.0
 13
109.0
 23
512.0
340
4ED
 70
    15
280
     1
281
    50
282
    50
283
     0
290
     0
360
40B
 71
     2
 91
       20
 14
55.21204549291883
 24
509.3480256673747
 14
27.93177707072391
 24
471.7988027280198
 14
15.57386824280615
 24
412.8975288882056
 14
15.57386824280615
 24
279.3319042356161
 14
15.57386824280615
 24
165.3005574104245
 14
30.7178470377894
 24
3.030396728563573
 14
54.0
 24
3.030396728563573
 14
76.55080864306569
 24
57.12949393617873
 14
76.55080864306592
 24
275.0452154888908
 14
103.218985936094
 24
289.4246144479148
 14
103.218985936094
 24
313.3812357269499
 14
80.64548723063877
 24
313.3812357269508
 14
80.64548723063877
 24
421.0910732010916
 14
100.2955998111802
 24
484.8705262683379
 14
95.12460842009682
 24
511.5
 14
96.71815601464414
 24
510.1890848514495
 14
96.71815601464414
 24
509.8906444938329
 14
96.89756203426373
 24
509.8906444938329
 14
95.47542296802204
 24
509.6933818716543
 14
55.21204549291883
 24
509.3480256673747
  0
LINE
  5
40C
330
3DA
100
AcDbEntity
  8
0
 62
    40
420
 16308017
100
AcDbLine
 10
165.1552401035446
 20
243.0196259512816
 30
0.0
 11
179.9526947421632
 21
130.0962437294804
 31
0.0
  0
LINE
  5
40D
330
3DA
100
AcDbEntity
  8
0
 62
    40
420
 16308017
100
AcDbLine
 10
172.6564226424857
 20
184.7587521385009
 30
0.0
 11
334.8509373875054
 21
196.5475693302983
 31
0.0
  0
LINE
  5
40E
330
3DA
100
AcDbEntity
  8
0
 62
    40
420
 16308017
100
AcDbLine
 10
172.6564226424857
 20
184.7587521385009
 30
0.0
 11
40.23448636236707
 21
174.7305770706021
 31
0.0
  0
LWPOLYLINE
  5
40F
330
3DA
100
AcDbEntity
  8
0
 62
     7
420
 16777215
100
AcDbPolyline
 90
        2
 70
     0
 43
0.0
 10
152.652528227687
 20
254.9805908403826
 42
-0.1533774606231336
 10
170.6713704491135
 20
197.0649674226095
 42
-0.137576247816178
  0
LINE
  5
410
330
3DA
100
AcDbEntity
  8
0
 62
     7
420
 16777215
100
AcDbLine
 10
170.6713704491135
 20
197.0649674226095
 30
0.0
 11
170.6713704491135
 21
196.5882691647642
 31
0.0
  0
LINE
  5
411
330
3DA
100
AcDbEntity
  8
0
 62
     7
420
 16777215
100
AcDbLine
 10
335.206424021128
 20
196.6112253945408
 30
0.0
 11
335.206424021128
 21
184.6112253945408
 31
0.0
  0
INSERT
  5
412
102
{ACAD_REACTORS
330
518
102
}
330
3DA
100
AcDbEntity
  8
0
 62
     7
420
 16777215
100
AcDbBlockReference
  2
*U5
 10
-3158.594489644163
 20
-986.6730360925428
 30
0.0
  0
LWPOLYLINE
  5
413
330
3DA
100
AcDbEntity
  8
0
 62
     7
420
 16777215
100
AcDbPolyline
 90
        6
 70
     0
 43
0.0
 10
333.705264710673
 20
208.3880324036717
 42
0.2146915218990462
 10
290.3697909242938
 20
231.5556232267919
 10
211.0941353464568
 20
235.9489874280996
 42
-0.1869727011748653
 10
175.1600193211825
 20
253.103654610686
 42
0.0795446023937898
 10
175.1555370882442
 20
253.1088443010284
 42
0.2704233741391074
 10
152.652528227687
 20
254.9805908403826
  0
LINE
  5
414
330
3DA
100
AcDbEntity
  8
0
 62
     7
420
 16777215
100
AcDbLine
 10
335.2437871885695
 20
196.6471508756465
 30
0.0
 11
333.6846393003516
 21
208.5454304934176
 31
0.0
  0
INSERT
  5
415
102
{ACAD_REACTORS
330
521
102
}
330
3DA
100
AcDbEntity
  8
0
 62
     7
420
 16777215
100
AcDbBlockReference
  2
*U7
 10
-3220.949793010005
 20
845.6334227743964
 30
0.0
 41
-1.0
 50
187.4654889805163
  0
ARC
  5
416
330
3DA
100
AcDbEntity
  8
0
 62
     7
420
 16777215
100
AcDbCircle
 10
283.5360199191064
 20
214.8591367130087
 30
0.0
 40
59.85863682192049
100
AcDbArc
 50
281.3609370864224
 51
329.6786129846089
  0
LINE
  5
417
330
3DA
100
AcDbEntity
  8
0
 62
     7
420
 16777215
100
AcDbLine
 10
295.3275110535415
 20
156.1733876847723
 30
0.0
 11
217.2946766843274
 21
141.5170587921762
 31
0.0
  0
ARC
  5
418
330
3DA
100
AcDbEntity
  8
0
 62
     7
420
 16777215
100
AcDbCircle
 10
228.5667556214848
 20
87.57948098613878
 30
0.0
 40
55.10283171623624
100
AcDbArc
 50
101.8040019387429
 51
144.1658681845343
  0
ARC
  5
419
330
3DA
100
AcDbEntity
  8
0
 62
     7
420
 16777215
100
AcDbCircle
 10
228.5667556214848
 20
87.57948098613878
 30
0.0
 40
60.35283171623624
100
AcDbArc
 50
101.8040019387429
 51
143.6182919366356
  0
ARC
  5
41A
330
3DA
100
AcDbEntity
  8
0
 62
     7
420
 16777215
100
AcDbCircle
 10
183.8742781539995
 20
119.8478326523177
 30
0.0
 40
0.0216882798886302
100
AcDbArc
 50
317.5529778139036
 51
335.7449533796001
  0
ARC
  5
41B
330
3DA
100
AcDbEntity
  8
0
 62
     7
420
 16777215
100
AcDbCircle
 10
168.760189183582
 20
136.3536867716591
 30
0.0
 40
22.40192747035009
100
AcDbArc
 50
251.9559058257163
 51
312.4846340002184
  0
LWPOLYLINE
  5
41C
330
3DA
100
AcDbEntity
  8
0
 62
     7
420
 16777215
100
AcDbPolyline
 90
        4
 70
     0
 43
0.0
 10
329.956424021128
 20
196.6112253945408
 10
329.956424021128
 20
186.0971948704727
 42
-0.2070216052546941
 10
294.3583883393526
 20
161.3331649246193
 10
216.3255539701386
 20
146.6768360320232
  0
LWPOLYLINE
  5
41D
330
3DA
100
AcDbEntity
  8
0
 62
     7
420
 16777215
100
AcDbPolyline
 90
        2
 70
     0
 43
0.0
 10
179.9777042518594
 20
123.3784807370285
 42
-0.2627585359196235
 10
163.447399803646
 20
120.0453182158351
 42
-0.2627585359196235
  0
LINE
  5
41E
330
3DA
100
AcDbEntity
  8
0
 62
     7
420
 16777215
100
AcDbLine
 10
174.3461584004094
 20
174.1095014932467
 30
0.0
 11
177.5943831675304
 21
149.3214189562237
 31
0.0
  0
LWPOLYLINE
  5
41F
330
3DA
100
AcDbEntity
  8
0
 62
     0
100
AcDbPolyline
 90
       50
 70
     0
 43
0.0
 10
133.2455114278154
 20
140.825914413703
 10
114.2569648083163
 20
138.862450622258
 10
107.098334868504
 20
137.4617239074339
 10
104.1141173195628
 20
136.8704279605745
 10
101.0969947212647
 20
135.5785544069929
 10
97.65141902242612
 20
133.1917092066133
 10
94.9777720357415
 20
130.7713484942997
 10
92.50231307793274
 20
128.4013326724828
 10
90.60393805641433
 20
127.0011463770555
 10
88.50999427239093
 20
125.4483507835981
 10
86.99697281745466
 20
124.5664253995215
 10
85.67415933920074
 20
123.7478121313066
 10
83.56851753093087
 20
123.6538986586507
 10
81.93190115509834
 20
123.6307719889524
 10
80.17062942330767
 20
123.8969059701263
 10
77.83335299305827
 20
124.2351044398279
 10
76.38383584233725
 20
124.4272523731056
 10
75.02166326618362
 20
124.7425194105972
 10
74.14972771749308
 20
124.9658257527977
 10
71.98738802889557
 20
125.2129181492228
 10
70.39721086690679
 20
125.2609035646881
 10
69.01467438770215
 20
124.8102307313811
 10
67.1520179982922
 20
124.2441378081712
 10
64.56264842630798
 20
123.5535195162861
 10
62.0101032806383
 20
122.7242463918961
 10
59.23614284422274
 20
122.5234261156911
 10
55.76919690172008
 20
122.568247636109
 10
52.94034446298519
 20
125.1343375365159
 10
52.58972574201516
 20
127.81000391355
 10
51.79890906425362
 20
131.6613366185752
 10
51.50074676771101
 20
136.3797305234221
 10
52.1315648544205
 20
139.4474246617629
 10
53.55560840637235
 20
142.070090432273
 10
55.08536796024964
 20
144.5380443398035
 10
56.23661988930826
 20
145.979381995131
 10
57.56890348894604
 20
147.7013132972889
 10
59.29508584415907
 20
149.7951153713487
 10
61.01999141751503
 20
151.8082583511534
 10
62.83197045079214
 20
153.4366310733861
 10
64.94963233136923
 20
155.0749724575235
 10
66.61510511559072
 20
156.261868338785
 10
70.1850404237357
 20
158.7352949687959
 10
74.94199039540444
 20
161.5788877908395
 10
87.01437198862823
 20
166.2485090885728
 10
91.03275561067903
 20
167.5848680901934
 10
94.43329511954926
 20
168.4345986497842
 10
97.51331963312896
 20
169.0771967758065
 10
102.0319935550406
 20
169.949787442411
 10
106.7105238792969
 20
170.562861005091
 10
136.3781233785666
 20
173.8832205406216
  0
LWPOLYLINE
  5
420
330
3DA
100
AcDbEntity
  8
0
 62
     0
100
AcDbPolyline
 90
        3
 70
     0
 43
0.0
 10
146.1519978851129
 20
176.7042451976998
 42
0.0167793952344847
 10
161.0881588579191
 20
185.0173358527434
 42
0.2342585397018365
 10
170.5873936710463
 20
200.6754713351409
  0
ARC
  5
421
330
3DA
100
AcDbEntity
  8
0
 62
     7
420
 16777215
100
AcDbCircle
 10
132.9696868139422
 20
204.0454146943785
 30
0.0
 40
30.35416604001335
100
AcDbArc
 50
276.4472787650646
 51
295.7464816174028
  0
LWPOLYLINE
  5
422
330
3DA
100
AcDbEntity
  8
0
100
AcDbPolyline
 90
        5
 70
     0
 43
0.0
 10
130.8025089621674
 20
140.655111766653
 42
-0.1279662874921935
 10
130.8117347703009
 20
140.5847071272329
 42
-0.1279662874921935
 10
153.4935725071773
 20
137.6462482412944
 42
-0.1296871574462904
 10
162.1188698255346
 20
129.083452977231
 42
-0.2384749642204651
 10
161.8231392563562
 20
114.7166109537939
  0
LINE
  5
423
330
3DA
100
AcDbEntity
  8
0
 62
     7
420
 16777215
100
AcDbLine
 10
335.9595595442706
 20
196.5754220910093
 30
0.0
 11
336.0691369057281
 21
196.582161365829
 31
0.0
  0
LINE
  5
424
330
3DA
100
AcDbEntity
  8
0
 62
     7
420
 16777215
100
AcDbLine
 10
337.3972089119061
 20
196.6638410313273
 30
0.0
 11
337.4312868493512
 21
196.6659369075436
 31
0.0
  0
LWPOLYLINE
  5
425
330
3DA
100
AcDbEntity
  8
0
 62
     7
420
 16777215
100
AcDbPolyline
 90
        6
 70
     0
 43
0.0
 10
323.3268077914731
 20
404.9190985303749
 42
-0.2754151202450253
 10
272.9291375702751
 20
370.0322848747338
 10
193.6534819924381
 20
365.6389206734257
 42
0.1869696135326917
 10
157.7198169363423
 20
348.4847320483319
 42
-0.0696552669133095
 10
157.7148837342256
 20
348.4790638004975
 42
-0.2685191553234488
 10
135.355689651069
 20
346.5393174459444
 42
-0.2685191553234488
  0
LINE
  5
426
330
3DA
100
AcDbEntity
  8
0
 62
     7
420
 16777215
100
AcDbLine
 10
330.5253553656426
 20
362.5307468336785
 30
0.0
 11
330.5253553656421
 21
364.6512282147324
 31
0.0
  0
INSERT
  5
427
102
{ACAD_REACTORS
330
4FD
102
}
330
3DA
100
AcDbEntity
  8
0
 62
     7
420
 16777215
100
AcDbBlockReference
  2
*U10
 10
-3116.701578686136
 20
1468.06840031762
 30
0.0
 41
-1.0
 50
180.0
  0
LWPOLYLINE
  5
428
330
3DA
100
AcDbEntity
  8
0
 62
     7
420
 16777215
100
AcDbPolyline
 90
        5
 70
     0
 43
0.0
 10
325.8092519600218
 20
364.6512282147324
 42
-0.275255627357426
 10
279.8641004198566
 20
332.8264294208539
 10
200.5156434795317
 20
328.4279409734625
 42
0.1845010231849252
 10
161.5554258557236
 20
310.0567185617445
 42
-0.2612757729939
 10
144.8181962031308
 20
308.8588183736254
 42
-0.2612757729939
  0
LWPOLYLINE
  5
429
330
3DA
100
AcDbEntity
  8
0
100
AcDbPolyline
 90
        2
 70
     0
 43
0.0
 10
115.0418091076412
 20
333.5761842939549
 42
-0.1279662874923888
 10
115.0418091076412
 20
333.5051777534985
  0
LWPOLYLINE
  5
42A
330
3DA
100
AcDbEntity
  8
0
100
AcDbPolyline
 90
        2
 70
     0
 43
0.0
 10
144.8181962031281
 20
308.8588183736318
 42
-0.0830073405483285
 10
142.6150083654379
 20
304.0933815726326
 42
-0.0830073405483285
  0
LWPOLYLINE
  5
42B
330
3DA
100
AcDbEntity
  8
0
 62
     7
420
 16777215
100
AcDbPolyline
 90
        6
 70
     0
 43
0.0
 10
330.5861265058434
 20
362.4731626570686
 42
-0.2754151202450253
 10
280.1884562846453
 20
327.5863490014274
 10
200.9128007068084
 20
323.1929848001194
 42
0.1869696135326917
 10
164.9791356507126
 20
306.0387961750255
 42
-0.0696552669133095
 10
164.9742024485958
 20
306.0331279271912
 42
-0.268519155323473
 10
142.6150083654374
 20
304.0933815726388
 42
-0.268519155323473
  0
LINE
  5
42C
330
3DA
100
AcDbEntity
  8
0
 62
     7
420
 16777215
100
AcDbLine
 10
325.8092519600218
 20
364.6512282147324
 30
0.0
 11
330.5253553656426
 21
364.6512282147324
 31
0.0
  0
INSERT
  5
42D
102
{ACAD_REACTORS
330
533
102
}
330
3DA
100
AcDbEntity
  8
0
 62
     7
420
 16777215
100
AcDbBlockReference
  2
*U12
 10
-2792.328197759238
 20
-498.2662348438617
 30
0.0
  0
LINE
  5
42E
330
3DA
100
AcDbEntity
  8
0
100
AcDbLine
 10
314.6025789733408
 20
596.1264563597626
 30
0.0
 11
314.6025789733408
 21
614.8945878091817
 31
0.0
  0
POLYLINE
  5
42F
330
3DA
100
AcDbEntity
  8
0
100
AcDb2dPolyline
 66
     1
 10
0.0
 20
0.0
 30
0.0
 70
     2
  0
VERTEX
  5
430
330
42F
100
AcDbEntity
  8
0
100
AcDbVertex
100
AcDb2dVertex
 10
314.6025789733408
 20
614.8706603752466
 30
0.0
 42
0.0398094341229365
  0
VERTEX
  5
431
330
42F
100
AcDbEntity
  8
0
100
AcDbVertex
100
AcDb2dVertex
 10
309.657847517547
 20
623.9642080931387
 30
0.0
 42
0.0614209879405467
 70
     1
  0
VERTEX
  5
432
330
42F
100
AcDbEntity
  8
0
100
AcDbVertex
100
AcDb2dVertex
 10
305.3248413970873
 20
629.1053349891547
 30
0.0
 42
0.0142868815736377
  0
VERTEX
  5
433
330
42F
100
AcDbEntity
  8
0
100
AcDbVertex
100
AcDb2dVertex
 10
296.6065315092706
 20
636.7400175159052
 30
0.0
 42
0.0442445478702538
 70
     1
  0
VERTEX
  5
434
330
42F
100
AcDbEntity
  8
0
100
AcDbVertex
100
AcDb2dVertex
 10
293.5173787192866
 20
638.8635350057677
 30
0.0
 42
0.0217480270826469
  0
VERTEX
  5
435
330
42F
100
AcDbEntity
  8
0
100
AcDbVertex
100
AcDb2dVertex
 10
285.4254784758778
 20
642.9770625581754
 30
0.0
 42
0.0375773400898148
 70
     1
  0
VERTEX
  5
436
330
42F
100
AcDbEntity
  8
0
100
AcDbVertex
100
AcDb2dVertex
 10
280.4888224254278
 20
644.7885864273055
 30
0.0
 42
0.0019619660796805
  0
VERTEX
  5
437
330
42F
100
AcDbEntity
  8
0
100
AcDbVertex
100
AcDb2dVertex
 10
275.3796451721141
 20
646.2172044902843
 30
0.0
 42
0.0055122208694376
 70
     1
  0
VERTEX
  5
438
330
42F
100
AcDbEntity
  8
0
100
AcDbVertex
100
AcDb2dVertex
 10
273.5536884892726
 20
646.6984662630657
 30
0.0
 42
0.001290424583298
  0
VERTEX
  5
439
330
42F
100
AcDbEntity
  8
0
100
AcDbVertex
100
AcDb2dVertex
 10
268.3008830836811
 20
648.0067705213785
 30
0.0
 42
0.003437824546101
 70
     1
  0
VERTEX
  5
43A
330
42F
100
AcDbEntity
  8
0
100
AcDbVertex
100
AcDb2dVertex
 10
266.3246100478996
 20
648.4791944804085
 30
0.0
 42
0.0054668321455135
  0
VERTEX
  5
43B
330
42F
100
AcDbEntity
  8
0
100
AcDbVertex
100
AcDb2dVertex
 10
262.0910198630049
 20
649.4118497152328
 30
0.0
 42
0.0045420513659222
 70
     1
  0
VERTEX
  5
43C
330
42F
100
AcDbEntity
  8
0
100
AcDbVertex
100
AcDb2dVertex
 10
256.9740519220127
 20
650.4321689538516
 30
0.0
 42
0.0038893416008635
  0
VERTEX
  5
43D
330
42F
100
AcDbEntity
  8
0
100
AcDbVertex
100
AcDb2dVertex
 10
251.6975110437966
 20
651.3920938661901
 30
0.0
 42
0.0037574677484948
 70
     1
  0
VERTEX
  5
43E
330
42F
100
AcDbEntity
  8
0
100
AcDbVertex
100
AcDb2dVertex
 10
246.2212311472067
 20
652.3020657043384
 30
0.0
 42
0.0029155791684816
  0
VERTEX
  5
43F
330
42F
100
AcDbEntity
  8
0
100
AcDbVertex
100
AcDb2dVertex
 10
239.0481701886642
 20
653.3958215829313
 30
0.0
 42
0.0046197658323958
 70
     1
  0
VERTEX
  5
440
330
42F
100
AcDbEntity
  8
0
100
AcDbVertex
100
AcDb2dVertex
 10
234.5112348986977
 20
654.0178092733815
 30
0.0
 42
0.0014130277213584
  0
VERTEX
  5
441
330
42F
100
AcDbEntity
  8
0
100
AcDbVertex
100
AcDb2dVertex
 10
227.551693246733
 20
654.8865107783356
 30
0.0
 42
0.0018701761770016
 70
     1
  0
VERTEX
  5
442
330
42F
100
AcDbEntity
  8
0
100
AcDbVertex
100
AcDb2dVertex
 10
222.2891472035854
 20
655.5083243323744
 30
0.0
 42
0.0000916015302603
  0
VERTEX
  5
443
330
42F
100
AcDbEntity
  8
0
100
AcDbVertex
100
AcDb2dVertex
 10
215.6491338427772
 20
656.2664930446069
 30
0.0
 42
0.0003440038126359
 70
     1
  0
VERTEX
  5
444
330
42F
100
AcDbEntity
  8
0
100
AcDbVertex
100
AcDb2dVertex
 10
213.8808519122926
 20
656.4668381914785
 30
0.0
 42
0.0000858673877357
  0
VERTEX
  5
445
330
42F
100
AcDbEntity
  8
0
100
AcDbVertex
100
AcDb2dVertex
 10
209.5298483091069
 20
656.9560155642273
 30
0.0
 42
0.00021061643358
 70
     1
  0
VERTEX
  5
446
330
42F
100
AcDbEntity
  8
0
100
AcDbVertex
100
AcDb2dVertex
 10
207.7558453854544
 20
657.1543991299454
 30
0.0
 42
0.0007161741347435
  0
VERTEX
  5
447
330
42F
100
AcDbEntity
  8
0
100
AcDbVertex
100
AcDb2dVertex
 10
205.5427501177296
 20
657.3977330103702
 30
0.0
 42
-0.0003946473664689
 70
     1
  0
VERTEX
  5
448
330
42F
100
AcDbEntity
  8
0
100
AcDbVertex
100
AcDb2dVertex
 10
201.526322062155
 20
657.8367328184076
 30
0.0
 42
-0.0020144247171174
  0
VERTEX
  5
449
330
42F
100
AcDbEntity
  8
0
100
AcDbVertex
100
AcDb2dVertex
 10
195.3897454614511
 20
658.5374031919455
 30
0.0
 42
0.0031439329183199
 70
     1
  0
VERTEX
  5
44A
330
42F
100
AcDbEntity
  8
0
100
AcDbVertex
100
AcDb2dVertex
 10
191.4568051403994
 20
658.9774657530324
 30
0.0
 42
0.0007100155649854
  0
VERTEX
  5
44B
330
42F
100
AcDbEntity
  8
0
100
AcDbVertex
100
AcDb2dVertex
 10
188.7538370090506
 20
659.2588276704839
 30
0.0
 42
-0.0004998651669132
 70
     1
  0
VERTEX
  5
44C
330
42F
100
AcDbEntity
  8
0
100
AcDbVertex
100
AcDb2dVertex
 10
184.9143361467008
 20
659.6568643107346
 30
0.0
 42
-0.000173359169853
  0
VERTEX
  5
44D
330
42F
100
AcDbEntity
  8
0
100
AcDbVertex
100
AcDb2dVertex
 10
178.3498904031034
 20
660.3463277867433
 30
0.0
 42
0.0001156148583706
 70
     1
  0
VERTEX
  5
44E
330
42F
100
AcDbEntity
  8
0
100
AcDbVertex
100
AcDb2dVertex
 10
168.5069249006978
 20
661.3812833673696
 30
0.0
 42
0.0004221207437899
  0
VERTEX
  5
44F
330
42F
100
AcDbEntity
  8
0
100
AcDbVertex
100
AcDb2dVertex
 10
164.3264387459389
 20
661.8163026058198
 30
0.0
 42
0.0003214379935239
 70
     1
  0
VERTEX
  5
450
330
42F
100
AcDbEntity
  8
0
100
AcDbVertex
100
AcDb2dVertex
 10
158.8356723850534
 20
662.3794163670154
 30
0.0
 42
0.004487290279111
  0
VERTEX
  5
451
330
42F
100
AcDbEntity
  8
0
100
AcDbVertex
100
AcDb2dVertex
 10
158.518007023817
 20
662.4089107137158
 30
0.0
 42
0.0002631312151148
 70
     1
  0
VERTEX
  5
452
330
42F
100
AcDbEntity
  8
0
100
AcDbVertex
100
AcDb2dVertex
 10
153.0962970515288
 20
662.8603911188015
 30
0.0
 42
0.0107779773338962
  0
VERTEX
  5
453
330
42F
100
AcDbEntity
  8
0
100
AcDbVertex
100
AcDb2dVertex
 10
151.6881911151581
 20
662.9463917542014
 30
0.0
 42
0.0048641631070573
 70
     1
  0
VERTEX
  5
454
330
42F
100
AcDbEntity
  8
0
100
AcDbVertex
100
AcDb2dVertex
 10
148.5639754212266
 20
663.0392590980366
 30
0.0
  0
SEQEND
  5
455
330
42F
100
AcDbEntity
  8
0
  0
INSERT
  5
456
102
{ACAD_REACTORS
330
52A
102
}
330
3DA
100
AcDbEntity
  8
0
 62
     7
420
 16777215
100
AcDbBlockReference
  2
*U14
 10
-2792.328197759238
 20
1708.281391008658
 30
0.0
 41
-1.0
 50
180.0
  0
LINE
  5
457
330
3DA
100
AcDbEntity
  8
0
 62
    40
420
 16308017
100
AcDbLine
 10
148.563975421227
 20
605.0075780823979
 30
0.0
 11
15.76287036796248
 21
605.0075780823979
 31
0.0
  0
POLYLINE
  5
458
330
3DA
100
AcDbEntity
  8
0
100
AcDb2dPolyline
 66
     1
 10
0.0
 20
0.0
 30
0.0
 70
     2
  0
VERTEX
  5
459
330
458
100
AcDbEntity
  8
0
100
AcDbVertex
100
AcDb2dVertex
 10
146.3131542328642
 20
625.4758159688833
 30
0.0
 42
-0.0396673548566854
  0
VERTEX
  5
45A
330
458
100
AcDbEntity
  8
0
100
AcDbVertex
100
AcDb2dVertex
 10
144.4229096718518
 20
619.6162094088129
 30
0.0
 42
-0.0635837036065054
 70
     1
  0
VERTEX
  5
45B
330
458
100
AcDbEntity
  8
0
100
AcDbVertex
100
AcDb2dVertex
 10
142.5152017057348
 20
616.2714584909231
 30
0.0
 42
-0.1010081175878605
  0
VERTEX
  5
45C
330
458
100
AcDbEntity
  8
0
100
AcDbVertex
100
AcDb2dVertex
 10
129.4435788018245
 20
604.7109599409089
 30
0.0
 42
-0.1316503605495358
 70
     1
  0
VERTEX
  5
45D
330
458
100
AcDbEntity
  8
0
100
AcDbVertex
100
AcDb2dVertex
 10
116.4170804618265
 20
601.2316972205146
 30
0.0
 42
-0.0090859008227348
  0
VERTEX
  5
45E
330
458
100
AcDbEntity
  8
0
100
AcDbVertex
100
AcDb2dVertex
 10
98.68726297571129
 20
601.5680334562482
 30
0.0
 42
0.0092122240412401
 70
     1
  0
VERTEX
  5
45F
330
458
100
AcDbEntity
  8
0
100
AcDbVertex
100
AcDb2dVertex
 10
81.20044309869809
 20
601.895340823825
 30
0.0
 42
0.0000728157171402
  0
VERTEX
  5
460
330
458
100
AcDbEntity
  8
0
100
AcDbVertex
100
AcDb2dVertex
 10
76.52185917814176
 20
601.8960221727152
 30
0.0
 42
0.0085281935677609
 70
     1
  0
VERTEX
  5
461
330
458
100
AcDbEntity
  8
0
100
AcDbVertex
100
AcDb2dVertex
 10
76.48191523629839
 20
601.895340823825
 30
0.0
 42
0.0065876769629665
  0
VERTEX
  5
462
330
458
100
AcDbEntity
  8
0
100
AcDbVertex
100
AcDb2dVertex
 10
75.18625126707457
 20
601.8340269108068
 30
0.0
 42
0.002585217222444
 70
     1
  0
VERTEX
  5
463
330
458
100
AcDbEntity
  8
0
100
AcDbVertex
100
AcDb2dVertex
 10
71.88816992633565
 20
601.6172535871398
 30
0.0
 42
0.0011457853907815
  0
VERTEX
  5
464
330
458
100
AcDbEntity
  8
0
100
AcDbVertex
100
AcDb2dVertex
 10
70.12694344942111
 20
601.4882875212285
 30
0.0
 42
0.0014657874650102
 70
     1
  0
VERTEX
  5
465
330
458
100
AcDbEntity
  8
0
100
AcDbVertex
100
AcDb2dVertex
 10
68.75076172605895
 20
601.3802870480347
 30
0.0
 42
0.008330189649611
  0
VERTEX
  5
466
330
458
100
AcDbEntity
  8
0
100
AcDbVertex
100
AcDb2dVertex
 10
67.07743806201006
 20
601.2159274002435
 30
0.0
 42
0.0076780328619893
 70
     1
  0
VERTEX
  5
467
330
458
100
AcDbEntity
  8
0
100
AcDbVertex
100
AcDb2dVertex
 10
65.26864293144581
 20
600.9795880643914
 30
0.0
 42
0.0113698165584939
  0
VERTEX
  5
468
330
458
100
AcDbEntity
  8
0
100
AcDbVertex
100
AcDb2dVertex
 10
64.76987542899633
 20
600.8949877534517
 30
0.0
 42
0.0015422700648554
 70
     1
  0
VERTEX
  5
469
330
458
100
AcDbEntity
  8
0
100
AcDbVertex
100
AcDb2dVertex
 10
61.11069015962039
 20
600.1766615033382
 30
0.0
 42
0.0104635325348227
  0
VERTEX
  5
46A
330
458
100
AcDbEntity
  8
0
100
AcDbVertex
100
AcDb2dVertex
 10
52.04054268328445
 20
598.1688322380493
 30
0.0
 42
0.0265632378579714
 70
     1
  0
VERTEX
  5
46B
330
458
100
AcDbEntity
  8
0
100
AcDbVertex
100
AcDb2dVertex
 10
48.53392332347448
 20
597.1151755331138
 30
0.0
 42
0.0158707616449984
  0
VERTEX
  5
46C
330
458
100
AcDbEntity
  8
0
100
AcDbVertex
100
AcDb2dVertex
 10
45.96074481188361
 20
596.097109435914
 30
0.0
 42
0.0158116233834
 70
     1
  0
VERTEX
  5
46D
330
458
100
AcDbEntity
  8
0
100
AcDbVertex
100
AcDb2dVertex
 10
43.44783143729955
 20
594.913752698691
 30
0.0
 42
0.0009716035400939
  0
VERTEX
  5
46E
330
458
100
AcDbEntity
  8
0
100
AcDbVertex
100
AcDb2dVertex
 10
40.63519097849757
 20
593.4720169960699
 30
0.0
 42
0.0025970155025354
 70
     1
  0
VERTEX
  5
46F
330
458
100
AcDbEntity
  8
0
100
AcDbVertex
100
AcDb2dVertex
 10
39.58678756892414
 20
592.9251306519293
 30
0.0
 42
0.0007163986168322
  0
VERTEX
  5
470
330
458
100
AcDbEntity
  8
0
100
AcDbVertex
100
AcDb2dVertex
 10
38.45931927230095
 20
592.3274634342658
 30
0.0
 42
0.0011887352831523
 70
     1
  0
VERTEX
  5
471
330
458
100
AcDbEntity
  8
0
100
AcDbVertex
100
AcDb2dVertex
 10
37.78122031148587
 20
591.9646889270937
 30
0.0
 42
0.0086378537845193
  0
VERTEX
  5
472
330
458
100
AcDbEntity
  8
0
100
AcDbVertex
100
AcDb2dVertex
 10
36.9707101548288
 20
591.5103679404953
 30
0.0
 42
0.0045899635822154
 70
     1
  0
VERTEX
  5
473
330
458
100
AcDbEntity
  8
0
100
AcDbVertex
100
AcDb2dVertex
 10
35.46864116979714
 20
590.615380939696
 30
0.0
 42
0.0138135855134042
  0
VERTEX
  5
474
330
458
100
AcDbEntity
  8
0
100
AcDbVertex
100
AcDb2dVertex
 10
34.14221176120054
 20
589.7573803092507
 30
0.0
 42
0.02544116769938
 70
     1
  0
VERTEX
  5
475
330
458
100
AcDbEntity
  8
0
100
AcDbVertex
100
AcDb2dVertex
 10
33.46044891224983
 20
589.2362400490424
 30
0.0
 42
0.007133106522416
  0
VERTEX
  5
476
330
458
100
AcDbEntity
  8
0
100
AcDbVertex
100
AcDb2dVertex
 10
32.7644719060304
 20
588.6285350244896
 30
0.0
 42
0.0038155833695984
 70
     1
  0
VERTEX
  5
477
330
458
100
AcDbEntity
  8
0
100
AcDbVertex
100
AcDb2dVertex
 10
31.48859920794303
 20
587.4642771155258
 30
0.0
 42
0.000930358541989
  0
VERTEX
  5
478
330
458
100
AcDbEntity
  8
0
100
AcDbVertex
100
AcDb2dVertex
 10
29.83109293794086
 20
585.9226852228009
 30
0.0
 42
0.0046794507375622
 70
     1
  0
VERTEX
  5
479
330
458
100
AcDbEntity
  8
0
100
AcDbVertex
100
AcDb2dVertex
 10
29.5050035899676
 20
585.6125047015573
 30
0.0
 42
0.004725827217067
  0
VERTEX
  5
47A
330
458
100
AcDbEntity
  8
0
100
AcDbVertex
100
AcDb2dVertex
 10
28.95846274751148
 20
585.0726859506496
 30
0.0
 42
-0.0025765213498268
 70
     1
  0
VERTEX
  5
47B
330
458
100
AcDbEntity
  8
0
100
AcDbVertex
100
AcDb2dVertex
 10
27.96028456062777
 20
584.0782719553256
 30
0.0
 42
-0.0065409635171441
  0
VERTEX
  5
47C
330
458
100
AcDbEntity
  8
0
100
AcDbVertex
100
AcDb2dVertex
 10
27.23137290838531
 20
583.3781224164547
 30
0.0
 42
0.0079272172731887
 70
     1
  0
VERTEX
  5
47D
330
458
100
AcDbEntity
  8
0
100
AcDbVertex
100
AcDb2dVertex
 10
26.63151990029837
 20
582.7987330859327
 30
0.0
 42
0.0254333114809317
  0
VERTEX
  5
47E
330
458
100
AcDbEntity
  8
0
100
AcDbVertex
100
AcDb2dVertex
 10
26.36132931497968
 20
582.5004613824555
 30
0.0
 42
0.0040888318282129
 70
     1
  0
VERTEX
  5
47F
330
458
100
AcDbEntity
  8
0
100
AcDbVertex
100
AcDb2dVertex
 10
24.79406889670372
 20
580.5504593944613
 30
0.0
 42
0.0102747184805793
  0
VERTEX
  5
480
330
458
100
AcDbEntity
  8
0
100
AcDbVertex
100
AcDb2dVertex
 10
23.80145922875499
 20
579.2400738976237
 30
0.0
 42
0.012594100747294
 70
     1
  0
VERTEX
  5
481
330
458
100
AcDbEntity
  8
0
100
AcDbVertex
100
AcDb2dVertex
 10
23.04133621615438
 20
578.1350497124003
 30
0.0
 42
0.0611397148897214
  0
VERTEX
  5
482
330
458
100
AcDbEntity
  8
0
100
AcDbVertex
100
AcDb2dVertex
 10
22.50477549964125
 20
577.0389594354244
 30
0.0
 42
0.0386465132399787
 70
     1
  0
VERTEX
  5
483
330
458
100
AcDbEntity
  8
0
100
AcDbVertex
100
AcDb2dVertex
 10
22.01728298106127
 20
575.1753210497311
 30
0.0
 42
0.0278582206821752
  0
VERTEX
  5
484
330
458
100
AcDbEntity
  8
0
100
AcDbVertex
100
AcDb2dVertex
 10
21.72429900332918
 20
572.8032546866077
 30
0.0
 42
0.0283923534758017
 70
     1
  0
VERTEX
  5
485
330
458
100
AcDbEntity
  8
0
100
AcDbVertex
100
AcDb2dVertex
 10
21.69986168799642
 20
570.4581836212596
 30
0.0
 42
0.0117440751992605
  0
VERTEX
  5
486
330
458
100
AcDbEntity
  8
0
100
AcDbVertex
100
AcDb2dVertex
 10
21.82309617886949
 20
568.6964310870514
 30
0.0
 42
-0.0095767415038137
 70
     1
  0
VERTEX
  5
487
330
458
100
AcDbEntity
  8
0
100
AcDbVertex
100
AcDb2dVertex
 10
21.98357508004119
 20
566.5367474897134
 30
0.0
 42
-0.02647635088363
  0
VERTEX
  5
488
330
458
100
AcDbEntity
  8
0
100
AcDbVertex
100
AcDb2dVertex
 10
21.98626782558995
 20
565.240372215838
 30
0.0
 42
0.0244762790752986
 70
     1
  0
VERTEX
  5
489
330
458
100
AcDbEntity
  8
0
100
AcDbVertex
100
AcDb2dVertex
 10
21.98357508004119
 20
563.8382063933643
 30
0.0
 42
0.1656777455158539
  0
VERTEX
  5
48A
330
458
100
AcDbEntity
  8
0
100
AcDbVertex
100
AcDb2dVertex
 10
22.71998505300644
 20
561.9695386456781
 30
0.0
 42
0.1642960196937786
 70
     1
  0
VERTEX
  5
48B
330
458
100
AcDbEntity
  8
0
100
AcDbVertex
100
AcDb2dVertex
 10
24.45503871873143
 20
560.9263185212548
 30
0.0
 42
0.0181116989610396
  0
VERTEX
  5
48C
330
458
100
AcDbEntity
  8
0
100
AcDbVertex
100
AcDb2dVertex
 10
26.08311010063017
 20
560.6309936812297
 30
0.0
 42
0.0165135672911228
 70
     1
  0
VERTEX
  5
48D
330
458
100
AcDbEntity
  8
0
100
AcDbVertex
100
AcDb2dVertex
 10
27.88677279078866
 20
560.4314201522845
 30
0.0
 42
0.0047870283239921
  0
VERTEX
  5
48E
330
458
100
AcDbEntity
  8
0
100
AcDbVertex
100
AcDb2dVertex
 10
30.3494690421835
 20
560.2646813097233
 30
0.0
 42
0.037696387401344
 70
     1
  0
VERTEX
  5
48F
330
458
100
AcDbEntity
  8
0
100
AcDbVertex
100
AcDb2dVertex
 10
30.66331157667719
 20
560.2701202558482
 30
0.0
 42
0.0391295960554584
  0
VERTEX
  5
490
330
458
100
AcDbEntity
  8
0
100
AcDbVertex
100
AcDb2dVertex
 10
31.76757893825016
 20
560.4607040484136
 30
0.0
 42
-0.0280251562086382
 70
     1
  0
VERTEX
  5
491
330
458
100
AcDbEntity
  8
0
100
AcDbVertex
100
AcDb2dVertex
 10
33.30196618674472
 20
560.7607142675185
 30
0.0
 42
-0.0050417882244842
  0
VERTEX
  5
492
330
458
100
AcDbEntity
  8
0
100
AcDbVertex
100
AcDb2dVertex
 10
35.07648600726634
 20
560.9872424688317
 30
0.0
 42
0.0101235564631693
 70
     1
  0
VERTEX
  5
493
330
458
100
AcDbEntity
  8
0
100
AcDbVertex
100
AcDb2dVertex
 10
35.95911779112566
 20
561.1090442213535
 30
0.0
 42
0.0018426110667611
  0
VERTEX
  5
494
330
458
100
AcDbEntity
  8
0
100
AcDbVertex
100
AcDb2dVertex
 10
36.43158670235834
 20
561.1858068373428
 30
0.0
 42
0.0006007611481304
 70
     1
  0
VERTEX
  5
495
330
458
100
AcDbEntity
  8
0
100
AcDbVertex
100
AcDb2dVertex
 10
37.87953688602466
 20
561.428325480851
 30
0.0
 42
0.0126590042860024
  0
VERTEX
  5
496
330
458
100
AcDbEntity
  8
0
100
AcDbVertex
100
AcDb2dVertex
 10
38.80882029506938
 20
561.6094253358555
 30
0.0
 42
-0.023627676426925
 70
     1
  0
VERTEX
  5
497
330
458
100
AcDbEntity
  8
0
100
AcDbVertex
100
AcDb2dVertex
 10
39.30890948666411
 20
561.6955465270912
 30
0.0
 42
-0.0710584124370152
  0
VERTEX
  5
498
330
458
100
AcDbEntity
  8
0
100
AcDbVertex
100
AcDb2dVertex
 10
39.56394882547784
 20
561.6908058193903
 30
0.0
 42
-0.013472613129399
 70
     1
  0
VERTEX
  5
499
330
458
100
AcDbEntity
  8
0
100
AcDbVertex
100
AcDb2dVertex
 10
40.87937249965944
 20
561.4413577558591
 30
0.0
 42
-0.0074309251150242
  0
VERTEX
  5
49A
330
458
100
AcDbEntity
  8
0
100
AcDbVertex
100
AcDb2dVertex
 10
42.58645432039748
 20
561.0430725253261
 30
0.0
 42
-0.0307141882800838
 70
     1
  0
VERTEX
  5
49B
330
458
100
AcDbEntity
  8
0
100
AcDbVertex
100
AcDb2dVertex
 10
42.9912782209476
 20
560.9154092739275
 30
0.0
 42
-0.0066675265293194
  0
VERTEX
  5
49C
330
458
100
AcDbEntity
  8
0
100
AcDbVertex
100
AcDb2dVertex
 10
43.38457075479573
 20
560.758219385875
 30
0.0
 42
0.0059260111117721
 70
     1
  0
VERTEX
  5
49D
330
458
100
AcDbEntity
  8
0
100
AcDbVertex
100
AcDb2dVertex
 10
43.82680866720829
 20
560.5807061264836
 30
0.0
 42
0.0030304493531332
  0
VERTEX
  5
49E
330
458
100
AcDbEntity
  8
0
100
AcDbVertex
100
AcDb2dVertex
 10
44.92077687548999
 20
560.1641831266813
 30
0.0
 42
0.0155806525637693
 70
     1
  0
VERTEX
  5
49F
330
458
100
AcDbEntity
  8
0
100
AcDbVertex
100
AcDb2dVertex
 10
45.13647218912547
 20
560.0911258046635
 30
0.0
 42
0.0130694984338079
  0
VERTEX
  5
4A0
330
458
100
AcDbEntity
  8
0
100
AcDbVertex
100
AcDb2dVertex
 10
45.64730489987368
 20
559.9501435176295
 30
0.0
 42
-0.0074280887299648
 70
     1
  0
VERTEX
  5
4A1
330
458
100
AcDbEntity
  8
0
100
AcDbVertex
100
AcDb2dVertex
 10
46.54873663292846
 20
559.7122723511138
 30
0.0
 42
-0.00028535679969
  0
VERTEX
  5
4A2
330
458
100
AcDbEntity
  8
0
100
AcDbVertex
100
AcDb2dVertex
 10
47.29033488604591
 20
559.5042903038108
 30
0.0
 42
-0.0001381072105237
 70
     1
  0
VERTEX
  5
4A3
330
458
100
AcDbEntity
  8
0
100
AcDbVertex
100
AcDb2dVertex
 10
48.82225888970333
 20
559.0732607203456
 30
0.0
 42
-0.0029694441955142
  0
VERTEX
  5
4A4
330
458
100
AcDbEntity
  8
0
100
AcDbVertex
100
AcDb2dVertex
 10
49.71019366814061
 20
558.8174610895844
 30
0.0
 42
0.0032009422102269
 70
     1
  0
VERTEX
  5
4A5
330
458
100
AcDbEntity
  8
0
100
AcDbVertex
100
AcDb2dVertex
 10
50.53402233245288
 20
558.5805424182626
 30
0.0
 42
0.0393844943732138
  0
VERTEX
  5
4A6
330
458
100
AcDbEntity
  8
0
100
AcDbVertex
100
AcDb2dVertex
 10
51.00627280679555
 20
558.4873194356625
 30
0.0
 42
0.0163572698956586
 70
     1
  0
VERTEX
  5
4A7
330
458
100
AcDbEntity
  8
0
100
AcDbVertex
100
AcDb2dVertex
 10
52.15977042952772
 20
558.3908291363038
 30
0.0
 42
0.0240878269805625
  0
VERTEX
  5
4A8
330
458
100
AcDbEntity
  8
0
100
AcDbVertex
100
AcDb2dVertex
 10
53.25371900506116
 20
558.3880090002565
 30
0.0
 42
0.0281777364994861
 70
     1
  0
VERTEX
  5
4A9
330
458
100
AcDbEntity
  8
0
100
AcDbVertex
100
AcDb2dVertex
 10
54.18423248624776
 20
558.4831851191101
 30
0.0
 42
0.0206718791989035
  0
VERTEX
  5
4AA
330
458
100
AcDbEntity
  8
0
100
AcDbVertex
100
AcDb2dVertex
 10
54.99141680350977
 20
558.6464795879323
 30
0.0
 42
0.0237832635474203
 70
     1
  0
VERTEX
  5
4AB
330
458
100
AcDbEntity
  8
0
100
AcDbVertex
100
AcDb2dVertex
 10
55.67772741261615
 20
558.8501649281156
 30
0.0
 42
0.0153477045049702
  0
VERTEX
  5
4AC
330
458
100
AcDbEntity
  8
0
100
AcDbVertex
100
AcDb2dVertex
 10
56.71972763559461
 20
559.2504314239577
 30
0.0
 42
0.0269282276517494
 70
     1
  0
VERTEX
  5
4AD
330
458
100
AcDbEntity
  8
0
100
AcDbVertex
100
AcDb2dVertex
 10
57.29251111583789
 20
559.5280291460708
 30
0.0
 42
0.0011192866487988
  0
VERTEX
  5
4AE
330
458
100
AcDbEntity
  8
0
100
AcDbVertex
100
AcDb2dVertex
 10
58.2222523584528
 20
560.0448846950007
 30
0.0
 42
-0.0007715762388352
 70
     1
  0
VERTEX
  5
4AF
330
458
100
AcDbEntity
  8
0
100
AcDbVertex
100
AcDb2dVertex
 10
59.57045833388611
 20
560.7955981570117
 30
0.0
 42
-0.0011258765496142
  0
VERTEX
  5
4B0
330
458
100
AcDbEntity
  8
0
100
AcDbVertex
100
AcDb2dVertex
 10
61.02922376387141
 20
561.6006367461495
 30
0.0
 42
0.0027079760058619
 70
     1
  0
VERTEX
  5
4B1
330
458
100
AcDbEntity
  8
0
100
AcDbVertex
100
AcDb2dVertex
 10
61.63466619480686
 20
561.9372615448549
 30
0.0
 42
0.0402364350682042
  0
VERTEX
  5
4B2
330
458
100
AcDbEntity
  8
0
100
AcDbVertex
100
AcDb2dVertex
 10
62.34831234218609
 20
562.4184870153972
 30
0.0
 42
-0.0134708772979898
 70
     1
  0
VERTEX
  5
4B3
330
458
100
AcDbEntity
  8
0
100
AcDbVertex
100
AcDb2dVertex
 10
64.39707519696958
 20
563.9655535731949
 30
0.0
 42
-0.0036029897224067
  0
VERTEX
  5
4B4
330
458
100
AcDbEntity
  8
0
100
AcDbVertex
100
AcDb2dVertex
 10
65.84607824390378
 20
564.983961792607
 30
0.0
 42
-0.0034766392266045
 70
     1
  0
VERTEX
  5
4B5
330
458
100
AcDbEntity
  8
0
100
AcDbVertex
100
AcDb2dVertex
 10
67.36253350864581
 20
566.0180133630151
 30
0.0
 42
-0.0290035665097264
  0
VERTEX
  5
4B6
330
458
100
AcDbEntity
  8
0
100
AcDbVertex
100
AcDb2dVertex
 10
68.93426939210304
 20
566.9463714783591
 30
0.0
 42
-0.0223171046070533
 70
     1
  0
VERTEX
  5
4B7
330
458
100
AcDbEntity
  8
0
100
AcDbVertex
100
AcDb2dVertex
 10
71.08902248886716
 20
567.9369458233411
 30
0.0
 42
-0.02801062642399
  0
VERTEX
  5
4B8
330
458
100
AcDbEntity
  8
0
100
AcDbVertex
100
AcDb2dVertex
 10
73.10746887755249
 20
568.6289248101002
 30
0.0
 42
-0.0517186126495317
 70
     1
  0
VERTEX
  5
4B9
330
458
100
AcDbEntity
  8
0
100
AcDbVertex
100
AcDb2dVertex
 10
74.24842167541328
 20
568.825856860315
 30
0.0
 42
-0.0005659650848473
  0
VERTEX
  5
4BA
330
458
100
AcDbEntity
  8
0
100
AcDbVertex
100
AcDb2dVertex
 10
75.28254373539358
 20
568.8946673052839
 30
0.0
 42
-0.0002924337202417
 70
     1
  0
VERTEX
  5
4BB
330
458
100
AcDbEntity
  8
0
100
AcDbVertex
100
AcDb2dVertex
 10
77.28416939744829
 20
569.0244041955796
 30
0.0
 42
-0.0003023475236649
  0
VERTEX
  5
4BC
330
458
100
AcDbEntity
  8
0
100
AcDbVertex
100
AcDb2dVertex
 10
79.10352721657955
 20
569.1401540915819
 30
0.0
 42
-0.0001007412690583
 70
     1
  0
VERTEX
  5
4BD
330
458
100
AcDbEntity
  8
0
100
AcDbVertex
100
AcDb2dVertex
 10
84.56411279773375
 20
569.4831438095682
 30
0.0
 42
-0.0222947961538413
  0
VERTEX
  5
4BE
330
458
100
AcDbEntity
  8
0
100
AcDbVertex
100
AcDb2dVertex
 10
89.16089861228511
 20
569.5656456391357
 30
0.0
 42
-0.0085006424747483
 70
     1
  0
VERTEX
  5
4BF
330
458
100
AcDbEntity
  8
0
100
AcDbVertex
100
AcDb2dVertex
 10
101.2023240150897
 20
569.0398567131977
 30
0.0
 42
-0.0496639767559217
  0
VERTEX
  5
4C0
330
458
100
AcDbEntity
  8
0
100
AcDbVertex
100
AcDb2dVertex
 10
116.2343526038471
 20
566.6157763038677
 30
0.0
 42
-0.096795183950481
 70
     1
  0
VERTEX
  5
4C1
330
458
100
AcDbEntity
  8
0
100
AcDbVertex
100
AcDb2dVertex
 10
123.3101036543926
 20
563.1792779733166
 30
0.0
 42
-0.0003007684867232
  0
VERTEX
  5
4C2
330
458
100
AcDbEntity
  8
0
100
AcDbVertex
100
AcDb2dVertex
 10
125.7775596760807
 20
561.3201525471074
 30
0.0
 42
-0.0002089201173391
 70
     1
  0
VERTEX
  5
4C3
330
458
100
AcDbEntity
  8
0
100
AcDbVertex
100
AcDb2dVertex
 10
129.3270627193942
 20
558.6400729788017
 30
0.0
 42
-0.0007029488618938
  0
VERTEX
  5
4C4
330
458
100
AcDbEntity
  8
0
100
AcDbVertex
100
AcDb2dVertex
 10
135.4700182130268
 20
553.9841727339855
 30
0.0
 42
0.000710232538022
 70
     1
  0
VERTEX
  5
4C5
330
458
100
AcDbEntity
  8
0
100
AcDbVertex
100
AcDb2dVertex
 10
141.5500389671474
 20
549.3761117730635
 30
0.0
 42
0.078750501451142
  0
VERTEX
  5
4C6
330
458
100
AcDbEntity
  8
0
100
AcDbVertex
100
AcDb2dVertex
 10
143.1719405668277
 20
548.5111289670419
 30
0.0
 42
0.025647361742398
 70
     1
  0
VERTEX
  5
4C7
330
458
100
AcDbEntity
  8
0
100
AcDbVertex
100
AcDb2dVertex
 10
148.5639754212266
 20
546.9519696328245
 30
0.0
  0
SEQEND
  5
4C8
330
458
100
AcDbEntity
  8
0
  0
LWPOLYLINE
  5
4C9
330
3DA
100
AcDbEntity
  8
0
100
AcDbPolyline
 90
       38
 70
     0
 43
0.0
 10
314.6025789733408
 20
613.8886998050331
 10
314.6025789733408
 20
595.1444957895493
 42
-0.0398094341229365
 10
309.657847517547
 20
586.050948071657
 42
-0.061420987940547
 10
305.3248413970873
 20
580.9098211756411
 42
-0.0142868815736376
 10
296.6065315092706
 20
573.2751386488906
 42
-0.0442445478702538
 10
293.5173787192866
 20
571.151621159028
 42
-0.0217480270826469
 10
285.4254784758778
 20
567.0380936066203
 42
-0.0375773400898146
 10
280.4888224254278
 20
565.2265697374903
 42
-0.0019619660796805
 10
275.3796451721141
 20
563.7979516745115
 42
-0.0055122208694374
 10
273.5536884892726
 20
563.3166899017301
 42
-0.0012904245832981
 10
268.3008830836807
 20
562.008385643417
 42
-0.003437824546101
 10
266.3246100478996
 20
561.5359616843873
 42
-0.0054668321455136
 10
262.0910198630049
 20
560.603306449563
 42
-0.0045420513659223
 10
256.9740519220127
 20
559.582987210944
 42
-0.0038893416008635
 10
251.6975110437966
 20
558.6230622986056
 42
-0.0037574677484949
 10
246.2212311472067
 20
557.7130904604573
 42
-0.0029155791684818
 10
239.0481701886638
 20
556.6193345818644
 42
-0.0046197658323957
 10
234.5112348986977
 20
555.9973468914143
 42
-0.0014130277213585
 10
227.5516932467322
 20
555.12864538646
 42
-0.0018701761770015
 10
222.2891472035854
 20
554.5068318324212
 42
-0.0000916015302603
 10
215.64913384277
 20
553.7486631201925
 42
-0.0003440038126359
 10
213.8808519122918
 20
553.5483179733173
 42
-0.0000858673877356
 10
209.529848309106
 20
553.0591406005667
 42
-0.0002106164335801
 10
207.755845385454
 20
552.8607570348501
 42
-0.0007161741347434
 10
205.5427501177296
 20
552.6174231544255
 42
0.0003946473664689
 10
201.5263220621559
 20
552.1784233463888
 42
0.0020144247171175
 10
195.3897454614511
 20
551.4777529728505
 42
-0.0031439329183199
 10
191.4568051403994
 20
551.0376904117634
 42
-0.0007100155649853
 10
188.7538370090506
 20
550.7563284943119
 42
0.0004998651669132
 10
184.9143361467008
 20
550.358291854061
 42
0.0001733591698531
 10
178.3498904031025
 20
549.6688283780538
 42
-0.0001156148583705
 10
168.5069249007001
 20
548.6338727974241
 42
-0.00042212074379
 10
164.326438745938
 20
548.1988535589764
 42
-0.0003214379935238
 10
158.835672385052
 20
547.6357397977806
 42
-0.0044872902791108
 10
158.518007023817
 20
547.60624545108
 42
-0.0002631312151149
 10
153.0962970515252
 20
547.154765045994
 42
-0.0107779773338962
 10
151.6881911151581
 20
547.0687644105944
 42
-0.0048641631070572
 10
148.5639754212266
 20
546.9758970667592
  0
INSERT
  5
4CA
102
{ACAD_REACTORS
330
50F
102
}
330
3DA
100
AcDbEntity
  8
0
 62
     7
420
 16777215
100
AcDbBlockReference
  2
*U16
 10
-2784.229797099096
 20
-528.7968444718069
 30
0.0
  0
LINE
  5
4CB
330
3DA
100
AcDbEntity
  8
0
100
AcDbLine
 10
322.7009796334828
 20
565.5958467318176
 30
0.0
 11
322.7009796334828
 21
568.1193895638523
 31
0.0
  0
LWPOLYLINE
  5
4CC
330
3DA
100
AcDbEntity
  8
0
100
AcDbPolyline
 90
       38
 70
     0
 43
0.0
 10
322.7009796334828
 20
568.1193895638523
 10
322.7009796334828
 20
564.6138861616043
 42
-0.0398094341229365
 10
317.756248177689
 20
555.520338443712
 42
-0.061420987940547
 10
313.4232420572293
 20
550.3792115476961
 42
-0.0142868815736376
 10
304.7049321694126
 20
542.7445290209455
 42
-0.0442445478702538
 10
301.6157793794286
 20
540.6210115310829
 42
-0.0217480270826469
 10
293.5238791360198
 20
536.5074839786752
 42
-0.0375773400898146
 10
288.5872230855698
 20
534.6959601095452
 42
-0.0019619660796805
 10
283.4780458322562
 20
533.2673420465664
 42
-0.0055122208694374
 10
281.6520891494146
 20
532.786080273785
 42
-0.0012904245832981
 10
276.3992837438227
 20
531.477776015472
 42
-0.003437824546101
 10
274.4230107080416
 20
531.0053520564422
 42
-0.0054668321455136
 10
270.189420523147
 20
530.0726968216179
 42
-0.0045420513659223
 10
265.0724525821547
 20
529.052377582999
 42
-0.0038893416008635
 10
259.7959117039386
 20
528.0924526706606
 42
-0.0037574677484949
 10
254.3196318073488
 20
527.1824808325122
 42
-0.0029155791684818
 10
247.1465708488058
 20
526.0887249539194
 42
-0.0046197658323957
 10
242.6096355588397
 20
525.4667372634692
 42
-0.0014130277213585
 10
235.6500939068742
 20
524.5980357585149
 42
-0.0018701761770015
 10
230.3875478637274
 20
523.9762222044762
 42
-0.0000916015302603
 10
223.747534502912
 20
523.2180534922474
 42
-0.0003440038126359
 10
221.9792525724338
 20
523.0177083453723
 42
-0.0000858673877356
 10
217.628248969248
 20
522.5285309726216
 42
-0.0002106164335801
 10
215.854246045596
 20
522.330147406905
 42
-0.0007161741347434
 10
213.6411507778717
 20
522.0868135264804
 42
0.0003946473664689
 10
209.624722722298
 20
521.6478137184437
 42
0.0020144247171175
 10
203.4881461215932
 20
520.9471433449055
 42
-0.0031439329183199
 10
199.5552058005414
 20
520.5070807838183
 42
-0.0007100155649853
 10
196.8522376691926
 20
520.2257188663668
 42
0.0004998651669132
 10
193.0127368068429
 20
519.8276822261159
 42
0.0001733591698531
 10
186.4482910632446
 20
519.1382187501087
 42
-0.0001156148583705
 10
176.6053255608422
 20
518.103263169479
 42
-0.00042212074379
 10
172.4248394060801
 20
517.6682439310313
 42
-0.0003214379935238
 10
166.934073045194
 20
517.1051301698355
 42
-0.0044872902791108
 10
166.6164076839591
 20
517.0756358231349
 42
-0.0002631312151149
 10
161.1946977116672
 20
516.624155418049
 42
-0.0107779773338962
 10
159.7865917753001
 20
516.5381547826493
 42
-0.0048641631070572
 10
156.6623760813686
 20
516.4452874388141
  0
LWPOLYLINE
  5
4CD
330
3DA
100
AcDbEntity
  8
0
100
AcDbPolyline
 90
       38
 70
     0
 43
0.0
 10
156.5574460123375
 20
521.6942387322262
 42
0.0048641631070573
 10
159.5795617943517
 20
521.7840711551231
 42
0.0107779773338966
 10
160.7617774125056
 20
521.8562754486458
 42
0.0002631312151149
 10
166.1779806893551
 20
522.3072972963575
 42
0.0044872902791174
 10
166.4018184098877
 20
522.3280800071582
 42
0.0003214379935238
 10
171.8858697947585
 20
522.8905051039398
 42
0.00042212074379
 10
176.0575390234508
 20
523.3246068575965
 42
0.0001156148583705
 10
185.8980899249527
 20
524.3593085508503
 42
-0.0001733591698531
 10
192.4661562956821
 20
525.0491523011828
 42
-0.0004998651669132
 10
196.316098366899
 20
525.4482713695531
 42
0.0007100155649852
 10
199.00423630865
 20
525.7280895578967
 42
0.0031439329183196
 10
202.8715641379904
 20
526.1608106393821
 42
-0.0020144247171175
 10
209.0501704044341
 20
526.8662799331507
 42
-0.0003946473664688
 10
213.074836987862
 20
527.3061802209411
 42
0.0007161741347433
 10
215.2729827006087
 20
527.5478703703995
 42
0.0002106164335801
 10
217.0425900782888
 20
527.7457623900947
 42
0.0000858673877356
 10
221.3918017559249
 20
528.2347382991085
 42
0.000344003812636
 10
223.1529055322708
 20
528.4342701659727
 42
0.0000916015302603
 10
229.7910076793273
 20
529.1922206523666
 42
0.0018701761770015
 10
235.0145514791002
 20
529.8094257671882
 42
0.0014130277213585
 10
241.9446481048967
 20
530.6744518952532
 42
0.0046197658323956
 10
246.3854694013994
 20
531.2832629109232
 42
0.0029155791684818
 10
253.4980033158822
 20
532.3677895621842
 42
0.0037574677484952
 10
258.8964447911885
 20
533.2648272967746
 42
0.0038893416008638
 10
264.0926296402522
 20
534.2101335875538
 42
0.0045420513659226
 10
269.1160579149368
 20
535.2118010929181
 42
0.0054668321455138
 10
273.2375363082865
 20
536.1197582240754
 42
0.0034378245461009
 10
275.1435941962677
 20
536.5753973980543
 42
0.001290424583298
 10
280.3701040772048
 20
537.8771522900337
 42
0.0055122208694387
 10
282.0841301397754
 20
538.3289128543549
 42
0.0019619660796805
 10
287.1536282554485
 20
539.7464359151549
 42
0.0375773400898128
 10
291.3505076806987
 20
541.2864960645769
 42
0.0217480270826469
 10
299.0354768815901
 20
545.1931597154323
 42
0.0442445478702514
 10
301.3604471847721
 20
546.7913697872118
 42
0.0142868815736377
 10
309.8530907477184
 20
554.2284347975473
 42
0.0614209879405461
 10
313.3579803813495
 20
558.3869985895405
 42
0.0352402810395728
 10
317.4509796334828
 20
565.7532038810955
 10
317.4509796334828
 20
568.1193895638523
  0
LINE
  5
4CE
330
3DA
100
AcDbEntity
  8
0
 62
     7
420
 16777215
100
AcDbLine
 10
317.4509796334828
 20
568.1193895638523
 30
0.0
 11
322.7009796334828
 21
568.1193895638523
 31
0.0
  0
LINE
  5
4CF
330
3DA
100
AcDbEntity
  8
0
 62
     7
420
 16777215
100
AcDbLine
 10
156.5574460123375
 20
521.6942387322262
 30
0.0
 11
156.6623760813686
 21
516.4452874388141
 31
0.0
  0
ARC
  5
4D0
330
3DA
100
AcDbEntity
  8
0
 62
     7
420
 16777215
100
AcDbCircle
 10
57.67180224076264
 20
701.7337651561381
 30
0.0
 40
15.0
100
AcDbArc
 50
90.0
 51
270.0
  0
ARC
  5
4D1
330
3DA
100
AcDbEntity
  8
0
 62
     7
420
 16777215
100
AcDbCircle
 10
177.6718022407626
 20
706.7337651561381
 30
0.0
 40
15.0
100
AcDbArc
 50
270.0
 51
90.0
  0
LINE
  5
4D2
330
3DA
100
AcDbEntity
  8
0
 62
     7
420
 16777215
100
AcDbLine
 10
57.67180224076264
 20
716.7337651561381
 30
0.0
 11
168.6718022407626
 21
716.7337651561381
 31
0.0
  0
LINE
  5
4D3
330
3DA
100
AcDbEntity
  8
0
 62
     7
420
 16777215
100
AcDbLine
 10
57.67180224076264
 20
686.7337651561381
 30
0.0
 11
168.6718022407626
 21
686.7337651561381
 31
0.0
  0
CIRCLE
  5
4D4
330
3DA
100
AcDbEntity
  8
0
 62
     7
420
 16777215
100
AcDbCircle
 10
110.1718022407626
 20
701.7337651561381
 30
0.0
 40
2.0
  0
CIRCLE
  5
4D5
330
3DA
100
AcDbEntity
  8
0
 62
     7
420
 16777215
100
AcDbCircle
 10
57.67180224076264
 20
701.7337651561381
 30
0.0
 40
2.0
  0
CIRCLE
  5
4D6
330
3DA
100
AcDbEntity
  8
0
 62
     7
420
 16777215
100
AcDbCircle
 10
177.6718022407626
 20
706.7337651561381
 30
0.0
 40
2.0
  0
CIRCLE
  5
4D7
330
3DA
100
AcDbEntity
  8
0
 62
     7
420
 16777215
100
AcDbCircle
 10
57.67180224076264
 20
701.7337651561381
 30
0.0
 40
6.0
  0
CIRCLE
  5
4D8
330
3DA
100
AcDbEntity
  8
0
 62
     7
420
 16777215
100
AcDbCircle
 10
177.6718022407626
 20
706.7337651561381
 30
0.0
 40
6.0
  0
LINE
  5
4D9
330
3DA
100
AcDbEntity
  8
0
 62
     7
420
 16777215
100
AcDbLine
 10
346.5526722917521
 20
171.6681545186557
 30
0.0
 11
346.5526722917521
 21
159.6681545186557
 31
0.0
  0
INSERT
  5
4DA
102
{ACAD_REACTORS
330
53C
102
}
330
3DA
100
AcDbEntity
  8
0
 62
     7
420
 16777215
100
AcDbBlockReference
  2
*U18
 10
-3209.603544739381
 20
820.6903518985113
 30
0.0
 41
-1.0
 50
187.4654889805163
  0
ARC
  5
4DB
330
3DA
100
AcDbEntity
  8
0
 62
     7
420
 16777215
100
AcDbCircle
 10
294.8822681897304
 20
189.9160658371236
 30
0.0
 40
59.85863682192049
100
AcDbArc
 50
281.3609370864219
 51
329.6786129846034
  0
LINE
  5
4DC
330
3DA
100
AcDbEntity
  8
0
 62
     7
420
 16777215
100
AcDbLine
 10
306.6737593241655
 20
131.2303168088872
 30
0.0
 11
228.6409249549515
 21
116.5739879162911
 31
0.0
  0
ARC
  5
4DD
330
3DA
100
AcDbEntity
  8
0
 62
     7
420
 16777215
100
AcDbCircle
 10
239.9130038921089
 20
62.63641011025374
 30
0.0
 40
55.10283171623624
100
AcDbArc
 50
101.8040019387435
 51
144.1658681845263
  0
ARC
  5
4DE
330
3DA
100
AcDbEntity
  8
0
 62
     7
420
 16777215
100
AcDbCircle
 10
239.9130038921089
 20
62.63641011025374
 30
0.0
 40
60.35283171623624
100
AcDbArc
 50
101.8040019387435
 51
143.618291936633
  0
ARC
  5
4DF
330
3DA
100
AcDbEntity
  8
0
 62
     7
420
 16777215
100
AcDbCircle
 10
180.1064374542061
 20
111.4106158957741
 30
0.0
 40
22.40192747035009
100
AcDbArc
 50
251.9559058257163
 51
312.4846340002163
  0
LWPOLYLINE
  5
4E0
330
3DA
100
AcDbEntity
  8
0
 62
     7
420
 16777215
100
AcDbPolyline
 90
        4
 70
     0
 43
0.0
 10
341.3026722917521
 20
171.6681545186557
 10
341.3026722917521
 20
161.1541239945877
 42
-0.2070216052546941
 10
305.7046366099767
 20
136.3900940487343
 10
227.6718022407627
 20
121.7337651561382
  0
LWPOLYLINE
  5
4E1
330
3DA
100
AcDbEntity
  8
0
 62
     7
420
 16777215
100
AcDbPolyline
 90
        2
 70
     0
 43
0.0
 10
191.3239525224835
 20
98.43540986114346
 42
-0.2627585359196235
 10
174.7936480742701
 20
95.10224733995011
 42
-0.2627585359196235
  0
LWPOLYLINE
  5
4E2
330
3DA
100
AcDbEntity
  8
0
100
AcDbPolyline
 90
        2
 70
     0
 43
0.0
 10
174.884241278296
 20
95.07301255107888
 42
-0.088142558253138
 10
173.1693875269802
 20
89.77354007790887
  0
LINE
  5
4E3
330
3DA
100
AcDbEntity
  8
0
 62
     7
420
 16777215
100
AcDbLine
 10
341.3026722917521
 20
171.6681545186557
 30
0.0
 11
346.5526722917521
 21
171.6681545186557
 31
0.0
  0
LINE
  5
4E4
330
3DA
100
AcDbEntity
  8
0
 62
     7
420
 16777215
100
AcDbLine
 10
77.67180224076264
 20
566.8199418755744
 30
0.0
 11
77.67289738745467
 21
596.3912534953087
 31
0.0
  0
LINE
  5
4E5
330
3DA
100
AcDbEntity
  8
0
 62
     7
420
 16777215
100
AcDbLine
 10
77.67289738745467
 20
596.3912534953087
 30
0.0
 11
107.6718022407626
 21
596.6475884367018
 31
0.0
  0
LINE
  5
4E6
330
3DA
100
AcDbEntity
  8
0
 62
     7
420
 16777215
100
AcDbLine
 10
107.6718022407626
 20
596.6475884367018
 30
0.0
 11
107.6718022407626
 21
566.8199418755744
 31
0.0
  0
LINE
  5
4E7
330
3DA
100
AcDbEntity
  8
0
 62
     7
420
 16777215
100
AcDbLine
 10
107.6718022407626
 20
566.8199418755744
 30
0.0
 11
77.67180224076264
 21
566.8199418755744
 31
0.0
  0
ENDBLK
  5
4EB
330
3DA
100
AcDbEntity
  8
0
100
AcDbBlockEnd
  0
BLOCK
  5
6AA
330
6A9
100
AcDbEntity
  8
0
 62
     7
420
 16777215
100
AcDbBlockBegin
  2
*U20
 70
     1
 10
0.0
 20
0.0
 30
0.0
  3
*U20
  1

  0
CIRCLE
  5
6AB
330
6A9
100
AcDbEntity
  8
0
 62
     7
420
 16777215
100
AcDbCircle
 10
0.4637085949370544
 20
-0.0057624708250025
 30
0.0
 40
0.75
  0
ENDBLK
  5
6AC
330
6A9
100
AcDbEntity
  8
0
 62
     7
420
 16777215
100
AcDbBlockEnd
  0
BLOCK
  5
6EE
330
6ED
100
AcDbEntity
  8
0
 62
     7
420
 16777215
100
AcDbBlockBegin
  2
*U23
 70
     1
 10
0.0
 20
0.0
 30
0.0
  3
*U23
  1

  0
CIRCLE
  5
6EF
330
6ED
100
AcDbEntity
  8
0
 62
     7
420
 16777215
100
AcDbCircle
 10
0.4637085949370544
 20
-0.0057624708250025
 30
0.0
 40
0.75
  0
ENDBLK
  5
6F0
330
6ED
100
AcDbEntity
  8
0
 62
     7
420
 16777215
100
AcDbBlockEnd
  0
BLOCK
  5
70E
330
70D
100
AcDbEntity
  8
0
 62
     7
420
 16777215
100
AcDbBlockBegin
  2
*U25
 70
     1
 10
0.0
 20
0.0
 30
0.0
  3
*U25
  1

  0
CIRCLE
  5
70F
330
70D
100
AcDbEntity
  8
0
 62
     7
420
 16777215
100
AcDbCircle
 10
0.2372020655234168
 20
0.0009708925340538
 30
0.0
 40
0.75
  0
ENDBLK
  5
710
330
70D
100
AcDbEntity
  8
0
 62
     7
420
 16777215
100
AcDbBlockEnd
  0
BLOCK
  5
747
330
746
100
AcDbEntity
  8
0
 62
     7
420
 16777215
100
AcDbBlockBegin
  2
*U28
 70
     1
 10
0.0
 20
0.0
 30
0.0
  3
*U28
  1

  0
CIRCLE
  5
748
330
746
100
AcDbEntity
  8
0
 62
     7
420
 16777215
100
AcDbCircle
 10
0.4637085949370544
 20
-0.0057624708250025
 30
0.0
 40
0.75
  0
ENDBLK
  5
749
330
746
100
AcDbEntity
  8
0
 62
     7
420
 16777215
100
AcDbBlockEnd
  0
BLOCK
  5
767
330
766
100
AcDbEntity
  8
0
 62
     7
420
 16777215
100
AcDbBlockBegin
  2
*U30
 70
     1
 10
0.0
 20
0.0
 30
0.0
  3
*U30
  1

  0
CIRCLE
  5
8D1
330
766
100
AcDbEntity
  8
0
 62
     7
420
 16777215
100
AcDbCircle
 10
0.2372020655234337
 20
0.0009708925340419
 30
0.0
 40
0.7499999999999999
  0
ENDBLK
  5
769
330
766
100
AcDbEntity
  8
0
 62
     7
420
 16777215
100
AcDbBlockEnd
  0
BLOCK
  5
784
330
783
100
AcDbEntity
  8
0
 62
     7
420
 16777215
100
AcDbBlockBegin
  2
*U32
 70
     1
 10
0.0
 20
0.0
 30
0.0
  3
*U32
  1

  0
CIRCLE
  5
785
330
783
100
AcDbEntity
  8
0
 62
     7
420
 16777215
100
AcDbCircle
 10
0.2372020655234168
 20
0.0009708925340538
 30
0.0
 40
0.75
  0
ENDBLK
  5
786
330
783
100
AcDbEntity
  8
0
 62
     7
420
 16777215
100
AcDbBlockEnd
  0
BLOCK
  5
C8D
330
C8C
100
AcDbEntity
  8
0
 62
     7
420
 16777215
100
AcDbBlockBegin
  2
*U41
 70
     1
 10
0.0
 20
0.0
 30
0.0
  3
*U41
  1

  0
CIRCLE
  5
C8E
330
C8C
100
AcDbEntity
  8
0
 62
     7
420
 16777215
100
AcDbCircle
 10
0.4637085949370544
 20
-0.0057624708250025
 30
0.0
 40
0.75
  0
ENDBLK
  5
C8F
330
C8C
100
AcDbEntity
  8
0
 62
     7
420
 16777215
100
AcDbBlockEnd
  0
BLOCK
  5
C93
330
C92
100
AcDbEntity
  8
0
 62
     7
420
 16777215
100
AcDbBlockBegin
  2
*U42
 70
     1
 10
0.0
 20
0.0
 30
0.0
  3
*U42
  1

  0
CIRCLE
  5
C94
330
C92
100
AcDbEntity
  8
0
 62
     7
420
 16777215
100
AcDbCircle
 10
0.4637085949370544
 20
-0.0057624708250025
 30
0.0
 40
0.75
  0
ENDBLK
  5
C95
330
C92
100
AcDbEntity
  8
0
 62
     7
420
 16777215
100
AcDbBlockEnd
  0
BLOCK
  5
C97
330
C96
100
AcDbEntity
  8
0
 62
     7
420
 16777215
100
AcDbBlockBegin
  2
*U43
 70
     1
 10
0.0
 20
0.0
 30
0.0
  3
*U43
  1

  0
INSERT
  5
C98
330
C96
100
AcDbEntity
  8
0
  6
ByBlock
347
ED
 62
     0
440
 16777216
370
    -2
380
     1
100
AcDbBlockReference
  2
*U42
 10
3264.960237582887
 20
1161.937086072492
 30
0.0
 50
11.93217150224784
  0
INSERT
  5
C99
330
C96
100
AcDbEntity
  8
0
  6
ByBlock
347
ED
 62
     0
440
 16777216
370
    -2
380
     1
100
AcDbBlockReference
  2
*U42
 10
3273.053428794043
 20
1161.853328605705
 30
0.0
 50
346.881948192753
  0
INSERT
  5
C9A
330
C96
100
AcDbEntity
  8
0
  6
ByBlock
347
ED
 62
     0
440
 16777216
370
    -2
380
     1
100
AcDbBlockReference
  2
*U42
 10
3280.198076524681
 20
1158.174592262203
 30
0.0
 50
315.0422283150399
  0
INSERT
  5
C9B
330
C96
100
AcDbEntity
  8
0
  6
ByBlock
347
ED
 62
     0
440
 16777216
370
    -2
380
     1
100
AcDbBlockReference
  2
*U42
 10
3286.351666663303
 20
1152.827902222968
 30
0.0
 50
322.9847636115122
  0
INSERT
  5
C9C
330
C96
100
AcDbEntity
  8
0
  6
ByBlock
347
ED
 62
     0
440
 16777216
370
    -2
380
     1
100
AcDbBlockReference
  2
*U42
 10
3293.185031152602
 20
1148.382804279598
 30
0.0
 41
0.9999999999999998
 42
0.9999999999999998
 43
0.9999999999999998
 50
330.9272989079845
  0
INSERT
  5
C9D
330
C96
100
AcDbEntity
  8
0
  6
ByBlock
347
ED
 62
     0
440
 16777216
370
    -2
380
     1
100
AcDbBlockReference
  2
*U42
 10
3300.567067167293
 20
1144.92458071141
 30
0.0
 50
338.8698342044566
  0
INSERT
  5
C9E
330
C96
100
AcDbEntity
  8
0
  6
ByBlock
347
ED
 62
     0
440
 16777216
370
    -2
380
     1
100
AcDbBlockReference
  2
*U42
 10
3308.356145239284
 20
1142.519579930077
 30
0.0
 50
346.8123695009288
  0
INSERT
  5
C9F
330
C96
100
AcDbEntity
  8
0
  6
ByBlock
347
ED
 62
     0
440
 16777216
370
    -2
380
     1
100
AcDbBlockReference
  2
*U42
 10
3316.402826517007
 20
1141.213943539455
 30
0.0
 50
354.7549047974011
  0
INSERT
  5
CA0
330
C96
100
AcDbEntity
  8
0
  6
ByBlock
347
ED
 62
     0
440
 16777216
370
    -2
380
     1
100
AcDbBlockReference
  2
*U42
 10
3324.546940514363
 20
1140.73628939258
 30
0.0
 41
1.0
 42
1.0
 43
1.0
 50
356.8283279256148
  0
INSERT
  5
CA1
330
C96
100
AcDbEntity
  8
0
  6
ByBlock
347
ED
 62
     0
440
 16777216
370
    -2
380
     1
100
AcDbBlockReference
  2
*U42
 10
3332.69289245069
 20
1140.28489993721
 30
0.0
 41
1.0
 42
1.0
 43
1.0
 50
356.8283279256148
  0
INSERT
  5
CA2
330
C96
100
AcDbEntity
  8
0
  6
ByBlock
347
ED
 62
     0
440
 16777216
370
    -2
380
     1
100
AcDbBlockReference
  2
*U42
 10
3340.838844387015
 20
1139.833510481841
 30
0.0
 50
356.8283279256143
  0
INSERT
  5
CA3
330
C96
100
AcDbEntity
  8
0
  6
ByBlock
347
ED
 62
     0
440
 16777216
370
    -2
380
     1
100
AcDbBlockReference
  2
*U42
 10
3348.984796323343
 20
1139.38212102647
 30
0.0
 41
1.0
 42
1.0
 43
1.0
 50
356.8283279256148
  0
INSERT
  5
CA4
330
C96
100
AcDbEntity
  8
0
  6
ByBlock
347
ED
 62
     0
440
 16777216
370
    -2
380
     1
100
AcDbBlockReference
  2
*U42
 10
3357.13074825967
 20
1138.930731571099
 30
0.0
 41
1.0
 42
1.0
 43
1.0
 50
356.8283279256148
  0
INSERT
  5
CA5
330
C96
100
AcDbEntity
  8
0
  6
ByBlock
347
ED
 62
     0
440
 16777216
370
    -2
380
     1
100
AcDbBlockReference
  2
*U42
 10
3365.276700195997
 20
1138.479342115729
 30
0.0
 41
1.0
 42
1.0
 43
1.0
 50
356.8283279256148
  0
INSERT
  5
CA6
330
C96
100
AcDbEntity
  8
0
  6
ByBlock
347
ED
 62
     0
440
 16777216
370
    -2
380
     1
100
AcDbBlockReference
  2
*U42
 10
3373.422652132323
 20
1138.02795266036
 30
0.0
 50
356.8283279256143
  0
INSERT
  5
CA7
330
C96
100
AcDbEntity
  8
0
  6
ByBlock
347
ED
 62
     0
440
 16777216
370
    -2
380
     1
100
AcDbBlockReference
  2
*U42
 10
3381.568604068651
 20
1137.576563204989
 30
0.0
 41
1.0
 42
1.0
 43
1.0
 50
356.8283279256148
  0
INSERT
  5
CA8
330
C96
100
AcDbEntity
  8
0
  6
ByBlock
347
ED
 62
     0
440
 16777216
370
    -2
380
     1
100
AcDbBlockReference
  2
*U42
 10
3389.714556004978
 20
1137.125173749619
 30
0.0
 41
1.0
 42
1.0
 43
1.0
 50
356.8283279256148
  0
INSERT
  5
CA9
330
C96
100
AcDbEntity
  8
0
  6
ByBlock
347
ED
 62
     0
440
 16777216
370
    -2
380
     1
100
AcDbBlockReference
  2
*U42
 10
3397.8584846246
 20
1136.643974667674
 30
0.0
 50
354.8515362582243
  0
INSERT
  5
CAA
330
C96
100
AcDbEntity
  8
0
  6
ByBlock
347
ED
 62
     0
440
 16777216
370
    -2
380
     1
100
AcDbBlockReference
  2
*U42
 10
3405.902283622664
 20
1135.324734377866
 30
0.0
 41
1.0
 42
1.0
 43
1.0
 50
346.5204716475158
  0
INSERT
  5
CAB
330
C96
100
AcDbEntity
  8
0
  6
ByBlock
347
ED
 62
     0
440
 16777216
370
    -2
380
     1
100
AcDbBlockReference
  2
*U42
 10
3413.670051177469
 20
1132.85392793502
 30
0.0
 50
338.1894070368073
  0
INSERT
  5
CAC
330
C96
100
AcDbEntity
  8
0
  6
ByBlock
347
ED
 62
     0
440
 16777216
370
    -2
380
     1
100
AcDbBlockReference
  2
*U42
 10
3420.997846638086
 20
1129.283702318779
 30
0.0
 50
329.8583424260988
  0
INSERT
  5
CAD
330
C96
100
AcDbEntity
  8
0
  6
ByBlock
347
ED
 62
     0
440
 16777216
370
    -2
380
     1
100
AcDbBlockReference
  2
*U42
 10
3427.731015073195
 20
1124.689408021723
 30
0.0
 50
321.5272778153903
  0
INSERT
  5
CAE
330
C96
100
AcDbEntity
  8
0
  6
ByBlock
347
ED
 62
     0
440
 16777216
370
    -2
380
     1
100
AcDbBlockReference
  2
*U42
 10
3433.727451301571
 20
1119.168008758628
 30
0.0
 50
313.1962132046817
  0
INSERT
  5
CAF
330
C96
100
AcDbEntity
  8
0
  6
ByBlock
347
ED
 62
     0
440
 16777216
370
    -2
380
     1
100
AcDbBlockReference
  2
*U42
 10
3438.860599057004
 20
1112.836035023338
 30
0.0
 50
304.8651485939732
  0
INSERT
  5
CB0
330
C96
100
AcDbEntity
  8
0
  6
ByBlock
347
ED
 62
     0
440
 16777216
370
    -2
380
     1
100
AcDbBlockReference
  2
*U42
 10
3443.022121989518
 20
1105.827124683943
 30
0.0
 50
296.5340839832646
  0
ENDBLK
  5
CB1
330
C96
100
AcDbEntity
  8
0
 62
     7
420
 16777215
100
AcDbBlockEnd
  0
BLOCK
  5
CB3
330
CB2
100
AcDbEntity
  8
0
 62
     7
420
 16777215
100
AcDbBlockBegin
  2
*U44
 70
     1
 10
0.0
 20
0.0
 30
0.0
  3
*U44
  1

  0
CIRCLE
  5
CB4
330
CB2
100
AcDbEntity
  8
0
 62
     7
420
 16777215
100
AcDbCircle
 10
0.2372020655234168
 20
0.0009708925340538
 30
0.0
 40
0.75
  0
ENDBLK
  5
CB5
330
CB2
100
AcDbEntity
  8
0
 62
     7
420
 16777215
100
AcDbBlockEnd
  0
BLOCK
  5
CD0
330
CCF
100
AcDbEntity
  8
0
 62
     7
420
 16777215
100
AcDbBlockBegin
  2
*U46
 70
     1
 10
0.0
 20
0.0
 30
0.0
  3
*U46
  1

  0
INSERT
  5
CD1
330
CCF
100
AcDbEntity
  8
0
  6
ByBlock
347
ED
 62
     0
440
 16777216
370
    -2
380
     1
100
AcDbBlockReference
  2
*U41
 10
3317.034483180562
 20
1239.683694075633
 30
0.0
 50
11.93217150224645
  0
INSERT
  5
CD2
330
CCF
100
AcDbEntity
  8
0
  6
ByBlock
347
ED
 62
     0
440
 16777216
370
    -2
380
     1
100
AcDbBlockReference
  2
*U41
 10
3325.127674391718
 20
1239.599936608847
 30
0.0
 50
346.8819481927531
  0
INSERT
  5
CD3
330
CCF
100
AcDbEntity
  8
0
  6
ByBlock
347
ED
 62
     0
440
 16777216
370
    -2
380
     1
100
AcDbBlockReference
  2
*U41
 10
3332.272322122357
 20
1235.921200265344
 30
0.0
 50
315.0422283150401
  0
INSERT
  5
CD4
330
CCF
100
AcDbEntity
  8
0
  6
ByBlock
347
ED
 62
     0
440
 16777216
370
    -2
380
     1
100
AcDbBlockReference
  2
*U41
 10
3338.425912260978
 20
1230.57451022611
 30
0.0
 50
322.9847636115124
  0
INSERT
  5
CD5
330
CCF
100
AcDbEntity
  8
0
  6
ByBlock
347
ED
 62
     0
440
 16777216
370
    -2
380
     1
100
AcDbBlockReference
  2
*U41
 10
3345.259276750277
 20
1226.12941228274
 30
0.0
 50
330.9272989079846
  0
INSERT
  5
CD6
330
CCF
100
AcDbEntity
  8
0
  6
ByBlock
347
ED
 62
     0
440
 16777216
370
    -2
380
     1
100
AcDbBlockReference
  2
*U41
 10
3352.641312764968
 20
1222.671188714551
 30
0.0
 50
338.8698342044567
  0
INSERT
  5
CD7
330
CCF
100
AcDbEntity
  8
0
  6
ByBlock
347
ED
 62
     0
440
 16777216
370
    -2
380
     1
100
AcDbBlockReference
  2
*U41
 10
3360.43039083696
 20
1220.266187933219
 30
0.0
 41
0.9999999999999998
 42
0.9999999999999998
 43
0.9999999999999998
 50
346.812369500929
  0
INSERT
  5
CD8
330
CCF
100
AcDbEntity
  8
0
  6
ByBlock
347
ED
 62
     0
440
 16777216
370
    -2
380
     1
100
AcDbBlockReference
  2
*U41
 10
3368.477072114682
 20
1218.960551542596
 30
0.0
 50
354.7549047974012
  0
INSERT
  5
CD9
330
CCF
100
AcDbEntity
  8
0
  6
ByBlock
347
ED
 62
     0
440
 16777216
370
    -2
380
     1
100
AcDbBlockReference
  2
*U41
 10
3376.621186112038
 20
1218.482897395722
 30
0.0
 50
356.8283279256142
  0
INSERT
  5
CDA
330
CCF
100
AcDbEntity
  8
0
  6
ByBlock
347
ED
 62
     0
440
 16777216
370
    -2
380
     1
100
AcDbBlockReference
  2
*U41
 10
3384.767138048364
 20
1218.031507940352
 30
0.0
 50
356.8283279256142
  0
INSERT
  5
CDB
330
CCF
100
AcDbEntity
  8
0
  6
ByBlock
347
ED
 62
     0
440
 16777216
370
    -2
380
     1
100
AcDbBlockReference
  2
*U41
 10
3392.913089984691
 20
1217.580118484981
 30
0.0
 50
356.8283279256142
  0
INSERT
  5
CDC
330
CCF
100
AcDbEntity
  8
0
  6
ByBlock
347
ED
 62
     0
440
 16777216
370
    -2
380
     1
100
AcDbBlockReference
  2
*U41
 10
3401.059041921018
 20
1217.128729029611
 30
0.0
 50
356.8283279256142
  0
INSERT
  5
CDD
330
CCF
100
AcDbEntity
  8
0
  6
ByBlock
347
ED
 62
     0
440
 16777216
370
    -2
380
     1
100
AcDbBlockReference
  2
*U41
 10
3409.204993857346
 20
1216.677339574241
 30
0.0
 50
356.8283279256142
  0
INSERT
  5
CDE
330
CCF
100
AcDbEntity
  8
0
  6
ByBlock
347
ED
 62
     0
440
 16777216
370
    -2
380
     1
100
AcDbBlockReference
  2
*U41
 10
3417.350945793672
 20
1216.225950118871
 30
0.0
 50
356.8283279256142
  0
INSERT
  5
CDF
330
CCF
100
AcDbEntity
  8
0
  6
ByBlock
347
ED
 62
     0
440
 16777216
370
    -2
380
     1
100
AcDbBlockReference
  2
*U41
 10
3425.496897729999
 20
1215.774560663501
 30
0.0
 50
356.8283279256142
  0
INSERT
  5
CE0
330
CCF
100
AcDbEntity
  8
0
  6
ByBlock
347
ED
 62
     0
440
 16777216
370
    -2
380
     1
100
AcDbBlockReference
  2
*U41
 10
3433.642849666326
 20
1215.323171208131
 30
0.0
 50
356.8283279256142
  0
INSERT
  5
CE1
330
CCF
100
AcDbEntity
  8
0
  6
ByBlock
347
ED
 62
     0
440
 16777216
370
    -2
380
     1
100
AcDbBlockReference
  2
*U41
 10
3441.788801602652
 20
1214.871781752761
 30
0.0
 50
356.8283279256142
  0
INSERT
  5
CE2
330
CCF
100
AcDbEntity
  8
0
  6
ByBlock
347
ED
 62
     0
440
 16777216
370
    -2
380
     1
100
AcDbBlockReference
  2
*U41
 10
3449.932730222275
 20
1214.390582670816
 30
0.0
 50
354.851536258225
  0
INSERT
  5
CE3
330
CCF
100
AcDbEntity
  8
0
  6
ByBlock
347
ED
 62
     0
440
 16777216
370
    -2
380
     1
100
AcDbBlockReference
  2
*U41
 10
3457.976529220339
 20
1213.071342381008
 30
0.0
 41
1.0
 42
1.0
 43
1.0
 50
346.5204716475162
  0
INSERT
  5
CE4
330
CCF
100
AcDbEntity
  8
0
  6
ByBlock
347
ED
 62
     0
440
 16777216
370
    -2
380
     1
100
AcDbBlockReference
  2
*U41
 10
3465.744296775144
 20
1210.600535938162
 30
0.0
 50
338.1894070368076
  0
INSERT
  5
CE5
330
CCF
100
AcDbEntity
  8
0
  6
ByBlock
347
ED
 62
     0
440
 16777216
370
    -2
380
     1
100
AcDbBlockReference
  2
*U41
 10
3473.072092235761
 20
1207.030310321921
 30
0.0
 50
329.858342426099
  0
INSERT
  5
CE6
330
CCF
100
AcDbEntity
  8
0
  6
ByBlock
347
ED
 62
     0
440
 16777216
370
    -2
380
     1
100
AcDbBlockReference
  2
*U41
 10
3479.80526067087
 20
1202.436016024865
 30
0.0
 50
321.5272778153904
  0
INSERT
  5
CE7
330
CCF
100
AcDbEntity
  8
0
  6
ByBlock
347
ED
 62
     0
440
 16777216
370
    -2
380
     1
100
AcDbBlockReference
  2
*U41
 10
3485.801696899247
 20
1196.91461676177
 30
0.0
 50
313.1962132046817
  0
INSERT
  5
CE8
330
CCF
100
AcDbEntity
  8
0
  6
ByBlock
347
ED
 62
     0
440
 16777216
370
    -2
380
     1
100
AcDbBlockReference
  2
*U41
 10
3490.93484465468
 20
1190.58264302648
 30
0.0
 41
0.9999999999999998
 42
0.9999999999999998
 43
0.9999999999999998
 50
304.8651485939732
  0
INSERT
  5
CE9
330
CCF
100
AcDbEntity
  8
0
  6
ByBlock
347
ED
 62
     0
440
 16777216
370
    -2
380
     1
100
AcDbBlockReference
  2
*U41
 10
3495.096367587193
 20
1183.573732687086
 30
0.0
 50
296.5340839832645
  0
ENDBLK
  5
CEA
330
CCF
100
AcDbEntity
  8
0
 62
     7
420
 16777215
100
AcDbBlockEnd
  0
BLOCK
  5
CEC
330
CEB
100
AcDbEntity
  8
0
 62
     7
420
 16777215
100
AcDbBlockBegin
  2
*U47
 70
     1
 10
0.0
 20
0.0
 30
0.0
  3
*U47
  1

  0
CIRCLE
  5
CED
330
CEB
100
AcDbEntity
  8
0
 62
     7
420
 16777215
100
AcDbCircle
 10
0.4637085949370544
 20
-0.0057624708250025
 30
0.0
 40
0.75
  0
ENDBLK
  5
CEE
330
CEB
100
AcDbEntity
  8
0
 62
     7
420
 16777215
100
AcDbBlockEnd
  0
BLOCK
  5
CF0
330
CEF
100
AcDbEntity
  8
0
 62
     7
420
 16777215
100
AcDbBlockBegin
  2
*U48
 70
     1
 10
0.0
 20
0.0
 30
0.0
  3
*U48
  1

  0
INSERT
  5
CF1
330
CEF
100
AcDbEntity
  8
0
  6
ByBlock
347
ED
 62
     0
440
 16777216
370
    -2
380
     1
100
AcDbBlockReference
  2
*U47
 10
3264.960237582887
 20
1161.937086072492
 30
0.0
 50
11.93217150224784
  0
INSERT
  5
CF2
330
CEF
100
AcDbEntity
  8
0
  6
ByBlock
347
ED
 62
     0
440
 16777216
370
    -2
380
     1
100
AcDbBlockReference
  2
*U47
 10
3273.053428794043
 20
1161.853328605705
 30
0.0
 50
346.881948192753
  0
INSERT
  5
CF3
330
CEF
100
AcDbEntity
  8
0
  6
ByBlock
347
ED
 62
     0
440
 16777216
370
    -2
380
     1
100
AcDbBlockReference
  2
*U47
 10
3280.198076524681
 20
1158.174592262203
 30
0.0
 50
315.0422283150399
  0
INSERT
  5
CF4
330
CEF
100
AcDbEntity
  8
0
  6
ByBlock
347
ED
 62
     0
440
 16777216
370
    -2
380
     1
100
AcDbBlockReference
  2
*U47
 10
3286.351666663303
 20
1152.827902222968
 30
0.0
 50
322.9847636115122
  0
INSERT
  5
CF5
330
CEF
100
AcDbEntity
  8
0
  6
ByBlock
347
ED
 62
     0
440
 16777216
370
    -2
380
     1
100
AcDbBlockReference
  2
*U47
 10
3293.185031152602
 20
1148.382804279598
 30
0.0
 41
0.9999999999999998
 42
0.9999999999999998
 43
0.9999999999999998
 50
330.9272989079845
  0
INSERT
  5
CF6
330
CEF
100
AcDbEntity
  8
0
  6
ByBlock
347
ED
 62
     0
440
 16777216
370
    -2
380
     1
100
AcDbBlockReference
  2
*U47
 10
3300.567067167293
 20
1144.92458071141
 30
0.0
 50
338.8698342044566
  0
INSERT
  5
CF7
330
CEF
100
AcDbEntity
  8
0
  6
ByBlock
347
ED
 62
     0
440
 16777216
370
    -2
380
     1
100
AcDbBlockReference
  2
*U47
 10
3308.356145239284
 20
1142.519579930077
 30
0.0
 50
346.8123695009288
  0
INSERT
  5
CF8
330
CEF
100
AcDbEntity
  8
0
  6
ByBlock
347
ED
 62
     0
440
 16777216
370
    -2
380
     1
100
AcDbBlockReference
  2
*U47
 10
3316.402826517007
 20
1141.213943539455
 30
0.0
 50
354.7549047974011
  0
INSERT
  5
CF9
330
CEF
100
AcDbEntity
  8
0
  6
ByBlock
347
ED
 62
     0
440
 16777216
370
    -2
380
     1
100
AcDbBlockReference
  2
*U47
 10
3324.546940514363
 20
1140.73628939258
 30
0.0
 41
1.0
 42
1.0
 43
1.0
 50
356.8283279256148
  0
INSERT
  5
CFA
330
CEF
100
AcDbEntity
  8
0
  6
ByBlock
347
ED
 62
     0
440
 16777216
370
    -2
380
     1
100
AcDbBlockReference
  2
*U47
 10
3332.69289245069
 20
1140.28489993721
 30
0.0
 41
1.0
 42
1.0
 43
1.0
 50
356.8283279256148
  0
INSERT
  5
CFB
330
CEF
100
AcDbEntity
  8
0
  6
ByBlock
347
ED
 62
     0
440
 16777216
370
    -2
380
     1
100
AcDbBlockReference
  2
*U47
 10
3340.838844387015
 20
1139.833510481841
 30
0.0
 50
356.8283279256143
  0
INSERT
  5
CFC
330
CEF
100
AcDbEntity
  8
0
  6
ByBlock
347
ED
 62
     0
440
 16777216
370
    -2
380
     1
100
AcDbBlockReference
  2
*U47
 10
3348.984796323343
 20
1139.38212102647
 30
0.0
 41
1.0
 42
1.0
 43
1.0
 50
356.8283279256148
  0
INSERT
  5
CFD
330
CEF
100
AcDbEntity
  8
0
  6
ByBlock
347
ED
 62
     0
440
 16777216
370
    -2
380
     1
100
AcDbBlockReference
  2
*U47
 10
3357.13074825967
 20
1138.930731571099
 30
0.0
 41
1.0
 42
1.0
 43
1.0
 50
356.8283279256148
  0
INSERT
  5
CFE
330
CEF
100
AcDbEntity
  8
0
  6
ByBlock
347
ED
 62
     0
440
 16777216
370
    -2
380
     1
100
AcDbBlockReference
  2
*U47
 10
3365.276700195997
 20
1138.479342115729
 30
0.0
 41
1.0
 42
1.0
 43
1.0
 50
356.8283279256148
  0
INSERT
  5
CFF
330
CEF
100
AcDbEntity
  8
0
  6
ByBlock
347
ED
 62
     0
440
 16777216
370
    -2
380
     1
100
AcDbBlockReference
  2
*U47
 10
3373.422652132323
 20
1138.02795266036
 30
0.0
 50
356.8283279256143
  0
INSERT
  5
D00
330
CEF
100
AcDbEntity
  8
0
  6
ByBlock
347
ED
 62
     0
440
 16777216
370
    -2
380
     1
100
AcDbBlockReference
  2
*U47
 10
3381.568604068651
 20
1137.576563204989
 30
0.0
 41
1.0
 42
1.0
 43
1.0
 50
356.8283279256148
  0
INSERT
  5
D01
330
CEF
100
AcDbEntity
  8
0
  6
ByBlock
347
ED
 62
     0
440
 16777216
370
    -2
380
     1
100
AcDbBlockReference
  2
*U47
 10
3389.714556004978
 20
1137.125173749619
 30
0.0
 41
1.0
 42
1.0
 43
1.0
 50
356.8283279256148
  0
INSERT
  5
D02
330
CEF
100
AcDbEntity
  8
0
  6
ByBlock
347
ED
 62
     0
440
 16777216
370
    -2
380
     1
100
AcDbBlockReference
  2
*U47
 10
3397.8584846246
 20
1136.643974667674
 30
0.0
 50
354.8515362582243
  0
INSERT
  5
D03
330
CEF
100
AcDbEntity
  8
0
  6
ByBlock
347
ED
 62
     0
440
 16777216
370
    -2
380
     1
100
AcDbBlockReference
  2
*U47
 10
3405.902283622664
 20
1135.324734377866
 30
0.0
 41
1.0
 42
1.0
 43
1.0
 50
346.5204716475158
  0
INSERT
  5
D04
330
CEF
100
AcDbEntity
  8
0
  6
ByBlock
347
ED
 62
     0
440
 16777216
370
    -2
380
     1
100
AcDbBlockReference
  2
*U47
 10
3413.670051177469
 20
1132.85392793502
 30
0.0
 50
338.1894070368073
  0
INSERT
  5
D05
330
CEF
100
AcDbEntity
  8
0
  6
ByBlock
347
ED
 62
     0
440
 16777216
370
    -2
380
     1
100
AcDbBlockReference
  2
*U47
 10
3420.997846638086
 20
1129.283702318779
 30
0.0
 50
329.8583424260988
  0
INSERT
  5
D06
330
CEF
100
AcDbEntity
  8
0
  6
ByBlock
347
ED
 62
     0
440
 16777216
370
    -2
380
     1
100
AcDbBlockReference
  2
*U47
 10
3427.731015073195
 20
1124.689408021723
 30
0.0
 50
321.5272778153903
  0
INSERT
  5
D07
330
CEF
100
AcDbEntity
  8
0
  6
ByBlock
347
ED
 62
     0
440
 16777216
370
    -2
380
     1
100
AcDbBlockReference
  2
*U47
 10
3433.727451301571
 20
1119.168008758628
 30
0.0
 50
313.1962132046817
  0
INSERT
  5
D08
330
CEF
100
AcDbEntity
  8
0
  6
ByBlock
347
ED
 62
     0
440
 16777216
370
    -2
380
     1
100
AcDbBlockReference
  2
*U47
 10
3438.860599057004
 20
1112.836035023338
 30
0.0
 50
304.8651485939732
  0
INSERT
  5
D09
330
CEF
100
AcDbEntity
  8
0
  6
ByBlock
347
ED
 62
     0
440
 16777216
370
    -2
380
     1
100
AcDbBlockReference
  2
*U47
 10
3443.022121989518
 20
1105.827124683943
 30
0.0
 50
296.5340839832646
  0
ENDBLK
  5
D0A
330
CEF
100
AcDbEntity
  8
0
 62
     7
420
 16777215
100
AcDbBlockEnd
  0
BLOCK
  5
D0C
330
D0B
100
AcDbEntity
  8
0
 62
     7
420
 16777215
100
AcDbBlockBegin
  2
*U49
 70
     1
 10
0.0
 20
0.0
 30
0.0
  3
*U49
  1

  0
CIRCLE
  5
D0D
330
D0B
100
AcDbEntity
  8
0
 62
     7
420
 16777215
100
AcDbCircle
 10
0.2372020655234337
 20
0.0009708925340419
 30
0.0
 40
0.7499999999999999
  0
ENDBLK
  5
D0E
330
D0B
100
AcDbEntity
  8
0
 62
     7
420
 16777215
100
AcDbBlockEnd
  0
BLOCK
  5
D29
330
D28
100
AcDbEntity
  8
0
 62
     7
420
 16777215
100
AcDbBlockBegin
  2
*U51
 70
     1
 10
0.0
 20
0.0
 30
0.0
  3
*U51
  1

  0
CIRCLE
  5
D2A
330
D28
100
AcDbEntity
  8
0
 62
     7
420
 16777215
100
AcDbCircle
 10
0.2372020655234168
 20
0.0009708925340538
 30
0.0
 40
0.75
  0
ENDBLK
  5
D2B
330
D28
100
AcDbEntity
  8
0
 62
     7
420
 16777215
100
AcDbBlockEnd
  0
BLOCK
  5
256E
330
256A
100
AcDbEntity
  8
0
100
AcDbBlockBegin
  2
A$Cbf273f94
 70
     0
 10
0.0
 20
0.0
 30
0.0
  3
A$Cbf273f94
  1

  0
LWPOLYLINE
  5
256B
330
256A
100
AcDbEntity
  8
0
100
AcDbPolyline
 90
       28
 70
     0
 43
0.0
 10
107.1533143960675
 20
137.8992466507427
 42
-0.1343645973972866
 10
124.9121611774619
 20
87.51674145972879
 42
-0.1742315634716155
 10
121.0368076063152
 20
76.64339795858359
 42
-0.1406732316438539
 10
96.08719156637675
 20
61.88869286296676
 42
-0.0641305427707631
 10
92.9398729105045
 20
61.64130353716723
 10
59.72204899927851
 20
62.26728029148557
 10
55.00352113687767
 20
62.26728029148557
 42
0.20341984686971
 10
5.41727138306021
 20
43.54859175152614
 42
0.1963844154676197
 10
0.2214675885830957
 20
33.57507908391517
 42
0.0878754999966271
 10
0.5539607680208292
 20
25.18038153518614
 42
0.3051703217527598
 10
4.692511655335465
 20
21.05080880443097
 10
6.40837869136908
 20
20.80335961994501
 42
0.1079848341797721
 10
14.48072369170609
 20
21.48098368901401
 42
-0.159428467267853
 10
21.51288412152803
 20
21.28734874158795
 10
22.34841456778872
 20
20.95264559414409
 10
23.6580780897059
 20
20.463065272324
 10
25.0703425335089
 20
19.90443530202242
 10
27.34386479028376
 20
19.00438474278485
 42
0.2436309075529051
 10
35.81411701641798
 20
19.89996861373106
 10
38.09206423446653
 20
21.16753762467215
 10
40.15627209538729
 20
22.30920101251536
 10
42.91868109755
 20
24.33749304085541
 10
45.88413940922623
 20
26.38995283067561
 42
-0.1270509267508966
 10
54.99931932150946
 20
29.39634366324003
 42
-0.0401673329359654
 10
82.39596983051308
 20
29.32085370716277
 42
-0.1130323554322032
 10
101.831709554973
 20
23.5512174409771
 42
-0.1296871574462904
 10
109.2713374822244
 20
13.94033023591669
 42
-0.2330936672961129
 10
107.2971291734723
 20
0.0
  0
ENDBLK
  5
256F
330
256A
100
AcDbEntity
  8
0
100
AcDbBlockEnd
  0
BLOCK
  5
25AB
330
25A5
100
AcDbEntity
  8
0
100
AcDbBlockBegin
  2
A$C7f0d8964
 70
     0
 10
0.0
 20
0.0
 30
0.0
  3
A$C7f0d8964
  1

  0
CIRCLE
  5
25A6
330
25A5
100
AcDbEntity
  8
0
100
AcDbCircle
 10
68.28868307174332
 20
236.530418471174
 30
0.0
 40
1.0
  0
LWPOLYLINE
  5
25A7
330
25A5
100
AcDbEntity
  8
0
100
AcDbPolyline
 90
       28
 70
     0
 43
0.0
 10
107.1533143960675
 20
328.6953207703052
 42
-0.1343645973972866
 10
124.9121611774619
 20
278.3128155792913
 42
-0.1742315634716155
 10
121.0368076063152
 20
267.4394720781461
 42
-0.1406732316438539
 10
96.08719156637675
 20
252.6847669825293
 42
-0.0641305427707631
 10
92.9398729105045
 20
252.4373776567297
 10
59.72204899927851
 20
253.0633544110481
 10
55.00352113687767
 20
253.0633544110481
 42
0.20341984686971
 10
5.41727138306021
 20
234.3446658710886
 42
0.1963844154676197
 10
0.2214675885830957
 20
224.3711532034776
 42
0.0878754999966271
 10
0.5539607680208292
 20
215.9764556547486
 42
0.3051703217527598
 10
4.692511655335465
 20
211.8468829239934
 10
6.40837869136908
 20
211.5994337395075
 42
0.1079848341797721
 10
14.48072369170609
 20
212.2770578085765
 42
-0.159428467267853
 10
21.51288412152803
 20
212.0834228611504
 10
22.34841456778872
 20
211.7487197137066
 10
23.6580780897059
 20
211.2591393918865
 10
25.0703425335089
 20
210.7005094215849
 10
27.34386479028376
 20
209.8004588623473
 42
0.2436309075529051
 10
35.81411701641798
 20
210.6960427332936
 10
38.09206423446653
 20
211.9636117442346
 10
40.15627209538729
 20
213.1052751320778
 10
42.91868109755
 20
215.1335671604179
 10
45.88413940922623
 20
217.1860269502381
 42
-0.1270509267508966
 10
54.99931932150946
 20
220.1924177828025
 42
-0.0401673329359654
 10
82.39596983051308
 20
220.1169278267252
 42
-0.1130323554322032
 10
101.831709554973
 20
214.3472915605396
 42
-0.1296871574462904
 10
109.2713374822244
 20
204.7364043554792
 42
-0.2330936672961129
 10
107.2971291734723
 20
190.7960741195625
  0
CIRCLE
  5
25A8
330
25A5
100
AcDbEntity
  8
0
100
AcDbCircle
 10
89.65889898208388
 20
1.0
 30
0.0
 40
1.0
  0
ENDBLK
  5
25AC
330
25A5
100
AcDbEntity
  8
0
100
AcDbBlockEnd
  0
ENDSEC
  0
SECTION
  2
ENTITIES
  0
INSERT
  5
B63
102
{ACAD_REACTORS
330
D49
102
}
330
1F
100
AcDbEntity
  8
0
100
AcDbBlockReference
  2
*U46
 10
-2455.000607920125
 20
726.3740460286701
 30
0.0
  0
INSERT
  5
B66
102
{ACAD_REACTORS
330
D5B
102
}
330
1F
100
AcDbEntity
  8
0
100
AcDbBlockReference
  2
*U48
 10
-2402.92636232245
 20
2994.103445055833
 30
0.0
 41
-1.0
 50
180.0
  0
INSERT
  5
BB4
102
{ACAD_REACTORS
330
D52
102
}
330
1F
100
AcDbEntity
  8
0
100
AcDbBlockReference
  2
*U43
 10
-2395.66704360808
 20
2976.514641701042
 30
0.0
 41
-1.0
 50
180.0
  0
LWPOLYLINE
  5
BB5
330
1F
100
AcDbEntity
  8
0
100
AcDbPolyline
 90
       13
 70
     0
 43
0.0
 10
1051.559890443699
 20
1870.9769882171
 10
1051.559890443699
 20
1873.097469598153
 10
1046.843787038078
 20
1873.097469598153
 42
-0.275255627357426
 10
1000.898635497913
 20
1841.272670804275
 10
921.5501785575879
 20
1836.874182356884
 42
0.1845010231849252
 10
882.5899609337797
 20
1818.502959945166
 42
-0.2612757729939
 10
865.8527312811843
 20
1817.305059757053
 42
-0.0830073405483285
 10
863.6495434434937
 20
1812.53962295606
 42
0.268519155323473
 10
886.0087375266521
 20
1814.479369310612
 42
0.0696552669133095
 10
886.0136707287688
 20
1814.485037558447
 42
-0.1869696135326917
 10
921.9473357848647
 20
1831.639226183541
 10
1001.222991362701
 20
1836.032590384849
 42
0.2754151202450253
 10
1051.620661583899
 20
1870.91940404049
  0
CIRCLE
  5
C89
330
1F
100
AcDbEntity
  8
0
100
AcDbCircle
 10
817.3817786274003
 20
1875.862770662465
 30
0.0
 40
1.0
  0
LWPOLYLINE
  5
24DC
330
1F
100
AcDbEntity
  8
0
100
AcDbPolyline
 90
       38
 70
     1
 43
0.0
 10
1044.361342869529
 20
1909.715891692363
 42
0.275415120245028
 10
993.9636726483312
 20
1944.602705348005
 10
914.6880170704944
 20
1948.996069549312
 42
-0.1869727011748653
 10
878.7539010452201
 20
1966.150736731899
 42
0.0795446023937898
 10
878.7494188122819
 20
1966.155926422241
 42
0.2704233741391074
 10
856.2464099517246
 20
1968.027672961596
 42
-0.1343645973972866
 10
874.0052567331188
 20
1917.645167770581
 42
-0.1742315634716155
 10
870.1299031619722
 20
1906.771824269436
 42
-0.1406732316438539
 10
845.1802871220337
 20
1892.01711917382
 42
-0.0641305427707631
 10
842.0329684661615
 20
1891.76972984802
 10
808.8151445549355
 20
1892.395706602339
 10
804.0966166925347
 20
1892.395706602339
 42
0.20341984686971
 10
754.5103669387172
 20
1873.677018062379
 42
0.1963844154676197
 10
749.31456314424
 20
1863.703505394768
 42
0.0878754999966271
 10
749.6470563236778
 20
1855.308807846039
 42
0.3051703217527598
 10
753.7856072109924
 20
1851.179235115284
 10
755.5014742470261
 20
1850.931785930798
 42
0.1079848341797721
 10
763.573819247363
 20
1851.609409999867
 42
-0.159428467267853
 10
770.605979677185
 20
1851.415775052441
 10
771.4415101234457
 20
1851.081071904997
 10
772.7511736453629
 20
1850.591491583177
 10
774.1634380891659
 20
1850.032861612875
 10
776.4369603459408
 20
1849.132811053638
 42
0.2436309075529051
 10
784.9072125720749
 20
1850.028394924584
 10
787.1851597901235
 20
1851.295963935525
 10
789.2493676510443
 20
1852.437627323368
 10
792.011776653207
 20
1854.465919351708
 10
794.9772349648832
 20
1856.518379141528
 42
-0.1270509267508966
 10
804.0924148771663
 20
1859.524769974093
 42
-0.0401673329359654
 10
831.48906538617
 20
1859.449280018016
 42
-0.1130323554322032
 10
850.92480511063
 20
1853.67964375183
 42
-0.1296871574462904
 10
858.3644330378815
 20
1844.06875654677
 42
-0.2330936672961129
 10
856.3902247291252
 20
1830.12842631085
 42
0.2685191553234488
 10
878.7494188122819
 20
1832.068172665404
 42
0.0696552669133095
 10
878.7543520143985
 20
1832.073840913238
 42
-0.1869696135326917
 10
914.6880170704944
 20
1849.228029538332
 10
993.9636726483312
 20
1853.62139373964
 42
0.2754151202450253
 10
1044.361342869529
 20
1888.508207395281
  0
LWPOLYLINE
  5
2556
330
1F
100
AcDbEntity
  8
0
100
AcDbPolyline
 90
        2
 70
     0
 43
0.0
 10
768.1892755273658
 20
1851.991056971315
 10
768.4940739558968
 20
1851.941723534373
  0
LWPOLYLINE
  5
255B
330
1F
100
AcDbEntity
  8
0
100
AcDbPolyline
 90
        2
 70
     0
 43
0.0
 10
750.7518944917746
 20
1852.979375102955
 10
750.8340083556268
 20
1852.882628235819
  0
LWPOLYLINE
  5
2560
330
1F
100
AcDbEntity
  8
0
100
AcDbPolyline
 90
        3
 70
     0
 43
0.0
 10
776.2913883381579
 20
1887.650293377634
 10
776.1486247797119
 20
1887.615541311627
 10
773.6055788366286
 20
1886.514829894418
  0
LWPOLYLINE
  5
2562
330
1F
100
AcDbEntity
  8
0
100
AcDbPolyline
 90
        2
 70
     0
 43
0.0
 10
799.8857580665257
 20
1858.769882168146
 10
800.2834235383655
 20
1858.881767120338
  0
CIRCLE
  5
480B
330
1F
100
AcDbEntity
  8
0
100
AcDbCircle
 10
772.9792715342482
 20
1945.508134012586
 30
0.0
 40
1.0
  0
CIRCLE
  5
480C
330
1F
100
AcDbEntity
  8
0
100
AcDbCircle
 10
715.4792715342482
 20
1945.508134012586
 30
0.0
 40
1.0
  0
CIRCLE
  5
480F
330
1F
100
AcDbEntity
  8
0
100
AcDbCircle
 10
830.4792715342482
 20
1945.508134012586
 30
0.0
 40
1.0
  0
CIRCLE
  5
488C
330
1F
100
AcDbEntity
  8
0
100
AcDbCircle
 10
841.2183945865836
 20
1882.612770662464
 30
0.0
 40
1.0
  0
CIRCLE
  5
488D
330
1F
100
AcDbEntity
  8
0
100
AcDbCircle
 10
841.2183945865836
 20
1869.112770662464
 30
0.0
 40
1.0
  0
CIRCLE
  5
48BF
330
1F
100
AcDbEntity
  8
0
100
AcDbCircle
 10
833.4943002843811
 20
1819.539483155899
 30
0.0
 40
1.0
  0
CIRCLE
  5
48C0
330
1F
100
AcDbEntity
  8
0
100
AcDbCircle
 10
833.4943002843811
 20
1806.039483155899
 30
0.0
 40
1.0
  0
CIRCLE
  5
48C1
330
1F
100
AcDbEntity
  8
0
100
AcDbCircle
 10
724.9943002843812
 20
1819.539483155899
 30
0.0
 40
1.0
  0
CIRCLE
  5
48C2
330
1F
100
AcDbEntity
  8
0
100
AcDbCircle
 10
724.9943002843812
 20
1806.039483155899
 30
0.0
 40
1.0
  0
LWPOLYLINE
  5
48D0
330
1F
100
AcDbEntity
  8
0
100
AcDbPolyline
 90
        8
 70
     1
 43
0.0
 10
724.9943002843811
 20
1797.789483155899
 10
833.4943002843811
 20
1797.789483155899
 42
0.4142135623730951
 10
841.7443002843812
 20
1806.039483155899
 10
841.7443002843812
 20
1819.539483155899
 42
0.4142135623730951
 10
833.4943002843811
 20
1827.789483155899
 10
724.9943002843812
 20
1827.789483155899
 42
0.4142135623730951
 10
716.7443002843811
 20
1819.539483155899
 10
716.744300284381
 20
1806.039483155899
 42
0.4142135623730951
  0
LWPOLYLINE
  5
48D1
330
1F
100
AcDbEntity
  8
0
100
AcDbPolyline
 90
        4
 70
     1
 43
0.0
 10
715.4792715342482
 20
1933.008134012586
 42
-0.9999999999999998
 10
715.4792715342482
 20
1958.008134012586
 10
830.4792715342482
 20
1958.008134012586
 42
-0.9999999999999998
 10
830.4792715342482
 20
1933.008134012586
  0
VIEWPORT
  5
848
102
{ACAD_XDICTIONARY
360
849
102
}
330
D2
100
AcDbEntity
 67
     1
  8
0
100
AcDbViewport
 10
130.1746750757484
 20
97.80244566884579
 30
0.0
 40
579.7364559324632
 41
225.5037867957771
 68
     2
 69
     1
 12
130.1746750757484
 22
97.80244566884579
 13
0.0
 23
0.0
 14
10.0
 24
10.0
 15
10.0
 25
10.0
 16
0.0
 26
0.0
 36
1.0
 17
0.0
 27
0.0
 37
0.0
 42
50.0
 43
0.0
 44
0.0
 45
225.5037867957771
 50
0.0
 51
0.0
 72
  1000
 90
   819232
  1

281
     0
 71
     1
 74
     0
110
0.0
120
0.0
130
0.0
111
1.0
121
0.0
131
0.0
112
0.0
122
1.0
132
0.0
 79
     0
146
0.0
170
     0
 61
     5
348
F5
292
     1
282
     1
141
0.0
142
0.0
 63
   250
421
  3355443
  0
VIEWPORT
  5
84C
102
{ACAD_XDICTIONARY
360
84D
102
}
330
D2
100
AcDbEntity
 67
     1
  8
0
100
AcDbViewport
 10
128.5
 20
97.5
 30
0.0
 40
205.6
 41
156.0
 68
     1
 69
     2
 12
1277.448980646397
 22
1707.053522444668
 13
0.0
 23
0.0
 14
10.0
 24
10.0
 15
10.0
 25
10.0
 16
0.0
 26
0.0
 36
1.0
 17
0.0
 27
0.0
 37
0.0
 42
50.0
 43
0.0
 44
0.0
 45
1233.573802923888
 50
0.0
 51
0.0
 72
  1000
 90
   819808
  1

281
     0
 71
     1
 74
     0
110
0.0
120
0.0
130
0.0
111
1.0
121
0.0
131
0.0
112
0.0
122
1.0
132
0.0
 79
     0
146
0.0
170
     0
 61
     5
348
F5
292
     1
282
     1
141
0.0
142
0.0
 63
   250
421
  3355443
  0
ENDSEC
  0
SECTION
  2
OBJECTS
  0
DICTIONARY
  5
C
330
0
100
AcDbDictionary
281
     1
  3
ACAD_ASSOCNETWORK
350
543
  3
ACAD_BACKGROUND
350
8CE
  3
ACAD_CIP_PREVIOUS_PRODUCT_INFO
350
216
  3
ACAD_COLOR
350
6B
  3
ACAD_DETAILVIEWSTYLE
350
21B
  3
ACAD_GROUP
350
D
  3
ACAD_IMAGE_DICT
350
4EC
  3
ACAD_IMAGE_VARS
350
548
  3
ACAD_LAST_SAVED_VERSION_INFO
350
489D
  3
ACAD_LAYOUT
350
1A
  3
ACAD_MATERIAL
350
6A
  3
ACAD_MLEADERSTYLE
350
12D
  3
ACAD_MLINESTYLE
350
17
  3
ACAD_PLOTSETTINGS
350
19
  3
ACAD_PLOTSTYLENAME
350
E
  3
ACAD_SCALELIST
350
10C
  3
ACAD_SECTIONVIEWSTYLE
350
219
  3
ACAD_TABLESTYLE
350
7E
  3
ACAD_VISUALSTYLE
350
EF
  3
ACDB_RECOMPOSE_DATA
350
48E1
  3
AcDbVariableDictionary
350
5E
  0
DICTIONARY
  5
1FF
330
2
100
AcDbDictionary
280
     1
281
     1
  3
ACAD_LAYERSTATES
360
200
  0
DICTIONARY
  5
13C
330
10
100
AcDbDictionary
280
     1
281
     1
  0
DICTIONARY
  5
1CE
330
1F
100
AcDbDictionary
280
     1
281
     1
  3
ACAD_ASSOCNETWORK
360
7C0
  3
ACAD_SORTENTS
360
80C
  0
DICTIONARY
  5
4E8
330
3DA
100
AcDbDictionary
280
     1
281
     1
  3
ACAD_ASSOCNETWORK
360
541
  3
ACAD_SORTENTS
360
4E9
  3
AcDbDynamicBlockRoundTripPurgePreventer
360
48A5
  0
DICTIONARY
  5
256C
330
256A
100
AcDbDictionary
280
     1
281
     1
  3
ACAD_SORTENTS
360
256D
  0
DICTIONARY
  5
25A9
330
25A5
100
AcDbDictionary
280
     1
281
     1
  3
ACAD_SORTENTS
360
25AA
  0
DICTIONARY
  5
85A
330
859
100
AcDbDictionary
280
     1
281
     1
  3
ASDK_XREC_ANNOTATION_SCALE_INFO
360
85B
  0
DICTIONARY
  5
85E
330
85D
100
AcDbDictionary
280
     1
281
     1
  3
ASDK_XREC_ANNOTATION_SCALE_INFO
360
85F
  0
IMAGEDEF_REACTOR
  5
3DC
330
3DB
100
AcDbRasterImageDefReactor
 90
        2
330
3DB
  0
IMAGEDEF_REACTOR
  5
3DE
330
3DD
100
AcDbRasterImageDefReactor
 90
        2
330
3DD
  0
IMAGEDEF_REACTOR
  5
3E0
330
3DF
100
AcDbRasterImageDefReactor
 90
        2
330
3DF
  0
IMAGEDEF_REACTOR
  5
3E2
330
3E1
100
AcDbRasterImageDefReactor
 90
        2
330
3E1
  0
IMAGEDEF_REACTOR
  5
3E4
330
3E3
100
AcDbRasterImageDefReactor
 90
        2
330
3E3
  0
IMAGEDEF_REACTOR
  5
3E6
330
3E5
100
AcDbRasterImageDefReactor
 90
        2
330
3E5
  0
IMAGEDEF_REACTOR
  5
40B
330
40A
100
AcDbRasterImageDefReactor
 90
        2
330
40A
  0
DICTIONARY
  5
849
330
848
100
AcDbDictionary
280
     1
281
     1
  3
ASDK_XREC_ANNOTATION_SCALE_INFO
360
84A
  0
DICTIONARY
  5
84D
330
84C
100
AcDbDictionary
280
     1
281
     1
  3
ASDK_XREC_ANNOTATION_SCALE_INFO
360
84E
  0
DICTIONARY
  5
543
102
{ACAD_REACTORS
330
C
102
}
330
C
100
AcDbDictionary
281
     1
  3
ACAD_ASSOCNETWORK
350
544
  0
DICTIONARY
  5
8CE
102
{ACAD_REACTORS
330
C
102
}
330
C
100
AcDbDictionary
281
     1
  0
XRECORD
  5
216
102
{ACAD_REACTORS
330
C
102
}
330
C
100
AcDbXrecord
280
     1
300
ACD
300
2025
300
87919ACD_2025_0F
  0
DICTIONARY
  5
6B
102
{ACAD_REACTORS
330
C
102
}
330
C
100
AcDbDictionary
281
     1
  0
DICTIONARY
  5
21B
102
{ACAD_REACTORS
330
C
102
}
330
C
100
AcDbDictionary
281
     1
  3
Metric50
350
21C
  0
DICTIONARY
  5
D
102
{ACAD_REACTORS
330
C
102
}
330
C
100
AcDbDictionary
281
     1
  0
DICTIONARY
  5
4EC
102
{ACAD_REACTORS
330
C
102
}
330
C
100
AcDbDictionary
281
     1
  3
photo_2026-08-14_20-08-09-no-bg-HD (carve.photos)
350
4ED
  0
RASTERVARIABLES
  5
548
102
{ACAD_REACTORS
330
C
102
}
330
C
100
AcDbRasterVariables
 90
        0
 70
     1
 71
     1
 72
     1
  0
XRECORD
  5
489D
102
{ACAD_REACTORS
330
C
102
}
330
C
100
AcDbXrecord
280
     1
300
{9B83961E-C614-EE48-B115-6AC4318EA478}
301

302
{9B83961E-C614-EE48-B115-6AC4318EA478}
303
C:\Leather-Manufactory\Чертежи для кожи\16 Ножны\16'5 Ножны для охотничьего ножа (ср. размер) вар 2.dxf
  0
DICTIONARY
  5
1A
102
{ACAD_REACTORS
330
C
102
}
330
C
100
AcDbDictionary
281
     1
  3
Model
350
22
  3
Лист1
350
D3
  3
Лист2
350
D7
  0
DICTIONARY
  5
6A
102
{ACAD_REACTORS
330
C
102
}
330
C
100
AcDbDictionary
281
     1
  3
ByBlock
350
ED
  3
ByLayer
350
EC
  3
Global
350
EE
  0
DICTIONARY
  5
12D
102
{ACAD_REACTORS
330
C
102
}
330
C
100
AcDbDictionary
281
     1
  3
Standard
350
12E
  3
Аннотативный
350
13B
  0
DICTIONARY
  5
17
102
{ACAD_REACTORS
330
C
102
}
330
C
100
AcDbDictionary
281
     1
  3
Standard
350
18
  0
DICTIONARY
  5
19
102
{ACAD_REACTORS
330
C
102
}
330
C
100
AcDbDictionary
281
     1
  0
ACDBDICTIONARYWDFLT
  5
E
102
{ACAD_REACTORS
330
C
102
}
330
C
100
AcDbDictionary
281
     1
  3
Normal
350
F
100
AcDbDictionaryWithDefault
340
F
  0
DICTIONARY
  5
10C
102
{ACAD_REACTORS
330
C
102
}
330
C
100
AcDbDictionary
281
     1
  3
A0
350
10D
  3
A1
350
1BE
  3
A2
350
1BF
  3
A3
350
1C0
  3
A4
350
1C1
  3
A5
350
1C2
  3
A6
350
1C3
  3
A7
350
1C4
  3
A8
350
1C5
  3
A9
350
1C6
  3
B0
350
1C7
  3
B1
350
1C8
  3
B2
350
1C9
  3
B3
350
1CA
  3
B4
350
1CB
  3
B5
350
1CC
  3
B6
350
1CD
  0
DICTIONARY
  5
219
102
{ACAD_REACTORS
330
C
102
}
330
C
100
AcDbDictionary
281
     1
  3
Metric50
350
21A
  0
DICTIONARY
  5
7E
102
{ACAD_REACTORS
330
C
102
}
330
C
100
AcDbDictionary
281
     1
  3
Standard
350
7F
  0
DICTIONARY
  5
EF
102
{ACAD_REACTORS
330
C
102
}
330
C
100
AcDbDictionary
281
     1
  3
2dWireframe
350
F5
  3
Basic
350
F4
  3
Brighten
350
FB
  3
ColorChange
350
FF
  3
Conceptual
350
F8
  3
Dim
350
FA
  3
EdgeColorOff
350
1E6
  3
Facepattern
350
FE
  3
Flat
350
F0
  3
FlatWithEdges
350
F1
  3
Gouraud
350
F2
  3
GouraudWithEdges
350
F3
  3
Hidden
350
F7
  3
JitterOff
350
1E4
  3
Linepattern
350
FD
  3
OverhangOff
350
1E5
  3
Realistic
350
F9
  3
Shaded
350
1F3
  3
Shaded with edges
350
1F2
  3
Shades of Gray
350
1EF
  3
Sketchy
350
1F0
  3
Thicken
350
FC
  3
Wireframe
350
F6
  3
X-Ray
350
1F1
  0
XRECORD
  5
48E1
102
{ACAD_REACTORS
330
C
102
}
330
C
100
AcDbXrecord
280
     1
 90
        1
330
7F
  0
DICTIONARY
  5
5E
102
{ACAD_REACTORS
330
C
102
}
330
C
100
AcDbDictionary
281
     1
  3
CANNOSCALE
350
146
  3
CENTEREXE
350
259
  3
CENTERLTYPEFILE
350
25A
  3
CMLEADERSTYLE
350
145
  3
CTABLESTYLE
350
84
  3
CVIEWDETAILSTYLE
350
227
  3
CVIEWSECTIONSTYLE
350
228
  3
DIMASSOC
350
5F
  3
HIDETEXT
350
63
  3
LAYEREVAL
350
1AE
  3
LAYERNOTIFY
350
1AF
  0
DICTIONARY
  5
200
102
{ACAD_REACTORS
330
1FF
102
}
330
1FF
100
AcDbDictionary
281
     1
  0
DICTIONARY
  5
7C0
102
{ACAD_REACTORS
330
1CE
102
}
330
1CE
100
AcDbDictionary
281
     1
  3
ACAD_ASSOCNETWORK
350
7C1
  0
SORTENTSTABLE
  5
80C
102
{ACAD_REACTORS
330
1CE
102
}
330
1CE
100
AcDbSortentsTable
330
1F
331
BB4
  5
BB8
331
BB5
  5
BB9
331
C89
  5
D85
331
24DC
  5
3FFE
331
2556
  5
47ED
331
255B
  5
4212
331
2560
  5
41AA
331
2562
  5
42C8
331
480B
  5
4812
331
480C
  5
4824
331
480F
  5
4827
  0
DICTIONARY
  5
541
102
{ACAD_REACTORS
330
4E8
102
}
330
4E8
100
AcDbDictionary
281
     1
  3
ACAD_ASSOCNETWORK
350
542
  0
SORTENTSTABLE
  5
4E9
102
{ACAD_REACTORS
330
4E8
102
}
330
4E8
100
AcDbSortentsTable
330
3DA
  0
ACDB_DYNAMICBLOCKPURGEPREVENTER_VERSION
  5
48A5
102
{ACAD_REACTORS
330
4E8
102
}
330
4E8
100
AcDbDynamicBlockPurgePreventer
 70
     1
  0
SORTENTSTABLE
  5
256D
102
{ACAD_REACTORS
330
256C
102
}
330
256C
100
AcDbSortentsTable
330
256A
  0
SORTENTSTABLE
  5
25AA
102
{ACAD_REACTORS
330
25A9
102
}
330
25A9
100
AcDbSortentsTable
330
25A5
  0
XRECORD
  5
85B
102
{ACAD_REACTORS
330
85A
102
}
330
85A
100
AcDbXrecord
280
     1
 90
        1
340
10D
  0
XRECORD
  5
85F
102
{ACAD_REACTORS
330
85E
102
}
330
85E
100
AcDbXrecord
280
     1
 90
        1
340
10D
  0
XRECORD
  5
84A
102
{ACAD_REACTORS
330
849
102
}
330
849
100
AcDbXrecord
280
     1
 90
        1
340
10D
  0
XRECORD
  5
84E
102
{ACAD_REACTORS
330
84D
102
}
330
84D
100
AcDbXrecord
280
     1
 90
        1
340
10D
  0
ACDBASSOCNETWORK
  5
544
102
{ACAD_REACTORS
330
543
102
}
330
543
100
AcDbAssocAction
 90
        2
 90
        0
330
0
360
0
 90
        0
 90
        0
 90
        0
 90
        0
 90
        0
 90
        0
 90
        0
100
AcDbAssocNetwork
 90
        0
 90
        3
 90
        2
330
542
330
7C1
 90
        0
  0
ACDBDETAILVIEWSTYLE
  5
21C
102
{ACAD_REACTORS
330
21B
102
}
330
21B
100
AcDbModelDocViewStyle
 70
     0
  3
Metric50
290
     0
300
Metric50
 90
        0
100
AcDbDetailViewStyle
 70
     0
 71
     0
 90
        3
 71
     1
340
11
 62
   256
 40
5.0
340
0
 62
   256
 40
5.0
300

 40
0.0
280
     1
 71
     2
340
16
 90
       25
 62
   256
 71
     3
340
11
 62
   256
 40
5.0
 90
        0
 40
15.0
 90
        1
300
%<\AcVar ViewDetailId>% (%<\AcVar ViewScale \f "%sn">%)
 71
     4
340
16
 90
       25
 62
   256
340
16
 90
       25
 62
   256
280
     0
  0
IMAGEDEF
  5
4ED
102
{ACAD_REACTORS
330
4EC
330
3E6
330
3E0
330
3E4
330
40B
330
3DE
330
3DC
330
3E2
102
}
330
4EC
100
AcDbRasterImageDef
 90
        0
  1
..\..\..\Users\Анастасия\Downloads\photo_2026-08-14_20-08-09-no-bg-HD (carve.photos).png
 10
109.0
 20
512.0
 11
0.0091743119266055
 21
0.0091743119266055
280
     1
281
     0
  0
LAYOUT
  5
22
102
{ACAD_XDICTIONARY
360
205
102
}
102
{ACAD_REACTORS
330
1A
102
}
330
1A
100
AcDbPlotSettings
  1

  2
none_device
  4
ISO_A4_(210.00_x_297.00_MM)
  6

 40
7.5
 41
20.0
 42
7.5
 43
20.0
 44
210.0
 45
297.0
 46
11.54999923706054
 47
-13.65000009536743
 48
0.0
 49
0.0
140
0.0
141
0.0
142
1.0
143
8.704084754739808
 70
 11952
 72
     1
 73
     0
 74
     0
  7

 75
     0
147
0.1148885871608098
 76
     0
 77
     2
 78
   300
148
0.0
149
0.0
100
AcDbLayout
  1
Model
 70
     1
 71
     0
 10
0.0
 20
0.0
 11
12.0
 21
9.0
 12
0.0
 22
0.0
 32
0.0
 14
0.0
 24
0.0
 34
0.0
 15
0.0
 25
0.0
 35
0.0
146
0.0
 13
0.0
 23
0.0
 33
0.0
 16
1.0
 26
0.0
 36
0.0
 17
0.0
 27
1.0
 37
0.0
 76
     0
330
1F
331
EA
1001
ACAD_PSEXT
1000
None
1000
None
1000
Not applicable
1000
The layout will not be plotted unless a new plotter configuration name is selected.
1070
     0
  0
LAYOUT
  5
D3
102
{ACAD_REACTORS
330
1A
102
}
330
1A
100
AcDbPlotSettings
  1

  2
none_device
  4
ISO_A4_(210.00_x_297.00_MM)
  6

 40
7.5
 41
20.0
 42
7.5
 43
20.0
 44
210.0
 45
297.0
 46
0.0
 47
0.0
 48
0.0
 49
0.0
140
0.0
141
0.0
142
1.0
143
1.0
 70
   688
 72
     1
 73
     1
 74
     5
  7

 75
    16
147
1.0
 76
     0
 77
     2
 78
   300
148
0.0
149
0.0
100
AcDbLayout
  1
Лист1
 70
     1
 71
     1
 10
-20.0
 20
-7.5
 11
277.0
 21
202.5
 12
0.0
 22
0.0
 32
0.0
 14
25.69999999999999
 24
19.5
 34
0.0
 15
231.3
 25
175.5
 35
0.0
146
0.0
 13
0.0
 23
0.0
 33
0.0
 16
1.0
 26
0.0
 36
0.0
 17
0.0
 27
1.0
 37
0.0
 76
     0
330
D2
331
84C
1001
ACAD_PSEXT
1000
Нет
1000
Нет
1000
Неприменимо
1000
Лист не будет напечатан, если не выбрать имя конфигурации плоттера.
1070
     0
  0
LAYOUT
  5
D7
102
{ACAD_REACTORS
330
1A
102
}
330
1A
100
AcDbPlotSettings
  1

  2
none_device
  4
ISO_A4_(210.00_x_297.00_MM)
  6

 40
7.5
 41
20.0
 42
7.5
 43
20.0
 44
210.0
 45
297.0
 46
0.0
 47
0.0
 48
0.0
 49
0.0
140
0.0
141
0.0
142
1.0
143
1.0
 70
   688
 72
     1
 73
     1
 74
     5
  7

 75
    16
147
1.0
 76
     0
 77
     2
 78
   300
148
0.0
149
0.0
100
AcDbLayout
  1
Лист2
 70
     1
 71
     2
 10
-20.0
 20
-7.5
 11
277.0
 21
202.5
 12
0.0
 22
0.0
 32
0.0
 14
25.69999999999999
 24
19.5
 34
0.0
 15
231.3
 25
175.5
 35
0.0
146
0.0
 13
0.0
 23
0.0
 33
0.0
 16
1.0
 26
0.0
 36
0.0
 17
0.0
 27
1.0
 37
0.0
 76
     0
330
D6
331
859
1001
ACAD_PSEXT
1000
Нет
1000
Нет
1000
Неприменимо
1000
Лист не будет напечатан, если не выбрать имя конфигурации плоттера.
1070
     0
  0
MATERIAL
  5
ED
102
{ACAD_XDICTIONARY
360
1F9
102
}
102
{ACAD_REACTORS
330
6A
102
}
330
6A
100
AcDbMaterial
  1
ByBlock
 94
       63
  0
MATERIAL
  5
EC
102
{ACAD_XDICTIONARY
360
1F7
102
}
102
{ACAD_REACTORS
330
6A
102
}
330
6A
100
AcDbMaterial
  1
ByLayer
 94
       63
  0
MATERIAL
  5
EE
102
{ACAD_XDICTIONARY
360
173
102
}
102
{ACAD_REACTORS
330
6A
102
}
330
6A
100
AcDbMaterial
  1
Global
 43
0.0007999999797903
 43
0.0
 43
0.0
 43
0.0
 43
0.0
 43
0.0007999999797903
 43
0.0
 43
0.0
 43
0.0
 43
0.0
 43
1.0
 43
0.0
 43
0.0
 43
0.0
 43
0.0
 43
1.0
 49
0.0007999999797903
 49
0.0
 49
0.0
 49
0.0
 49
0.0
 49
0.0007999999797903
 49
0.0
 49
0.0
 49
0.0
 49
0.0
 49
1.0
 49
0.0
 49
0.0
 49
0.0
 49
0.0
 49
1.0
142
0.0007999999797903
142
0.0
142
0.0
142
0.0
142
0.0
142
0.0007999999797903
142
0.0
142
0.0
142
0.0
142
0.0
142
1.0
142
0.0
142
0.0
142
0.0
142
0.0
142
1.0
144
0.0007999999797903
144
0.0
144
0.0
144
0.0
144
0.0
144
0.0007999999797903
144
0.0
144
0.0
144
0.0
144
0.0
144
1.0
144
0.0
144
0.0
144
0.0
144
0.0
144
1.0
 94
       63
1001
ACAD
1070
    -1
1070
     3
1070
     0
1000

1071
        0
1070
     0
  0
MLEADERSTYLE
  5
12E
102
{ACAD_REACTORS
330
12D
102
}
330
12D
100
AcDbMLeaderStyle
179
     2
170
     2
171
     1
172
     0
 90
        2
 40
0.0
 41
0.0
173
     1
 91
-1056964608
340
14
 92
       -2
290
     1
 42
2.0
291
     1
 43
8.0
  3
Standard
 44
4.0
300

342
11
174
     1
178
     1
175
     1
176
     0
 93
-1056964608
 45
4.0
292
     0
297
     0
 46
4.0
 94
-1056964608
 47
1.0
 49
1.0
140
1.0
293
     1
141
0.0
294
     1
177
     0
142
1.0
295
     0
296
     0
143
3.75
271
     0
272
     9
273
     9
298
     0
  0
MLEADERSTYLE
  5
13B
102
{ACAD_REACTORS
330
12D
102
}
330
12D
100
AcDbMLeaderStyle
179
     2
170
     2
171
     1
172
     0
 90
        2
 40
0.0
 41
0.0
173
     1
 91
-1056964608
340
14
 92
       -2
290
     1
 42
2.0
291
     1
 43
8.0
  3
Standard
 44
4.0
300

342
11
174
     1
178
     1
175
     1
176
     0
 93
-1056964608
 45
4.0
292
     0
297
     0
 46
4.0
 94
-1056964608
 47
1.0
 49
1.0
140
1.0
293
     1
141
0.0
294
     1
177
     0
142
1.0
295
     0
296
     1
143
3.75
271
     0
272
     9
273
     9
298
     0
  0
MLINESTYLE
  5
18
102
{ACAD_REACTORS
330
17
102
}
330
17
100
AcDbMlineStyle
  2
STANDARD
 70
     0
  3

 62
   256
 51
90.0
 52
90.0
 71
     2
 49
0.5
 62
   256
  6
BYLAYER
 49
-0.5
 62
   256
  6
BYLAYER
  0
ACDBPLACEHOLDER
  5
F
102
{ACAD_REACTORS
330
E
102
}
330
E
  0
SCALE
  5
10D
102
{ACAD_REACTORS
330
10C
102
}
330
10C
100
AcDbScale
 70
     0
300
1:1
140
1.0
141
1.0
290
     1
  0
SCALE
  5
1BE
102
{ACAD_REACTORS
330
10C
102
}
330
10C
100
AcDbScale
 70
     0
300
1:2
140
1.0
141
2.0
290
     0
  0
SCALE
  5
1BF
102
{ACAD_REACTORS
330
10C
102
}
330
10C
100
AcDbScale
 70
     0
300
1:4
140
1.0
141
4.0
290
     0
  0
SCALE
  5
1C0
102
{ACAD_REACTORS
330
10C
102
}
330
10C
100
AcDbScale
 70
     0
300
1:5
140
1.0
141
5.0
290
     0
  0
SCALE
  5
1C1
102
{ACAD_REACTORS
330
10C
102
}
330
10C
100
AcDbScale
 70
     0
300
1:8
140
1.0
141
8.0
290
     0
  0
SCALE
  5
1C2
102
{ACAD_REACTORS
330
10C
102
}
330
10C
100
AcDbScale
 70
     0
300
1:10
140
1.0
141
10.0
290
     0
  0
SCALE
  5
1C3
102
{ACAD_REACTORS
330
10C
102
}
330
10C
100
AcDbScale
 70
     0
300
1:16
140
1.0
141
16.0
290
     0
  0
SCALE
  5
1C4
102
{ACAD_REACTORS
330
10C
102
}
330
10C
100
AcDbScale
 70
     0
300
1:20
140
1.0
141
20.0
290
     0
  0
SCALE
  5
1C5
102
{ACAD_REACTORS
330
10C
102
}
330
10C
100
AcDbScale
 70
     0
300
1:30
140
1.0
141
30.0
290
     0
  0
SCALE
  5
1C6
102
{ACAD_REACTORS
330
10C
102
}
330
10C
100
AcDbScale
 70
     0
300
1:40
140
1.0
141
40.0
290
     0
  0
SCALE
  5
1C7
102
{ACAD_REACTORS
330
10C
102
}
330
10C
100
AcDbScale
 70
     0
300
1:50
140
1.0
141
50.0
290
     0
  0
SCALE
  5
1C8
102
{ACAD_REACTORS
330
10C
102
}
330
10C
100
AcDbScale
 70
     0
300
1:100
140
1.0
141
100.0
290
     0
  0
SCALE
  5
1C9
102
{ACAD_REACTORS
330
10C
102
}
330
10C
100
AcDbScale
 70
     0
300
2:1
140
2.0
141
1.0
290
     0
  0
SCALE
  5
1CA
102
{ACAD_REACTORS
330
10C
102
}
330
10C
100
AcDbScale
 70
     0
300
4:1
140
4.0
141
1.0
290
     0
  0
SCALE
  5
1CB
102
{ACAD_REACTORS
330
10C
102
}
330
10C
100
AcDbScale
 70
     0
300
8:1
140
8.0
141
1.0
290
     0
  0
SCALE
  5
1CC
102
{ACAD_REACTORS
330
10C
102
}
330
10C
100
AcDbScale
 70
     0
300
10:1
140
10.0
141
1.0
290
     0
  0
SCALE
  5
1CD
102
{ACAD_REACTORS
330
10C
102
}
330
10C
100
AcDbScale
 70
     0
300
100:1
140
100.0
141
1.0
290
     0
  0
ACDBSECTIONVIEWSTYLE
  5
21A
102
{ACAD_REACTORS
330
219
102
}
330
219
100
AcDbModelDocViewStyle
 70
     0
  3
Metric50
290
     0
300
Metric50
 90
        0
100
AcDbSectionViewStyle
 70
     0
 71
     0
 90
      102
 71
     1
340
11
 62
   256
 40
5.0
340
0
340
0
 62
   256
 40
5.0
300
I, O, Q, S, X, Z
 40
10.0
 90
        0
 40
2.5
 90
        0
 71
     2
340
16
 90
       25
 62
   256
340
16
 90
       50
 62
   256
 40
5.0
 40
2.5
 40
5.0
 71
     3
340
11
 62
   256
 40
5.0
 90
        0
 40
15.0
 90
        1
300
%<\AcVar ViewSectionStartId>%-%<\AcVar ViewSectionEndId>% (%<\AcVar ViewScale \f "%sn">%)
 71
     4
 62
   256
 62
   257
300
ANSI31
 40
1.0
 90
        0
290
     0
290
     0
 90
        6
 40
0.0
 40
1.570796326794896
 40
0.2617993877991494
 40
1.308996938995747
 40
-0.2617993877991494
 40
1.832595714594046
  0
TABLESTYLE
  5
7F
102
{ACAD_XDICTIONARY
360
162
102
}
102
{ACAD_REACTORS
330
7E
102
}
330
7E
100
AcDbTableStyle
280
     0
  3
Standard
 70
     0
 71
     0
 40
1.5
 41
1.5
280
     0
281
     0
  7
Standard
140
4.5
170
     2
 62
     0
 63
     7
283
     0
 90
      512
 91
        0
  1

274
    -2
284
     1
 64
     0
275
    -2
285
     1
 65
     0
276
    -2
286
     1
 66
     0
277
    -2
287
     1
 67
     0
278
    -2
288
     1
 68
     0
279
    -2
289
     1
 69
     0
  7
Standard
140
6.0
170
     5
 62
     0
 63
     7
283
     0
 90
      512
 91
        0
  1

274
    -2
284
     1
 64
     0
275
    -2
285
     1
 65
     0
276
    -2
286
     1
 66
     0
277
    -2
287
     1
 67
     0
278
    -2
288
     1
 68
     0
279
    -2
289
     1
 69
     0
  7
Standard
140
4.5
170
     5
 62
     0
 63
     7
283
     0
 90
      512
 91
        0
  1

274
    -2
284
     1
 64
     0
275
    -2
285
     1
 65
     0
276
    -2
286
     1
 66
     0
277
    -2
287
     1
 67
     0
278
    -2
288
     1
 68
     0
279
    -2
289
     1
 69
     0
  0
VISUALSTYLE
  5
F5
102
{ACAD_REACTORS
330
EF
102
}
330
EF
100
AcDbVisualStyle
  2
2dWireframe
 70
     4
177
     3
291
     0
 70
    58
 90
        0
176
     1
 90
        2
176
     1
 90
        1
176
     1
 90
        0
176
     1
 40
0.6
176
     1
 40
30.0
176
     1
 62
     7
420
 16777215
176
     1
 90
        1
176
     1
 90
        4
176
     1
 62
     7
176
     1
 62
   257
176
     1
 90
        1
176
     1
 90
        1
176
     1
 40
1.0
176
     1
 90
        0
176
     1
 62
   257
176
     1
 40
1.0
176
     1
 90
        1
176
     1
 90
        6
176
     1
 90
        2
176
     1
 62
     7
176
     1
 90
        5
176
     1
 90
        0
176
     1
 90
        0
176
     1
290
     0
176
     1
 90
        1
176
     1
 40
0.0
176
     1
 90
        0
176
     1
290
     1
176
     1
290
     1
176
     1
290
     0
176
     1
290
     0
176
     1
290
     0
176
     1
290
     0
176
     1
290
     0
176
     1
290
     0
176
     1
290
     0
176
     1
 90
       50
176
     1
 40
0.0
176
     1
 40
1.0
176
     1
 90
        0
176
     1
 62
    18
420
        0
176
     1
 90
       50
176
     1
 90
        3
176
     1
 62
     5
420
      255
176
     1
290
     0
176
     1
 90
       50
176
     1
 90
       50
176
     1
 90
       50
176
     1
290
     0
176
     1
 90
       50
176
     1
 62
   256
176
     0
 40
1.0
176
     0
 90
        2
176
     1
  1
strokes_ogs.tif
176
     1
290
     0
176
     1
 40
1.0
176
     1
 40
1.0
176
     1
  0
VISUALSTYLE
  5
F4
102
{ACAD_REACTORS
330
EF
102
}
330
EF
100
AcDbVisualStyle
  2
Basic
 70
     7
177
     3
291
     1
 70
    58
 90
        1
176
     1
 90
        0
176
     1
 90
        1
176
     1
 90
        0
176
     1
 40
0.6
176
     1
 40
30.0
176
     1
 62
     7
420
 16777215
176
     1
 90
        0
176
     1
 90
        4
176
     1
 62
     7
176
     1
 62
   257
176
     1
 90
        1
176
     1
 90
        1
176
     1
 40
1.0
176
     1
 90
        8
176
     1
 62
     7
176
     1
 40
1.0
176
     1
 90
        1
176
     1
 90
        6
176
     1
 90
        2
176
     1
 62
     7
176
     1
 90
        5
176
     1
 90
        0
176
     1
 90
        0
176
     1
290
     0
176
     1
 90
        1
176
     1
 40
0.0
176
     1
 90
        0
176
     1
290
     0
176
     1
290
     1
176
     1
290
     1
176
     1
290
     0
176
     1
290
     0
176
     1
290
     0
176
     1
290
     0
176
     1
290
     0
176
     1
290
     0
176
     1
 90
       50
176
     1
 40
0.0
176
     1
 40
1.0
176
     1
 90
        0
176
     1
 62
    18
420
        0
176
     1
 90
       50
176
     1
 90
        3
176
     1
 62
     5
420
      255
176
     1
290
     0
176
     1
 90
       50
176
     1
 90
       50
176
     1
 90
       50
176
     1
290
     0
176
     1
 90
       50
176
     1
 62
   256
176
     0
 40
1.0
176
     0
 90
        2
176
     1
  1
strokes_ogs.tif
176
     1
290
     0
176
     1
 40
1.0
176
     1
 40
1.0
176
     1
  0
VISUALSTYLE
  5
FB
102
{ACAD_REACTORS
330
EF
102
}
330
EF
100
AcDbVisualStyle
  2
Brighten
 70
    12
177
     3
291
     1
 70
    58
 90
        2
176
     1
 90
        2
176
     1
 90
        1
176
     1
 90
        0
176
     1
 40
0.6
176
     1
 40
30.0
176
     1
 62
     7
420
 16777215
176
     1
 90
        1
176
     1
 90
        4
176
     1
 62
     7
176
     1
 62
   257
176
     1
 90
        1
176
     1
 90
        1
176
     1
 40
1.0
176
     1
 90
        8
176
     1
 62
     7
176
     1
 40
1.0
176
     1
 90
        1
176
     1
 90
        6
176
     1
 90
        2
176
     1
 62
     7
176
     1
 90
        5
176
     1
 90
        0
176
     1
 90
        0
176
     1
290
     0
176
     1
 90
        1
176
     1
 40
50.0
176
     1
 90
        0
176
     1
290
     0
176
     1
290
     1
176
     1
290
     1
176
     1
290
     0
176
     1
290
     0
176
     1
290
     0
176
     1
290
     0
176
     1
290
     0
176
     1
290
     0
176
     1
 90
       50
176
     1
 40
0.0
176
     1
 40
1.0
176
     1
 90
        0
176
     1
 62
    18
420
        0
176
     1
 90
       50
176
     1
 90
        3
176
     1
 62
     5
420
      255
176
     1
290
     0
176
     1
 90
       50
176
     1
 90
       50
176
     1
 90
       50
176
     1
290
     0
176
     1
 90
       50
176
     1
 62
   256
176
     0
 40
1.0
176
     0
 90
        2
176
     1
  1
strokes_ogs.tif
176
     1
290
     0
176
     1
 40
1.0
176
     1
 40
1.0
176
     1
  0
VISUALSTYLE
  5
FF
102
{ACAD_REACTORS
330
EF
102
}
330
EF
100
AcDbVisualStyle
  2
ColorChange
 70
    16
177
     3
291
     1
 70
    58
 90
        2
176
     1
 90
        2
176
     1
 90
        3
176
     1
 90
        0
176
     1
 40
0.6
176
     1
 40
30.0
176
     1
 62
     8
420
  8421504
176
     1
 90
        1
176
     1
 90
        4
176
     1
 62
     7
176
     1
 62
   257
176
     1
 90
        1
176
     1
 90
        1
176
     1
 40
1.0
176
     1
 90
        8
176
     1
 62
     8
420
  8421504
176
     1
 40
1.0
176
     1
 90
        1
176
     1
 90
        6
176
     1
 90
        2
176
     1
 62
     7
176
     1
 90
        5
176
     1
 90
        0
176
     1
 90
        0
176
     1
290
     0
176
     1
 90
        1
176
     1
 40
0.0
176
     1
 90
        0
176
     1
290
     0
176
     1
290
     1
176
     1
290
     1
176
     1
290
     0
176
     1
290
     0
176
     1
290
     0
176
     1
290
     0
176
     1
290
     0
176
     1
290
     0
176
     1
 90
       50
176
     1
 40
0.0
176
     1
 40
1.0
176
     1
 90
        0
176
     1
 62
    18
420
        0
176
     1
 90
       50
176
     1
 90
        3
176
     1
 62
     5
420
      255
176
     1
290
     0
176
     1
 90
       50
176
     1
 90
       50
176
     1
 90
       50
176
     1
290
     0
176
     1
 90
       50
176
     1
 62
   256
176
     0
 40
1.0
176
     0
 90
        2
176
     1
  1
strokes_ogs.tif
176
     1
290
     0
176
     1
 40
1.0
176
     1
 40
1.0
176
     1
  0
VISUALSTYLE
  5
F8
102
{ACAD_REACTORS
330
EF
102
}
330
EF
100
AcDbVisualStyle
  2
Conceptual
 70
     9
177
     3
291
     0
 70
    58
 90
        3
176
     1
 90
        2
176
     1
 90
        1
176
     1
 90
        0
176
     1
 40
0.6
176
     1
 40
30.0
176
     1
 62
     7
420
 16777215
176
     1
 90
        2
176
     1
 90
        2
176
     1
 62
     7
176
     1
 62
   257
176
     1
 90
        1
176
     1
 90
        1
176
     1
 40
40.0
176
     1
 90
        8
176
     1
 62
     7
176
     1
 40
1.0
176
     1
 90
        1
176
     1
 90
        6
176
     1
 90
        2
176
     1
 62
     7
176
     1
 90
        3
176
     1
 90
        0
176
     1
 90
        0
176
     1
290
     0
176
     1
 90
        1
176
     1
 40
0.0
176
     1
 90
        0
176
     1
290
     0
176
     1
290
     1
176
     1
290
     1
176
     1
290
     0
176
     1
290
     0
176
     1
290
     0
176
     1
290
     0
176
     1
290
     0
176
     1
290
     0
176
     1
 90
       50
176
     1
 40
0.0
176
     1
 40
1.0
176
     1
 90
        0
176
     1
 62
    18
420
        0
176
     1
 90
       50
176
     1
 90
        3
176
     1
 62
     5
420
      255
176
     1
290
     0
176
     1
 90
       50
176
     1
 90
       50
176
     1
 90
       50
176
     1
290
     0
176
     1
 90
       50
176
     1
 62
   256
176
     0
 40
1.0
176
     0
 90
        2
176
     1
  1
strokes_ogs.tif
176
     1
290
     0
176
     1
 40
1.0
176
     1
 40
1.0
176
     1
  0
VISUALSTYLE
  5
FA
102
{ACAD_REACTORS
330
EF
102
}
330
EF
100
AcDbVisualStyle
  2
Dim
 70
    11
177
     3
291
     1
 70
    58
 90
        2
176
     1
 90
        2
176
     1
 90
        1
176
     1
 90
        0
176
     1
 40
0.6
176
     1
 40
30.0
176
     1
 62
     7
420
 16777215
176
     1
 90
        1
176
     1
 90
        4
176
     1
 62
     7
176
     1
 62
   257
176
     1
 90
        1
176
     1
 90
        1
176
     1
 40
1.0
176
     1
 90
        8
176
     1
 62
     7
176
     1
 40
1.0
176
     1
 90
        1
176
     1
 90
        6
176
     1
 90
        2
176
     1
 62
     7
176
     1
 90
        5
176
     1
 90
        0
176
     1
 90
        0
176
     1
290
     0
176
     1
 90
        1
176
     1
 40
-50.0
176
     1
 90
        0
176
     1
290
     0
176
     1
290
     1
176
     1
290
     1
176
     1
290
     0
176
     1
290
     0
176
     1
290
     0
176
     1
290
     0
176
     1
290
     0
176
     1
290
     0
176
     1
 90
       50
176
     1
 40
0.0
176
     1
 40
1.0
176
     1
 90
        0
176
     1
 62
    18
420
        0
176
     1
 90
       50
176
     1
 90
        3
176
     1
 62
     5
420
      255
176
     1
290
     0
176
     1
 90
       50
176
     1
 90
       50
176
     1
 90
       50
176
     1
290
     0
176
     1
 90
       50
176
     1
 62
   256
176
     0
 40
1.0
176
     0
 90
        2
176
     1
  1
strokes_ogs.tif
176
     1
290
     0
176
     1
 40
1.0
176
     1
 40
1.0
176
     1
  0
VISUALSTYLE
  5
1E6
102
{ACAD_REACTORS
330
EF
102
}
330
EF
100
AcDbVisualStyle
  2
EdgeColorOff
 70
    22
177
     3
291
     1
 70
    58
 90
        2
176
     0
 90
        2
176
     0
 90
        0
176
     0
 90
        0
176
     0
 40
0.6
176
     0
 40
30.0
176
     0
 62
     7
420
 16777215
176
     0
 90
        1
176
     0
 90
        4
176
     0
 62
     7
176
     0
 62
   257
176
     0
 90
        1
176
     0
 90
        1
176
     0
 40
1.0
176
     0
 90
        8
176
     2
 62
     7
176
     0
 40
1.0
176
     0
 90
        1
176
     0
 90
        6
176
     0
 90
        2
176
     0
 62
     7
176
     0
 90
        5
176
     0
 90
        0
176
     0
 90
        0
176
     0
290
     0
176
     0
 90
        1
176
     0
 40
0.0
176
     0
 90
        0
176
     0
290
     0
176
     1
290
     1
176
     1
290
     1
176
     1
290
     0
176
     1
290
     0
176
     1
290
     0
176
     1
290
     0
176
     1
290
     0
176
     1
290
     0
176
     1
 90
       50
176
     1
 40
0.0
176
     1
 40
1.0
176
     1
 90
        0
176
     1
 62
    18
420
        0
176
     1
 90
       50
176
     1
 90
        3
176
     1
 62
     5
420
      255
176
     1
290
     0
176
     1
 90
       50
176
     1
 90
       50
176
     1
 90
       50
176
     1
290
     0
176
     1
 90
       50
176
     1
 62
   256
176
     0
 40
1.0
176
     0
 90
        2
176
     1
  1
strokes_ogs.tif
176
     1
290
     0
176
     1
 40
1.0
176
     1
 40
1.0
176
     1
  0
VISUALSTYLE
  5
FE
102
{ACAD_REACTORS
330
EF
102
}
330
EF
100
AcDbVisualStyle
  2
Facepattern
 70
    15
177
     3
291
     1
 70
    58
 90
        2
176
     1
 90
        2
176
     1
 90
        1
176
     1
 90
        0
176
     1
 40
0.6
176
     1
 40
30.0
176
     1
 62
     7
420
 16777215
176
     1
 90
        1
176
     1
 90
        4
176
     1
 62
     7
176
     1
 62
   257
176
     1
 90
        1
176
     1
 90
        1
176
     1
 40
1.0
176
     1
 90
        8
176
     1
 62
     7
176
     1
 40
1.0
176
     1
 90
        1
176
     1
 90
        6
176
     1
 90
        2
176
     1
 62
     7
176
     1
 90
        5
176
     1
 90
        0
176
     1
 90
        0
176
     1
290
     0
176
     1
 90
        1
176
     1
 40
0.0
176
     1
 90
        0
176
     1
290
     0
176
     1
290
     1
176
     1
290
     1
176
     1
290
     0
176
     1
290
     0
176
     1
290
     0
176
     1
290
     0
176
     1
290
     0
176
     1
290
     0
176
     1
 90
       50
176
     1
 40
0.0
176
     1
 40
1.0
176
     1
 90
        0
176
     1
 62
    18
420
        0
176
     1
 90
       50
176
     1
 90
        3
176
     1
 62
     5
420
      255
176
     1
290
     0
176
     1
 90
       50
176
     1
 90
       50
176
     1
 90
       50
176
     1
290
     0
176
     1
 90
       50
176
     1
 62
   256
176
     0
 40
1.0
176
     0
 90
        2
176
     1
  1
strokes_ogs.tif
176
     1
290
     0
176
     1
 40
1.0
176
     1
 40
1.0
176
     1
  0
VISUALSTYLE
  5
F0
102
{ACAD_REACTORS
330
EF
102
}
330
EF
100
AcDbVisualStyle
  2
Flat
 70
     0
177
     3
291
     1
 70
    58
 90
        2
176
     1
 90
        1
176
     1
 90
        1
176
     1
 90
        2
176
     1
 40
0.6
176
     1
 40
30.0
176
     1
 62
     7
420
 16777215
176
     1
 90
        0
176
     1
 90
        0
176
     1
 62
     7
176
     1
 62
   257
176
     1
 90
        1
176
     1
 90
        1
176
     1
 40
1.0
176
     1
 90
        8
176
     1
 62
     7
176
     1
 40
1.0
176
     1
 90
        1
176
     1
 90
        6
176
     1
 90
        2
176
     1
 62
     7
176
     1
 90
        5
176
     1
 90
        0
176
     1
 90
        0
176
     1
290
     0
176
     1
 90
       13
176
     1
 40
0.0
176
     1
 90
        0
176
     1
290
     0
176
     1
290
     1
176
     1
290
     1
176
     1
290
     0
176
     1
290
     0
176
     1
290
     0
176
     1
290
     0
176
     1
290
     0
176
     1
290
     0
176
     1
 90
       50
176
     1
 40
0.0
176
     1
 40
1.0
176
     1
 90
        0
176
     1
 62
    18
420
        0
176
     1
 90
       50
176
     1
 90
        3
176
     1
 62
     5
420
      255
176
     1
290
     0
176
     1
 90
       50
176
     1
 90
       50
176
     1
 90
       50
176
     1
290
     0
176
     1
 90
       50
176
     1
 62
   256
176
     0
 40
1.0
176
     0
 90
        2
176
     1
  1
strokes_ogs.tif
176
     1
290
     0
176
     1
 40
1.0
176
     1
 40
1.0
176
     1
  0
VISUALSTYLE
  5
F1
102
{ACAD_REACTORS
330
EF
102
}
330
EF
100
AcDbVisualStyle
  2
FlatWithEdges
 70
     1
177
     3
291
     1
 70
    58
 90
        2
176
     1
 90
        1
176
     1
 90
        1
176
     1
 90
        2
176
     1
 40
0.6
176
     1
 40
30.0
176
     1
 62
     7
420
 16777215
176
     1
 90
        1
176
     1
 90
        0
176
     1
 62
     7
176
     1
 62
   257
176
     1
 90
        1
176
     1
 90
        1
176
     1
 40
1.0
176
     1
 90
        0
176
     1
 62
   257
176
     1
 40
1.0
176
     1
 90
        1
176
     1
 90
        6
176
     1
 90
        2
176
     1
 62
     7
176
     1
 90
        5
176
     1
 90
        0
176
     1
 90
        0
176
     1
290
     0
176
     1
 90
       13
176
     1
 40
0.0
176
     1
 90
        0
176
     1
290
     0
176
     1
290
     1
176
     1
290
     1
176
     1
290
     0
176
     1
290
     0
176
     1
290
     0
176
     1
290
     0
176
     1
290
     0
176
     1
290
     0
176
     1
 90
       50
176
     1
 40
0.0
176
     1
 40
1.0
176
     1
 90
        0
176
     1
 62
    18
420
        0
176
     1
 90
       50
176
     1
 90
        3
176
     1
 62
     5
420
      255
176
     1
290
     0
176
     1
 90
       50
176
     1
 90
       50
176
     1
 90
       50
176
     1
290
     0
176
     1
 90
       50
176
     1
 62
   256
176
     0
 40
1.0
176
     0
 90
        2
176
     1
  1
strokes_ogs.tif
176
     1
290
     0
176
     1
 40
1.0
176
     1
 40
1.0
176
     1
  0
VISUALSTYLE
  5
F2
102
{ACAD_REACTORS
330
EF
102
}
330
EF
100
AcDbVisualStyle
  2
Gouraud
 70
     2
177
     3
291
     1
 70
    58
 90
        2
176
     1
 90
        2
176
     1
 90
        1
176
     1
 90
        2
176
     1
 40
0.6
176
     1
 40
30.0
176
     1
 62
     7
420
 16777215
176
     1
 90
        0
176
     1
 90
        0
176
     1
 62
     7
176
     1
 62
   257
176
     1
 90
        1
176
     1
 90
        1
176
     1
 40
1.0
176
     1
 90
        0
176
     1
 62
     7
176
     1
 40
1.0
176
     1
 90
        1
176
     1
 90
        6
176
     1
 90
        2
176
     1
 62
     7
176
     1
 90
        5
176
     1
 90
        0
176
     1
 90
        0
176
     1
290
     0
176
     1
 90
       13
176
     1
 40
0.0
176
     1
 90
        0
176
     1
290
     0
176
     1
290
     1
176
     1
290
     1
176
     1
290
     0
176
     1
290
     0
176
     1
290
     0
176
     1
290
     0
176
     1
290
     0
176
     1
290
     0
176
     1
 90
       50
176
     1
 40
0.0
176
     1
 40
1.0
176
     1
 90
        0
176
     1
 62
    18
420
        0
176
     1
 90
       50
176
     1
 90
        3
176
     1
 62
     5
420
      255
176
     1
290
     0
176
     1
 90
       50
176
     1
 90
       50
176
     1
 90
       50
176
     1
290
     0
176
     1
 90
       50
176
     1
 62
   256
176
     0
 40
1.0
176
     0
 90
        2
176
     1
  1
strokes_ogs.tif
176
     1
290
     0
176
     1
 40
1.0
176
     1
 40
1.0
176
     1
  0
VISUALSTYLE
  5
F3
102
{ACAD_REACTORS
330
EF
102
}
330
EF
100
AcDbVisualStyle
  2
GouraudWithEdges
 70
     3
177
     3
291
     1
 70
    58
 90
        2
176
     1
 90
        2
176
     1
 90
        1
176
     1
 90
        2
176
     1
 40
0.6
176
     1
 40
30.0
176
     1
 62
     7
420
 16777215
176
     1
 90
        1
176
     1
 90
        0
176
     1
 62
     7
176
     1
 62
   257
176
     1
 90
        1
176
     1
 90
        1
176
     1
 40
1.0
176
     1
 90
        0
176
     1
 62
   257
176
     1
 40
1.0
176
     1
 90
        1
176
     1
 90
        6
176
     1
 90
        2
176
     1
 62
     7
176
     1
 90
        5
176
     1
 90
        0
176
     1
 90
        0
176
     1
290
     0
176
     1
 90
       13
176
     1
 40
0.0
176
     1
 90
        0
176
     1
290
     0
176
     1
290
     1
176
     1
290
     1
176
     1
290
     0
176
     1
290
     0
176
     1
290
     0
176
     1
290
     0
176
     1
290
     0
176
     1
290
     0
176
     1
 90
       50
176
     1
 40
0.0
176
     1
 40
1.0
176
     1
 90
        0
176
     1
 62
    18
420
        0
176
     1
 90
       50
176
     1
 90
        3
176
     1
 62
     5
420
      255
176
     1
290
     0
176
     1
 90
       50
176
     1
 90
       50
176
     1
 90
       50
176
     1
290
     0
176
     1
 90
       50
176
     1
 62
   256
176
     0
 40
1.0
176
     0
 90
        2
176
     1
  1
strokes_ogs.tif
176
     1
290
     0
176
     1
 40
1.0
176
     1
 40
1.0
176
     1
  0
VISUALSTYLE
  5
F7
102
{ACAD_REACTORS
330
EF
102
}
330
EF
100
AcDbVisualStyle
  2
Hidden
 70
     6
177
     3
291
     0
 70
    58
 90
        1
176
     1
 90
        2
176
     1
 90
        2
176
     1
 90
        0
176
     1
 40
0.6
176
     1
 40
30.0
176
     1
 62
     7
420
 16777215
176
     1
 90
        2
176
     1
 90
        2
176
     1
 62
     7
176
     1
 62
   257
176
     1
 90
        2
176
     1
 90
        1
176
     1
 40
40.0
176
     1
 90
        0
176
     1
 62
   257
176
     1
 40
1.0
176
     1
 90
        1
176
     1
 90
        6
176
     1
 90
        2
176
     1
 62
     7
176
     1
 90
        3
176
     1
 90
        0
176
     1
 90
        0
176
     1
290
     0
176
     1
 90
        1
176
     1
 40
0.0
176
     1
 90
        0
176
     1
290
     0
176
     1
290
     1
176
     1
290
     1
176
     1
290
     0
176
     1
290
     0
176
     1
290
     0
176
     1
290
     0
176
     1
290
     0
176
     1
290
     0
176
     1
 90
       50
176
     1
 40
0.0
176
     1
 40
1.0
176
     1
 90
        0
176
     1
 62
    18
420
        0
176
     1
 90
       50
176
     1
 90
        3
176
     1
 62
     5
420
      255
176
     1
290
     0
176
     1
 90
       50
176
     1
 90
       50
176
     1
 90
       50
176
     1
290
     0
176
     1
 90
       50
176
     1
 62
   256
176
     0
 40
1.0
176
     0
 90
        2
176
     1
  1
strokes_ogs.tif
176
     1
290
     0
176
     1
 40
1.0
176
     1
 40
1.0
176
     1
  0
VISUALSTYLE
  5
1E4
102
{ACAD_REACTORS
330
EF
102
}
330
EF
100
AcDbVisualStyle
  2
JitterOff
 70
    20
177
     3
291
     1
 70
    58
 90
        2
176
     0
 90
        2
176
     0
 90
        0
176
     0
 90
        0
176
     0
 40
0.6
176
     0
 40
30.0
176
     0
 62
     7
420
 16777215
176
     0
 90
        1
176
     0
 90
        4
176
     0
 62
     7
176
     0
 62
   257
176
     0
 90
        1
176
     0
 90
        1
176
     0
 40
1.0
176
     0
 90
       10
176
     2
 62
     7
176
     0
 40
1.0
176
     0
 90
        1
176
     0
 90
        6
176
     0
 90
        2
176
     0
 62
     7
176
     0
 90
        5
176
     0
 90
        0
176
     0
 90
        0
176
     0
290
     0
176
     0
 90
        1
176
     0
 40
0.0
176
     0
 90
        0
176
     0
290
     0
176
     1
290
     1
176
     1
290
     1
176
     1
290
     0
176
     1
290
     0
176
     1
290
     0
176
     1
290
     0
176
     1
290
     0
176
     1
290
     0
176
     1
 90
       50
176
     1
 40
0.0
176
     1
 40
1.0
176
     1
 90
        0
176
     1
 62
    18
420
        0
176
     1
 90
       50
176
     1
 90
        3
176
     1
 62
     5
420
      255
176
     1
290
     0
176
     1
 90
       50
176
     1
 90
       50
176
     1
 90
       50
176
     1
290
     0
176
     1
 90
       50
176
     1
 62
   256
176
     0
 40
1.0
176
     0
 90
        2
176
     1
  1
strokes_ogs.tif
176
     1
290
     0
176
     1
 40
1.0
176
     1
 40
1.0
176
     1
  0
VISUALSTYLE
  5
FD
102
{ACAD_REACTORS
330
EF
102
}
330
EF
100
AcDbVisualStyle
  2
Linepattern
 70
    14
177
     3
291
     1
 70
    58
 90
        2
176
     1
 90
        2
176
     1
 90
        1
176
     1
 90
        0
176
     1
 40
0.6
176
     1
 40
30.0
176
     1
 62
     7
420
 16777215
176
     1
 90
        1
176
     1
 90
        4
176
     1
 62
     7
176
     1
 62
   257
176
     1
 90
        7
176
     1
 90
        7
176
     1
 40
1.0
176
     1
 90
        8
176
     1
 62
     7
176
     1
 40
1.0
176
     1
 90
        1
176
     1
 90
        6
176
     1
 90
        2
176
     1
 62
     7
176
     1
 90
        5
176
     1
 90
        0
176
     1
 90
        0
176
     1
290
     0
176
     1
 90
        1
176
     1
 40
0.0
176
     1
 90
        0
176
     1
290
     0
176
     1
290
     1
176
     1
290
     1
176
     1
290
     0
176
     1
290
     0
176
     1
290
     0
176
     1
290
     0
176
     1
290
     0
176
     1
290
     0
176
     1
 90
       50
176
     1
 40
0.0
176
     1
 40
1.0
176
     1
 90
        0
176
     1
 62
    18
420
        0
176
     1
 90
       50
176
     1
 90
        3
176
     1
 62
     5
420
      255
176
     1
290
     0
176
     1
 90
       50
176
     1
 90
       50
176
     1
 90
       50
176
     1
290
     0
176
     1
 90
       50
176
     1
 62
   256
176
     0
 40
1.0
176
     0
 90
        2
176
     1
  1
strokes_ogs.tif
176
     1
290
     0
176
     1
 40
1.0
176
     1
 40
1.0
176
     1
  0
VISUALSTYLE
  5
1E5
102
{ACAD_REACTORS
330
EF
102
}
330
EF
100
AcDbVisualStyle
  2
OverhangOff
 70
    21
177
     3
291
     1
 70
    58
 90
        2
176
     0
 90
        2
176
     0
 90
        0
176
     0
 90
        0
176
     0
 40
0.6
176
     0
 40
30.0
176
     0
 62
     7
420
 16777215
176
     0
 90
        1
176
     0
 90
        4
176
     0
 62
     7
176
     0
 62
   257
176
     0
 90
        1
176
     0
 90
        1
176
     0
 40
1.0
176
     0
 90
        9
176
     2
 62
     7
176
     0
 40
1.0
176
     0
 90
        1
176
     0
 90
        6
176
     0
 90
        2
176
     0
 62
     7
176
     0
 90
        5
176
     0
 90
        0
176
     0
 90
        0
176
     0
290
     0
176
     0
 90
        1
176
     0
 40
0.0
176
     0
 90
        0
176
     0
290
     0
176
     1
290
     1
176
     1
290
     1
176
     1
290
     0
176
     1
290
     0
176
     1
290
     0
176
     1
290
     0
176
     1
290
     0
176
     1
290
     0
176
     1
 90
       50
176
     1
 40
0.0
176
     1
 40
1.0
176
     1
 90
        0
176
     1
 62
    18
420
        0
176
     1
 90
       50
176
     1
 90
        3
176
     1
 62
     5
420
      255
176
     1
290
     0
176
     1
 90
       50
176
     1
 90
       50
176
     1
 90
       50
176
     1
290
     0
176
     1
 90
       50
176
     1
 62
   256
176
     0
 40
1.0
176
     0
 90
        2
176
     1
  1
strokes_ogs.tif
176
     1
290
     0
176
     1
 40
1.0
176
     1
 40
1.0
176
     1
  0
VISUALSTYLE
  5
F9
102
{ACAD_REACTORS
330
EF
102
}
330
EF
100
AcDbVisualStyle
  2
Realistic
 70
     8
177
     3
291
     0
 70
    58
 90
        2
176
     1
 90
        3
176
     1
 90
        0
176
     1
 90
        2
176
     1
 40
0.6
176
     1
 40
30.0
176
     1
 62
     7
420
 16777215
176
     1
 90
        0
176
     1
 90
        0
176
     1
 62
     7
176
     1
 62
   257
176
     1
 90
        1
176
     1
 90
        1
176
     1
 40
1.0
176
     1
 90
        8
176
     1
 62
   257
176
     1
 40
1.0
176
     1
 90
        1
176
     1
 90
        6
176
     1
 90
        2
176
     1
 62
     7
176
     1
 90
        3
176
     1
 90
        0
176
     1
 90
        0
176
     1
290
     0
176
     1
 90
       13
176
     1
 40
0.0
176
     1
 90
        0
176
     1
290
     0
176
     1
290
     1
176
     1
290
     1
176
     1
290
     0
176
     1
290
     0
176
     1
290
     0
176
     1
290
     0
176
     1
290
     0
176
     1
290
     0
176
     1
 90
       50
176
     1
 40
0.0
176
     1
 40
1.0
176
     1
 90
        0
176
     1
 62
    18
420
        0
176
     1
 90
       50
176
     1
 90
        3
176
     1
 62
     5
420
      255
176
     1
290
     0
176
     1
 90
       50
176
     1
 90
       50
176
     1
 90
       50
176
     1
290
     0
176
     1
 90
       50
176
     1
 62
   256
176
     0
 40
1.0
176
     0
 90
        2
176
     1
  1
strokes_ogs.tif
176
     1
290
     0
176
     1
 40
1.0
176
     1
 40
1.0
176
     1
  0
VISUALSTYLE
  5
1F3
102
{ACAD_REACTORS
330
EF
102
}
330
EF
100
AcDbVisualStyle
  2
Shaded
 70
    27
177
     3
291
     0
 70
    58
 90
        2
176
     1
 90
        2
176
     1
 90
        1
176
     1
 90
        2
176
     1
 40
0.6
176
     1
 40
30.0
176
     1
 62
     7
420
 16777215
176
     1
 90
        0
176
     1
 90
        4
176
     1
 62
     7
176
     1
 62
   257
176
     1
 90
        1
176
     1
 90
        1
176
     1
 40
1.0
176
     1
 90
        8
176
     1
 62
   257
176
     1
 40
1.0
176
     1
 90
        1
176
     1
 90
        6
176
     1
 90
        2
176
     1
 62
     8
420
  7895160
176
     1
 90
        3
176
     1
 90
        0
176
     1
 90
        0
176
     1
290
     0
176
     1
 90
        5
176
     1
 40
0.0
176
     1
 90
        0
176
     1
290
     0
176
     1
290
     1
176
     1
290
     1
176
     1
290
     0
176
     1
290
     0
176
     1
290
     0
176
     1
290
     0
176
     1
290
     0
176
     1
290
     0
176
     1
 90
       50
176
     1
 40
0.0
176
     1
 40
1.0
176
     1
 90
        0
176
     1
 62
    18
420
        0
176
     1
 90
       50
176
     1
 90
        3
176
     1
 62
     5
420
      255
176
     1
290
     0
176
     1
 90
       50
176
     1
 90
       50
176
     1
 90
       50
176
     1
290
     0
176
     1
 90
       50
176
     1
 62
   256
176
     0
 40
1.0
176
     0
 90
        2
176
     1
  1
strokes_ogs.tif
176
     1
290
     0
176
     1
 40
1.0
176
     1
 40
1.0
176
     1
  0
VISUALSTYLE
  5
1F2
102
{ACAD_REACTORS
330
EF
102
}
330
EF
100
AcDbVisualStyle
  2
Shaded with edges
 70
    26
177
     3
291
     0
 70
    58
 90
        2
176
     1
 90
        2
176
     1
 90
        1
176
     1
 90
        2
176
     1
 40
0.6
176
     1
 40
30.0
176
     1
 62
     7
420
 16777215
176
     1
 90
        1
176
     1
 90
        2
176
     1
 62
     7
176
     1
 62
   257
176
     1
 90
        2
176
     1
 90
        1
176
     1
 40
1.0
176
     1
 90
        8
176
     1
 62
   257
176
     1
 40
1.0
176
     1
 90
        1
176
     1
 90
        6
176
     1
 90
        2
176
     1
 62
     7
176
     1
 90
        3
176
     1
 90
        0
176
     1
 90
        0
176
     1
290
     0
176
     1
 90
        5
176
     1
 40
0.0
176
     1
 90
        0
176
     1
290
     0
176
     1
290
     1
176
     1
290
     1
176
     1
290
     0
176
     1
290
     0
176
     1
290
     0
176
     1
290
     0
176
     1
290
     0
176
     1
290
     0
176
     1
 90
       50
176
     1
 40
0.0
176
     1
 40
1.0
176
     1
 90
        0
176
     1
 62
    18
420
        0
176
     1
 90
       50
176
     1
 90
        3
176
     1
 62
     5
420
      255
176
     1
290
     0
176
     1
 90
       50
176
     1
 90
       50
176
     1
 90
       50
176
     1
290
     0
176
     1
 90
       50
176
     1
 62
   256
176
     0
 40
1.0
176
     0
 90
        2
176
     1
  1
strokes_ogs.tif
176
     1
290
     0
176
     1
 40
1.0
176
     1
 40
1.0
176
     1
  0
VISUALSTYLE
  5
1EF
102
{ACAD_REACTORS
330
EF
102
}
330
EF
100
AcDbVisualStyle
  2
Shades of Gray
 70
    23
177
     3
291
     0
 70
    58
 90
        2
176
     1
 90
        2
176
     1
 90
        3
176
     1
 90
        0
176
     1
 40
0.6
176
     1
 40
30.0
176
     1
 62
     7
420
 16777215
176
     1
 90
        2
176
     1
 90
        2
176
     1
 62
     7
176
     1
 62
     7
176
     1
 90
        1
176
     1
 90
        1
176
     1
 40
40.0
176
     1
 90
        8
176
     1
 62
     7
176
     1
 40
1.0
176
     1
 90
        1
176
     1
 90
        6
176
     1
 90
        2
176
     1
 62
     7
176
     1
 90
        3
176
     1
 90
        0
176
     1
 90
        0
176
     1
290
     0
176
     1
 90
        1
176
     1
 40
0.0
176
     1
 90
        0
176
     1
290
     0
176
     1
290
     1
176
     1
290
     1
176
     1
290
     0
176
     1
290
     0
176
     1
290
     0
176
     1
290
     0
176
     1
290
     0
176
     1
290
     0
176
     1
 90
       50
176
     1
 40
0.0
176
     1
 40
1.0
176
     1
 90
        0
176
     1
 62
    18
420
        0
176
     1
 90
       50
176
     1
 90
        3
176
     1
 62
     5
420
      255
176
     1
290
     0
176
     1
 90
       50
176
     1
 90
       50
176
     1
 90
       50
176
     1
290
     0
176
     1
 90
       50
176
     1
 62
   256
176
     0
 40
1.0
176
     0
 90
        2
176
     1
  1
strokes_ogs.tif
176
     1
290
     0
176
     1
 40
1.0
176
     1
 40
1.0
176
     1
  0
VISUALSTYLE
  5
1F0
102
{ACAD_REACTORS
330
EF
102
}
330
EF
100
AcDbVisualStyle
  2
Sketchy
 70
    24
177
     3
291
     0
 70
    58
 90
        1
176
     1
 90
        2
176
     1
 90
        2
176
     1
 90
        0
176
     1
 40
0.6
176
     1
 40
30.0
176
     1
 62
     7
420
 16777215
176
     1
 90
        2
176
     1
 90
        2
176
     1
 62
     7
176
     1
 62
     7
176
     1
 90
        1
176
     1
 90
        1
176
     1
 40
40.0
176
     1
 90
       11
176
     1
 62
     7
176
     1
 40
1.0
176
     1
 90
        1
176
     1
 90
        6
176
     1
 90
        2
176
     1
 62
     7
176
     1
 90
        6
176
     1
 90
        0
176
     1
 90
        0
176
     1
290
     0
176
     1
 90
        1
176
     1
 40
0.0
176
     1
 90
        0
176
     1
290
     0
176
     1
290
     1
176
     1
290
     1
176
     1
290
     0
176
     1
290
     0
176
     1
290
     0
176
     1
290
     0
176
     1
290
     0
176
     1
290
     0
176
     1
 90
       50
176
     1
 40
0.0
176
     1
 40
1.0
176
     1
 90
        0
176
     1
 62
    18
420
        0
176
     1
 90
       50
176
     1
 90
        3
176
     1
 62
     5
420
      255
176
     1
290
     0
176
     1
 90
       50
176
     1
 90
       50
176
     1
 90
       50
176
     1
290
     0
176
     1
 90
       50
176
     1
 62
   256
176
     0
 40
1.0
176
     0
 90
        2
176
     1
  1
strokes_ogs.tif
176
     1
290
     0
176
     1
 40
1.0
176
     1
 40
1.0
176
     1
  0
VISUALSTYLE
  5
FC
102
{ACAD_REACTORS
330
EF
102
}
330
EF
100
AcDbVisualStyle
  2
Thicken
 70
    13
177
     3
291
     1
 70
    58
 90
        2
176
     1
 90
        2
176
     1
 90
        1
176
     1
 90
        0
176
     1
 40
0.6
176
     1
 40
30.0
176
     1
 62
     7
420
 16777215
176
     1
 90
        1
176
     1
 90
        4
176
     1
 62
     7
176
     1
 62
   257
176
     1
 90
        1
176
     1
 90
        1
176
     1
 40
1.0
176
     1
 90
       12
176
     1
 62
     7
176
     1
 40
1.0
176
     1
 90
        1
176
     1
 90
        6
176
     1
 90
        2
176
     1
 62
     7
176
     1
 90
        5
176
     1
 90
        0
176
     1
 90
        0
176
     1
290
     0
176
     1
 90
        1
176
     1
 40
0.0
176
     1
 90
        0
176
     1
290
     0
176
     1
290
     1
176
     1
290
     1
176
     1
290
     0
176
     1
290
     0
176
     1
290
     0
176
     1
290
     0
176
     1
290
     0
176
     1
290
     0
176
     1
 90
       50
176
     1
 40
0.0
176
     1
 40
1.0
176
     1
 90
        0
176
     1
 62
    18
420
        0
176
     1
 90
       50
176
     1
 90
        3
176
     1
 62
     5
420
      255
176
     1
290
     0
176
     1
 90
       50
176
     1
 90
       50
176
     1
 90
       50
176
     1
290
     0
176
     1
 90
       50
176
     1
 62
   256
176
     0
 40
1.0
176
     0
 90
        2
176
     1
  1
strokes_ogs.tif
176
     1
290
     0
176
     1
 40
1.0
176
     1
 40
1.0
176
     1
  0
VISUALSTYLE
  5
F6
102
{ACAD_REACTORS
330
EF
102
}
330
EF
100
AcDbVisualStyle
  2
Wireframe
 70
     5
177
     3
291
     0
 70
    58
 90
        0
176
     1
 90
        2
176
     1
 90
        0
176
     1
 90
        0
176
     1
 40
0.6
176
     1
 40
30.0
176
     1
 62
     7
420
 16777215
176
     1
 90
        1
176
     1
 90
        4
176
     1
 62
     7
176
     1
 62
   257
176
     1
 90
        1
176
     1
 90
        1
176
     1
 40
1.0
176
     1
 90
        0
176
     1
 62
   257
176
     1
 40
1.0
176
     1
 90
        1
176
     1
 90
        6
176
     1
 90
        2
176
     1
 62
     7
176
     1
 90
        3
176
     1
 90
        0
176
     1
 90
        0
176
     1
290
     0
176
     1
 90
        1
176
     1
 40
0.0
176
     1
 90
        0
176
     1
290
     0
176
     1
290
     1
176
     1
290
     1
176
     1
290
     0
176
     1
290
     0
176
     1
290
     0
176
     1
290
     0
176
     1
290
     0
176
     1
290
     0
176
     1
 90
       50
176
     1
 40
0.0
176
     1
 40
1.0
176
     1
 90
        0
176
     1
 62
    18
420
        0
176
     1
 90
       50
176
     1
 90
        3
176
     1
 62
     5
420
      255
176
     1
290
     0
176
     1
 90
       50
176
     1
 90
       50
176
     1
 90
       50
176
     1
290
     0
176
     1
 90
       50
176
     1
 62
   256
176
     0
 40
1.0
176
     0
 90
        2
176
     1
  1
strokes_ogs.tif
176
     1
290
     0
176
     1
 40
1.0
176
     1
 40
1.0
176
     1
  0
VISUALSTYLE
  5
1F1
102
{ACAD_REACTORS
330
EF
102
}
330
EF
100
AcDbVisualStyle
  2
X-Ray
 70
    25
177
     3
291
     0
 70
    58
 90
        2
176
     1
 90
        2
176
     1
 90
        1
176
     1
 90
        1
176
     1
 40
0.5
176
     1
 40
30.0
176
     1
 62
     7
420
 16777215
176
     1
 90
        1
176
     1
 90
        0
176
     1
 62
     7
176
     1
 62
   257
176
     1
 90
        1
176
     1
 90
        1
176
     1
 40
1.0
176
     1
 90
        8
176
     1
 62
     7
176
     1
 40
1.0
176
     1
 90
        1
176
     1
 90
        6
176
     1
 90
        2
176
     1
 62
     7
176
     1
 90
        3
176
     1
 90
        0
176
     1
 90
        0
176
     1
290
     0
176
     1
 90
       13
176
     1
 40
0.0
176
     1
 90
        0
176
     1
290
     0
176
     1
290
     1
176
     1
290
     1
176
     1
290
     0
176
     1
290
     0
176
     1
290
     0
176
     1
290
     0
176
     1
290
     0
176
     1
290
     0
176
     1
 90
       50
176
     1
 40
0.0
176
     1
 40
1.0
176
     1
 90
        0
176
     1
 62
    18
420
        0
176
     1
 90
       50
176
     1
 90
        3
176
     1
 62
     5
420
      255
176
     1
290
     0
176
     1
 90
       50
176
     1
 90
       50
176
     1
 90
       50
176
     1
290
     0
176
     1
 90
       50
176
     1
 62
   256
176
     0
 40
1.0
176
     0
 90
        2
176
     1
  1
strokes_ogs.tif
176
     1
290
     0
176
     1
 40
1.0
176
     1
 40
1.0
176
     1
  0
DICTIONARYVAR
  5
146
102
{ACAD_REACTORS
330
5E
102
}
330
5E
100
DictionaryVariables
280
     0
  1
1:1
  0
DICTIONARYVAR
  5
259
102
{ACAD_REACTORS
330
5E
102
}
330
5E
100
DictionaryVariables
280
     0
  1
3.500000
  0
DICTIONARYVAR
  5
25A
102
{ACAD_REACTORS
330
5E
102
}
330
5E
100
DictionaryVariables
280
     0
  1
acadiso.lin
  0
DICTIONARYVAR
  5
145
102
{ACAD_REACTORS
330
5E
102
}
330
5E
100
DictionaryVariables
280
     0
  1
STANDARD
  0
DICTIONARYVAR
  5
84
102
{ACAD_REACTORS
330
5E
102
}
330
5E
100
DictionaryVariables
280
     0
  1
STANDARD
  0
DICTIONARYVAR
  5
227
102
{ACAD_REACTORS
330
5E
102
}
330
5E
100
DictionaryVariables
280
     0
  1
Metric50
  0
DICTIONARYVAR
  5
228
102
{ACAD_REACTORS
330
5E
102
}
330
5E
100
DictionaryVariables
280
     0
  1
Metric50
  0
DICTIONARYVAR
  5
5F
102
{ACAD_REACTORS
330
5E
102
}
330
5E
100
DictionaryVariables
280
     0
  1
2
  0
DICTIONARYVAR
  5
63
102
{ACAD_REACTORS
330
5E
102
}
330
5E
100
DictionaryVariables
280
     0
  1
1
  0
DICTIONARYVAR
  5
1AE
102
{ACAD_REACTORS
330
5E
102
}
330
5E
100
DictionaryVariables
280
     0
  1
0
  0
DICTIONARYVAR
  5
1AF
102
{ACAD_REACTORS
330
5E
102
}
330
5E
100
DictionaryVariables
280
     0
  1
0
  0
ACDBASSOCNETWORK
  5
7C1
102
{ACAD_REACTORS
330
7C0
102
}
330
7C0
100
AcDbAssocAction
 90
        2
 90
        0
330
544
360
0
 90
        2
 90
        0
 90
        0
 90
        0
 90
        0
 90
        0
 90
        0
100
AcDbAssocNetwork
 90
        0
 90
       40
 90
        3
360
D45
360
D4E
360
D57
 90
        0
  0
ACDBASSOCNETWORK
  5
542
102
{ACAD_REACTORS
330
541
102
}
330
541
100
AcDbAssocAction
 90
        2
 90
        0
330
544
360
0
 90
        1
 90
        0
 90
        0
 90
        0
 90
        0
 90
        0
 90
        0
100
AcDbAssocNetwork
 90
        0
 90
       42
 90
        9
360
4F0
360
4F9
360
502
360
50B
360
514
360
51D
360
526
360
52F
360
538
 90
        0
  0
DICTIONARY
  5
205
330
22
100
AcDbDictionary
280
     1
281
     1
  0
DICTIONARY
  5
1F9
330
ED
100
AcDbDictionary
280
     1
281
     1
  3
FBXASSET
360
1FA
  0
DICTIONARY
  5
1F7
330
EC
100
AcDbDictionary
280
     1
281
     1
  3
FBXASSET
360
1F8
  0
DICTIONARY
  5
173
330
EE
100
AcDbDictionary
280
     1
281
     1
  3
BUMPTILE
360
175
  3
DIFFUSETILE
360
174
  3
FBXASSET
360
1FB
  3
OPACITYTILE
360
176
  3
REFLECTIONTILE
360
177
  0
DICTIONARY
  5
162
330
7F
100
AcDbDictionary
280
     1
281
     1
  3
ACAD_ROUNDTRIP_2008_TABLESTYLE_CELLSTYLEMAP
360
48E0
  0
ACDBASSOCACTION
  5
D45
330
7C1
100
AcDbAssocAction
 90
        2
 90
        0
330
7C1
360
D46
 90
       35
 90
        4
 90
        3
360
D47
360
D48
360
D49
 90
        0
 90
        4
360
D4A
360
D4B
360
D4C
360
D4D
 90
        0
 90
       14
 90
        0
  1
ItemSpacing
 90
        1
 90
        1
 40
8.0
330
0
330
0
 90
        0
  1
Items
 90
        0
 90
        1
 90
       25
330
0
330
0
 90
        0
  1
LevelSpacing
 90
        1
 90
        1
 40
1.0
330
0
330
0
 90
        0
  1
Levels
 90
        0
 90
        1
 90
        1
330
0
330
0
 90
        0
  1
RowElevation
 90
        1
 90
        1
 40
0.0
330
0
330
0
 90
        0
  1
RowSpacing
 90
        1
 90
        1
 40
2.25
330
0
330
0
 90
        0
  1
Rows
 90
        0
 90
        1
 90
        1
330
0
330
0
 90
        0
  1
AlignItems
 90
        0
 90
        1
 90
        1
330
0
330
0
 90
        0
  1
FillPath
 90
        0
 90
        1
 40
1.0
330
0
330
0
 90
        0
  1
MaintainZ
 90
        0
 90
        1
 40
1.0
330
0
330
0
 90
        0
  1
Orientation
 90
        0
 90
        1
 90
        1
330
0
330
0
 90
        0
  1
Method
 90
        0
 90
        1
 90
        0
330
0
330
0
 90
        0
  1
TangentOrientationAngle
 90
        0
 90
        1
 40
0.0
330
0
330
0
 90
        0
  1
PathDirection
 90
        0
 90
        1
 90
        1
330
0
330
0
  0
ACDBASSOCACTION
  5
D4E
330
7C1
100
AcDbAssocAction
 90
        2
 90
        0
330
7C1
360
D4F
 90
       36
 90
        4
 90
        3
360
D50
360
D51
360
D52
 90
        0
 90
        4
360
D53
360
D54
360
D55
360
D56
 90
        0
 90
       14
 90
        0
  1
ItemSpacing
 90
        1
 90
        1
 40
8.0
330
0
330
0
 90
        0
  1
Items
 90
        0
 90
        1
 90
       25
330
0
330
0
 90
        0
  1
LevelSpacing
 90
        1
 90
        1
 40
1.0
330
0
330
0
 90
        0
  1
Levels
 90
        0
 90
        1
 90
        1
330
0
330
0
 90
        0
  1
RowElevation
 90
        1
 90
        1
 40
0.0
330
0
330
0
 90
        0
  1
RowSpacing
 90
        1
 90
        1
 40
2.25
330
0
330
0
 90
        0
  1
Rows
 90
        0
 90
        1
 90
        1
330
0
330
0
 90
        0
  1
AlignItems
 90
        0
 90
        1
 90
        1
330
0
330
0
 90
        0
  1
FillPath
 90
        0
 90
        1
 40
1.0
330
0
330
0
 90
        0
  1
MaintainZ
 90
        0
 90
        1
 40
1.0
330
0
330
0
 90
        0
  1
Orientation
 90
        0
 90
        1
 90
        1
330
0
330
0
 90
        0
  1
Method
 90
        0
 90
        1
 90
        0
330
0
330
0
 90
        0
  1
TangentOrientationAngle
 90
        0
 90
        1
 40
0.0
330
0
330
0
 90
        0
  1
PathDirection
 90
        0
 90
        1
 90
        1
330
0
330
0
  0
ACDBASSOCACTION
  5
D57
330
7C1
100
AcDbAssocAction
 90
        2
 90
        0
330
7C1
360
D58
 90
       37
 90
        4
 90
        3
360
D59
360
D5A
360
D5B
 90
        0
 90
        4
360
D5C
360
D5D
360
D5E
360
D5F
 90
        0
 90
       14
 90
        0
  1
ItemSpacing
 90
        1
 90
        1
 40
8.0
330
0
330
0
 90
        0
  1
Items
 90
        0
 90
        1
 90
       25
330
0
330
0
 90
        0
  1
LevelSpacing
 90
        1
 90
        1
 40
1.0
330
0
330
0
 90
        0
  1
Levels
 90
        0
 90
        1
 90
        1
330
0
330
0
 90
        0
  1
RowElevation
 90
        1
 90
        1
 40
0.0
330
0
330
0
 90
        0
  1
RowSpacing
 90
        1
 90
        1
 40
2.25
330
0
330
0
 90
        0
  1
Rows
 90
        0
 90
        1
 90
        1
330
0
330
0
 90
        0
  1
AlignItems
 90
        0
 90
        1
 90
        1
330
0
330
0
 90
        0
  1
FillPath
 90
        0
 90
        1
 40
1.0
330
0
330
0
 90
        0
  1
MaintainZ
 90
        0
 90
        1
 40
1.0
330
0
330
0
 90
        0
  1
Orientation
 90
        0
 90
        1
 90
        1
330
0
330
0
 90
        0
  1
Method
 90
        0
 90
        1
 90
        0
330
0
330
0
 90
        0
  1
TangentOrientationAngle
 90
        0
 90
        1
 40
0.0
330
0
330
0
 90
        0
  1
PathDirection
 90
        0
 90
        1
 90
        1
330
0
330
0
  0
ACDBASSOCACTION
  5
4F0
330
542
100
AcDbAssocAction
 90
        2
 90
        0
330
542
360
4F1
 90
       23
 90
        4
 90
        3
360
4F2
360
4F3
360
4F4
 90
        0
 90
        4
360
4F5
360
4F6
360
4F7
360
4F8
 90
        0
 90
       14
 90
        0
  1
ItemSpacing
 90
        1
 90
        1
 40
8.0
330
0
330
0
 90
        0
  1
Items
 90
        0
 90
        1
 90
       25
330
0
330
0
 90
        0
  1
LevelSpacing
 90
        1
 90
        1
 40
1.0
330
0
330
0
 90
        0
  1
Levels
 90
        0
 90
        1
 90
        1
330
0
330
0
 90
        0
  1
RowElevation
 90
        1
 90
        1
 40
0.0
330
0
330
0
 90
        0
  1
RowSpacing
 90
        1
 90
        1
 40
2.25
330
0
330
0
 90
        0
  1
Rows
 90
        0
 90
        1
 90
        1
330
0
330
0
 90
        0
  1
AlignItems
 90
        0
 90
        1
 90
        1
330
0
330
0
 90
        0
  1
FillPath
 90
        0
 90
        1
 40
1.0
330
0
330
0
 90
        0
  1
MaintainZ
 90
        0
 90
        1
 40
1.0
330
0
330
0
 90
        0
  1
Orientation
 90
        0
 90
        1
 90
        1
330
0
330
0
 90
        0
  1
Method
 90
        0
 90
        1
 90
        0
330
0
330
0
 90
        0
  1
TangentOrientationAngle
 90
        0
 90
        1
 40
0.0
330
0
330
0
 90
        0
  1
PathDirection
 90
        0
 90
        1
 90
        1
330
0
330
0
  0
ACDBASSOCACTION
  5
4F9
330
542
100
AcDbAssocAction
 90
        2
 90
        0
330
542
360
4FA
 90
       28
 90
        4
 90
        3
360
4FB
360
4FC
360
4FD
 90
        0
 90
        4
360
4FE
360
4FF
360
500
360
501
 90
        0
 90
       14
 90
        0
  1
ItemSpacing
 90
        1
 90
        1
 40
8.0
330
0
330
0
 90
        0
  1
Items
 90
        0
 90
        1
 90
       25
330
0
330
0
 90
        0
  1
LevelSpacing
 90
        1
 90
        1
 40
1.0
330
0
330
0
 90
        0
  1
Levels
 90
        0
 90
        1
 90
        1
330
0
330
0
 90
        0
  1
RowElevation
 90
        1
 90
        1
 40
0.0
330
0
330
0
 90
        0
  1
RowSpacing
 90
        1
 90
        1
 40
2.25
330
0
330
0
 90
        0
  1
Rows
 90
        0
 90
        1
 90
        1
330
0
330
0
 90
        0
  1
AlignItems
 90
        0
 90
        1
 90
        1
330
0
330
0
 90
        0
  1
FillPath
 90
        0
 90
        1
 40
1.0
330
0
330
0
 90
        0
  1
MaintainZ
 90
        0
 90
        1
 40
1.0
330
0
330
0
 90
        0
  1
Orientation
 90
        0
 90
        1
 90
        1
330
0
330
0
 90
        0
  1
Method
 90
        0
 90
        1
 90
        0
330
0
330
0
 90
        0
  1
TangentOrientationAngle
 90
        0
 90
        1
 40
0.0
330
0
330
0
 90
        0
  1
PathDirection
 90
        0
 90
        1
 90
        1
330
0
330
0
  0
ACDBASSOCACTION
  5
502
330
542
100
AcDbAssocAction
 90
        2
 90
        0
330
542
360
503
 90
       24
 90
        4
 90
        3
360
504
360
505
360
506
 90
        0
 90
        4
360
507
360
508
360
509
360
50A
 90
        0
 90
       14
 90
        0
  1
ItemSpacing
 90
        1
 90
        1
 40
8.0
330
0
330
0
 90
        0
  1
Items
 90
        0
 90
        1
 90
       25
330
0
330
0
 90
        0
  1
LevelSpacing
 90
        1
 90
        1
 40
1.0
330
0
330
0
 90
        0
  1
Levels
 90
        0
 90
        1
 90
        1
330
0
330
0
 90
        0
  1
RowElevation
 90
        1
 90
        1
 40
0.0
330
0
330
0
 90
        0
  1
RowSpacing
 90
        1
 90
        1
 40
2.25
330
0
330
0
 90
        0
  1
Rows
 90
        0
 90
        1
 90
        1
330
0
330
0
 90
        0
  1
AlignItems
 90
        0
 90
        1
 90
        1
330
0
330
0
 90
        0
  1
FillPath
 90
        0
 90
        1
 40
1.0
330
0
330
0
 90
        0
  1
MaintainZ
 90
        0
 90
        1
 40
1.0
330
0
330
0
 90
        0
  1
Orientation
 90
        0
 90
        1
 90
        1
330
0
330
0
 90
        0
  1
Method
 90
        0
 90
        1
 90
        0
330
0
330
0
 90
        0
  1
TangentOrientationAngle
 90
        0
 90
        1
 40
0.0
330
0
330
0
 90
        0
  1
PathDirection
 90
        0
 90
        1
 90
        1
330
0
330
0
  0
ACDBASSOCACTION
  5
50B
330
542
100
AcDbAssocAction
 90
        2
 90
        0
330
542
360
50C
 90
       32
 90
        4
 90
        3
360
50D
360
50E
360
50F
 90
        0
 90
        4
360
510
360
511
360
512
360
513
 90
        0
 90
       14
 90
        0
  1
ItemSpacing
 90
        1
 90
        1
 40
8.0
330
0
330
0
 90
        0
  1
Items
 90
        0
 90
        1
 90
       22
330
0
330
0
 90
        0
  1
LevelSpacing
 90
        1
 90
        1
 40
1.0
330
0
330
0
 90
        0
  1
Levels
 90
        0
 90
        1
 90
        1
330
0
330
0
 90
        0
  1
RowElevation
 90
        1
 90
        1
 40
0.0
330
0
330
0
 90
        0
  1
RowSpacing
 90
        1
 90
        1
 40
2.25
330
0
330
0
 90
        0
  1
Rows
 90
        0
 90
        1
 90
        1
330
0
330
0
 90
        0
  1
AlignItems
 90
        0
 90
        1
 90
        1
330
0
330
0
 90
        0
  1
FillPath
 90
        0
 90
        1
 40
1.0
330
0
330
0
 90
        0
  1
MaintainZ
 90
        0
 90
        1
 40
1.0
330
0
330
0
 90
        0
  1
Orientation
 90
        0
 90
        1
 90
        1
330
0
330
0
 90
        0
  1
PathDirection
 90
        0
 90
        1
 90
        0
330
0
330
0
 90
        0
  1
Method
 90
        0
 90
        1
 90
        0
330
0
330
0
 90
        0
  1
TangentOrientationAngle
 90
        0
 90
        1
 40
0.0
330
0
330
0
  0
ACDBASSOCACTION
  5
514
330
542
100
AcDbAssocAction
 90
        2
 90
        0
330
542
360
515
 90
       26
 90
        4
 90
        3
360
516
360
517
360
518
 90
        0
 90
        4
360
519
360
51A
360
51B
360
51C
 90
        0
 90
       14
 90
        0
  1
ItemSpacing
 90
        1
 90
        1
 40
8.0
330
0
330
0
 90
        0
  1
Items
 90
        0
 90
        1
 90
       25
330
0
330
0
 90
        0
  1
LevelSpacing
 90
        1
 90
        1
 40
1.0
330
0
330
0
 90
        0
  1
Levels
 90
        0
 90
        1
 90
        1
330
0
330
0
 90
        0
  1
RowElevation
 90
        1
 90
        1
 40
0.0
330
0
330
0
 90
        0
  1
RowSpacing
 90
        1
 90
        1
 40
2.25
330
0
330
0
 90
        0
  1
Rows
 90
        0
 90
        1
 90
        1
330
0
330
0
 90
        0
  1
AlignItems
 90
        0
 90
        1
 90
        1
330
0
330
0
 90
        0
  1
FillPath
 90
        0
 90
        1
 40
1.0
330
0
330
0
 90
        0
  1
MaintainZ
 90
        0
 90
        1
 40
1.0
330
0
330
0
 90
        0
  1
Orientation
 90
        0
 90
        1
 90
        1
330
0
330
0
 90
        0
  1
Method
 90
        0
 90
        1
 90
        0
330
0
330
0
 90
        0
  1
TangentOrientationAngle
 90
        0
 90
        1
 40
0.0
330
0
330
0
 90
        0
  1
PathDirection
 90
        0
 90
        1
 90
        1
330
0
330
0
  0
ACDBASSOCACTION
  5
51D
330
542
100
AcDbAssocAction
 90
        2
 90
        0
330
542
360
51E
 90
       27
 90
        4
 90
        3
360
51F
360
520
360
521
 90
        0
 90
        4
360
522
360
523
360
524
360
525
 90
        0
 90
       14
 90
        0
  1
ItemSpacing
 90
        1
 90
        1
 40
8.0
330
0
330
0
 90
        0
  1
Items
 90
        0
 90
        1
 90
       25
330
0
330
0
 90
        0
  1
LevelSpacing
 90
        1
 90
        1
 40
1.0
330
0
330
0
 90
        0
  1
Levels
 90
        0
 90
        1
 90
        1
330
0
330
0
 90
        0
  1
RowElevation
 90
        1
 90
        1
 40
0.0
330
0
330
0
 90
        0
  1
RowSpacing
 90
        1
 90
        1
 40
2.25
330
0
330
0
 90
        0
  1
Rows
 90
        0
 90
        1
 90
        1
330
0
330
0
 90
        0
  1
AlignItems
 90
        0
 90
        1
 90
        1
330
0
330
0
 90
        0
  1
FillPath
 90
        0
 90
        1
 40
1.0
330
0
330
0
 90
        0
  1
MaintainZ
 90
        0
 90
        1
 40
1.0
330
0
330
0
 90
        0
  1
Orientation
 90
        0
 90
        1
 90
        1
330
0
330
0
 90
        0
  1
Method
 90
        0
 90
        1
 90
        0
330
0
330
0
 90
        0
  1
TangentOrientationAngle
 90
        0
 90
        1
 40
0.0
330
0
330
0
 90
        0
  1
PathDirection
 90
        0
 90
        1
 90
        1
330
0
330
0
  0
ACDBASSOCACTION
  5
526
330
542
100
AcDbAssocAction
 90
        2
 90
        0
330
542
360
527
 90
       31
 90
        4
 90
        3
360
528
360
529
360
52A
 90
        0
 90
        4
360
52B
360
52C
360
52D
360
52E
 90
        0
 90
       14
 90
        0
  1
ItemSpacing
 90
        1
 90
        1
 40
8.0
330
0
330
0
 90
        0
  1
Items
 90
        0
 90
        1
 90
       22
330
0
330
0
 90
        0
  1
LevelSpacing
 90
        1
 90
        1
 40
1.0
330
0
330
0
 90
        0
  1
Levels
 90
        0
 90
        1
 90
        1
330
0
330
0
 90
        0
  1
RowElevation
 90
        1
 90
        1
 40
0.0
330
0
330
0
 90
        0
  1
RowSpacing
 90
        1
 90
        1
 40
2.25
330
0
330
0
 90
        0
  1
Rows
 90
        0
 90
        1
 90
        1
330
0
330
0
 90
        0
  1
AlignItems
 90
        0
 90
        1
 90
        1
330
0
330
0
 90
        0
  1
FillPath
 90
        0
 90
        1
 40
1.0
330
0
330
0
 90
        0
  1
MaintainZ
 90
        0
 90
        1
 40
1.0
330
0
330
0
 90
        0
  1
Orientation
 90
        0
 90
        1
 90
        1
330
0
330
0
 90
        0
  1
PathDirection
 90
        0
 90
        1
 90
        0
330
0
330
0
 90
        0
  1
Method
 90
        0
 90
        1
 90
        0
330
0
330
0
 90
        0
  1
TangentOrientationAngle
 90
        0
 90
        1
 40
0.0
330
0
330
0
  0
ACDBASSOCACTION
  5
52F
330
542
100
AcDbAssocAction
 90
        2
 90
        0
330
542
360
530
 90
       29
 90
        4
 90
        3
360
531
360
532
360
533
 90
        0
 90
        4
360
534
360
535
360
536
360
537
 90
        0
 90
       14
 90
        0
  1
ItemSpacing
 90
        1
 90
        1
 40
8.0
330
0
330
0
 90
        0
  1
Items
 90
        0
 90
        1
 90
       22
330
0
330
0
 90
        0
  1
LevelSpacing
 90
        1
 90
        1
 40
1.0
330
0
330
0
 90
        0
  1
Levels
 90
        0
 90
        1
 90
        1
330
0
330
0
 90
        0
  1
RowElevation
 90
        1
 90
        1
 40
0.0
330
0
330
0
 90
        0
  1
RowSpacing
 90
        1
 90
        1
 40
2.25
330
0
330
0
 90
        0
  1
Rows
 90
        0
 90
        1
 90
        1
330
0
330
0
 90
        0
  1
AlignItems
 90
        0
 90
        1
 90
        1
330
0
330
0
 90
        0
  1
FillPath
 90
        0
 90
        1
 40
1.0
330
0
330
0
 90
        0
  1
MaintainZ
 90
        0
 90
        1
 40
1.0
330
0
330
0
 90
        0
  1
Orientation
 90
        0
 90
        1
 90
        1
330
0
330
0
 90
        0
  1
PathDirection
 90
        0
 90
        1
 90
        0
330
0
330
0
 90
        0
  1
Method
 90
        0
 90
        1
 90
        0
330
0
330
0
 90
        0
  1
TangentOrientationAngle
 90
        0
 90
        1
 40
0.0
330
0
330
0
  0
ACDBASSOCACTION
  5
538
330
542
100
AcDbAssocAction
 90
        2
 90
        0
330
542
360
539
 90
       33
 90
        4
 90
        3
360
53A
360
53B
360
53C
 90
        0
 90
        4
360
53D
360
53E
360
53F
360
540
 90
        0
 90
       14
 90
        0
  1
ItemSpacing
 90
        1
 90
        1
 40
8.0
330
0
330
0
 90
        0
  1
Items
 90
        0
 90
        1
 90
       25
330
0
330
0
 90
        0
  1
LevelSpacing
 90
        1
 90
        1
 40
1.0
330
0
330
0
 90
        0
  1
Levels
 90
        0
 90
        1
 90
        1
330
0
330
0
 90
        0
  1
RowElevation
 90
        1
 90
        1
 40
0.0
330
0
330
0
 90
        0
  1
RowSpacing
 90
        1
 90
        1
 40
2.25
330
0
330
0
 90
        0
  1
Rows
 90
        0
 90
        1
 90
        1
330
0
330
0
 90
        0
  1
AlignItems
 90
        0
 90
        1
 90
        1
330
0
330
0
 90
        0
  1
FillPath
 90
        0
 90
        1
 40
1.0
330
0
330
0
 90
        0
  1
MaintainZ
 90
        0
 90
        1
 40
1.0
330
0
330
0
 90
        0
  1
Orientation
 90
        0
 90
        1
 90
        1
330
0
330
0
 90
        0
  1
Method
 90
        0
 90
        1
 90
        0
330
0
330
0
 90
        0
  1
TangentOrientationAngle
 90
        0
 90
        1
 40
0.0
330
0
330
0
 90
        0
  1
PathDirection
 90
        0
 90
        1
 90
        1
330
0
330
0
  0
XRECORD
  5
1FA
102
{ACAD_REACTORS
330
1F9
102
}
330
1F9
100
AcDbXrecord
280
     1
 70
     1
 90
429727718
  1
D62C5603-E3A1-4AEA-B7FB-FE5D8D0755AF
310
504B03040A0000080000CC70623B3DEE336E79000000790000001B0000006175746F6465736B2D64657369676E2D7061636B6167652E786D6C3C3F786D6C2076657273696F6E3D22312E302220656E636F64696E673D227574662D3822203F3E3C666F726D6174733E3C666F726D61743E687474703A2F2F736368656D612E
310
6175746F6465736B2E636F6D2F64657369676E2D7061636B6167652F323030393C2F666F726D61743E3C2F666F726D6174733E504B0304140006080800CC70623BD486FD9CA0000000F4000000130000005B436F6E74656E745F54797065735D2E786D6C7D8EC10E82300C865F65E91D8A1E8C310C0EEA1BF002731658846E
310
D98AC1B77784ABF1D8FE5FBFBF75BBCE937A534CCEB38643598122B6FEE978D0B0485F9C41B54DDD7D022595594E1A469170414C76A4D9A4D207E29CF43ECE46F218070CC6BECC4078ACAA135ACF422C856C0E68EA1BF5669944DDD7BCDE7B1F8E415D77AECB980613C2E4AC91FC167A2B244592486606FC29C8FD7F045B9A
310
EF7053A7E60B504B0304140006080800CC70623B853B8169EB0000007C01000008000000636F72652E786D6C8D90416EC3201045AF62CDB6C206821CC7C244919D9CA01740401C94182C03558F5F9C3852BBEB6A467FFE9B197D7EFC9E1EC5975982F5AE035262288C535E5B377690E21535501C055FBC8FBF6C503839990E
310
5619041F179FE64D52DE45E362569DD7661365082642A11EB9E920A89B99642953CC8E702F67A9EE7234257977194EC9EAE275C4EABCCF5EAD5940D4AC6F0E35A568B8F43562CD7046CD199FD07E60174276A7BE677B5EADB0E0D14EEFFB6A31321A0D82627C4084204C3F096B71DD52F6819B16635EADF63F509AF53FA164
310
5DDCD1EDDD17164090FCC8732078B56691CB33A85CD7DCC40F504B0304140006080800CC70623B55019EA25F0000007C00000007000000636E782E786D6C4DCB3B0E80201045D1AD90E915ED2CF8AC45050C11660C8261F98AB1B07AC9C97D42D718D865D3E909258CFD00CCE24AC6E326A164D74DC0B4128928FF32603847
310
2BA13128B1252AC747C6BAB984FC68F0B87FE8960A5C09FE86CFB69FBA01504B0304140006080800CC70623BDBABAAF470010000D40300000C0000006662782F636F72652E786D6CC553D16E823014FD95A6AF4B694182CC941A83FA05FB810A9511A125A5257EFE2E82712ECEB8A7F100CD39F7F69E734AF9FADC366850B6
310
AF8DCE7018308C942E4C59EB2AC3DE1D498AD15A706B8CFB56869196ADCAF00863C12B6B7C374385D14E6907A836A59A41D9F7CA615434B0C8705F7CAA5606D23BA8E84F41278B93AC54100640439DE0BDB320004D43C63716C7C399D30917DCFBBA9CD9BA8469F5B156168B24CED3F7248AC8769F27244EB73B92EED8862C
310
B7F13E0C179B3C8F979C8ECD82BBBABDAA2BAC924E9558448CBD9330242CFA08E3154B5651FCC6D215639C8EE5774DBE2B5F6CF2B5768B68963BB5F5588420E442FC700B1139D4CB01F450C1E918227C2E09DF070D8140C84E1E9AAB8F1340832A9CB13130A5F1376A908D57309505ECF2A0DF179C4E9D30F5B239B87E3823
310
7A79C6F31DE1A8A5AEC08474B03C7837EAE4938639B44E5932B833D2C6B6B279CDC613877FA26EE21F4A2A4C63EC7F29A2F301D1F9F7A0E37D145F504B0304140006080800CC70623B9C113CC27E0000009D0000000B0000006662782F636E782E786D6C4DCCDF0A83201C86E15B91DFB94BFB330DD428C8FB886521330DA7
310
6397BF1A1DECE883878F57749FCDA1B7892F1BBC047A23808C7F84D9FA55424E0BE6803A256208E9EF06C84F9B91703228B1C690F78B66B34CD9A5439DF5CF0BFBF65E35BCA1B8D6A5C6F540381E886698B5741C695F9503EBA150A2F8958E3DC3EA0B504B0304140006080800CC70623B7DF2F77C2A010000120200003100
310
00006662782F41393633353835312D344632462D344230382D423046372D3739314545314133324237412F636F72652E786D6C8D51DB8EC22014FC15C2939B0D2DB4B45643319AE817EC0F6041255A68B86CFCFC856D4D76DF7CE190393373060EDB3DC707F856CE6B6B7A480A0C81328395DA5C7B18C3057510EC3873D686
310
3F34088C18550F330C39BB3A1BA7051AAC09CA84841A2BD5020AEF55806078A44B0FFD7053A328440C89E1EFC52486BBB8AA8214A99D789CF9E05200300FC927E4FB4D5B375D43103D5527440FB843077C5AA3F5861C8F645F5787F59E95B390B318B55CE45AA638FAA2957BD7248B390B7A7CC51F9C124149C82B8C378810
310
84AB2F42B7B8DD56F413775B8C5999E9FF4471926F8AA236A1AE96B8B3CC434E5839373893369E1FAF30EA395917409EB7F26AF8801C171837A4A6AC9C89E9F9C9B1A58BA30FD6A5EF5DDDCF894B9AD9B6A59C957943A9FCAE2FD5BC4DFE03504B0304140006080800CC70623BAD7543B64E01000033030000300000006662
310
782F41393633353835312D344632462D344230382D423046372D3739314545314133324237412F636E782E786D6CD593CD6EC32010845F0571AD6CE3D48AD20813A9873E410FBD12D82434182C7EAAE6EDBB2424CD25871E7B41D6EC30B3FA84F9E67BB2E40B4234DE8DB46F1925E094D7C6ED479AD3AE5951B2113C789FEE
310
6C943839C1488B4C05DF079FE72A69D8C96C13AAD6B8631503449F83828872B949AC57D26200B826A308D316B4064D6E46FCDA41C05550DC9E483A00797BFD207EFB092A45DE9514C1BBD22178396BD39D891265658C238DEA00936C654E5E433CB65A26D9F6EDB5EBC14EBF49A45CB856E66048291F6939A9A81BB5C89177
310
38143CA680F4AA299D66A042CEB3354A2684DC9D8D178FE0D9B8B41CAAD720F880EE7EF93C0C18769E099ECC04D5A102C8049A8A05632F4DDF376CF1DE0F6BB65C2F8627B65A33C6BB62177CEBBDAD973006829F89F22E814B54F4BC2BE347F8AA8F681390B50FA73F804400B5F542E796F19FF974E7F78DB802FE05E20750
310
4B0304140006080800CC70623BE75B7789680500003C100000340000006662782F41393633353835312D344632462D344230382D423046372D3739314545314133324237412F6F626A656374732E786D6CAD575B8F9B3818FD2B887D06C22499CB8AA1CA655245D5B455A356FB305264C061D8018C6C3393D95FBFC7600890
310
A4CD5EF210B0B1BFEBF98E3F7B1FF6596ABC522E1296DF9BAE3D320D9A872C4AF2F8DE2CE5CEBA358D0FBEC719939D65A691938CDE9B6ADAF4BD98B3B2D05311DD91329583D9D5FC0F438434A7A611A644887B5384CF34233629258BA878B12322891DEFF6B66BD70BFB62634E8AE781D082709A4B588AF91C528CDA28B73F
310
1C998EEF39EABBEFA97FBD6A7C7E9553F9D3D79FE442923C3C523610337627CB87ABE99D359D4CC6D6E4FACAB5E6ABF9D2726FC6A3C5F56271377BB88362213924694B38DD99FE47C48627A1E7D49F5A8BB5E1A74C0A599ED3B0F21F1E56366B89112D681E218F0915D0D6F17AD41FBA2A369DCF6335D62ABBD39779D5DDD1
310
11D4D8DE3CBB96B2E04FB8202E41051754A1AA8E8F76B4C6DFE810B580B1547F4B84911149794252234D024EF8BBE963A95AE27B3D310A9D5C215C7960FAEE415ED75694C6AFB17BCACA5D99A60A9AA65F217B0BFC53292ACB92BF283FAD0D3621576592CB5BED907C2FA8E9DF794E35E97BEA31BED21FEB401ABB94C44839
310
DCACBF0E1C5DA8DA5B2F4DFFD32AD86F543D9E565E7056502E157C00AD2671CD534549AB752FCA9CDA00677A313F04E51B22FF19E57B300579E3C97EB29F682D92935CEC18CF901B7B54FD8C51F362B56FC72FE0B3C1EAE335EDCCBF5AEC39ADB17DC238973F804BA5E6F6BFE7AF1FB32E523BE9F3BD571418E3631DCA4D48
310
5250CF639223210A9446CA30052EDF057BD35F8329C1ECD84552BF0DC8D18BE7BCE23BFE6BD960AB4A7DE79923A103BEBD80F911CBAA2C60DB19B01CF164A5583B772EE6D3FFA56666CBCDA74DC97724A48F9A58967497E489C4D979006FD7A05E227A1EBDD0F737C623387A9C844D3709995625106D157315F8B8392CD4E0
310
A0B9A720C4BE9829CEF37EA1E13111214D53925356365ADA634861B52519DD27A00AEB808EAF0628E6F435519D446F45CF2C9CF5214F0A15B2F6D06B79DA3EE3CBF7F56780D2F4E7EF73A0F5E5B02A38D07DC852C6B7C1FBB6664213E0C39E3EBA7FF4E1AD23EA2829407C85E586727488B751B2DB9502BC7B228A3FD68B6E
310
A65A22397E690AA8D158D7E404EC8CDA235CC3B7D1898680131CEC2CDF2638C65196279577750F15884AEE19F94199155B92B13297978469D4F8D358DF0AEF7631E28DC8F0D9F437D5D39A83B2231A1D52D543813A824EF8D44BCFF2FA6A31BD1E8DAD87F1CCB526B3879935BF59CDADD5C37479BB1CDD4CA7B3556B516589
310
EF352754B706114D9C885EC9131DE6EFEB43D99AFE2391C2F958179413D7CFEF6B1B6DB1E7600F00DE6E5C67454A339A4BA2E0FBA85ED26F045D454F463DBFCE484C2F90F2E5E3666003662ED8F755951A7D1BECD5B30B550B2785C8E7320B7292A4838DDA71BBC863ED7613CAF659337A3354231D4FF4A182A54904C2898C
310
98B28C4AD0CE056CCF332A80986E571EE9DBC305BB5FEB7E509220A58D25CF042D712A806AC0AD0C657FDEF80D2D9CEAA2EE4D1C76F60BFE74219A06527D6F82DF6412526107381E55E353090704D085B52408A8913C4ED159D79BDA71BB4BC506F4831350EB6F975CD22D69BF7AC49B91A2C0A9DDA3D5CA36AD20FC478E37
310
E61844E2352865EBCB61A275A65283CAAA9DD27703B4102F5AF51EF5F573B75CBB5AD38BC845F7A49F82A0966A49C2E3EA5EA0ECD326CD965F1DB402C6FA8B51A4658C5C5E2EC9E214602E55810345408596591009A82E7E7FFACA19EEA299B14A0081A705CB3296EBC14CDF658DCD336EA6D1136881AAEB87B81AB9EE53D5
310
F5EB8BC8362082DA24122F98680A4E7930C01A0079749CEA14382A0783E5EBA5A10F8C098456A03D6A4AEB6BB881E2513747552A5DB22C7EDAF83BD5528081A365F7FF06504B0304140006080000CC70623B000000000000000000000000350000006662782F41393633353835312D344632462D344230382D423046372D37
310
39314545314133324237412F76657274696365732E62696E504B0304140006080800CC70623BF270F1330600000004000000360000006662782F41393633353835312D344632462D344230382D423046372D3739314545314133324237412F747269616E676C65732E62696E636660600000504B0304140006080000CC7062
310
3B000000000000000000000000370000006662782F41393633353835312D344632462D344230382D423046372D3739314545314133324237412F617474726962757465732E62696E504B0304140006080800CC70623B08DA0BD19000000041010000360000006662782F41393633353835312D344632462D344230382D4230
310
46372D3739314545314133324237412F6469726563746F72792E786D6C858F410AC3201045AF22B36F53E9A60B35CBEEBAE80D244E44489C6234F4F835464A48035D0DF398FF9F8AF63D0E6CC63039F212F8F9020C7D47C6792B21C5FE7403D62A1188E2E60C98D7234A5830286103A55745067B9D86B8A3CF9C7F90C11DE6
310
07FB144396D7B6A82D282E9A152AD114D5EF2CB866EEE831B8EEA07A7BB5A8D7D61A2BAAEB7FD5F70921FF497D00504B0304140006080800CC70623BEDD1DC58FD000000A00100003B0000006662782F41393633353835312D344632462D344230382D423046372D3739314545314133324237412F7265736F75726365732F
310
636F72652E786D6C8D504B6E833010BD0A9A6D65B00922041947112427E8052C33A156828DFCA97AFC9A40A576D7CDCCE87D344F8F9FBFE667F689CE6B6B3A6039850C8DB2A336530731DC4903D95970676DF82583CCC8193B5861107C72362E3BA4AC096842428D1D7107A5F7182053CF7474E0D507CE32973124857FE48B
310
540F3961CEF244279DE03EB81420DB9EAC1384436FA353E879B1B182C7A8C75DA3C7F453DF353A1075D537A7BA6464B8F535A99AE14A9A2BBD90E350DD183B5CFABE3AF262350B1EF4FC9351399401471025A527C218A1E53BAB5A5AB765F5469B96525EACF23FA6B88CFF34456DC2A1DCE36E360F82A5202F42F062ED2BAD
310
579969AFDD8A6F504B010214000A0000080000CC70623B3DEE336E79000000790000001B00000000000000000000000000000000006175746F6465736B2D64657369676E2D7061636B6167652E786D6C504B01021400140006080800CC70623BD486FD9CA0000000F40000001300000000000000000000000000B20000005B
310
436F6E74656E745F54797065735D2E786D6C504B01021400140006080800CC70623B853B8169EB0000007C010000080000000000000000000000000083010000636F72652E786D6C504B01021400140006080800CC70623B55019EA25F0000007C000000070000000000000000000000000094020000636E782E786D6C504B
310
01021400140006080800CC70623BDBABAAF470010000D40300000C00000000000000000000000000180300006662782F636F72652E786D6C504B01021400140006080800CC70623B9C113CC27E0000009D0000000B00000000000000000000000000B20400006662782F636E782E786D6C504B01021400140006080800CC70
310
623B7DF2F77C2A010000120200003100000000000000000000000000590500006662782F41393633353835312D344632462D344230382D423046372D3739314545314133324237412F636F72652E786D6C504B01021400140006080800CC70623BAD7543B64E010000330300003000000000000000000000000000D2060000
310
6662782F41393633353835312D344632462D344230382D423046372D3739314545314133324237412F636E782E786D6C504B01021400140006080800CC70623BE75B7789680500003C10000034000000000000000000000000006E0800006662782F41393633353835312D344632462D344230382D423046372D3739314545
310
314133324237412F6F626A656374732E786D6C504B01021400140006080000CC70623B0000000000000000000000003500000000000000000000000000280E00006662782F41393633353835312D344632462D344230382D423046372D3739314545314133324237412F76657274696365732E62696E504B01021400140006
310
080800CC70623BF270F133060000000400000036000000000000000000000000007B0E00006662782F41393633353835312D344632462D344230382D423046372D3739314545314133324237412F747269616E676C65732E62696E504B01021400140006080000CC70623B0000000000000000000000003700000000000000
310
000000000000D50E00006662782F41393633353835312D344632462D344230382D423046372D3739314545314133324237412F617474726962757465732E62696E504B01021400140006080800CC70623B08DA0BD1900000004101000036000000000000000000000000002A0F00006662782F41393633353835312D344632
310
462D344230382D423046372D3739314545314133324237412F6469726563746F72792E786D6C504B01021400140006080800CC70623BEDD1DC58FD000000A00100003B000000000000000000000000000E1000006662782F41393633353835312D344632462D344230382D423046372D3739314545314133324237412F7265
310
736F75726365732F636F72652E786D6C504B0506000000000E000E0080040000641100000000
  0
XRECORD
  5
1F8
102
{ACAD_REACTORS
330
1F7
102
}
330
1F7
100
AcDbXrecord
280
     1
 70
     1
 90
429727718
  1
30362254-06B7-45E0-A893-8CFA70E3D6BC
310
504B03040A0000080000CC70623B3DEE336E79000000790000001B0000006175746F6465736B2D64657369676E2D7061636B6167652E786D6C3C3F786D6C2076657273696F6E3D22312E302220656E636F64696E673D227574662D3822203F3E3C666F726D6174733E3C666F726D61743E687474703A2F2F736368656D612E
310
6175746F6465736B2E636F6D2F64657369676E2D7061636B6167652F323030393C2F666F726D61743E3C2F666F726D6174733E504B0304140006080800CC70623BD486FD9CA0000000F4000000130000005B436F6E74656E745F54797065735D2E786D6C7D8EC10E82300C865F65E91D8A1E8C310C0EEA1BF002731658846E
310
D98AC1B77784ABF1D8FE5FBFBF75BBCE937A534CCEB38643598122B6FEE978D0B0485F9C41B54DDD7D022595594E1A469170414C76A4D9A4D207E29CF43ECE46F218070CC6BECC4078ACAA135ACF422C856C0E68EA1BF5669944DDD7BCDE7B1F8E415D77AECB980613C2E4AC91FC167A2B244592486606FC29C8FD7F045B9A
310
EF7053A7E60B504B0304140006080800CC70623B1EC5D7A3EB0000007C01000008000000636F72652E786D6C8D90416EC3201045AF82665B6103C6756C6122AB4D4ED00B204C5C94182C03558F5F9C3852BBEB6A467FFE9B197D71FC9E6FE8CBACC17AD7032D0820E3B41FAD9B7A48F1820F808E52ACDEC75F36404ECDA687
310
4D0629A6D5A76597B477D1B89855E747B38B2A041301E95B6E7A08FAD3CCAA50296647B8168BD2573599823EBB0CA76447F43862C7BCCF5EAC59410E4DDD9C7973C2755553CCCFA4C603E3040F1565ED3B1FDE4E432BCA0D9622DAF9795FAF464533826484B498524CD807E51D79ED187F21878E10516EF63F505AC67F42C9
310
BA58B1FDDD071640D2FCC87D2045B96591CB3DA85CB7DCE40F504B0304140006080800CC70623B55019EA25F0000007C00000007000000636E782E786D6C4DCB3B0E80201045D1AD90E915ED2CF8AC45050C11660C8261F98AB1B07AC9C97D42D718D865D3E909258CFD00CCE24AC6E326A164D74DC0B4128928FF32603847
310
2BA13128B1252AC747C6BAB984FC68F0B87FE8960A5C09FE86CFB69FBA01504B0304140006080800CC70623B8C9102E971010000D40300000C0000006662782F636F72652E786D6CC5535B6E833010BC8AE5DF0A6C08340F1947A84D4ED00B38C6A128602363A31CBFCB234A53A551FA553EC09AD9F5CE8C31DB9E9B1AF5CA
310
7695D1198E428A91D2D214952E33ECDD315861B4E5CC1AE3BE9561A445A3323CC098B3D21ADFCE9034DA29ED00D5A6503328BA4E398C640D8B0C77F253352214DE4145770A5B214FA2546114020D759C75CE8200340D19DE981F0F6746269C33EFAB6266AB02A655C74A59CCF365BADC27CB5D902ED22848F6340DF238A141
310
BE88E2F57B92BFEDF23523433367AE6A2EEAA455C2A902F398D2751045018D3FA264435F3771F242571B4A1919CA6F9A7C5B3CD9E42BED16F12C776AEB308F40C848FC700B1139D4891EF410CEC810227CC6846F8386402064270EF5C5C709A05E49676C024C61FC95EA45ED154CA5211D1FF4FB8291A913A68E9B83EBBB33
310
E2A7673CDE118E5AE8124C0807CB8377834E366998436B950D7A7746DAD846D4CFD978E0F04FD455FC5D49D2D4C6FE9722321F10997F0F32DC47FE05504B0304140006080800CC70623BFFEA85907E0000009D0000000B0000006662782F636E782E786D6C4DCCD10A83201886E15B91FFDC95D95A811AB6F23E625948A6C3
310
E9D8E5AF46073BFAE0E1E365ED67B3E8ADC3CB78C7815C7240DA3DFC64DCC221C519D7805AC182F7F1EF06C88D9BE6703008B6049F9E274D7A1E938DBB5AE3D6131B2589BA0D3D965551E0B2EA732C9B9A624AAEB41E3A557677029960D9AFB4EF11165F504B0304140006080800CC70623B4FEEA4082C0100001202000031
310
0000006662782F39464131463745442D413632322D343644302D413938332D3331353338454246344243312F636F72652E786D6C8D515B6EC32010BC0AE2AB55850DD871ED0813254D72825EC00192A2C460F1A872FC42ED48ED5F7E00CDCECCCEB26C731F6FE05B39AFADE921293004CA082BB5B9F43086336A21D870E6AC
310
0D7F68109861543DCC30E4ECE26C9C164858139409093556AA051CBC570102714B8F1E7AF1A5C6A11862480C7F2DA6415C878B2A4891CA89C7990F2E050073937C42DE1DB7E4F87ED8A36D4329AA9B3D46DBAEAD504556557BD81DEBDD0761E52CE42C462D17B996298E3E6BE59E35C962CE821E1FF18553435012728A7187
310
0841987E927A8D9B35ADDF70BBC6989599FE4F1427F9A4286A132ABAC49D651EF234CD5CE04CDA78BA3DC2A8FB645D00B9DF8B57E215725C60BCA2A463E54C4CE327C7A65E1C7DB02E7DEFCBF594B864C5CA6CDBD49C957943E9FA5D5FBAF336F90F504B0304140006080800CC70623BAD7543B64E01000033030000300000
310
006662782F39464131463745442D413632322D343644302D413938332D3331353338454246344243312F636E782E786D6CD593CD6EC32010845F0571AD6CE3D48AD20813A9873E410FBD12D82434182C7EAAE6EDBB2424CD25871E7B41D6EC30B3FA84F9E67BB2E40B4234DE8DB46F1925E094D7C6ED479AD3AE5951B2113C
310
789FEE6C943839C1488B4C05DF079FE72A69D8C96C13AAD6B8631503449F83828872B949AC57D26200B826A308D316B4064D6E46FCDA41C05550DC9E483A00797BFD207EFB092A45DE9514C1BBD22178396BD39D891265658C238DEA00936C654E5E433CB65A26D9F6EDB5EBC14EBF49A45CB856E66048291F6939A9A81BB5
310
C8917738143CA680F4AA299D66A042CEB3354A2684DC9D8D178FE0D9B8B41CAAD720F880EE7EF93C0C18769E099ECC04D5A102C8049A8A05632F4DDF376CF1DE0F6BB65C2F8627B65A33C6BB62177CEBBDAD973006829F89F22E814B54F4BC2BE347F8AA8F681390B50FA73F804400B5F542E796F19FF974E7F78DB802FE05
310
E207504B0304140006080800CC70623B16AB87BA640500003C100000340000006662782F39464131463745442D413632322D343644302D413938332D3331353338454246344243312F6F626A656374732E786D6CAD575B6FA33818FD2B887DE6924B3BED8A326A92B68A663B534DD4D13E548A0C38942D60649B369D5FBFC7
310
600890A493BDE42160637FD7F31D7FF63E6FB3D478A55C242CBF3247B66B1A340F5994E4F19559CA8D75611A9F7D8F33263BCB4C232719BD32D5B4E97B316765A1A722BA21652A07B3B7B33F0D11D29C9A46981221AE4C113ED38CD8A4942CA2E2C58E882476BCD9DA23BB5ED8171B73523C0F841684D35CC252CCE79062D4
310
468DFA43D7747CCF51DF7D4FFDEB5593E3AB9CCA9FBEFE241792E4E19EB28198C968BAB8199F5D5A67D3E9C49A9E8F47D6EC76B6B0469F26EEFC7C3EBFBCBEB98462213924694B38DD98FE1D62C393D073EA4FADC5DAF04326852CCF6958F90F0F2B9BB5C48816348F90C7840A68EB78EDF68723159BCEE7891A6B95DDE9D3
310
BCEAEEE8086A6C6F9E5D4B59F0175C10A7A0820BAA5055C7473B5AE3CFDD452D602CD5DF12616444529E90D448938013FE6EFA58AA96F85E4F8C42275708571E98FE6827AF6B2B4AE3D7D83D64E5A64C53054DD3AF90BD06FEA9149565C94FCA0F6B834DC85599E4F2423B24DF0B6AFA979E534DFA9E7A4CC6FA631D486393
310
921829879BF5D781A373557BCB85E97FB90DB62B558F8795179C15944B051F40AB495CF35451D26A4727654E6D8033BD98EF82F21D91FF8AF2DD9982BCF1643BDD4EB516C9492E368C67C88DED563FC36D5EACF66DFF057C3658BDBFA69DF9578B3DA735B64F18C7F20770A9D45CFCF7FCF563D6456A277DBEF78A02637CA2
310
43B90A490AEAB94F72244481D24819A6C0E59B606BFA4B3025981DBB48EAB701D97BF19C577CC77F2D1B6C55A9EF3C732474C0B727303F625995056C3B02963D9EAC146BE78EC5FCEC7FA999EBC5EACBAAE41B12D27B4D2C0BBA49F244E2ECDC81B76B502F113D8F5EE8FB1BE3111CDD4FC2AA9B844CAB1288B68AB90A7CDC
310
1C166AB0D3DC5310625FCC14E779BFD0709F8890A629C9292B1B2DED31A4B0DA928CEE135085754027E3018A397D4D5427D15BD1330B677DC8934285AC3DF45A9EB68FF8F2B8FC0A509AFEECFD0FF2DE25CC6047F7214B195F07EFEB9A094D800F7BFAE8FED187B78EA8A3A400F115961BCAD1215E47C966530AF0EE8128FE
310
58CEBB996A8964FFA529A046635D9353B0336A8F700DDF46271A024E70B0B37C9DE01847591E54DED53D54202AB947E4076556AC49C6CA5C9E1226B7F1A7B1BE15DEED62C41B91E1B3E9AFAAA735036547343A925075041DF0A9979E893B391F8FCFA6967B3EFB644DCF6E5CEBFAE272625DCC6FAF3FB93793C5F90CE1EF57
310
407342756B10D1C489E8953CD1617E5CEECAD6F4EF8914CE5D5D504E5C3F1F9736DA62CFC11E00BCDDB8CC8A9466349744C1F75EBDA4DF09BA8A9E8C7A7E9991989E20E5DBDD6A6003664ED8F7A04A8DBE0DF6EAD9B9AA858342E47399053949D2C146EDB85DE4B176BB0965FBAC19BD19AA918E27FA50C1D22402E144464C
310
59462568E704B6E71915404CB72B8FF4EDE184DDAF753F284990D2C6926782963815403548A70C657FDEF80D2D9CEAA2AE4C1C76F60BFE74219A06527D6582DF6412526107381E55E353090704D085B52408D0933C4ED159D79BDA71BB4BC506F4831350EB6F979CD22D69BF7AC49B91A2C0A9DDA3D5CA36AD20FC478E37E6
310
1844E2352865EBCB6EA275A652E3836BE04EFB400BF1A2556F515F1FBB35B2AB35BD889C744FFA1004B5544B121E57F70215746DD2F5E2C1412B602CBF19455AC6C8E5E9922C4E01E65215385004546899059180EAFCF7A707CE7017CD8CDB0410789AB32C63B91E5CEBBBACB17AC6CD347A022D5075FD106377347AAABA7E
310
7D11590744509B44E205134DC1290F06580320F78E537D3D73540E06CB970B431F185308AD40BBD794D6D77003C5A36E8EAA54BA64597CD8F83BD552A080A365F7FF06504B0304140006080000CC70623B000000000000000000000000350000006662782F39464131463745442D413632322D343644302D413938332D3331
310
353338454246344243312F76657274696365732E62696E504B0304140006080800CC70623BF270F1330600000004000000360000006662782F39464131463745442D413632322D343644302D413938332D3331353338454246344243312F747269616E676C65732E62696E636660600000504B0304140006080000CC70623B
310
000000000000000000000000370000006662782F39464131463745442D413632322D343644302D413938332D3331353338454246344243312F617474726962757465732E62696E504B0304140006080800CC70623B08DA0BD19000000041010000360000006662782F39464131463745442D413632322D343644302D413938
310
332D3331353338454246344243312F6469726563746F72792E786D6C858F410AC3201045AF22B36F53E9A60B35CBEEBAE80D244E44489C6234F4F835464A48035D0DF398FF9F8AF63D0E6CC63039F212F8F9020C7D47C6792B21C5FE7403D62A1188E2E60C98D7234A5830286103A55745067B9D86B8A3CF9C7F90C11DE607
310
FB144396D7B6A82D282E9A152AD114D5EF2CB866EEE831B8EEA07A7BB5A8D7D61A2BAAEB7FD5F70921FF497D00504B0304140006080800CC70623B0D6EF93BFE000000A00100003B0000006662782F39464131463745442D413632322D343644302D413938332D3331353338454246344243312F7265736F75726365732F63
310
6F72652E786D6C8D50596E833010BD0A9ADFCA60B334011947A8694ED00B586642AC041B79A97AFC9A40A5F6AF3F33A3B7689E1E3F7DCD8FEC139DD7D6F4C0720A191A65476DA61E62B892236427C19DB5E1970C322367EC618541F0C9D9B8EC90B226A009093576C41D94DE63804C3DD2D18357379C652E63480A7FCF17A9
310
EE72C29CE5894E3AC17D702940B63D59270887DE46A7D0F36263058F518FBB468FE9A7BE6A7420864373B8D4873369AA8691FA421B3294352543C5CAF65C0F6FEF43CB8BD52C78D0F34F46E550061C419494B6843142CB0F5677F4B52BEB177AEC28E5C52AFF638ACBF84F53D42654E51E77B379102C05791282176B5F693D
310
CB4C7BED567C03504B010214000A0000080000CC70623B3DEE336E79000000790000001B00000000000000000000000000000000006175746F6465736B2D64657369676E2D7061636B6167652E786D6C504B01021400140006080800CC70623BD486FD9CA0000000F40000001300000000000000000000000000B20000005B
310
436F6E74656E745F54797065735D2E786D6C504B01021400140006080800CC70623B1EC5D7A3EB0000007C010000080000000000000000000000000083010000636F72652E786D6C504B01021400140006080800CC70623B55019EA25F0000007C000000070000000000000000000000000094020000636E782E786D6C504B
310
01021400140006080800CC70623B8C9102E971010000D40300000C00000000000000000000000000180300006662782F636F72652E786D6C504B01021400140006080800CC70623BFFEA85907E0000009D0000000B00000000000000000000000000B30400006662782F636E782E786D6C504B01021400140006080800CC70
310
623B4FEEA4082C0100001202000031000000000000000000000000005A0500006662782F39464131463745442D413632322D343644302D413938332D3331353338454246344243312F636F72652E786D6C504B01021400140006080800CC70623BAD7543B64E010000330300003000000000000000000000000000D5060000
310
6662782F39464131463745442D413632322D343644302D413938332D3331353338454246344243312F636E782E786D6C504B01021400140006080800CC70623B16AB87BA640500003C1000003400000000000000000000000000710800006662782F39464131463745442D413632322D343644302D413938332D3331353338
310
454246344243312F6F626A656374732E786D6C504B01021400140006080000CC70623B0000000000000000000000003500000000000000000000000000270E00006662782F39464131463745442D413632322D343644302D413938332D3331353338454246344243312F76657274696365732E62696E504B01021400140006
310
080800CC70623BF270F133060000000400000036000000000000000000000000007A0E00006662782F39464131463745442D413632322D343644302D413938332D3331353338454246344243312F747269616E676C65732E62696E504B01021400140006080000CC70623B0000000000000000000000003700000000000000
310
000000000000D40E00006662782F39464131463745442D413632322D343644302D413938332D3331353338454246344243312F617474726962757465732E62696E504B01021400140006080800CC70623B08DA0BD190000000410100003600000000000000000000000000290F00006662782F39464131463745442D413632
310
322D343644302D413938332D3331353338454246344243312F6469726563746F72792E786D6C504B01021400140006080800CC70623B0D6EF93BFE000000A00100003B000000000000000000000000000D1000006662782F39464131463745442D413632322D343644302D413938332D3331353338454246344243312F7265
310
736F75726365732F636F72652E786D6C504B0506000000000E000E0080040000641100000000
  0
XRECORD
  5
175
102
{ACAD_REACTORS
330
173
102
}
330
173
100
AcDbXrecord
280
     1
270
     1
271
     1
  0
XRECORD
  5
174
102
{ACAD_REACTORS
330
173
102
}
330
173
100
AcDbXrecord
280
     1
270
     1
271
     1
  0
XRECORD
  5
1FB
102
{ACAD_REACTORS
330
173
102
}
330
173
100
AcDbXrecord
280
     1
 70
     0
 90
1673772943
  1
ECE7A1D2-D628-4531-984C-D00F80459256
310
504B03040A0000080000CC70623B3DEE336E79000000790000001B0000006175746F6465736B2D64657369676E2D7061636B6167652E786D6C3C3F786D6C2076657273696F6E3D22312E302220656E636F64696E673D227574662D3822203F3E3C666F726D6174733E3C666F726D61743E687474703A2F2F736368656D612E
310
6175746F6465736B2E636F6D2F64657369676E2D7061636B6167652F323030393C2F666F726D61743E3C2F666F726D6174733E504B0304140006080800CC70623BD486FD9CA0000000F4000000130000005B436F6E74656E745F54797065735D2E786D6C7D8EC10E82300C865F65E91D8A1E8C310C0EEA1BF002731658846E
310
D98AC1B77784ABF1D8FE5FBFBF75BBCE937A534CCEB38643598122B6FEE978D0B0485F9C41B54DDD7D022595594E1A469170414C76A4D9A4D207E29CF43ECE46F218070CC6BECC4078ACAA135ACF422C856C0E68EA1BF5669944DDD7BCDE7B1F8E415D77AECB980613C2E4AC91FC167A2B244592486606FC29C8FD7F045B9A
310
EF7053A7E60B504B0304140006080800CC70623BD9DDAED0EC0000007C01000008000000636F72652E786D6C8D90416EC3201045AF82665B61836D9CD8C2444DD39CA01740405C94182C03558F5F9C3852BBEB6A467FFE9B197D7EF89E6EE8CB2CC17A37002D0820E394D7D68D03A478C17B4007C117EFE32F1B20272733C0
310
2A83E0E3E2D3BC49CABB685CCCAAF3DA6CA20CC14440EA969B0182FA34932C648AD911AEC52CD5558EA6A0CF2EC329598D1E47ACCEFBECC59A050463A7EA5833865FEBDD0E37353BE3EE8DBDE3F6786A48D375FBF6CC78B9C282473B3DEFABC5C86834888A900E538A49F5419B9EB47DD5BC907D4F082F57FB1F28CDFA9F50
310
B22ED6D5F6EE030B20687EE43E10BC5CB3C8E51E54AE6B6EE207504B0304140006080800CC70623B55019EA25F0000007C00000007000000636E782E786D6C4DCB3B0E80201045D1AD90E915ED2CF8AC45050C11660C8261F98AB1B07AC9C97D42D718D865D3E909258CFD00CCE24AC6E326A164D74DC0B4128928FF326038
310
472BA13128B1252AC747C6BAB984FC68F0B87FE8960A5C09FE86CFB69FBA01504B0304140006080800CC70623BA24EB22D72010000D40300000C0000006662782F636F72652E786D6CC5535B6E833010BC8AE5DF0A6C5E49888CA3A6694ED00B38E05014B091B1518EDFE511A5A9D228FD2A1F60CDEC7A67C6986DCE4D8D7A
310
69BA4AAB0C073EC548AA5C17952A33ECECD15B61B4E1CC686DBF9561A44423333CC098B3D268D7CE50AE9595CA02AA74216750749DB418E5352C32DCE59FB211BE70162ABA93DF8AFC244AE9073ED050C759670D0840D390E18DF9F1706664C23973AE2A66B62A605A75ACA4C13C4976E1364A12EF355A2EBD384AF65EFA96
310
BC7B8BED2EA6719AAE16FB8491A199335B351775B991C2CA02F390D2D40B028F861F41BCA68B7518BFD0D59A524686F29B26D7164F36B94AD9289CE54E6D1DE6010819891F6E21228B3AD1831EC219194284CF98F06DD01008846CC5A1BEF83801D4CBDC6A1303536877A57A513B0953A94FC707FDBE6064EA84A9E3E6E0FA
310
EE8CF0E9198F7784A316AA0413C2C2F2E0ECA0934D1AE6D05A69BCDE9E91D2A611F573361E38FC1375157F5752AE6B6DFE4B11990F88CCBF0719EE23FF02504B0304140006080800CC70623B408A7D3B7C0000009D0000000B0000006662782F636E782E786D6C4DCCD10A83201886E15B91FFDC552A92A0064DBC8F581632
310
D3703A76F9ABD1C18E3E78F878E5F0D9027ABBFCF2292AE86E2D20171F69F6715550CB827B40839639A5F2770314A7CD293819B45C73AAFB45B35BA61ACAA1C1C7E7855C58C15BC331339661262CC762340413D68D77DA5B42298546CBE6573AF60CEB2F504B0304140006080800CC70623B449FB9BD290100001202000031
310
0000006662782F36394639363044362D344446342D343946362D394244322D3234314243333846323333332F636F72652E786D6C8D515B6EC32010BC0AE22B55850D98B871848994463E412FE002495162B07854397EA176A4F62F3F2C9A9D991D587EB84F37F0AD7D30CEF6905418026DA553C65E7A98E219ED203808EE9D
310
8B7F6810D871D23D2C3014FCE25D9A57483A1BB58D19B54EE9151C43D0110279CB971E06F9A5A7B11A53CC8C70ADE6515EC78BAE4895DB992778883E0700CB907242D17643D7E2538BD869608875438BBAE38922CAC8F1BDD90DB4691A5E2F42C153326A951B95E398B3D1FE599322163C9AE9115F7A3D46ADA0A018778810
310
84E907617BDCEE297BC5BB3DC6BC2EF47FA234AB2745C9D8D8D035EE220B50105E2F0DC1954B9FB747187D9F9D8FA0CCDB042D5FA0C015C65B42DF78BD10F3F3B363CB56C7109DCFDFBBB97E662ED92EB62D13BC2E1BCAE5777DB9966D8A1F504B0304140006080800CC70623BAD7543B64E01000033030000300000006662
310
782F36394639363044362D344446342D343946362D394244322D3234314243333846323333332F636E782E786D6CD593CD6EC32010845F0571AD6CE3D48AD20813A9873E410FBD12D82434182C7EAAE6EDBB2424CD25871E7B41D6EC30B3FA84F9E67BB2E40B4234DE8DB46F1925E094D7C6ED479AD3AE5951B2113C789FEE
310
6C943839C1488B4C05DF079FE72A69D8C96C13AAD6B8631503449F83828872B949AC57D26200B826A308D316B4064D6E46FCDA41C05550DC9E483A00797BFD207EFB092A45DE9514C1BBD22178396BD39D891265658C238DEA00936C654E5E433CB65A26D9F6EDB5EBC14EBF49A45CB856E66048291F6939A9A81BB5C89177
310
38143CA680F4AA299D66A042CEB3354A2684DC9D8D178FE0D9B8B41CAAD720F880EE7EF93C0C18769E099ECC04D5A102C8049A8A05632F4DDF376CF1DE0F6BB65C2F8627B65A33C6BB62177CEBBDAD973006829F89F22E814B54F4BC2BE347F8AA8F681390B50FA73F804400B5F542E796F19FF974E7F78DB802FE05E20750
310
4B0304140006080800CC70623B8D05915C650500003B100000340000006662782F36394639363044362D344446342D343946362D394244322D3234314243333846323333332F6F626A656374732E786D6CAD575B6FA33814FE2B887D06429276DA1565D4266D158D3A339A6846FB502932E050B66023DB74D2FDF5FB190C01
310
9276B2973C046C8ECFF53B17071F77456EBD502133CEAE6CDF9DD81665314F32965ED995DA3A17B6F5310C04E7AA47665B8C14F4CAD6DB7618A48257A5D94AE89654B91AEDDEDDFC61C998326A5B714EA4BCB265FC440BE2924AF184CA6737218AB8E976E7FA6E4338649B0A523E8D98964450A6A029F619B8588D52FE7039
310
B1BD30F0F4F730D0FF866AF6369557DB33949F31A9088B0F848DD8CCFCF9F2767A76E99CCDE733677E3EF59D9BBB9BA5E37F984D16E78BC5E5F5ED25044B25C0C96822E8D60EEFE11B91C581D77CEA34368A1F5329E68CD1B8B61F16D63A1B8E092D294B10C78C4A48EB593D192E7DED9BDEE7995E1B91FDEDD3ACEA9FE831
310
6A756F9F7D4D79F4274C90A7A04248AA51D5F8C718DAE06FB2F75AC4796EBE65D22A88A22223B995679120E2D50E41AA49C260C046A35368846B0BECD0DFF3EBEB8AD4F835768F69B9ADF25C43D30E6B646F807FAA64AD59F61715C7A54127C4AACA98BA3006A9D792DAE165E0D59B61A01FB3A9F9D838D2DAE62445C86166
310
F37564E842E7DE6A69879FEEA2DD5AE7E371E1A5E025154AC307D06A03D73EB5978C58FFA4C8E9033066E0F3BD53BEC1F39F91BE7B55103791EDE6BBB991A2046172CB4581D8B893FA674DDA17A77B3B7C413D1B511FD2743BFF8A38F03A658705E3ADF8015C3A3417FF3D7E439FF591DA0B5F18BC20C1B8981957AE6392A3
310
F43C640C01D1A0B4728E2DD4F26DB4B3C3152A252A3B4E913CEC1C72F012782FF88EFF8637AA552DBEF76408E8A8DE9E50F9E1CB3A2DA0DB1B6039A893B56063DC5B3E3FFB5F72E67AB9FEB4AEC496C4F4C1149625DD662C53E89D7BF0F6151A046260D1337DFDC94502430F83B0EE07A130A224BCAD7DAE1D9FB6CD422FF6
310
920702629C4BB9AE79C12F243C6432A6794E18E5552BA56B431AAB5D91317302B2B071E86C3A42B1A02F999E24061403B5D0EB639195DA655DD3EBEAB4FB862DDF579F014AD0E73C22F99E28DA57FB98E75C6CA2D74D53086D600F4786E0FE3144B771A8A7B900F03594DB8A633CBC49B2EDB69228BB479CF863B5E807AAAB
310
23872F6DFEB4129B949CA33823F58830E86D65621E10047D9DB34D862E8EAC3C2ABC2F7B2C40D67CDFE01F5545B92105AF983AC54D93D69E56FB8E797F88913F898A9FEC705D3F9D1B54EC8426FB500D40A03BD0119B06E1B95DDC7EB8F6975367793EBD70E66733DFB9BC982F9CE564727731999F5D4ECFCE3B8D6A4DC2A0
310
6D50FD148437D110834A64C6CDDF57FBACB5C307A2A477DFE4939736CFEF2B175371E0E10CF0DD1D5C15654E0BCA14D1E87DD02FF93782A162C0A3D95F1524A52770F972BF1EE9809D13CE7DD599467F8ECE9ADD85CE85A34CD45355448C64F9E8A031DC2D596ACC6E5DD93D9B82DE2EF5CAF81363A8E47996A0DE24564A79
310
4115AACE09C55E14540231FDA13C319787134EBF34E3A022514E5B4D9E0826E25C02D5805B15ABE1BEF51B26383D445DD9E875EE33FE4C22DA16427D65A3BCA92CA6D28DD01DF5DC53330704308475351050232CCD31583787BA75774AFB06E5070DD0C8EF484E19968C5D83BA5B90B244D31E54D55A372320FE4786B7EA58
310
44E135AA5467CB7EA333A61683CC6A8C3257034C10CF46F40EF9F5BE59BE5BD30C3C72D235E95D10345C1D45445A5F0BB47E46A5EBE5570F9380B5FA629579952296A773720405982B9DE04011506178964401AA8BDF1FBF0A8EAB6861DD6580C0E38217056766716DAEB2D6FA0917D3E4116581EADB879C4E7CFFB11EFACD
310
3D641311495D92C8676CB409A72D18610D803CE8A626049E8EC1887CB5B44CC39883690DDA8399B4B9855B481E7D71D4A9D22F96E5BB73BF5793020C02137BF837504B0304140006080000CC70623B000000000000000000000000350000006662782F36394639363044362D344446342D343946362D394244322D32343142
310
43333846323333332F76657274696365732E62696E504B0304140006080800CC70623BF270F1330600000004000000360000006662782F36394639363044362D344446342D343946362D394244322D3234314243333846323333332F747269616E676C65732E62696E636660600000504B0304140006080000CC70623B0000
310
00000000000000000000370000006662782F36394639363044362D344446342D343946362D394244322D3234314243333846323333332F617474726962757465732E62696E504B0304140006080800CC70623B08DA0BD19000000041010000360000006662782F36394639363044362D344446342D343946362D394244322D
310
3234314243333846323333332F6469726563746F72792E786D6C858F410AC3201045AF22B36F53E9A60B35CBEEBAE80D244E44489C6234F4F835464A48035D0DF398FF9F8AF63D0E6CC63039F212F8F9020C7D47C6792B21C5FE7403D62A1188E2E60C98D7234A5830286103A55745067B9D86B8A3CF9C7F90C11DE607FB14
310
4396D7B6A82D282E9A152AD114D5EF2CB866EEE831B8EEA07A7BB5A8D7D61A2BAAEB7FD5F70921FF497D00504B0304140006080800CC70623BCA768048FE000000A00100003B0000006662782F36394639363044362D344446342D343946362D394244322D3234314243333846323333332F7265736F75726365732F636F72
310
652E786D6C8D50596E833010BD0A9ADFCA60D600328E9AA639412F609909B1126CE4A5EAF16B0295DABFFECC8CDEA2797AECF8353F924FB44E193D409E5248504B332A3D0D10FC95B4901C39B3C6F85F3248B49871801506CE266BC2B243D2688FDA47549B11775038871E12F988C7004EDE7016A9083E2ADC3D5D84BC8B09
310
D33C8D74D471E6BC8D0192EDC93A815B742658898E651BCB59086ADC356A8C3FD555A1055ED7E7E254D615792D0F075295F585746FF53B694EE78A565DD736979A65AB9933AFE69F8CD2A2F038022F28ED489E135A7CE4554F9BBEA85E68DB53CAB255FEC71496F19FA6A0B42F8B3DEE6673C0F318E4497096AD7DC5F52C33
310
EEB55BFE0D504B010214000A0000080000CC70623B3DEE336E79000000790000001B00000000000000000000000000000000006175746F6465736B2D64657369676E2D7061636B6167652E786D6C504B01021400140006080800CC70623BD486FD9CA0000000F40000001300000000000000000000000000B20000005B436F
310
6E74656E745F54797065735D2E786D6C504B01021400140006080800CC70623BD9DDAED0EC0000007C010000080000000000000000000000000083010000636F72652E786D6C504B01021400140006080800CC70623B55019EA25F0000007C000000070000000000000000000000000095020000636E782E786D6C504B0102
310
1400140006080800CC70623BA24EB22D72010000D40300000C00000000000000000000000000190300006662782F636F72652E786D6C504B01021400140006080800CC70623B408A7D3B7C0000009D0000000B00000000000000000000000000B50400006662782F636E782E786D6C504B01021400140006080800CC70623B
310
449FB9BD290100001202000031000000000000000000000000005A0500006662782F36394639363044362D344446342D343946362D394244322D3234314243333846323333332F636F72652E786D6C504B01021400140006080800CC70623BAD7543B64E010000330300003000000000000000000000000000D20600006662
310
782F36394639363044362D344446342D343946362D394244322D3234314243333846323333332F636E782E786D6C504B01021400140006080800CC70623B8D05915C650500003B10000034000000000000000000000000006E0800006662782F36394639363044362D344446342D343946362D394244322D32343142433338
310
46323333332F6F626A656374732E786D6C504B01021400140006080000CC70623B0000000000000000000000003500000000000000000000000000250E00006662782F36394639363044362D344446342D343946362D394244322D3234314243333846323333332F76657274696365732E62696E504B010214001400060808
310
00CC70623BF270F13306000000040000003600000000000000000000000000780E00006662782F36394639363044362D344446342D343946362D394244322D3234314243333846323333332F747269616E676C65732E62696E504B01021400140006080000CC70623B00000000000000000000000037000000000000000000
310
00000000D20E00006662782F36394639363044362D344446342D343946362D394244322D3234314243333846323333332F617474726962757465732E62696E504B01021400140006080800CC70623B08DA0BD190000000410100003600000000000000000000000000270F00006662782F36394639363044362D344446342D
310
343946362D394244322D3234314243333846323333332F6469726563746F72792E786D6C504B01021400140006080800CC70623BCA768048FE000000A00100003B000000000000000000000000000B1000006662782F36394639363044362D344446342D343946362D394244322D3234314243333846323333332F7265736F
310
75726365732F636F72652E786D6C504B0506000000000E000E0080040000621100000000
  0
XRECORD
  5
176
102
{ACAD_REACTORS
330
173
102
}
330
173
100
AcDbXrecord
280
     1
270
     1
271
     1
  0
XRECORD
  5
177
102
{ACAD_REACTORS
330
173
102
}
330
173
100
AcDbXrecord
280
     1
270
     1
271
     1
  0
CELLSTYLEMAP
  5
48E0
102
{ACAD_REACTORS
330
162
102
}
330
162
100
AcDbCellStyleMap
 90
        3
300
CELLSTYLE
  1
TABLEFORMAT_BEGIN
 90
        5
170
     1
 91
        0
 92
    32768
 62
   257
 93
        1
300
CONTENTFORMAT
  1
CONTENTFORMAT_BEGIN
 90
        0
 91
        0
 92
      512
 93
        0
300

 40
0.0
140
1.0
 94
        5
 62
     0
340
11
144
6.0
309
CONTENTFORMAT_END
171
     1
301
MARGIN
  1
CELLMARGIN_BEGIN
 40
1.5
 40
1.5
 40
1.5
 40
1.5
 40
4.5
 40
4.5
309
CELLMARGIN_END
 94
        6
 95
        1
302
GRIDFORMAT
  1
GRIDFORMAT_BEGIN
 90
        0
 91
        1
 62
     0
 92
       -2
340
14
 93
        0
 40
1.125
309
GRIDFORMAT_END
 95
        2
302
GRIDFORMAT
  1
GRIDFORMAT_BEGIN
 90
        0
 91
        1
 62
     0
 92
       -2
340
14
 93
        0
 40
1.125
309
GRIDFORMAT_END
 95
        4
302
GRIDFORMAT
  1
GRIDFORMAT_BEGIN
 90
        0
 91
        1
 62
     0
 92
       -2
340
14
 93
        0
 40
1.125
309
GRIDFORMAT_END
 95
        8
302
GRIDFORMAT
  1
GRIDFORMAT_BEGIN
 90
        0
 91
        1
 62
     0
 92
       -2
340
14
 93
        0
 40
1.125
309
GRIDFORMAT_END
 95
       16
302
GRIDFORMAT
  1
GRIDFORMAT_BEGIN
 90
        0
 91
        1
 62
     0
 92
       -2
340
14
 93
        0
 40
1.125
309
GRIDFORMAT_END
 95
       32
302
GRIDFORMAT
  1
GRIDFORMAT_BEGIN
 90
        0
 91
        1
 62
     0
 92
       -2
340
14
 93
        0
 40
1.125
309
GRIDFORMAT_END
309
TABLEFORMAT_END
  1
CELLSTYLE_BEGIN
 90
        1
 91
        1
300
_TITLE
309
CELLSTYLE_END
300
CELLSTYLE
  1
TABLEFORMAT_BEGIN
 90
        5
170
     1
 91
        0
 92
        0
 62
   257
 93
        1
300
CONTENTFORMAT
  1
CONTENTFORMAT_BEGIN
 90
        0
 91
        0
 92
      512
 93
        0
300

 40
0.0
140
1.0
 94
        5
 62
     0
340
11
144
4.5
309
CONTENTFORMAT_END
171
     1
301
MARGIN
  1
CELLMARGIN_BEGIN
 40
1.5
 40
1.5
 40
1.5
 40
1.5
 40
4.5
 40
4.5
309
CELLMARGIN_END
 94
        6
 95
        1
302
GRIDFORMAT
  1
GRIDFORMAT_BEGIN
 90
        0
 91
        1
 62
     0
 92
       -2
340
14
 93
        0
 40
1.125
309
GRIDFORMAT_END
 95
        2
302
GRIDFORMAT
  1
GRIDFORMAT_BEGIN
 90
        0
 91
        1
 62
     0
 92
       -2
340
14
 93
        0
 40
1.125
309
GRIDFORMAT_END
 95
        4
302
GRIDFORMAT
  1
GRIDFORMAT_BEGIN
 90
        0
 91
        1
 62
     0
 92
       -2
340
14
 93
        0
 40
1.125
309
GRIDFORMAT_END
 95
        8
302
GRIDFORMAT
  1
GRIDFORMAT_BEGIN
 90
        0
 91
        1
 62
     0
 92
       -2
340
14
 93
        0
 40
1.125
309
GRIDFORMAT_END
 95
       16
302
GRIDFORMAT
  1
GRIDFORMAT_BEGIN
 90
        0
 91
        1
 62
     0
 92
       -2
340
14
 93
        0
 40
1.125
309
GRIDFORMAT_END
 95
       32
302
GRIDFORMAT
  1
GRIDFORMAT_BEGIN
 90
        0
 91
        1
 62
     0
 92
       -2
340
14
 93
        0
 40
1.125
309
GRIDFORMAT_END
309
TABLEFORMAT_END
  1
CELLSTYLE_BEGIN
 90
        2
 91
        1
300
_HEADER
309
CELLSTYLE_END
300
CELLSTYLE
  1
TABLEFORMAT_BEGIN
 90
        5
170
     1
 91
        0
 92
        0
 62
   257
 93
        1
300
CONTENTFORMAT
  1
CONTENTFORMAT_BEGIN
 90
        0
 91
        0
 92
      512
 93
        0
300

 40
0.0
140
1.0
 94
        2
 62
     0
340
11
144
4.5
309
CONTENTFORMAT_END
171
     1
301
MARGIN
  1
CELLMARGIN_BEGIN
 40
1.5
 40
1.5
 40
1.5
 40
1.5
 40
4.5
 40
4.5
309
CELLMARGIN_END
 94
        6
 95
        1
302
GRIDFORMAT
  1
GRIDFORMAT_BEGIN
 90
        0
 91
        1
 62
     0
 92
       -2
340
14
 93
        0
 40
1.125
309
GRIDFORMAT_END
 95
        2
302
GRIDFORMAT
  1
GRIDFORMAT_BEGIN
 90
        0
 91
        1
 62
     0
 92
       -2
340
14
 93
        0
 40
1.125
309
GRIDFORMAT_END
 95
        4
302
GRIDFORMAT
  1
GRIDFORMAT_BEGIN
 90
        0
 91
        1
 62
     0
 92
       -2
340
14
 93
        0
 40
1.125
309
GRIDFORMAT_END
 95
        8
302
GRIDFORMAT
  1
GRIDFORMAT_BEGIN
 90
        0
 91
        1
 62
     0
 92
       -2
340
14
 93
        0
 40
1.125
309
GRIDFORMAT_END
 95
       16
302
GRIDFORMAT
  1
GRIDFORMAT_BEGIN
 90
        0
 91
        1
 62
     0
 92
       -2
340
14
 93
        0
 40
1.125
309
GRIDFORMAT_END
 95
       32
302
GRIDFORMAT
  1
GRIDFORMAT_BEGIN
 90
        0
 91
        1
 62
     0
 92
       -2
340
14
 93
        0
 40
1.125
309
GRIDFORMAT_END
309
TABLEFORMAT_END
  1
CELLSTYLE_BEGIN
 90
        3
 91
        2
300
_DATA
309
CELLSTYLE_END
  0
ACDBASSOCARRAYACTIONBODY
  5
D46
330
D45
100
AcDbAssocActionBody
 90
        2
100
AcDbAssocArrayActionBody
 90
        1
  1
AcDbAssocArrayPathParameters
 90
        0
 90
       25
  1
AcDbAssocArrayItem
100
AcDbAssocArrayItem
 90
        0
 90
        0
 90
        0
 90
        0
 90
       12
 40
0.9783930474857946
 40
-0.2067535843255439
 40
0.0
 40
3317.034483180562
 40
0.2067535843255439
 40
0.9783930474857946
 40
0.0
 40
1239.683694075633
 40
0.0
 40
0.0
 40
1.0
 40
0.0
 40
0.0
 40
0.0
 40
0.0
 40
1.0
330
CD1
100
AcDbAssocArrayItem
 90
        0
 90
        1
 90
        0
 90
        0
 90
       12
 40
0.9739045093914315
 40
0.2269581604327882
 40
0.0
 40
3325.127674391718
 40
-0.2269581604327882
 40
0.9739045093914315
 40
0.0
 40
1239.599936608847
 40
0.0
 40
0.0
 40
1.0
 40
0.0
 40
0.0
 40
0.0
 40
0.0
 40
1.0
330
CD2
100
AcDbAssocArrayItem
 90
        0
 90
        2
 90
        0
 90
        0
 90
       12
 40
0.7076277431447388
 40
0.7065854351257772
 40
0.0
 40
3332.272322122357
 40
-0.7065854351257772
 40
0.7076277431447388
 40
0.0
 40
1235.921200265344
 40
0.0
 40
0.0
 40
1.0
 40
0.0
 40
0.0
 40
0.0
 40
0.0
 40
1.0
330
CD3
100
AcDbAssocArrayItem
 90
        0
 90
        3
 90
        0
 90
        0
 90
       12
 40
0.7984754440635227
 40
0.6020273791345045
 40
0.0
 40
3338.425912260978
 40
-0.6020273791345045
 40
0.7984754440635227
 40
0.0
 40
1230.57451022611
 40
0.0
 40
0.0
 40
1.0
 40
0.0
 40
0.0
 40
0.0
 40
0.0
 40
1.0
330
CD4
100
AcDbAssocArrayItem
 90
        0
 90
        4
 90
        0
 90
        0
 90
       12
 40
0.8740038411747665
 40
0.4859190113709829
 40
0.0
 40
3345.259276750277
 40
-0.4859190113709829
 40
0.8740038411747665
 40
0.0
 40
1226.12941228274
 40
0.0
 40
0.0
 40
1.0
 40
0.0
 40
0.0
 40
0.0
 40
0.0
 40
1.0
330
CD5
100
AcDbAssocArrayItem
 90
        0
 90
        5
 90
        0
 90
        0
 90
       12
 40
0.9327638699267099
 40
0.360487951198577
 40
0.0
 40
3352.641312764968
 40
-0.360487951198577
 40
0.9327638699267099
 40
0.0
 40
1222.671188714551
 40
0.0
 40
0.0
 40
1.0
 40
0.0
 40
0.0
 40
0.0
 40
0.0
 40
1.0
330
CD6
100
AcDbAssocArrayItem
 90
        0
 90
        6
 90
        0
 90
        0
 90
       12
 40
0.9736281785155078
 40
0.2281406802842805
 40
0.0
 40
3360.43039083696
 40
-0.2281406802842805
 40
0.9736281785155078
 40
0.0
 40
1220.266187933219
 40
0.0
 40
0.0
 40
1.0
 40
0.0
 40
0.0
 40
0.0
 40
0.0
 40
1.0
330
CD7
100
AcDbAssocArrayItem
 90
        0
 90
        7
 90
        0
 90
        0
 90
       12
 40
0.9958127569095296
 40
0.0914163725830455
 40
0.0
 40
3368.477072114682
 40
-0.0914163725830455
 40
0.9958127569095296
 40
0.0
 40
1218.960551542596
 40
0.0
 40
0.0
 40
1.0
 40
0.0
 40
0.0
 40
0.0
 40
0.0
 40
1.0
330
CD8
100
AcDbAssocArrayItem
 90
        0
 90
        8
 90
        0
 90
        0
 90
       12
 40
0.9984682411693889
 40
0.0553278535288254
 40
0.0
 40
3376.621186112038
 40
-0.0553278535288254
 40
0.9984682411693889
 40
0.0
 40
1218.482897395722
 40
0.0
 40
0.0
 40
1.0
 40
0.0
 40
0.0
 40
0.0
 40
0.0
 40
1.0
330
CD9
100
AcDbAssocArrayItem
 90
        0
 90
        9
 90
        0
 90
        0
 90
       12
 40
0.9984682411693889
 40
0.0553278535288254
 40
0.0
 40
3384.767138048364
 40
-0.0553278535288254
 40
0.9984682411693889
 40
0.0
 40
1218.031507940352
 40
0.0
 40
0.0
 40
1.0
 40
0.0
 40
0.0
 40
0.0
 40
0.0
 40
1.0
330
CDA
100
AcDbAssocArrayItem
 90
        0
 90
       10
 90
        0
 90
        0
 90
       12
 40
0.9984682411693889
 40
0.0553278535288254
 40
0.0
 40
3392.913089984691
 40
-0.0553278535288254
 40
0.9984682411693889
 40
0.0
 40
1217.580118484981
 40
0.0
 40
0.0
 40
1.0
 40
0.0
 40
0.0
 40
0.0
 40
0.0
 40
1.0
330
CDB
100
AcDbAssocArrayItem
 90
        0
 90
       11
 90
        0
 90
        0
 90
       12
 40
0.9984682411693889
 40
0.0553278535288254
 40
0.0
 40
3401.059041921018
 40
-0.0553278535288254
 40
0.9984682411693889
 40
0.0
 40
1217.128729029611
 40
0.0
 40
0.0
 40
1.0
 40
0.0
 40
0.0
 40
0.0
 40
0.0
 40
1.0
330
CDC
100
AcDbAssocArrayItem
 90
        0
 90
       12
 90
        0
 90
        0
 90
       12
 40
0.9984682411693889
 40
0.0553278535288254
 40
0.0
 40
3409.204993857346
 40
-0.0553278535288254
 40
0.9984682411693889
 40
0.0
 40
1216.677339574241
 40
0.0
 40
0.0
 40
1.0
 40
0.0
 40
0.0
 40
0.0
 40
0.0
 40
1.0
330
CDD
100
AcDbAssocArrayItem
 90
        0
 90
       13
 90
        0
 90
        0
 90
       12
 40
0.9984682411693889
 40
0.0553278535288254
 40
0.0
 40
3417.350945793672
 40
-0.0553278535288254
 40
0.9984682411693889
 40
0.0
 40
1216.225950118871
 40
0.0
 40
0.0
 40
1.0
 40
0.0
 40
0.0
 40
0.0
 40
0.0
 40
1.0
330
CDE
100
AcDbAssocArrayItem
 90
        0
 90
       14
 90
        0
 90
        0
 90
       12
 40
0.9984682411693889
 40
0.0553278535288254
 40
0.0
 40
3425.496897729999
 40
-0.0553278535288254
 40
0.9984682411693889
 40
0.0
 40
1215.774560663501
 40
0.0
 40
0.0
 40
1.0
 40
0.0
 40
0.0
 40
0.0
 40
0.0
 40
1.0
330
CDF
100
AcDbAssocArrayItem
 90
        0
 90
       15
 90
        0
 90
        0
 90
       12
 40
0.9984682411693889
 40
0.0553278535288254
 40
0.0
 40
3433.642849666326
 40
-0.0553278535288254
 40
0.9984682411693889
 40
0.0
 40
1215.323171208131
 40
0.0
 40
0.0
 40
1.0
 40
0.0
 40
0.0
 40
0.0
 40
0.0
 40
1.0
330
CE0
100
AcDbAssocArrayItem
 90
        0
 90
       16
 90
        0
 90
        0
 90
       12
 40
0.9984682411693889
 40
0.0553278535288254
 40
0.0
 40
3441.788801602652
 40
-0.0553278535288254
 40
0.9984682411693889
 40
0.0
 40
1214.871781752761
 40
0.0
 40
0.0
 40
1.0
 40
0.0
 40
0.0
 40
0.0
 40
0.0
 40
1.0
330
CE1
100
AcDbAssocArrayItem
 90
        0
 90
       17
 90
        0
 90
        0
 90
       12
 40
0.9959655176968023
 40
0.0897367681552042
 40
0.0
 40
3449.932730222275
 40
-0.0897367681552042
 40
0.9959655176968023
 40
0.0
 40
1214.390582670816
 40
0.0
 40
0.0
 40
1.0
 40
0.0
 40
0.0
 40
0.0
 40
0.0
 40
1.0
330
CE2
100
AcDbAssocArrayItem
 90
        0
 90
       18
 90
        0
 90
        0
 90
       12
 40
0.9724532678092314
 40
0.2330979234724056
 40
0.0
 40
3457.976529220339
 40
-0.2330979234724056
 40
0.9724532678092314
 40
0.0
 40
1213.071342381008
 40
0.0
 40
0.0
 40
1.0
 40
0.0
 40
0.0
 40
0.0
 40
0.0
 40
1.0
330
CE3
100
AcDbAssocArrayItem
 90
        0
 90
       19
 90
        0
 90
        0
 90
       12
 40
0.9284171517530076
 40
0.371539489598122
 40
0.0
 40
3465.744296775144
 40
-0.371539489598122
 40
0.9284171517530076
 40
0.0
 40
1210.600535938162
 40
0.0
 40
0.0
 40
1.0
 40
0.0
 40
0.0
 40
0.0
 40
0.0
 40
1.0
330
CE4
100
AcDbAssocArrayItem
 90
        0
 90
       20
 90
        0
 90
        0
 90
       12
 40
0.8647865626233503
 40
0.5021396231189989
 40
0.0
 40
3473.072092235761
 40
-0.5021396231189989
 40
0.8647865626233503
 40
0.0
 40
1207.030310321921
 40
0.0
 40
0.0
 40
1.0
 40
0.0
 40
0.0
 40
0.0
 40
0.0
 40
1.0
330
CE5
100
AcDbAssocArrayItem
 90
        0
 90
       21
 90
        0
 90
        0
 90
       12
 40
0.7829044397046025
 40
0.6221419759916723
 40
0.0
 40
3479.80526067087
 40
-0.6221419759916723
 40
0.7829044397046025
 40
0.0
 40
1202.436016024865
 40
0.0
 40
0.0
 40
1.0
 40
0.0
 40
0.0
 40
0.0
 40
0.0
 40
1.0
330
CE6
100
AcDbAssocArrayItem
 90
        0
 90
       22
 90
        0
 90
        0
 90
       12
 40
0.6844989254052693
 40
0.7290138689483429
 40
0.0
 40
3485.801696899247
 40
-0.7290138689483429
 40
0.6844989254052693
 40
0.0
 40
1196.91461676177
 40
0.0
 40
0.0
 40
1.0
 40
0.0
 40
0.0
 40
0.0
 40
0.0
 40
1.0
330
CE7
100
AcDbAssocArrayItem
 90
        0
 90
       23
 90
        0
 90
        0
 90
       12
 40
0.5716468923860664
 40
0.8204997443176646
 40
0.0
 40
3490.93484465468
 40
-0.8204997443176646
 40
0.5716468923860664
 40
0.0
 40
1190.58264302648
 40
0.0
 40
0.0
 40
1.0
 40
0.0
 40
0.0
 40
0.0
 40
0.0
 40
1.0
330
CE8
100
AcDbAssocArrayItem
 90
        0
 90
       24
 90
        0
 90
        0
 90
       12
 40
0.446730110649952
 40
0.8946687701259511
 40
0.0
 40
3495.096367587193
 40
-0.8946687701259511
 40
0.446730110649952
 40
0.0
 40
1183.573732687086
 40
0.0
 40
0.0
 40
1.0
 40
0.0
 40
0.0
 40
0.0
 40
0.0
 40
1.0
330
CE9
 40
1.0
 40
0.0
 40
0.0
 40
-2455.000607920125
 40
0.0
 40
1.0
 40
0.0
 40
726.3740460286701
 40
0.0
 40
0.0
 40
1.0
 40
0.0
 40
0.0
 40
0.0
 40
0.0
 40
1.0
  0
ACDBASSOCDEPENDENCY
  5
D47
330
D45
100
AcDbAssocDependency
 90
        2
 90
        0
290
     0
290
     1
290
     1
290
     1
 90
        0
330
CCF
290
     0
330
0
330
0
360
0
 90
        2
  0
ACDBASSOCDEPENDENCY
  5
D48
330
D45
100
AcDbAssocDependency
 90
        2
 90
        0
290
     1
290
     0
290
     1
290
     1
 90
        0
330
C8C
290
     0
330
0
330
0
360
0
 90
        3
  0
ACDBASSOCDEPENDENCY
  5
D49
330
D45
100
AcDbAssocDependency
 90
        2
 90
        0
290
     1
290
     1
290
     1
290
     1
 90
-2147483648
330
B63
290
     0
330
0
330
0
360
0
 90
        4
  0
ACDBASSOCVERTEXACTIONPARAM
  5
D4A
330
D45
100
AcDbAssocActionParam
 90
        1
 90
        0
  1
BaseNormal
100
AcDbAssocSingleDependencyActionParam
 90
        0
330
0
100
AcDbAssocVertexActionParam
 90
        0
 10
0.0
 20
0.0
 30
1.0
  0
ACDBASSOCVERTEXACTIONPARAM
  5
D4B
330
D45
100
AcDbAssocActionParam
 90
        1
 90
        0
  1
Origin
100
AcDbAssocSingleDependencyActionParam
 90
        0
330
0
100
AcDbAssocVertexActionParam
 90
        0
 10
0.0
 20
0.0
 30
0.0
  0
ACDBASSOCEDGEACTIONPARAM
  5
D4C
330
D45
100
AcDbAssocActionParam
 90
        1
 90
        0
  1
RowProfile
100
AcDbAssocSingleDependencyActionParam
 90
        0
330
0
100
AcDbAssocEdgeActionParam
 90
        0
330
0
290
     1
 90
       47
 90
        4
 90
       11
 10
3320.89256706176
 20
1221.426586425989
 30
0.0
 10
0.0
 20
0.0
 30
-1.0
 10
1.0
 20
0.0
 30
0.0
 40
18.66029986267796
 40
4.504133300757851
 40
5.304085007145322
 40
0.0
 90
       11
 10
3373.857230377021
 20
1277.56745182145
 30
0.0
 10
0.0
 20
0.0
 30
1.0
 10
1.0
 20
0.0
 30
0.0
 40
58.8533334928724
 40
3.904117304829659
 40
4.636665942038336
 40
0.0
 90
       23
 10
3369.404934890682
 20
1218.882769594095
 30
0.0
 10
79.22407291086893
 20
-4.390022357481484
 30
0.0
 90
       11
 10
3444.897722488282
 20
1158.508315151212
 30
0.0
 10
0.0
 20
0.0
 30
-1.0
 10
1.0
 20
0.0
 30
0.0
 40
56.10863682191924
 40
4.778939180406535
 40
5.820078177670922
 40
0.0
  0
ACDBASSOCVERTEXACTIONPARAM
  5
D4D
330
D45
100
AcDbAssocActionParam
 90
        1
 90
        0
  1
basePoint
100
AcDbAssocSingleDependencyActionParam
 90
        0
330
0
100
AcDbAssocVertexActionParam
 90
        0
 10
0.0
 20
0.0
 30
0.0
  0
ACDBASSOCARRAYACTIONBODY
  5
D4F
330
D4E
100
AcDbAssocActionBody
 90
        2
100
AcDbAssocArrayActionBody
 90
        1
  1
AcDbAssocArrayPathParameters
 90
        0
 90
       25
  1
AcDbAssocArrayItem
100
AcDbAssocArrayItem
 90
        0
 90
        0
 90
        0
 90
        0
 90
       12
 40
0.9783930474857896
 40
-0.2067535843255674
 40
0.0
 40
3264.960237582887
 40
0.2067535843255674
 40
0.9783930474857896
 40
0.0
 40
1161.937086072492
 40
0.0
 40
0.0
 40
1.0
 40
0.0
 40
0.0
 40
0.0
 40
0.0
 40
1.0
330
C98
100
AcDbAssocArrayItem
 90
        0
 90
        1
 90
        0
 90
        0
 90
       12
 40
0.9739045093914311
 40
0.2269581604327891
 40
0.0
 40
3273.053428794043
 40
-0.2269581604327891
 40
0.9739045093914311
 40
0.0
 40
1161.853328605705
 40
0.0
 40
0.0
 40
1.0
 40
0.0
 40
0.0
 40
0.0
 40
0.0
 40
1.0
330
C99
100
AcDbAssocArrayItem
 90
        0
 90
        2
 90
        0
 90
        0
 90
       12
 40
0.7076277431447366
 40
0.7065854351257794
 40
0.0
 40
3280.198076524681
 40
-0.7065854351257794
 40
0.7076277431447366
 40
0.0
 40
1158.174592262203
 40
0.0
 40
0.0
 40
1.0
 40
0.0
 40
0.0
 40
0.0
 40
0.0
 40
1.0
330
C9A
100
AcDbAssocArrayItem
 90
        0
 90
        3
 90
        0
 90
        0
 90
       12
 40
0.7984754440635217
 40
0.6020273791345058
 40
0.0
 40
3286.351666663303
 40
-0.6020273791345058
 40
0.7984754440635217
 40
0.0
 40
1152.827902222968
 40
0.0
 40
0.0
 40
1.0
 40
0.0
 40
0.0
 40
0.0
 40
0.0
 40
1.0
330
C9B
100
AcDbAssocArrayItem
 90
        0
 90
        4
 90
        0
 90
        0
 90
       12
 40
0.8740038411747656
 40
0.4859190113709844
 40
0.0
 40
3293.185031152602
 40
-0.4859190113709844
 40
0.8740038411747656
 40
0.0
 40
1148.382804279598
 40
0.0
 40
0.0
 40
1.0
 40
0.0
 40
0.0
 40
0.0
 40
0.0
 40
1.0
330
C9C
100
AcDbAssocArrayItem
 90
        0
 90
        5
 90
        0
 90
        0
 90
       12
 40
0.9327638699267085
 40
0.3604879511985807
 40
0.0
 40
3300.567067167293
 40
-0.3604879511985807
 40
0.9327638699267085
 40
0.0
 40
1144.92458071141
 40
0.0
 40
0.0
 40
1.0
 40
0.0
 40
0.0
 40
0.0
 40
0.0
 40
1.0
330
C9D
100
AcDbAssocArrayItem
 90
        0
 90
        6
 90
        0
 90
        0
 90
       12
 40
0.9736281785155069
 40
0.2281406802842845
 40
0.0
 40
3308.356145239284
 40
-0.2281406802842845
 40
0.9736281785155069
 40
0.0
 40
1142.519579930077
 40
0.0
 40
0.0
 40
1.0
 40
0.0
 40
0.0
 40
0.0
 40
0.0
 40
1.0
330
C9E
100
AcDbAssocArrayItem
 90
        0
 90
        7
 90
        0
 90
        0
 90
       12
 40
0.9958127569095294
 40
0.091416372583048
 40
0.0
 40
3316.402826517007
 40
-0.091416372583048
 40
0.9958127569095294
 40
0.0
 40
1141.213943539455
 40
0.0
 40
0.0
 40
1.0
 40
0.0
 40
0.0
 40
0.0
 40
0.0
 40
1.0
330
C9F
100
AcDbAssocArrayItem
 90
        0
 90
        8
 90
        0
 90
        0
 90
       12
 40
0.9984682411693896
 40
0.0553278535288127
 40
0.0
 40
3324.546940514363
 40
-0.0553278535288127
 40
0.9984682411693896
 40
0.0
 40
1140.73628939258
 40
0.0
 40
0.0
 40
1.0
 40
0.0
 40
0.0
 40
0.0
 40
0.0
 40
1.0
330
CA0
100
AcDbAssocArrayItem
 90
        0
 90
        9
 90
        0
 90
        0
 90
       12
 40
0.9984682411693896
 40
0.0553278535288127
 40
0.0
 40
3332.69289245069
 40
-0.0553278535288127
 40
0.9984682411693896
 40
0.0
 40
1140.28489993721
 40
0.0
 40
0.0
 40
1.0
 40
0.0
 40
0.0
 40
0.0
 40
0.0
 40
1.0
330
CA1
100
AcDbAssocArrayItem
 90
        0
 90
       10
 90
        0
 90
        0
 90
       12
 40
0.998468241169389
 40
0.0553278535288216
 40
0.0
 40
3340.838844387015
 40
-0.0553278535288216
 40
0.998468241169389
 40
0.0
 40
1139.833510481841
 40
0.0
 40
0.0
 40
1.0
 40
0.0
 40
0.0
 40
0.0
 40
0.0
 40
1.0
330
CA2
100
AcDbAssocArrayItem
 90
        0
 90
       11
 90
        0
 90
        0
 90
       12
 40
0.9984682411693896
 40
0.0553278535288127
 40
0.0
 40
3348.984796323343
 40
-0.0553278535288127
 40
0.9984682411693896
 40
0.0
 40
1139.38212102647
 40
0.0
 40
0.0
 40
1.0
 40
0.0
 40
0.0
 40
0.0
 40
0.0
 40
1.0
330
CA3
100
AcDbAssocArrayItem
 90
        0
 90
       12
 90
        0
 90
        0
 90
       12
 40
0.9984682411693896
 40
0.0553278535288127
 40
0.0
 40
3357.13074825967
 40
-0.0553278535288127
 40
0.9984682411693896
 40
0.0
 40
1138.930731571099
 40
0.0
 40
0.0
 40
1.0
 40
0.0
 40
0.0
 40
0.0
 40
0.0
 40
1.0
330
CA4
100
AcDbAssocArrayItem
 90
        0
 90
       13
 90
        0
 90
        0
 90
       12
 40
0.9984682411693896
 40
0.0553278535288127
 40
0.0
 40
3365.276700195997
 40
-0.0553278535288127
 40
0.9984682411693896
 40
0.0
 40
1138.479342115729
 40
0.0
 40
0.0
 40
1.0
 40
0.0
 40
0.0
 40
0.0
 40
0.0
 40
1.0
330
CA5
100
AcDbAssocArrayItem
 90
        0
 90
       14
 90
        0
 90
        0
 90
       12
 40
0.998468241169389
 40
0.0553278535288216
 40
0.0
 40
3373.422652132323
 40
-0.0553278535288216
 40
0.998468241169389
 40
0.0
 40
1138.02795266036
 40
0.0
 40
0.0
 40
1.0
 40
0.0
 40
0.0
 40
0.0
 40
0.0
 40
1.0
330
CA6
100
AcDbAssocArrayItem
 90
        0
 90
       15
 90
        0
 90
        0
 90
       12
 40
0.9984682411693896
 40
0.0553278535288127
 40
0.0
 40
3381.568604068651
 40
-0.0553278535288127
 40
0.9984682411693896
 40
0.0
 40
1137.576563204989
 40
0.0
 40
0.0
 40
1.0
 40
0.0
 40
0.0
 40
0.0
 40
0.0
 40
1.0
330
CA7
100
AcDbAssocArrayItem
 90
        0
 90
       16
 90
        0
 90
        0
 90
       12
 40
0.9984682411693896
 40
0.0553278535288127
 40
0.0
 40
3389.714556004978
 40
-0.0553278535288127
 40
0.9984682411693896
 40
0.0
 40
1137.125173749619
 40
0.0
 40
0.0
 40
1.0
 40
0.0
 40
0.0
 40
0.0
 40
0.0
 40
1.0
330
CA8
100
AcDbAssocArrayItem
 90
        0
 90
       17
 90
        0
 90
        0
 90
       12
 40
0.9959655176968013
 40
0.089736768155214
 40
0.0
 40
3397.8584846246
 40
-0.089736768155214
 40
0.9959655176968013
 40
0.0
 40
1136.643974667674
 40
0.0
 40
0.0
 40
1.0
 40
0.0
 40
0.0
 40
0.0
 40
0.0
 40
1.0
330
CA9
100
AcDbAssocArrayItem
 90
        0
 90
       18
 90
        0
 90
        0
 90
       12
 40
0.9724532678092296
 40
0.2330979234724129
 40
0.0
 40
3405.902283622664
 40
-0.2330979234724129
 40
0.9724532678092296
 40
0.0
 40
1135.324734377866
 40
0.0
 40
0.0
 40
1.0
 40
0.0
 40
0.0
 40
0.0
 40
0.0
 40
1.0
330
CAA
100
AcDbAssocArrayItem
 90
        0
 90
       19
 90
        0
 90
        0
 90
       12
 40
0.9284171517530054
 40
0.3715394895981276
 40
0.0
 40
3413.670051177469
 40
-0.3715394895981276
 40
0.9284171517530054
 40
0.0
 40
1132.85392793502
 40
0.0
 40
0.0
 40
1.0
 40
0.0
 40
0.0
 40
0.0
 40
0.0
 40
1.0
330
CAB
100
AcDbAssocArrayItem
 90
        0
 90
       20
 90
        0
 90
        0
 90
       12
 40
0.8647865626233482
 40
0.5021396231190028
 40
0.0
 40
3420.997846638086
 40
-0.5021396231190028
 40
0.8647865626233482
 40
0.0
 40
1129.283702318779
 40
0.0
 40
0.0
 40
1.0
 40
0.0
 40
0.0
 40
0.0
 40
0.0
 40
1.0
330
CAC
100
AcDbAssocArrayItem
 90
        0
 90
       21
 90
        0
 90
        0
 90
       12
 40
0.7829044397046018
 40
0.6221419759916734
 40
0.0
 40
3427.731015073195
 40
-0.6221419759916734
 40
0.7829044397046018
 40
0.0
 40
1124.689408021723
 40
0.0
 40
0.0
 40
1.0
 40
0.0
 40
0.0
 40
0.0
 40
0.0
 40
1.0
330
CAD
100
AcDbAssocArrayItem
 90
        0
 90
       22
 90
        0
 90
        0
 90
       12
 40
0.6844989254052684
 40
0.7290138689483438
 40
0.0
 40
3433.727451301571
 40
-0.7290138689483438
 40
0.6844989254052684
 40
0.0
 40
1119.168008758628
 40
0.0
 40
0.0
 40
1.0
 40
0.0
 40
0.0
 40
0.0
 40
0.0
 40
1.0
330
CAE
100
AcDbAssocArrayItem
 90
        0
 90
       23
 90
        0
 90
        0
 90
       12
 40
0.5716468923860666
 40
0.8204997443176644
 40
0.0
 40
3438.860599057004
 40
-0.8204997443176644
 40
0.5716468923860666
 40
0.0
 40
1112.836035023338
 40
0.0
 40
0.0
 40
1.0
 40
0.0
 40
0.0
 40
0.0
 40
0.0
 40
1.0
330
CAF
100
AcDbAssocArrayItem
 90
        0
 90
       24
 90
        0
 90
        0
 90
       12
 40
0.4467301106499535
 40
0.8946687701259502
 40
0.0
 40
3443.022121989518
 40
-0.8946687701259502
 40
0.4467301106499535
 40
0.0
 40
1105.827124683943
 40
0.0
 40
0.0
 40
1.0
 40
0.0
 40
0.0
 40
0.0
 40
0.0
 40
1.0
330
CB0
 40
1.0
 40
-0.0000000000000001
 40
0.0
 40
-2395.66704360808
 40
-0.0000000000000001
 40
-1.0
 40
0.0
 40
2976.514641701042
 40
0.0
 40
0.0
 40
1.0
 40
0.0
 40
0.0
 40
0.0
 40
0.0
 40
1.0
  0
ACDBASSOCDEPENDENCY
  5
D50
330
D4E
100
AcDbAssocDependency
 90
        2
 90
        0
290
     0
290
     1
290
     1
290
     1
 90
        0
330
C96
290
     0
330
0
330
0
360
0
 90
        2
  0
ACDBASSOCDEPENDENCY
  5
D51
330
D4E
100
AcDbAssocDependency
 90
        2
 90
        0
290
     1
290
     0
290
     1
290
     1
 90
        0
330
C92
290
     0
330
0
330
0
360
0
 90
        3
  0
ACDBASSOCDEPENDENCY
  5
D52
330
D4E
100
AcDbAssocDependency
 90
        2
 90
        0
290
     1
290
     1
290
     1
290
     1
 90
-2147483648
330
BB4
290
     0
330
0
330
0
360
0
 90
        4
  0
ACDBASSOCVERTEXACTIONPARAM
  5
D53
330
D4E
100
AcDbAssocActionParam
 90
        1
 90
        0
  1
BaseNormal
100
AcDbAssocSingleDependencyActionParam
 90
        0
330
0
100
AcDbAssocVertexActionParam
 90
        0
 10
0.0
 20
0.0
 30
1.0
  0
ACDBASSOCVERTEXACTIONPARAM
  5
D54
330
D4E
100
AcDbAssocActionParam
 90
        1
 90
        0
  1
Origin
100
AcDbAssocSingleDependencyActionParam
 90
        0
330
0
100
AcDbAssocVertexActionParam
 90
        0
 10
0.0
 20
0.0
 30
0.0
  0
ACDBASSOCEDGEACTIONPARAM
  5
D55
330
D4E
100
AcDbAssocActionParam
 90
        1
 90
        0
  1
RowProfile
100
AcDbAssocSingleDependencyActionParam
 90
        0
330
0
100
AcDbAssocEdgeActionParam
 90
        0
330
0
290
     1
 90
       47
 90
        4
 90
       11
 10
3268.818321464085
 20
1143.679978422847
 30
0.0
 10
0.0
 20
0.0
 30
-1.0
 10
1.0
 20
-0.0000000000000001
 30
0.0
 40
18.66029986267796
 40
4.504133300757851
 40
5.304085007145322
 40
0.0
 90
       11
 10
3321.782984779345
 20
1199.820843818308
 30
0.0
 10
0.0
 20
0.0
 30
1.0
 10
1.0
 20
-0.0000000000000001
 30
0.0
 40
58.8533334928724
 40
3.904117304829659
 40
4.636665942038336
 40
0.0
 90
       23
 10
3317.330689293007
 20
1141.136161590953
 30
0.0
 10
79.22407291086893
 20
-4.390022357481484
 30
0.0
 90
       11
 10
3392.823476890607
 20
1080.761707148069
 30
0.0
 10
0.0
 20
0.0
 30
-1.0
 10
1.0
 20
-0.0000000000000001
 30
0.0
 40
56.10863682191972
 40
4.778939180406543
 40
5.820078177670926
 40
0.0
  0
ACDBASSOCVERTEXACTIONPARAM
  5
D56
330
D4E
100
AcDbAssocActionParam
 90
        1
 90
        0
  1
basePoint
100
AcDbAssocSingleDependencyActionParam
 90
        0
330
0
100
AcDbAssocVertexActionParam
 90
        0
 10
0.0
 20
0.0
 30
0.0
  0
ACDBASSOCARRAYACTIONBODY
  5
D58
330
D57
100
AcDbAssocActionBody
 90
        2
100
AcDbAssocArrayActionBody
 90
        1
  1
AcDbAssocArrayPathParameters
 90
        0
 90
       25
  1
AcDbAssocArrayItem
100
AcDbAssocArrayItem
 90
        0
 90
        0
 90
        0
 90
        0
 90
       12
 40
0.9783930474857896
 40
-0.2067535843255674
 40
0.0
 40
3264.960237582887
 40
0.2067535843255674
 40
0.9783930474857896
 40
0.0
 40
1161.937086072492
 40
0.0
 40
0.0
 40
1.0
 40
0.0
 40
0.0
 40
0.0
 40
0.0
 40
1.0
330
CF1
100
AcDbAssocArrayItem
 90
        0
 90
        1
 90
        0
 90
        0
 90
       12
 40
0.9739045093914311
 40
0.2269581604327891
 40
0.0
 40
3273.053428794043
 40
-0.2269581604327891
 40
0.9739045093914311
 40
0.0
 40
1161.853328605705
 40
0.0
 40
0.0
 40
1.0
 40
0.0
 40
0.0
 40
0.0
 40
0.0
 40
1.0
330
CF2
100
AcDbAssocArrayItem
 90
        0
 90
        2
 90
        0
 90
        0
 90
       12
 40
0.7076277431447366
 40
0.7065854351257794
 40
0.0
 40
3280.198076524681
 40
-0.7065854351257794
 40
0.7076277431447366
 40
0.0
 40
1158.174592262203
 40
0.0
 40
0.0
 40
1.0
 40
0.0
 40
0.0
 40
0.0
 40
0.0
 40
1.0
330
CF3
100
AcDbAssocArrayItem
 90
        0
 90
        3
 90
        0
 90
        0
 90
       12
 40
0.7984754440635217
 40
0.6020273791345058
 40
0.0
 40
3286.351666663303
 40
-0.6020273791345058
 40
0.7984754440635217
 40
0.0
 40
1152.827902222968
 40
0.0
 40
0.0
 40
1.0
 40
0.0
 40
0.0
 40
0.0
 40
0.0
 40
1.0
330
CF4
100
AcDbAssocArrayItem
 90
        0
 90
        4
 90
        0
 90
        0
 90
       12
 40
0.8740038411747656
 40
0.4859190113709844
 40
0.0
 40
3293.185031152602
 40
-0.4859190113709844
 40
0.8740038411747656
 40
0.0
 40
1148.382804279598
 40
0.0
 40
0.0
 40
1.0
 40
0.0
 40
0.0
 40
0.0
 40
0.0
 40
1.0
330
CF5
100
AcDbAssocArrayItem
 90
        0
 90
        5
 90
        0
 90
        0
 90
       12
 40
0.9327638699267085
 40
0.3604879511985807
 40
0.0
 40
3300.567067167293
 40
-0.3604879511985807
 40
0.9327638699267085
 40
0.0
 40
1144.92458071141
 40
0.0
 40
0.0
 40
1.0
 40
0.0
 40
0.0
 40
0.0
 40
0.0
 40
1.0
330
CF6
100
AcDbAssocArrayItem
 90
        0
 90
        6
 90
        0
 90
        0
 90
       12
 40
0.9736281785155069
 40
0.2281406802842845
 40
0.0
 40
3308.356145239284
 40
-0.2281406802842845
 40
0.9736281785155069
 40
0.0
 40
1142.519579930077
 40
0.0
 40
0.0
 40
1.0
 40
0.0
 40
0.0
 40
0.0
 40
0.0
 40
1.0
330
CF7
100
AcDbAssocArrayItem
 90
        0
 90
        7
 90
        0
 90
        0
 90
       12
 40
0.9958127569095294
 40
0.091416372583048
 40
0.0
 40
3316.402826517007
 40
-0.091416372583048
 40
0.9958127569095294
 40
0.0
 40
1141.213943539455
 40
0.0
 40
0.0
 40
1.0
 40
0.0
 40
0.0
 40
0.0
 40
0.0
 40
1.0
330
CF8
100
AcDbAssocArrayItem
 90
        0
 90
        8
 90
        0
 90
        0
 90
       12
 40
0.9984682411693896
 40
0.0553278535288127
 40
0.0
 40
3324.546940514363
 40
-0.0553278535288127
 40
0.9984682411693896
 40
0.0
 40
1140.73628939258
 40
0.0
 40
0.0
 40
1.0
 40
0.0
 40
0.0
 40
0.0
 40
0.0
 40
1.0
330
CF9
100
AcDbAssocArrayItem
 90
        0
 90
        9
 90
        0
 90
        0
 90
       12
 40
0.9984682411693896
 40
0.0553278535288127
 40
0.0
 40
3332.69289245069
 40
-0.0553278535288127
 40
0.9984682411693896
 40
0.0
 40
1140.28489993721
 40
0.0
 40
0.0
 40
1.0
 40
0.0
 40
0.0
 40
0.0
 40
0.0
 40
1.0
330
CFA
100
AcDbAssocArrayItem
 90
        0
 90
       10
 90
        0
 90
        0
 90
       12
 40
0.998468241169389
 40
0.0553278535288216
 40
0.0
 40
3340.838844387015
 40
-0.0553278535288216
 40
0.998468241169389
 40
0.0
 40
1139.833510481841
 40
0.0
 40
0.0
 40
1.0
 40
0.0
 40
0.0
 40
0.0
 40
0.0
 40
1.0
330
CFB
100
AcDbAssocArrayItem
 90
        0
 90
       11
 90
        0
 90
        0
 90
       12
 40
0.9984682411693896
 40
0.0553278535288127
 40
0.0
 40
3348.984796323343
 40
-0.0553278535288127
 40
0.9984682411693896
 40
0.0
 40
1139.38212102647
 40
0.0
 40
0.0
 40
1.0
 40
0.0
 40
0.0
 40
0.0
 40
0.0
 40
1.0
330
CFC
100
AcDbAssocArrayItem
 90
        0
 90
       12
 90
        0
 90
        0
 90
       12
 40
0.9984682411693896
 40
0.0553278535288127
 40
0.0
 40
3357.13074825967
 40
-0.0553278535288127
 40
0.9984682411693896
 40
0.0
 40
1138.930731571099
 40
0.0
 40
0.0
 40
1.0
 40
0.0
 40
0.0
 40
0.0
 40
0.0
 40
1.0
330
CFD
100
AcDbAssocArrayItem
 90
        0
 90
       13
 90
        0
 90
        0
 90
       12
 40
0.9984682411693896
 40
0.0553278535288127
 40
0.0
 40
3365.276700195997
 40
-0.0553278535288127
 40
0.9984682411693896
 40
0.0
 40
1138.479342115729
 40
0.0
 40
0.0
 40
1.0
 40
0.0
 40
0.0
 40
0.0
 40
0.0
 40
1.0
330
CFE
100
AcDbAssocArrayItem
 90
        0
 90
       14
 90
        0
 90
        0
 90
       12
 40
0.998468241169389
 40
0.0553278535288216
 40
0.0
 40
3373.422652132323
 40
-0.0553278535288216
 40
0.998468241169389
 40
0.0
 40
1138.02795266036
 40
0.0
 40
0.0
 40
1.0
 40
0.0
 40
0.0
 40
0.0
 40
0.0
 40
1.0
330
CFF
100
AcDbAssocArrayItem
 90
        0
 90
       15
 90
        0
 90
        0
 90
       12
 40
0.9984682411693896
 40
0.0553278535288127
 40
0.0
 40
3381.568604068651
 40
-0.0553278535288127
 40
0.9984682411693896
 40
0.0
 40
1137.576563204989
 40
0.0
 40
0.0
 40
1.0
 40
0.0
 40
0.0
 40
0.0
 40
0.0
 40
1.0
330
D00
100
AcDbAssocArrayItem
 90
        0
 90
       16
 90
        0
 90
        0
 90
       12
 40
0.9984682411693896
 40
0.0553278535288127
 40
0.0
 40
3389.714556004978
 40
-0.0553278535288127
 40
0.9984682411693896
 40
0.0
 40
1137.125173749619
 40
0.0
 40
0.0
 40
1.0
 40
0.0
 40
0.0
 40
0.0
 40
0.0
 40
1.0
330
D01
100
AcDbAssocArrayItem
 90
        0
 90
       17
 90
        0
 90
        0
 90
       12
 40
0.9959655176968013
 40
0.089736768155214
 40
0.0
 40
3397.8584846246
 40
-0.089736768155214
 40
0.9959655176968013
 40
0.0
 40
1136.643974667674
 40
0.0
 40
0.0
 40
1.0
 40
0.0
 40
0.0
 40
0.0
 40
0.0
 40
1.0
330
D02
100
AcDbAssocArrayItem
 90
        0
 90
       18
 90
        0
 90
        0
 90
       12
 40
0.9724532678092296
 40
0.2330979234724129
 40
0.0
 40
3405.902283622664
 40
-0.2330979234724129
 40
0.9724532678092296
 40
0.0
 40
1135.324734377866
 40
0.0
 40
0.0
 40
1.0
 40
0.0
 40
0.0
 40
0.0
 40
0.0
 40
1.0
330
D03
100
AcDbAssocArrayItem
 90
        0
 90
       19
 90
        0
 90
        0
 90
       12
 40
0.9284171517530054
 40
0.3715394895981276
 40
0.0
 40
3413.670051177469
 40
-0.3715394895981276
 40
0.9284171517530054
 40
0.0
 40
1132.85392793502
 40
0.0
 40
0.0
 40
1.0
 40
0.0
 40
0.0
 40
0.0
 40
0.0
 40
1.0
330
D04
100
AcDbAssocArrayItem
 90
        0
 90
       20
 90
        0
 90
        0
 90
       12
 40
0.8647865626233482
 40
0.5021396231190028
 40
0.0
 40
3420.997846638086
 40
-0.5021396231190028
 40
0.8647865626233482
 40
0.0
 40
1129.283702318779
 40
0.0
 40
0.0
 40
1.0
 40
0.0
 40
0.0
 40
0.0
 40
0.0
 40
1.0
330
D05
100
AcDbAssocArrayItem
 90
        0
 90
       21
 90
        0
 90
        0
 90
       12
 40
0.7829044397046018
 40
0.6221419759916734
 40
0.0
 40
3427.731015073195
 40
-0.6221419759916734
 40
0.7829044397046018
 40
0.0
 40
1124.689408021723
 40
0.0
 40
0.0
 40
1.0
 40
0.0
 40
0.0
 40
0.0
 40
0.0
 40
1.0
330
D06
100
AcDbAssocArrayItem
 90
        0
 90
       22
 90
        0
 90
        0
 90
       12
 40
0.6844989254052684
 40
0.7290138689483438
 40
0.0
 40
3433.727451301571
 40
-0.7290138689483438
 40
0.6844989254052684
 40
0.0
 40
1119.168008758628
 40
0.0
 40
0.0
 40
1.0
 40
0.0
 40
0.0
 40
0.0
 40
0.0
 40
1.0
330
D07
100
AcDbAssocArrayItem
 90
        0
 90
       23
 90
        0
 90
        0
 90
       12
 40
0.5716468923860666
 40
0.8204997443176644
 40
0.0
 40
3438.860599057004
 40
-0.8204997443176644
 40
0.5716468923860666
 40
0.0
 40
1112.836035023338
 40
0.0
 40
0.0
 40
1.0
 40
0.0
 40
0.0
 40
0.0
 40
0.0
 40
1.0
330
D08
100
AcDbAssocArrayItem
 90
        0
 90
       24
 90
        0
 90
        0
 90
       12
 40
0.4467301106499535
 40
0.8946687701259502
 40
0.0
 40
3443.022121989518
 40
-0.8946687701259502
 40
0.4467301106499535
 40
0.0
 40
1105.827124683943
 40
0.0
 40
0.0
 40
1.0
 40
0.0
 40
0.0
 40
0.0
 40
0.0
 40
1.0
330
D09
 40
1.0
 40
-0.0000000000000001
 40
0.0
 40
-2402.92636232245
 40
-0.0000000000000001
 40
-1.0
 40
0.0
 40
2994.103445055833
 40
0.0
 40
0.0
 40
1.0
 40
0.0
 40
0.0
 40
0.0
 40
0.0
 40
1.0
  0
ACDBASSOCDEPENDENCY
  5
D59
330
D57
100
AcDbAssocDependency
 90
        2
 90
        0
290
     0
290
     1
290
     1
290
     1
 90
        0
330
CEF
290
     0
330
0
330
0
360
0
 90
        2
  0
ACDBASSOCDEPENDENCY
  5
D5A
330
D57
100
AcDbAssocDependency
 90
        2
 90
        0
290
     1
290
     0
290
     1
290
     1
 90
        0
330
CEB
290
     0
330
0
330
0
360
0
 90
        3
  0
ACDBASSOCDEPENDENCY
  5
D5B
330
D57
100
AcDbAssocDependency
 90
        2
 90
        0
290
     1
290
     1
290
     1
290
     1
 90
-2147483648
330
B66
290
     0
330
0
330
0
360
0
 90
        4
  0
ACDBASSOCVERTEXACTIONPARAM
  5
D5C
330
D57
100
AcDbAssocActionParam
 90
        1
 90
        0
  1
BaseNormal
100
AcDbAssocSingleDependencyActionParam
 90
        0
330
0
100
AcDbAssocVertexActionParam
 90
        0
 10
0.0
 20
0.0
 30
1.0
  0
ACDBASSOCVERTEXACTIONPARAM
  5
D5D
330
D57
100
AcDbAssocActionParam
 90
        1
 90
        0
  1
Origin
100
AcDbAssocSingleDependencyActionParam
 90
        0
330
0
100
AcDbAssocVertexActionParam
 90
        0
 10
0.0
 20
0.0
 30
0.0
  0
ACDBASSOCEDGEACTIONPARAM
  5
D5E
330
D57
100
AcDbAssocActionParam
 90
        1
 90
        0
  1
RowProfile
100
AcDbAssocSingleDependencyActionParam
 90
        0
330
0
100
AcDbAssocEdgeActionParam
 90
        0
330
0
290
     1
 90
       47
 90
        4
 90
       11
 10
3268.818321464085
 20
1143.679978422847
 30
0.0
 10
0.0
 20
0.0
 30
-1.0
 10
1.0
 20
-0.0000000000000001
 30
0.0
 40
18.66029986267796
 40
4.504133300757851
 40
5.304085007145322
 40
0.0
 90
       11
 10
3321.782984779345
 20
1199.820843818308
 30
0.0
 10
0.0
 20
0.0
 30
1.0
 10
1.0
 20
-0.0000000000000001
 30
0.0
 40
58.8533334928724
 40
3.904117304829659
 40
4.636665942038336
 40
0.0
 90
       23
 10
3317.330689293007
 20
1141.136161590953
 30
0.0
 10
79.22407291086893
 20
-4.390022357481484
 30
0.0
 90
       11
 10
3392.823476890607
 20
1080.761707148069
 30
0.0
 10
0.0
 20
0.0
 30
-1.0
 10
1.0
 20
-0.0000000000000001
 30
0.0
 40
56.10863682191972
 40
4.778939180406543
 40
5.820078177670926
 40
0.0
  0
ACDBASSOCVERTEXACTIONPARAM
  5
D5F
330
D57
100
AcDbAssocActionParam
 90
        1
 90
        0
  1
basePoint
100
AcDbAssocSingleDependencyActionParam
 90
        0
330
0
100
AcDbAssocVertexActionParam
 90
        0
 10
0.0
 20
0.0
 30
0.0
  0
ACDBASSOCARRAYACTIONBODY
  5
4F1
330
4F0
100
AcDbAssocActionBody
 90
        2
100
AcDbAssocArrayActionBody
 90
        1
  1
AcDbAssocArrayPathParameters
 90
        0
 90
       25
  1
AcDbAssocArrayItem
100
AcDbAssocArrayItem
 90
        0
 90
        0
 90
        0
 90
        0
 90
       12
 40
0.9783930474857946
 40
-0.2067535843255439
 40
0.0
 40
3317.034483180562
 40
0.2067535843255439
 40
0.9783930474857946
 40
0.0
 40
1239.683694075633
 40
0.0
 40
0.0
 40
1.0
 40
0.0
 40
0.0
 40
0.0
 40
0.0
 40
1.0
330
2C5
100
AcDbAssocArrayItem
 90
        0
 90
        1
 90
        0
 90
        0
 90
       12
 40
0.9739045093914315
 40
0.2269581604327882
 40
0.0
 40
3325.127674391718
 40
-0.2269581604327882
 40
0.9739045093914315
 40
0.0
 40
1239.599936608847
 40
0.0
 40
0.0
 40
1.0
 40
0.0
 40
0.0
 40
0.0
 40
0.0
 40
1.0
330
2C6
100
AcDbAssocArrayItem
 90
        0
 90
        2
 90
        0
 90
        0
 90
       12
 40
0.7076277431447388
 40
0.7065854351257772
 40
0.0
 40
3332.272322122357
 40
-0.7065854351257772
 40
0.7076277431447388
 40
0.0
 40
1235.921200265344
 40
0.0
 40
0.0
 40
1.0
 40
0.0
 40
0.0
 40
0.0
 40
0.0
 40
1.0
330
2C7
100
AcDbAssocArrayItem
 90
        0
 90
        3
 90
        0
 90
        0
 90
       12
 40
0.7984754440635227
 40
0.6020273791345045
 40
0.0
 40
3338.425912260978
 40
-0.6020273791345045
 40
0.7984754440635227
 40
0.0
 40
1230.57451022611
 40
0.0
 40
0.0
 40
1.0
 40
0.0
 40
0.0
 40
0.0
 40
0.0
 40
1.0
330
2C8
100
AcDbAssocArrayItem
 90
        0
 90
        4
 90
        0
 90
        0
 90
       12
 40
0.8740038411747665
 40
0.4859190113709829
 40
0.0
 40
3345.259276750277
 40
-0.4859190113709829
 40
0.8740038411747665
 40
0.0
 40
1226.12941228274
 40
0.0
 40
0.0
 40
1.0
 40
0.0
 40
0.0
 40
0.0
 40
0.0
 40
1.0
330
2C9
100
AcDbAssocArrayItem
 90
        0
 90
        5
 90
        0
 90
        0
 90
       12
 40
0.9327638699267099
 40
0.360487951198577
 40
0.0
 40
3352.641312764968
 40
-0.360487951198577
 40
0.9327638699267099
 40
0.0
 40
1222.671188714551
 40
0.0
 40
0.0
 40
1.0
 40
0.0
 40
0.0
 40
0.0
 40
0.0
 40
1.0
330
2CA
100
AcDbAssocArrayItem
 90
        0
 90
        6
 90
        0
 90
        0
 90
       12
 40
0.9736281785155078
 40
0.2281406802842805
 40
0.0
 40
3360.43039083696
 40
-0.2281406802842805
 40
0.9736281785155078
 40
0.0
 40
1220.266187933219
 40
0.0
 40
0.0
 40
1.0
 40
0.0
 40
0.0
 40
0.0
 40
0.0
 40
1.0
330
2CB
100
AcDbAssocArrayItem
 90
        0
 90
        7
 90
        0
 90
        0
 90
       12
 40
0.9958127569095296
 40
0.0914163725830455
 40
0.0
 40
3368.477072114682
 40
-0.0914163725830455
 40
0.9958127569095296
 40
0.0
 40
1218.960551542596
 40
0.0
 40
0.0
 40
1.0
 40
0.0
 40
0.0
 40
0.0
 40
0.0
 40
1.0
330
2CC
100
AcDbAssocArrayItem
 90
        0
 90
        8
 90
        0
 90
        0
 90
       12
 40
0.9984682411693889
 40
0.0553278535288254
 40
0.0
 40
3376.621186112038
 40
-0.0553278535288254
 40
0.9984682411693889
 40
0.0
 40
1218.482897395722
 40
0.0
 40
0.0
 40
1.0
 40
0.0
 40
0.0
 40
0.0
 40
0.0
 40
1.0
330
2CD
100
AcDbAssocArrayItem
 90
        0
 90
        9
 90
        0
 90
        0
 90
       12
 40
0.9984682411693889
 40
0.0553278535288254
 40
0.0
 40
3384.767138048364
 40
-0.0553278535288254
 40
0.9984682411693889
 40
0.0
 40
1218.031507940352
 40
0.0
 40
0.0
 40
1.0
 40
0.0
 40
0.0
 40
0.0
 40
0.0
 40
1.0
330
2CE
100
AcDbAssocArrayItem
 90
        0
 90
       10
 90
        0
 90
        0
 90
       12
 40
0.9984682411693889
 40
0.0553278535288254
 40
0.0
 40
3392.913089984691
 40
-0.0553278535288254
 40
0.9984682411693889
 40
0.0
 40
1217.580118484981
 40
0.0
 40
0.0
 40
1.0
 40
0.0
 40
0.0
 40
0.0
 40
0.0
 40
1.0
330
2CF
100
AcDbAssocArrayItem
 90
        0
 90
       11
 90
        0
 90
        0
 90
       12
 40
0.9984682411693889
 40
0.0553278535288254
 40
0.0
 40
3401.059041921018
 40
-0.0553278535288254
 40
0.9984682411693889
 40
0.0
 40
1217.128729029611
 40
0.0
 40
0.0
 40
1.0
 40
0.0
 40
0.0
 40
0.0
 40
0.0
 40
1.0
330
2D0
100
AcDbAssocArrayItem
 90
        0
 90
       12
 90
        0
 90
        0
 90
       12
 40
0.9984682411693889
 40
0.0553278535288254
 40
0.0
 40
3409.204993857346
 40
-0.0553278535288254
 40
0.9984682411693889
 40
0.0
 40
1216.677339574241
 40
0.0
 40
0.0
 40
1.0
 40
0.0
 40
0.0
 40
0.0
 40
0.0
 40
1.0
330
2D1
100
AcDbAssocArrayItem
 90
        0
 90
       13
 90
        0
 90
        0
 90
       12
 40
0.9984682411693889
 40
0.0553278535288254
 40
0.0
 40
3417.350945793672
 40
-0.0553278535288254
 40
0.9984682411693889
 40
0.0
 40
1216.225950118871
 40
0.0
 40
0.0
 40
1.0
 40
0.0
 40
0.0
 40
0.0
 40
0.0
 40
1.0
330
2D2
100
AcDbAssocArrayItem
 90
        0
 90
       14
 90
        0
 90
        0
 90
       12
 40
0.9984682411693889
 40
0.0553278535288254
 40
0.0
 40
3425.496897729999
 40
-0.0553278535288254
 40
0.9984682411693889
 40
0.0
 40
1215.774560663501
 40
0.0
 40
0.0
 40
1.0
 40
0.0
 40
0.0
 40
0.0
 40
0.0
 40
1.0
330
2D3
100
AcDbAssocArrayItem
 90
        0
 90
       15
 90
        0
 90
        0
 90
       12
 40
0.9984682411693889
 40
0.0553278535288254
 40
0.0
 40
3433.642849666326
 40
-0.0553278535288254
 40
0.9984682411693889
 40
0.0
 40
1215.323171208131
 40
0.0
 40
0.0
 40
1.0
 40
0.0
 40
0.0
 40
0.0
 40
0.0
 40
1.0
330
2D4
100
AcDbAssocArrayItem
 90
        0
 90
       16
 90
        0
 90
        0
 90
       12
 40
0.9984682411693889
 40
0.0553278535288254
 40
0.0
 40
3441.788801602652
 40
-0.0553278535288254
 40
0.9984682411693889
 40
0.0
 40
1214.871781752761
 40
0.0
 40
0.0
 40
1.0
 40
0.0
 40
0.0
 40
0.0
 40
0.0
 40
1.0
330
2D5
100
AcDbAssocArrayItem
 90
        0
 90
       17
 90
        0
 90
        0
 90
       12
 40
0.9959655176968023
 40
0.0897367681552042
 40
0.0
 40
3449.932730222275
 40
-0.0897367681552042
 40
0.9959655176968023
 40
0.0
 40
1214.390582670816
 40
0.0
 40
0.0
 40
1.0
 40
0.0
 40
0.0
 40
0.0
 40
0.0
 40
1.0
330
2D6
100
AcDbAssocArrayItem
 90
        0
 90
       18
 90
        0
 90
        0
 90
       12
 40
0.9724532678092314
 40
0.2330979234724056
 40
0.0
 40
3457.976529220339
 40
-0.2330979234724056
 40
0.9724532678092314
 40
0.0
 40
1213.071342381008
 40
0.0
 40
0.0
 40
1.0
 40
0.0
 40
0.0
 40
0.0
 40
0.0
 40
1.0
330
2D7
100
AcDbAssocArrayItem
 90
        0
 90
       19
 90
        0
 90
        0
 90
       12
 40
0.9284171517530076
 40
0.371539489598122
 40
0.0
 40
3465.744296775144
 40
-0.371539489598122
 40
0.9284171517530076
 40
0.0
 40
1210.600535938162
 40
0.0
 40
0.0
 40
1.0
 40
0.0
 40
0.0
 40
0.0
 40
0.0
 40
1.0
330
2D8
100
AcDbAssocArrayItem
 90
        0
 90
       20
 90
        0
 90
        0
 90
       12
 40
0.8647865626233503
 40
0.5021396231189989
 40
0.0
 40
3473.072092235761
 40
-0.5021396231189989
 40
0.8647865626233503
 40
0.0
 40
1207.030310321921
 40
0.0
 40
0.0
 40
1.0
 40
0.0
 40
0.0
 40
0.0
 40
0.0
 40
1.0
330
2D9
100
AcDbAssocArrayItem
 90
        0
 90
       21
 90
        0
 90
        0
 90
       12
 40
0.7829044397046025
 40
0.6221419759916723
 40
0.0
 40
3479.80526067087
 40
-0.6221419759916723
 40
0.7829044397046025
 40
0.0
 40
1202.436016024865
 40
0.0
 40
0.0
 40
1.0
 40
0.0
 40
0.0
 40
0.0
 40
0.0
 40
1.0
330
2DA
100
AcDbAssocArrayItem
 90
        0
 90
       22
 90
        0
 90
        0
 90
       12
 40
0.6844989254052693
 40
0.7290138689483429
 40
0.0
 40
3485.801696899247
 40
-0.7290138689483429
 40
0.6844989254052693
 40
0.0
 40
1196.91461676177
 40
0.0
 40
0.0
 40
1.0
 40
0.0
 40
0.0
 40
0.0
 40
0.0
 40
1.0
330
2DB
100
AcDbAssocArrayItem
 90
        0
 90
       23
 90
        0
 90
        0
 90
       12
 40
0.5716468923860664
 40
0.8204997443176646
 40
0.0
 40
3490.93484465468
 40
-0.8204997443176646
 40
0.5716468923860664
 40
0.0
 40
1190.58264302648
 40
0.0
 40
0.0
 40
1.0
 40
0.0
 40
0.0
 40
0.0
 40
0.0
 40
1.0
330
2DC
100
AcDbAssocArrayItem
 90
        0
 90
       24
 90
        0
 90
        0
 90
       12
 40
0.446730110649952
 40
0.8946687701259511
 40
0.0
 40
3495.096367587193
 40
-0.8946687701259511
 40
0.446730110649952
 40
0.0
 40
1183.573732687086
 40
0.0
 40
0.0
 40
1.0
 40
0.0
 40
0.0
 40
0.0
 40
0.0
 40
1.0
330
2DD
 40
1.0
 40
0.0
 40
0.0
 40
-3176.035142998182
 40
0.0
 40
1.0
 40
0.0
 40
-757.215062836236
 40
0.0
 40
0.0
 40
1.0
 40
0.0
 40
0.0
 40
0.0
 40
0.0
 40
1.0
  0
ACDBASSOCDEPENDENCY
  5
4F2
330
4F0
100
AcDbAssocDependency
 90
        2
 90
        0
290
     0
290
     1
290
     1
290
     1
 90
        0
330
2C3
290
     0
330
0
330
0
360
0
 90
        2
  0
ACDBASSOCDEPENDENCY
  5
4F3
330
4F0
100
AcDbAssocDependency
 90
        2
 90
        0
290
     1
290
     0
290
     1
290
     1
 90
        0
330
2FF
290
     0
330
0
330
0
360
0
 90
        3
  0
ACDBASSOCDEPENDENCY
  5
4F4
330
4F0
100
AcDbAssocDependency
 90
        2
 90
        0
290
     1
290
     1
290
     1
290
     1
 90
-2147483648
330
404
290
     0
330
0
330
0
360
0
 90
        4
  0
ACDBASSOCVERTEXACTIONPARAM
  5
4F5
330
4F0
100
AcDbAssocActionParam
 90
        1
 90
        0
  1
BaseNormal
100
AcDbAssocSingleDependencyActionParam
 90
        0
330
0
100
AcDbAssocVertexActionParam
 90
        0
 10
0.0
 20
0.0
 30
1.0
  0
ACDBASSOCVERTEXACTIONPARAM
  5
4F6
330
4F0
100
AcDbAssocActionParam
 90
        1
 90
        0
  1
Origin
100
AcDbAssocSingleDependencyActionParam
 90
        0
330
0
100
AcDbAssocVertexActionParam
 90
        0
 10
0.0
 20
0.0
 30
0.0
  0
ACDBASSOCEDGEACTIONPARAM
  5
4F7
330
4F0
100
AcDbAssocActionParam
 90
        1
 90
        0
  1
RowProfile
100
AcDbAssocSingleDependencyActionParam
 90
        0
330
0
100
AcDbAssocEdgeActionParam
 90
        0
330
0
290
     1
 90
       47
 90
        4
 90
       11
 10
3320.89256706176
 20
1221.426586425989
 30
0.0
 10
0.0
 20
0.0
 30
-1.0
 10
1.0
 20
0.0
 30
0.0
 40
18.66029986267796
 40
4.504133300757851
 40
5.304085007145322
 40
0.0
 90
       11
 10
3373.857230377021
 20
1277.56745182145
 30
0.0
 10
0.0
 20
0.0
 30
1.0
 10
1.0
 20
0.0
 30
0.0
 40
58.8533334928724
 40
3.904117304829659
 40
4.636665942038336
 40
0.0
 90
       23
 10
3369.404934890682
 20
1218.882769594095
 30
0.0
 10
79.22407291086893
 20
-4.390022357481484
 30
0.0
 90
       11
 10
3444.897722488282
 20
1158.508315151212
 30
0.0
 10
0.0
 20
0.0
 30
-1.0
 10
1.0
 20
0.0
 30
0.0
 40
56.10863682191924
 40
4.778939180406535
 40
5.820078177670922
 40
0.0
  0
ACDBASSOCVERTEXACTIONPARAM
  5
4F8
330
4F0
100
AcDbAssocActionParam
 90
        1
 90
        0
  1
basePoint
100
AcDbAssocSingleDependencyActionParam
 90
        0
330
0
100
AcDbAssocVertexActionParam
 90
        0
 10
0.0
 20
0.0
 30
0.0
  0
ACDBASSOCARRAYACTIONBODY
  5
4FA
330
4F9
100
AcDbAssocActionBody
 90
        2
100
AcDbAssocArrayActionBody
 90
        1
  1
AcDbAssocArrayPathParameters
 90
        0
 90
       25
  1
AcDbAssocArrayItem
100
AcDbAssocArrayItem
 90
        0
 90
        0
 90
        0
 90
        0
 90
       12
 40
0.9783930474857896
 40
-0.2067535843255674
 40
0.0
 40
3264.960237582887
 40
0.2067535843255674
 40
0.9783930474857896
 40
0.0
 40
1161.937086072492
 40
0.0
 40
0.0
 40
1.0
 40
0.0
 40
0.0
 40
0.0
 40
0.0
 40
1.0
330
349
100
AcDbAssocArrayItem
 90
        0
 90
        1
 90
        0
 90
        0
 90
       12
 40
0.9739045093914311
 40
0.2269581604327891
 40
0.0
 40
3273.053428794043
 40
-0.2269581604327891
 40
0.9739045093914311
 40
0.0
 40
1161.853328605705
 40
0.0
 40
0.0
 40
1.0
 40
0.0
 40
0.0
 40
0.0
 40
0.0
 40
1.0
330
34A
100
AcDbAssocArrayItem
 90
        0
 90
        2
 90
        0
 90
        0
 90
       12
 40
0.7076277431447366
 40
0.7065854351257794
 40
0.0
 40
3280.198076524681
 40
-0.7065854351257794
 40
0.7076277431447366
 40
0.0
 40
1158.174592262203
 40
0.0
 40
0.0
 40
1.0
 40
0.0
 40
0.0
 40
0.0
 40
0.0
 40
1.0
330
34B
100
AcDbAssocArrayItem
 90
        0
 90
        3
 90
        0
 90
        0
 90
       12
 40
0.7984754440635217
 40
0.6020273791345058
 40
0.0
 40
3286.351666663303
 40
-0.6020273791345058
 40
0.7984754440635217
 40
0.0
 40
1152.827902222968
 40
0.0
 40
0.0
 40
1.0
 40
0.0
 40
0.0
 40
0.0
 40
0.0
 40
1.0
330
34C
100
AcDbAssocArrayItem
 90
        0
 90
        4
 90
        0
 90
        0
 90
       12
 40
0.8740038411747656
 40
0.4859190113709844
 40
0.0
 40
3293.185031152602
 40
-0.4859190113709844
 40
0.8740038411747656
 40
0.0
 40
1148.382804279598
 40
0.0
 40
0.0
 40
1.0
 40
0.0
 40
0.0
 40
0.0
 40
0.0
 40
1.0
330
34D
100
AcDbAssocArrayItem
 90
        0
 90
        5
 90
        0
 90
        0
 90
       12
 40
0.9327638699267085
 40
0.3604879511985807
 40
0.0
 40
3300.567067167293
 40
-0.3604879511985807
 40
0.9327638699267085
 40
0.0
 40
1144.92458071141
 40
0.0
 40
0.0
 40
1.0
 40
0.0
 40
0.0
 40
0.0
 40
0.0
 40
1.0
330
34E
100
AcDbAssocArrayItem
 90
        0
 90
        6
 90
        0
 90
        0
 90
       12
 40
0.9736281785155069
 40
0.2281406802842845
 40
0.0
 40
3308.356145239284
 40
-0.2281406802842845
 40
0.9736281785155069
 40
0.0
 40
1142.519579930077
 40
0.0
 40
0.0
 40
1.0
 40
0.0
 40
0.0
 40
0.0
 40
0.0
 40
1.0
330
34F
100
AcDbAssocArrayItem
 90
        0
 90
        7
 90
        0
 90
        0
 90
       12
 40
0.9958127569095294
 40
0.091416372583048
 40
0.0
 40
3316.402826517007
 40
-0.091416372583048
 40
0.9958127569095294
 40
0.0
 40
1141.213943539455
 40
0.0
 40
0.0
 40
1.0
 40
0.0
 40
0.0
 40
0.0
 40
0.0
 40
1.0
330
350
100
AcDbAssocArrayItem
 90
        0
 90
        8
 90
        0
 90
        0
 90
       12
 40
0.9984682411693896
 40
0.0553278535288127
 40
0.0
 40
3324.546940514363
 40
-0.0553278535288127
 40
0.9984682411693896
 40
0.0
 40
1140.73628939258
 40
0.0
 40
0.0
 40
1.0
 40
0.0
 40
0.0
 40
0.0
 40
0.0
 40
1.0
330
351
100
AcDbAssocArrayItem
 90
        0
 90
        9
 90
        0
 90
        0
 90
       12
 40
0.9984682411693896
 40
0.0553278535288127
 40
0.0
 40
3332.69289245069
 40
-0.0553278535288127
 40
0.9984682411693896
 40
0.0
 40
1140.28489993721
 40
0.0
 40
0.0
 40
1.0
 40
0.0
 40
0.0
 40
0.0
 40
0.0
 40
1.0
330
352
100
AcDbAssocArrayItem
 90
        0
 90
       10
 90
        0
 90
        0
 90
       12
 40
0.998468241169389
 40
0.0553278535288216
 40
0.0
 40
3340.838844387015
 40
-0.0553278535288216
 40
0.998468241169389
 40
0.0
 40
1139.833510481841
 40
0.0
 40
0.0
 40
1.0
 40
0.0
 40
0.0
 40
0.0
 40
0.0
 40
1.0
330
353
100
AcDbAssocArrayItem
 90
        0
 90
       11
 90
        0
 90
        0
 90
       12
 40
0.9984682411693896
 40
0.0553278535288127
 40
0.0
 40
3348.984796323343
 40
-0.0553278535288127
 40
0.9984682411693896
 40
0.0
 40
1139.38212102647
 40
0.0
 40
0.0
 40
1.0
 40
0.0
 40
0.0
 40
0.0
 40
0.0
 40
1.0
330
354
100
AcDbAssocArrayItem
 90
        0
 90
       12
 90
        0
 90
        0
 90
       12
 40
0.9984682411693896
 40
0.0553278535288127
 40
0.0
 40
3357.13074825967
 40
-0.0553278535288127
 40
0.9984682411693896
 40
0.0
 40
1138.930731571099
 40
0.0
 40
0.0
 40
1.0
 40
0.0
 40
0.0
 40
0.0
 40
0.0
 40
1.0
330
355
100
AcDbAssocArrayItem
 90
        0
 90
       13
 90
        0
 90
        0
 90
       12
 40
0.9984682411693896
 40
0.0553278535288127
 40
0.0
 40
3365.276700195997
 40
-0.0553278535288127
 40
0.9984682411693896
 40
0.0
 40
1138.479342115729
 40
0.0
 40
0.0
 40
1.0
 40
0.0
 40
0.0
 40
0.0
 40
0.0
 40
1.0
330
356
100
AcDbAssocArrayItem
 90
        0
 90
       14
 90
        0
 90
        0
 90
       12
 40
0.998468241169389
 40
0.0553278535288216
 40
0.0
 40
3373.422652132323
 40
-0.0553278535288216
 40
0.998468241169389
 40
0.0
 40
1138.02795266036
 40
0.0
 40
0.0
 40
1.0
 40
0.0
 40
0.0
 40
0.0
 40
0.0
 40
1.0
330
357
100
AcDbAssocArrayItem
 90
        0
 90
       15
 90
        0
 90
        0
 90
       12
 40
0.9984682411693896
 40
0.0553278535288127
 40
0.0
 40
3381.568604068651
 40
-0.0553278535288127
 40
0.9984682411693896
 40
0.0
 40
1137.576563204989
 40
0.0
 40
0.0
 40
1.0
 40
0.0
 40
0.0
 40
0.0
 40
0.0
 40
1.0
330
358
100
AcDbAssocArrayItem
 90
        0
 90
       16
 90
        0
 90
        0
 90
       12
 40
0.9984682411693896
 40
0.0553278535288127
 40
0.0
 40
3389.714556004978
 40
-0.0553278535288127
 40
0.9984682411693896
 40
0.0
 40
1137.125173749619
 40
0.0
 40
0.0
 40
1.0
 40
0.0
 40
0.0
 40
0.0
 40
0.0
 40
1.0
330
359
100
AcDbAssocArrayItem
 90
        0
 90
       17
 90
        0
 90
        0
 90
       12
 40
0.9959655176968013
 40
0.089736768155214
 40
0.0
 40
3397.8584846246
 40
-0.089736768155214
 40
0.9959655176968013
 40
0.0
 40
1136.643974667674
 40
0.0
 40
0.0
 40
1.0
 40
0.0
 40
0.0
 40
0.0
 40
0.0
 40
1.0
330
35A
100
AcDbAssocArrayItem
 90
        0
 90
       18
 90
        0
 90
        0
 90
       12
 40
0.9724532678092296
 40
0.2330979234724129
 40
0.0
 40
3405.902283622664
 40
-0.2330979234724129
 40
0.9724532678092296
 40
0.0
 40
1135.324734377866
 40
0.0
 40
0.0
 40
1.0
 40
0.0
 40
0.0
 40
0.0
 40
0.0
 40
1.0
330
35B
100
AcDbAssocArrayItem
 90
        0
 90
       19
 90
        0
 90
        0
 90
       12
 40
0.9284171517530054
 40
0.3715394895981276
 40
0.0
 40
3413.670051177469
 40
-0.3715394895981276
 40
0.9284171517530054
 40
0.0
 40
1132.85392793502
 40
0.0
 40
0.0
 40
1.0
 40
0.0
 40
0.0
 40
0.0
 40
0.0
 40
1.0
330
35C
100
AcDbAssocArrayItem
 90
        0
 90
       20
 90
        0
 90
        0
 90
       12
 40
0.8647865626233482
 40
0.5021396231190028
 40
0.0
 40
3420.997846638086
 40
-0.5021396231190028
 40
0.8647865626233482
 40
0.0
 40
1129.283702318779
 40
0.0
 40
0.0
 40
1.0
 40
0.0
 40
0.0
 40
0.0
 40
0.0
 40
1.0
330
35D
100
AcDbAssocArrayItem
 90
        0
 90
       21
 90
        0
 90
        0
 90
       12
 40
0.7829044397046018
 40
0.6221419759916734
 40
0.0
 40
3427.731015073195
 40
-0.6221419759916734
 40
0.7829044397046018
 40
0.0
 40
1124.689408021723
 40
0.0
 40
0.0
 40
1.0
 40
0.0
 40
0.0
 40
0.0
 40
0.0
 40
1.0
330
35E
100
AcDbAssocArrayItem
 90
        0
 90
       22
 90
        0
 90
        0
 90
       12
 40
0.6844989254052684
 40
0.7290138689483438
 40
0.0
 40
3433.727451301571
 40
-0.7290138689483438
 40
0.6844989254052684
 40
0.0
 40
1119.168008758628
 40
0.0
 40
0.0
 40
1.0
 40
0.0
 40
0.0
 40
0.0
 40
0.0
 40
1.0
330
35F
100
AcDbAssocArrayItem
 90
        0
 90
       23
 90
        0
 90
        0
 90
       12
 40
0.5716468923860666
 40
0.8204997443176644
 40
0.0
 40
3438.860599057004
 40
-0.8204997443176644
 40
0.5716468923860666
 40
0.0
 40
1112.836035023338
 40
0.0
 40
0.0
 40
1.0
 40
0.0
 40
0.0
 40
0.0
 40
0.0
 40
1.0
330
360
100
AcDbAssocArrayItem
 90
        0
 90
       24
 90
        0
 90
        0
 90
       12
 40
0.4467301106499535
 40
0.8946687701259502
 40
0.0
 40
3443.022121989518
 40
-0.8946687701259502
 40
0.4467301106499535
 40
0.0
 40
1105.827124683943
 40
0.0
 40
0.0
 40
1.0
 40
0.0
 40
0.0
 40
0.0
 40
0.0
 40
1.0
330
361
 40
1.0
 40
-0.0000000000000001
 40
0.0
 40
-3116.701578686136
 40
-0.0000000000000001
 40
-1.0
 40
0.0
 40
1468.06840031762
 40
0.0
 40
0.0
 40
1.0
 40
0.0
 40
0.0
 40
0.0
 40
0.0
 40
1.0
  0
ACDBASSOCDEPENDENCY
  5
4FB
330
4F9
100
AcDbAssocDependency
 90
        2
 90
        0
290
     0
290
     1
290
     1
290
     1
 90
        0
330
347
290
     0
330
0
330
0
360
0
 90
        2
  0
ACDBASSOCDEPENDENCY
  5
4FC
330
4F9
100
AcDbAssocDependency
 90
        2
 90
        0
290
     1
290
     0
290
     1
290
     1
 90
        0
330
343
290
     0
330
0
330
0
360
0
 90
        3
  0
ACDBASSOCDEPENDENCY
  5
4FD
330
4F9
100
AcDbAssocDependency
 90
        2
 90
        0
290
     1
290
     1
290
     1
290
     1
 90
-2147483648
330
427
290
     0
330
0
330
0
360
0
 90
        4
  0
ACDBASSOCVERTEXACTIONPARAM
  5
4FE
330
4F9
100
AcDbAssocActionParam
 90
        1
 90
        0
  1
BaseNormal
100
AcDbAssocSingleDependencyActionParam
 90
        0
330
0
100
AcDbAssocVertexActionParam
 90
        0
 10
0.0
 20
0.0
 30
1.0
  0
ACDBASSOCVERTEXACTIONPARAM
  5
4FF
330
4F9
100
AcDbAssocActionParam
 90
        1
 90
        0
  1
Origin
100
AcDbAssocSingleDependencyActionParam
 90
        0
330
0
100
AcDbAssocVertexActionParam
 90
        0
 10
0.0
 20
0.0
 30
0.0
  0
ACDBASSOCEDGEACTIONPARAM
  5
500
330
4F9
100
AcDbAssocActionParam
 90
        1
 90
        0
  1
RowProfile
100
AcDbAssocSingleDependencyActionParam
 90
        0
330
0
100
AcDbAssocEdgeActionParam
 90
        0
330
0
290
     1
 90
       47
 90
        4
 90
       11
 10
3268.818321464085
 20
1143.679978422847
 30
0.0
 10
0.0
 20
0.0
 30
-1.0
 10
1.0
 20
-0.0000000000000001
 30
0.0
 40
18.66029986267796
 40
4.504133300757851
 40
5.304085007145322
 40
0.0
 90
       11
 10
3321.782984779345
 20
1199.820843818308
 30
0.0
 10
0.0
 20
0.0
 30
1.0
 10
1.0
 20
-0.0000000000000001
 30
0.0
 40
58.8533334928724
 40
3.904117304829659
 40
4.636665942038336
 40
0.0
 90
       23
 10
3317.330689293007
 20
1141.136161590953
 30
0.0
 10
79.22407291086893
 20
-4.390022357481484
 30
0.0
 90
       11
 10
3392.823476890607
 20
1080.761707148069
 30
0.0
 10
0.0
 20
0.0
 30
-1.0
 10
1.0
 20
-0.0000000000000001
 30
0.0
 40
56.10863682191972
 40
4.778939180406543
 40
5.820078177670926
 40
0.0
  0
ACDBASSOCVERTEXACTIONPARAM
  5
501
330
4F9
100
AcDbAssocActionParam
 90
        1
 90
        0
  1
basePoint
100
AcDbAssocSingleDependencyActionParam
 90
        0
330
0
100
AcDbAssocVertexActionParam
 90
        0
 10
0.0
 20
0.0
 30
0.0
  0
ACDBASSOCARRAYACTIONBODY
  5
503
330
502
100
AcDbAssocActionBody
 90
        2
100
AcDbAssocArrayActionBody
 90
        1
  1
AcDbAssocArrayPathParameters
 90
        0
 90
       25
  1
AcDbAssocArrayItem
100
AcDbAssocArrayItem
 90
        0
 90
        0
 90
        0
 90
        0
 90
       12
 40
0.9783930474857896
 40
-0.2067535843255674
 40
0.0
 40
3264.960237582887
 40
0.2067535843255674
 40
0.9783930474857896
 40
0.0
 40
1161.937086072492
 40
0.0
 40
0.0
 40
1.0
 40
0.0
 40
0.0
 40
0.0
 40
0.0
 40
1.0
330
2E5
100
AcDbAssocArrayItem
 90
        0
 90
        1
 90
        0
 90
        0
 90
       12
 40
0.9739045093914311
 40
0.2269581604327891
 40
0.0
 40
3273.053428794043
 40
-0.2269581604327891
 40
0.9739045093914311
 40
0.0
 40
1161.853328605705
 40
0.0
 40
0.0
 40
1.0
 40
0.0
 40
0.0
 40
0.0
 40
0.0
 40
1.0
330
2E6
100
AcDbAssocArrayItem
 90
        0
 90
        2
 90
        0
 90
        0
 90
       12
 40
0.7076277431447366
 40
0.7065854351257794
 40
0.0
 40
3280.198076524681
 40
-0.7065854351257794
 40
0.7076277431447366
 40
0.0
 40
1158.174592262203
 40
0.0
 40
0.0
 40
1.0
 40
0.0
 40
0.0
 40
0.0
 40
0.0
 40
1.0
330
2E7
100
AcDbAssocArrayItem
 90
        0
 90
        3
 90
        0
 90
        0
 90
       12
 40
0.7984754440635217
 40
0.6020273791345058
 40
0.0
 40
3286.351666663303
 40
-0.6020273791345058
 40
0.7984754440635217
 40
0.0
 40
1152.827902222968
 40
0.0
 40
0.0
 40
1.0
 40
0.0
 40
0.0
 40
0.0
 40
0.0
 40
1.0
330
2E8
100
AcDbAssocArrayItem
 90
        0
 90
        4
 90
        0
 90
        0
 90
       12
 40
0.8740038411747656
 40
0.4859190113709844
 40
0.0
 40
3293.185031152602
 40
-0.4859190113709844
 40
0.8740038411747656
 40
0.0
 40
1148.382804279598
 40
0.0
 40
0.0
 40
1.0
 40
0.0
 40
0.0
 40
0.0
 40
0.0
 40
1.0
330
2E9
100
AcDbAssocArrayItem
 90
        0
 90
        5
 90
        0
 90
        0
 90
       12
 40
0.9327638699267085
 40
0.3604879511985807
 40
0.0
 40
3300.567067167293
 40
-0.3604879511985807
 40
0.9327638699267085
 40
0.0
 40
1144.92458071141
 40
0.0
 40
0.0
 40
1.0
 40
0.0
 40
0.0
 40
0.0
 40
0.0
 40
1.0
330
2EA
100
AcDbAssocArrayItem
 90
        0
 90
        6
 90
        0
 90
        0
 90
       12
 40
0.9736281785155069
 40
0.2281406802842845
 40
0.0
 40
3308.356145239284
 40
-0.2281406802842845
 40
0.9736281785155069
 40
0.0
 40
1142.519579930077
 40
0.0
 40
0.0
 40
1.0
 40
0.0
 40
0.0
 40
0.0
 40
0.0
 40
1.0
330
2EB
100
AcDbAssocArrayItem
 90
        0
 90
        7
 90
        0
 90
        0
 90
       12
 40
0.9958127569095294
 40
0.091416372583048
 40
0.0
 40
3316.402826517007
 40
-0.091416372583048
 40
0.9958127569095294
 40
0.0
 40
1141.213943539455
 40
0.0
 40
0.0
 40
1.0
 40
0.0
 40
0.0
 40
0.0
 40
0.0
 40
1.0
330
2EC
100
AcDbAssocArrayItem
 90
        0
 90
        8
 90
        0
 90
        0
 90
       12
 40
0.9984682411693896
 40
0.0553278535288127
 40
0.0
 40
3324.546940514363
 40
-0.0553278535288127
 40
0.9984682411693896
 40
0.0
 40
1140.73628939258
 40
0.0
 40
0.0
 40
1.0
 40
0.0
 40
0.0
 40
0.0
 40
0.0
 40
1.0
330
2ED
100
AcDbAssocArrayItem
 90
        0
 90
        9
 90
        0
 90
        0
 90
       12
 40
0.9984682411693896
 40
0.0553278535288127
 40
0.0
 40
3332.69289245069
 40
-0.0553278535288127
 40
0.9984682411693896
 40
0.0
 40
1140.28489993721
 40
0.0
 40
0.0
 40
1.0
 40
0.0
 40
0.0
 40
0.0
 40
0.0
 40
1.0
330
2EE
100
AcDbAssocArrayItem
 90
        0
 90
       10
 90
        0
 90
        0
 90
       12
 40
0.998468241169389
 40
0.0553278535288216
 40
0.0
 40
3340.838844387015
 40
-0.0553278535288216
 40
0.998468241169389
 40
0.0
 40
1139.833510481841
 40
0.0
 40
0.0
 40
1.0
 40
0.0
 40
0.0
 40
0.0
 40
0.0
 40
1.0
330
2EF
100
AcDbAssocArrayItem
 90
        0
 90
       11
 90
        0
 90
        0
 90
       12
 40
0.9984682411693896
 40
0.0553278535288127
 40
0.0
 40
3348.984796323343
 40
-0.0553278535288127
 40
0.9984682411693896
 40
0.0
 40
1139.38212102647
 40
0.0
 40
0.0
 40
1.0
 40
0.0
 40
0.0
 40
0.0
 40
0.0
 40
1.0
330
2F0
100
AcDbAssocArrayItem
 90
        0
 90
       12
 90
        0
 90
        0
 90
       12
 40
0.9984682411693896
 40
0.0553278535288127
 40
0.0
 40
3357.13074825967
 40
-0.0553278535288127
 40
0.9984682411693896
 40
0.0
 40
1138.930731571099
 40
0.0
 40
0.0
 40
1.0
 40
0.0
 40
0.0
 40
0.0
 40
0.0
 40
1.0
330
2F1
100
AcDbAssocArrayItem
 90
        0
 90
       13
 90
        0
 90
        0
 90
       12
 40
0.9984682411693896
 40
0.0553278535288127
 40
0.0
 40
3365.276700195997
 40
-0.0553278535288127
 40
0.9984682411693896
 40
0.0
 40
1138.479342115729
 40
0.0
 40
0.0
 40
1.0
 40
0.0
 40
0.0
 40
0.0
 40
0.0
 40
1.0
330
2F2
100
AcDbAssocArrayItem
 90
        0
 90
       14
 90
        0
 90
        0
 90
       12
 40
0.998468241169389
 40
0.0553278535288216
 40
0.0
 40
3373.422652132323
 40
-0.0553278535288216
 40
0.998468241169389
 40
0.0
 40
1138.02795266036
 40
0.0
 40
0.0
 40
1.0
 40
0.0
 40
0.0
 40
0.0
 40
0.0
 40
1.0
330
2F3
100
AcDbAssocArrayItem
 90
        0
 90
       15
 90
        0
 90
        0
 90
       12
 40
0.9984682411693896
 40
0.0553278535288127
 40
0.0
 40
3381.568604068651
 40
-0.0553278535288127
 40
0.9984682411693896
 40
0.0
 40
1137.576563204989
 40
0.0
 40
0.0
 40
1.0
 40
0.0
 40
0.0
 40
0.0
 40
0.0
 40
1.0
330
2F4
100
AcDbAssocArrayItem
 90
        0
 90
       16
 90
        0
 90
        0
 90
       12
 40
0.9984682411693896
 40
0.0553278535288127
 40
0.0
 40
3389.714556004978
 40
-0.0553278535288127
 40
0.9984682411693896
 40
0.0
 40
1137.125173749619
 40
0.0
 40
0.0
 40
1.0
 40
0.0
 40
0.0
 40
0.0
 40
0.0
 40
1.0
330
2F5
100
AcDbAssocArrayItem
 90
        0
 90
       17
 90
        0
 90
        0
 90
       12
 40
0.9959655176968013
 40
0.089736768155214
 40
0.0
 40
3397.8584846246
 40
-0.089736768155214
 40
0.9959655176968013
 40
0.0
 40
1136.643974667674
 40
0.0
 40
0.0
 40
1.0
 40
0.0
 40
0.0
 40
0.0
 40
0.0
 40
1.0
330
2F6
100
AcDbAssocArrayItem
 90
        0
 90
       18
 90
        0
 90
        0
 90
       12
 40
0.9724532678092296
 40
0.2330979234724129
 40
0.0
 40
3405.902283622664
 40
-0.2330979234724129
 40
0.9724532678092296
 40
0.0
 40
1135.324734377866
 40
0.0
 40
0.0
 40
1.0
 40
0.0
 40
0.0
 40
0.0
 40
0.0
 40
1.0
330
2F7
100
AcDbAssocArrayItem
 90
        0
 90
       19
 90
        0
 90
        0
 90
       12
 40
0.9284171517530054
 40
0.3715394895981276
 40
0.0
 40
3413.670051177469
 40
-0.3715394895981276
 40
0.9284171517530054
 40
0.0
 40
1132.85392793502
 40
0.0
 40
0.0
 40
1.0
 40
0.0
 40
0.0
 40
0.0
 40
0.0
 40
1.0
330
2F8
100
AcDbAssocArrayItem
 90
        0
 90
       20
 90
        0
 90
        0
 90
       12
 40
0.8647865626233482
 40
0.5021396231190028
 40
0.0
 40
3420.997846638086
 40
-0.5021396231190028
 40
0.8647865626233482
 40
0.0
 40
1129.283702318779
 40
0.0
 40
0.0
 40
1.0
 40
0.0
 40
0.0
 40
0.0
 40
0.0
 40
1.0
330
2F9
100
AcDbAssocArrayItem
 90
        0
 90
       21
 90
        0
 90
        0
 90
       12
 40
0.7829044397046018
 40
0.6221419759916734
 40
0.0
 40
3427.731015073195
 40
-0.6221419759916734
 40
0.7829044397046018
 40
0.0
 40
1124.689408021723
 40
0.0
 40
0.0
 40
1.0
 40
0.0
 40
0.0
 40
0.0
 40
0.0
 40
1.0
330
2FA
100
AcDbAssocArrayItem
 90
        0
 90
       22
 90
        0
 90
        0
 90
       12
 40
0.6844989254052684
 40
0.7290138689483438
 40
0.0
 40
3433.727451301571
 40
-0.7290138689483438
 40
0.6844989254052684
 40
0.0
 40
1119.168008758628
 40
0.0
 40
0.0
 40
1.0
 40
0.0
 40
0.0
 40
0.0
 40
0.0
 40
1.0
330
2FB
100
AcDbAssocArrayItem
 90
        0
 90
       23
 90
        0
 90
        0
 90
       12
 40
0.5716468923860666
 40
0.8204997443176644
 40
0.0
 40
3438.860599057004
 40
-0.8204997443176644
 40
0.5716468923860666
 40
0.0
 40
1112.836035023338
 40
0.0
 40
0.0
 40
1.0
 40
0.0
 40
0.0
 40
0.0
 40
0.0
 40
1.0
330
2FC
100
AcDbAssocArrayItem
 90
        0
 90
       24
 90
        0
 90
        0
 90
       12
 40
0.4467301106499535
 40
0.8946687701259502
 40
0.0
 40
3443.022121989518
 40
-0.8946687701259502
 40
0.4467301106499535
 40
0.0
 40
1105.827124683943
 40
0.0
 40
0.0
 40
1.0
 40
0.0
 40
0.0
 40
0.0
 40
0.0
 40
1.0
330
2FD
 40
1.0
 40
-0.0000000000000001
 40
0.0
 40
-3123.960897400506
 40
-0.0000000000000001
 40
-1.0
 40
0.0
 40
1510.514336190927
 40
0.0
 40
0.0
 40
1.0
 40
0.0
 40
0.0
 40
0.0
 40
0.0
 40
1.0
  0
ACDBASSOCDEPENDENCY
  5
504
330
502
100
AcDbAssocDependency
 90
        2
 90
        0
290
     0
290
     1
290
     1
290
     1
 90
        0
330
2E3
290
     0
330
0
330
0
360
0
 90
        2
  0
ACDBASSOCDEPENDENCY
  5
505
330
502
100
AcDbAssocDependency
 90
        2
 90
        0
290
     1
290
     0
290
     1
290
     1
 90
        0
330
2DF
290
     0
330
0
330
0
360
0
 90
        3
  0
ACDBASSOCDEPENDENCY
  5
506
330
502
100
AcDbAssocDependency
 90
        2
 90
        0
290
     1
290
     1
290
     1
290
     1
 90
-2147483648
330
407
290
     0
330
0
330
0
360
0
 90
        4
  0
ACDBASSOCVERTEXACTIONPARAM
  5
507
330
502
100
AcDbAssocActionParam
 90
        1
 90
        0
  1
BaseNormal
100
AcDbAssocSingleDependencyActionParam
 90
        0
330
0
100
AcDbAssocVertexActionParam
 90
        0
 10
0.0
 20
0.0
 30
1.0
  0
ACDBASSOCVERTEXACTIONPARAM
  5
508
330
502
100
AcDbAssocActionParam
 90
        1
 90
        0
  1
Origin
100
AcDbAssocSingleDependencyActionParam
 90
        0
330
0
100
AcDbAssocVertexActionParam
 90
        0
 10
0.0
 20
0.0
 30
0.0
  0
ACDBASSOCEDGEACTIONPARAM
  5
509
330
502
100
AcDbAssocActionParam
 90
        1
 90
        0
  1
RowProfile
100
AcDbAssocSingleDependencyActionParam
 90
        0
330
0
100
AcDbAssocEdgeActionParam
 90
        0
330
0
290
     1
 90
       47
 90
        4
 90
       11
 10
3268.818321464085
 20
1143.679978422847
 30
0.0
 10
0.0
 20
0.0
 30
-1.0
 10
1.0
 20
-0.0000000000000001
 30
0.0
 40
18.66029986267796
 40
4.504133300757851
 40
5.304085007145322
 40
0.0
 90
       11
 10
3321.782984779345
 20
1199.820843818308
 30
0.0
 10
0.0
 20
0.0
 30
1.0
 10
1.0
 20
-0.0000000000000001
 30
0.0
 40
58.8533334928724
 40
3.904117304829659
 40
4.636665942038336
 40
0.0
 90
       23
 10
3317.330689293007
 20
1141.136161590953
 30
0.0
 10
79.22407291086893
 20
-4.390022357481484
 30
0.0
 90
       11
 10
3392.823476890607
 20
1080.761707148069
 30
0.0
 10
0.0
 20
0.0
 30
-1.0
 10
1.0
 20
-0.0000000000000001
 30
0.0
 40
56.10863682191972
 40
4.778939180406543
 40
5.820078177670926
 40
0.0
  0
ACDBASSOCVERTEXACTIONPARAM
  5
50A
330
502
100
AcDbAssocActionParam
 90
        1
 90
        0
  1
basePoint
100
AcDbAssocSingleDependencyActionParam
 90
        0
330
0
100
AcDbAssocVertexActionParam
 90
        0
 10
0.0
 20
0.0
 30
0.0
  0
ACDBASSOCARRAYACTIONBODY
  5
50C
330
50B
100
AcDbAssocActionBody
 90
        2
100
AcDbAssocArrayActionBody
 90
        1
  1
AcDbAssocArrayPathParameters
 90
        0
 90
       22
  1
AcDbAssocArrayItem
100
AcDbAssocArrayItem
 90
        0
 90
        0
 90
        0
 90
        0
 90
       12
 40
0.9978107423591136
 40
-0.066134124570865
 40
0.0
 40
2944.642173180465
 40
0.066134124570865
 40
0.9978107423591136
 40
0.0
 40
1049.1229802294
 40
0.0
 40
0.0
 40
1.0
 40
0.0
 40
0.0
 40
0.0
 40
0.0
 40
1.0
330
3A3
100
AcDbAssocArrayItem
 90
        0
 90
        1
 90
        0
 90
        0
 90
       12
 40
0.9947994417975037
 40
-0.1018531815869063
 40
0.0
 40
2952.805349359922
 40
0.1018531815869063
 40
0.9947994417975037
 40
0.0
 40
1049.83915823131
 40
0.0
 40
0.0
 40
1.0
 40
0.0
 40
0.0
 40
0.0
 40
0.0
 40
1.0
330
3A4
100
AcDbAssocArrayItem
 90
        0
 90
        2
 90
        0
 90
        0
 90
       12
 40
0.9945391406098352
 40
-0.1043642553513935
 40
0.0
 40
2960.9565853443
 40
0.1043642553513935
 40
0.9945391406098352
 40
0.0
 40
1050.683438027183
 40
0.0
 40
0.0
 40
1.0
 40
0.0
 40
0.0
 40
0.0
 40
0.0
 40
1.0
330
3A5
100
AcDbAssocArrayItem
 90
        0
 90
        3
 90
        0
 90
        0
 90
       12
 40
0.9944990981684778
 40
-0.1047451370808408
 40
0.0
 40
2969.106516326935
 40
0.1047451370808408
 40
0.9944990981684778
 40
0.0
 40
1051.540247656539
 40
0.0
 40
0.0
 40
1.0
 40
0.0
 40
0.0
 40
0.0
 40
0.0
 40
1.0
330
3A6
100
AcDbAssocArrayItem
 90
        0
 90
        4
 90
        0
 90
        0
 90
       12
 40
0.9945875909898154
 40
-0.103901510331063
 40
0.0
 40
2977.256512329163
 40
0.103901510331063
 40
0.9945875909898154
 40
0.0
 40
1052.396436848973
 40
0.0
 40
0.0
 40
1.0
 40
0.0
 40
0.0
 40
0.0
 40
0.0
 40
1.0
330
3A7
100
AcDbAssocArrayItem
 90
        0
 90
        5
 90
        0
 90
        0
 90
       12
 40
0.9937726271270477
 40
-0.1114269517352323
 40
0.0
 40
2985.406496941328
 40
0.1114269517352323
 40
0.9937726271270477
 40
0.0
 40
1053.252506556757
 40
0.0
 40
0.0
 40
1.0
 40
0.0
 40
0.0
 40
0.0
 40
0.0
 40
1.0
330
3A8
100
AcDbAssocArrayItem
 90
        0
 90
        6
 90
        0
 90
        0
 90
       12
 40
0.9939980366169367
 40
-0.1093979122363647
 40
0.0
 40
2993.548254752545
 40
0.1093979122363647
 40
0.9939980366169367
 40
0.0
 40
1054.183596539794
 40
0.0
 40
0.0
 40
1.0
 40
0.0
 40
0.0
 40
0.0
 40
0.0
 40
1.0
330
3A9
100
AcDbAssocArrayItem
 90
        0
 90
        7
 90
        0
 90
        0
 90
       12
 40
0.9937561263691886
 40
-0.1115740171532128
 40
0.0
 40
3001.69386507233
 40
0.1115740171532128
 40
0.9937561263691886
 40
0.0
 40
1055.080501074186
 40
0.0
 40
0.0
 40
1.0
 40
0.0
 40
0.0
 40
0.0
 40
0.0
 40
1.0
330
3AA
100
AcDbAssocArrayItem
 90
        0
 90
        8
 90
        0
 90
        0
 90
       12
 40
0.9935507937115218
 40
-0.1133879196175905
 40
0.0
 40
3009.836811997742
 40
0.1133879196175905
 40
0.9935507937115218
 40
0.0
 40
1056.001304787955
 40
0.0
 40
0.0
 40
1.0
 40
0.0
 40
0.0
 40
0.0
 40
0.0
 40
1.0
330
3AB
100
AcDbAssocArrayItem
 90
        0
 90
        9
 90
        0
 90
        0
 90
       12
 40
0.9928942494978743
 40
-0.119000039134671
 40
0.0
 40
3017.977453677749
 40
0.119000039134671
 40
0.9928942494978743
 40
0.0
 40
1056.942177733034
 40
0.0
 40
0.0
 40
1.0
 40
0.0
 40
0.0
 40
0.0
 40
0.0
 40
1.0
330
3AC
100
AcDbAssocArrayItem
 90
        0
 90
       10
 90
        0
 90
        0
 90
       12
 40
0.9919718892632607
 40
-0.1264585738946848
 40
0.0
 40
3026.109961259475
 40
0.1264585738946848
 40
0.9919718892632607
 40
0.0
 40
1057.95090941709
 40
0.0
 40
0.0
 40
1.0
 40
0.0
 40
0.0
 40
0.0
 40
0.0
 40
1.0
330
3AD
100
AcDbAssocArrayItem
 90
        0
 90
       11
 90
        0
 90
        0
 90
       12
 40
0.9886169743985295
 40
-0.1504542386611204
 40
0.0
 40
3034.223274555104
 40
0.1504542386611204
 40
0.9886169743985295
 40
0.0
 40
1059.102338844092
 40
0.0
 40
0.0
 40
1.0
 40
0.0
 40
0.0
 40
0.0
 40
0.0
 40
1.0
330
3AE
100
AcDbAssocArrayItem
 90
        0
 90
       12
 90
        0
 90
        0
 90
       12
 40
0.9857180029298726
 40
-0.1684043310011457
 40
0.0
 40
3042.314661455328
 40
0.1684043310011457
 40
0.9857180029298726
 40
0.0
 40
1060.399659904047
 40
0.0
 40
0.0
 40
1.0
 40
0.0
 40
0.0
 40
0.0
 40
0.0
 40
1.0
330
3AF
100
AcDbAssocArrayItem
 90
        0
 90
       13
 90
        0
 90
        0
 90
       12
 40
0.9812208620619397
 40
-0.1928875834635923
 40
0.0
 40
3050.375220334998
 40
0.1928875834635923
 40
0.9812208620619397
 40
0.0
 40
1061.875976298313
 40
0.0
 40
0.0
 40
1.0
 40
0.0
 40
0.0
 40
0.0
 40
0.0
 40
1.0
330
3B0
100
AcDbAssocArrayItem
 90
        0
 90
       14
 90
        0
 90
        0
 90
       12
 40
0.9732271262384058
 40
-0.2298455149741539
 40
0.0
 40
3058.387991199245
 40
0.2298455149741539
 40
0.9732271262384058
 40
0.0
 40
1063.591507918797
 40
0.0
 40
0.0
 40
1.0
 40
0.0
 40
0.0
 40
0.0
 40
0.0
 40
1.0
330
3B1
100
AcDbAssocArrayItem
 90
        0
 90
       15
 90
        0
 90
        0
 90
       12
 40
0.9653541967213778
 40
-0.2609430490977365
 40
0.0
 40
3066.338363642533
 40
0.2609430490977365
 40
0.9653541967213778
 40
0.0
 40
1065.577596638084
 40
0.0
 40
0.0
 40
1.0
 40
0.0
 40
0.0
 40
0.0
 40
0.0
 40
1.0
330
3B2
100
AcDbAssocArrayItem
 90
        0
 90
       16
 90
        0
 90
        0
 90
       12
 40
0.9367739692514668
 40
-0.3499350375896246
 40
0.0
 40
3074.197816227604
 40
0.3499350375896246
 40
0.9367739692514668
 40
0.0
 40
1067.889318024164
 40
0.0
 40
0.0
 40
1.0
 40
0.0
 40
0.0
 40
0.0
 40
0.0
 40
1.0
330
3B3
100
AcDbAssocArrayItem
 90
        0
 90
       17
 90
        0
 90
        0
 90
       12
 40
0.883884261151052
 40
-0.4677056904608483
 40
0.0
 40
3081.609061698487
 40
0.4677056904608483
 40
0.883884261151052
 40
0.0
 40
1071.375373506612
 40
0.0
 40
0.0
 40
1.0
 40
0.0
 40
0.0
 40
0.0
 40
0.0
 40
1.0
330
3B4
100
AcDbAssocArrayItem
 90
        0
 90
       18
 90
        0
 90
        0
 90
       12
 40
0.7631662793183022
 40
-0.6462021588570091
 40
0.0
 40
3088.368835191207
 40
0.6462021588570091
 40
0.7631662793183022
 40
0.0
 40
1075.957006743841
 40
0.0
 40
0.0
 40
1.0
 40
0.0
 40
0.0
 40
0.0
 40
0.0
 40
1.0
330
3B5
100
AcDbAssocArrayItem
 90
        0
 90
       19
 90
        0
 90
        0
 90
       12
 40
0.7359268366654279
 40
-0.6770610689410645
 40
0.0
 40
3094.512121202009
 40
0.6770610689410645
 40
0.7359268366654279
 40
0.0
 40
1081.379741588838
 40
0.0
 40
0.0
 40
1.0
 40
0.0
 40
0.0
 40
0.0
 40
0.0
 40
1.0
330
3B6
100
AcDbAssocArrayItem
 90
        0
 90
       20
 90
        0
 90
        0
 90
       12
 40
0.5244137158956531
 40
-0.8514635955697187
 40
0.0
 40
3099.684903659693
 40
0.8514635955697187
 40
0.5244137158956531
 40
0.0
 40
1087.691125285727
 40
0.0
 40
0.0
 40
1.0
 40
0.0
 40
0.0
 40
0.0
 40
0.0
 40
1.0
330
3B7
100
AcDbAssocArrayItem
 90
        0
 90
       21
 90
        0
 90
        0
 90
       12
 40
0.4063583710405395
 40
-0.9137137813808433
 40
0.0
 40
3103.5043500524
 40
0.9137137813808433
 40
0.4063583710405395
 40
0.0
 40
1094.934574524813
 40
0.0
 40
0.0
 40
1.0
 40
0.0
 40
0.0
 40
0.0
 40
0.0
 40
1.0
330
3B8
 40
1.0
 40
0.0
 40
0.0
 40
-2784.229797099096
 40
0.0
 40
1.0
 40
0.0
 40
-528.7968444718069
 40
0.0
 40
0.0
 40
1.0
 40
0.0
 40
0.0
 40
0.0
 40
0.0
 40
1.0
  0
ACDBASSOCDEPENDENCY
  5
50D
330
50B
100
AcDbAssocDependency
 90
        2
 90
        0
290
     0
290
     1
290
     1
290
     1
 90
        0
330
3A1
290
     0
330
0
330
0
360
0
 90
        2
  0
ACDBASSOCDEPENDENCY
  5
50E
330
50B
100
AcDbAssocDependency
 90
        2
 90
        0
290
     1
290
     0
290
     1
290
     1
 90
        0
330
39D
290
     0
330
0
330
0
360
0
 90
        3
  0
ACDBASSOCDEPENDENCY
  5
50F
330
50B
100
AcDbAssocDependency
 90
        2
 90
        0
290
     1
290
     1
290
     1
290
     1
 90
-2147483648
330
4CA
290
     0
330
0
330
0
360
0
 90
        4
  0
ACDBASSOCVERTEXACTIONPARAM
  5
510
330
50B
100
AcDbAssocActionParam
 90
        1
 90
        0
  1
BaseNormal
100
AcDbAssocSingleDependencyActionParam
 90
        0
330
0
100
AcDbAssocVertexActionParam
 90
        0
 10
0.0
 20
0.0
 30
1.0
  0
ACDBASSOCVERTEXACTIONPARAM
  5
511
330
50B
100
AcDbAssocActionParam
 90
        1
 90
        0
  1
Origin
100
AcDbAssocSingleDependencyActionParam
 90
        0
330
0
100
AcDbAssocVertexActionParam
 90
        0
 10
0.0
 20
0.0
 30
0.0
  0
ACDBASSOCEDGEACTIONPARAM
  5
512
330
50B
100
AcDbAssocActionParam
 90
        1
 90
        0
  1
RowProfile
100
AcDbAssocSingleDependencyActionParam
 90
        0
330
0
100
AcDbAssocEdgeActionParam
 90
        0
330
0
290
     1
 90
       47
 90
       35
 90
       11
 10
3047.442175124123
 20
1119.867255354496
 30
0.0
 10
0.0
 20
0.0
 30
-1.0
 10
1.0
 20
0.0
 30
0.0
 40
61.35638541377471
 40
0.4184649883351135
 40
0.5776186852105907
 40
0.0
 90
       11
 10
3078.972711302539
 20
1099.316589586828
 30
0.0
 10
0.0
 20
0.0
 30
-1.0
 10
1.0
 20
0.0
 30
0.0
 40
23.71990609924758
 40
0.5776186852106298
 40
0.8229943837490782
 40
0.0
 90
       11
 10
2959.72512509767
 20
1227.885532893402
 30
0.0
 10
0.0
 20
0.0
 30
-1.0
 10
1.0
 20
0.0
 30
0.0
 40
199.0765712096922
 40
0.8229943837490614
 40
0.8801380222975696
 40
0.0
 90
       11
 10
3075.414889047364
 20
1087.900436490968
 30
0.0
 10
0.0
 20
0.0
 30
-1.0
 10
1.0
 20
0.0
 30
0.0
 40
17.47274774351472
 40
0.880138022297384
 40
1.057000866239023
 40
0.0
 90
       11
 10
3034.535776466324
 20
1160.335881762129
 30
0.0
 10
0.0
 20
0.0
 30
-1.0
 10
1.0
 20
0.0
 30
0.0
 40
100.6472364828193
 40
1.057000866239107
 40
1.143979263380943
 40
0.0
 90
       11
 10
3063.250396489162
 20
1097.195494142122
 30
0.0
 10
0.0
 20
0.0
 30
-1.0
 10
1.0
 20
0.0
 30
0.0
 40
31.28414866328259
 40
1.143979263380926
 40
1.294217935184413
 40
0.0
 90
       11
 10
2888.224044327548
 20
1713.803714514668
 30
0.0
 10
0.0
 20
0.0
 30
-1.0
 10
1.0
 20
0.0
 30
0.0
 40
672.2521052586179
 40
1.294217935184465
 40
1.302065789433587
 40
0.0
 90
       11
 10
3044.968491824561
 20
1144.635059614076
 30
0.0
 10
0.0
 20
0.0
 30
-1.0
 10
1.0
 20
0.0
 30
0.0
 40
81.89477317702788
 40
1.302065789433002
 40
1.324114449599475
 40
0.0
 90
       11
 10
2809.791992408024
 20
2078.577677990285
 30
0.0
 10
0.0
 20
0.0
 30
-1.0
 10
1.0
 20
0.0
 30
0.0
 40
1044.99227618346
 40
1.324114449599449
 40
1.329276145067565
 40
0.0
 90
       11
 10
3025.286487801175
 20
1203.752089385506
 30
0.0
 10
0.0
 20
0.0
 30
-1.0
 10
1.0
 20
0.0
 30
0.0
 40
144.0163120076969
 40
1.329276145067218
 40
1.343027389078137
 40
0.0
 90
       11
 10
3013.886662212003
 20
1252.933529587989
 30
0.0
 10
0.0
 20
0.0
 30
-1.0
 10
1.0
 20
0.0
 30
0.0
 40
194.5016572462311
 40
1.343027389078047
 40
1.364894499819831
 40
0.0
 90
       11
 10
2995.702287445455
 20
1339.99767484453
 30
0.0
 10
0.0
 20
0.0
 30
-1.0
 10
1.0
 20
0.0
 30
0.0
 40
283.4445427115806
 40
1.364894499820123
 40
1.383062580347268
 40
0.0
 90
       11
 10
2984.962636824558
 20
1396.530845387757
 30
0.0
 10
0.0
 20
0.0
 30
-1.0
 10
1.0
 20
0.0
 30
0.0
 40
340.9887819291468
 40
1.383062580347253
 40
1.398619868306106
 40
0.0
 90
       11
 10
2980.74420218065
 20
1420.788907585263
 30
0.0
 10
0.0
 20
0.0
 30
-1.0
 10
1.0
 20
0.0
 30
0.0
 40
365.6109015053132
 40
1.398619868306115
 40
1.413649668567296
 40
0.0
 90
       11
 10
2941.178223255809
 20
1670.490345702085
 30
0.0
 10
0.0
 20
0.0
 30
-1.0
 10
1.0
 20
0.0
 30
0.0
 40
618.4275838779163
 40
1.413649668567259
 40
1.425311952195784
 40
0.0
 90
       11
 10
2995.449570075419
 20
1300.086936283386
 30
0.0
 10
0.0
 20
0.0
 30
-1.0
 10
1.0
 20
0.0
 30
0.0
 40
244.0693800214885
 40
1.425311952195194
 40
1.443790884064947
 40
0.0
 90
       11
 10
2869.664911663028
 20
2285.144025982731
 30
0.0
 10
0.0
 20
0.0
 30
-1.0
 10
1.0
 20
0.0
 30
0.0
 40
1237.124892195337
 40
1.443790884064861
 40
1.449442991188542
 40
0.0
 90
       11
 10
2934.126585571647
 20
1756.564172511173
 30
0.0
 10
0.0
 20
0.0
 30
-1.0
 10
1.0
 20
0.0
 30
0.0
 40
704.628912023548
 40
1.449442991188983
 40
1.456923687175605
 40
0.0
 90
       11
 10
942.0941718249455
 20
19174.39829334751
 30
0.0
 10
0.0
 20
0.0
 30
-1.0
 10
1.0
 20
0.0
 30
0.0
 40
18236.00474503757
 40
1.456923687176064
 40
1.45729009329608
 40
0.0
 90
       11
 10
2861.495150874815
 20
2336.988942766704
 30
0.0
 10
0.0
 20
0.0
 30
-1.0
 10
1.0
 20
0.0
 30
0.0
 40
1289.546302123793
 40
1.457290093303662
 40
1.458666108499927
 40
0.0
 90
       11
 10
1579.81015514341
 20
13719.36994570905
 30
0.0
 10
0.0
 20
0.0
 30
-1.0
 10
1.0
 20
0.0
 30
0.0
 40
12743.86049916003
 40
1.458666108501684
 40
1.459009578051782
 40
0.0
 90
       11
 10
2765.491370081645
 20
3156.953185570954
 30
0.0
 10
0.0
 20
0.0
 30
-1.0
 10
1.0
 20
0.0
 30
0.0
 40
2115.102916154215
 40
1.459009578056918
 40
1.459852043778782
 40
0.0
 90
       11
 10
2914.035250387417
 20
1823.545837522459
 30
0.0
 10
0.0
 20
0.0
 30
-1.0
 10
1.0
 20
0.0
 30
0.0
 40
773.4470585640447
 40
1.459852043778766
 40
1.462716739827967
 40
0.0
 90
       11
 10
3273.958938819863
 20
-1493.64993805025
 30
0.0
 10
0.0
 20
0.0
 30
1.0
 10
1.0
 20
0.0
 30
0.0
 40
2563.217874415029
 40
1.678875913767881
 40
1.680454503151804
 40
0.0
 90
       11
 10
3077.742512926014
 20
288.5181212592462
 30
0.0
 10
0.0
 20
0.0
 30
1.0
 10
1.0
 20
0.0
 30
0.0
 40
770.2806537032905
 40
1.680454503151982
 40
1.688512191121347
 40
0.0
 90
       11
 10
2950.758820322146
 20
1362.261342225147
 30
0.0
 10
0.0
 20
0.0
 30
-1.0
 10
1.0
 20
0.0
 30
0.0
 40
310.9452074180303
 40
1.453080462470201
 40
1.465656152709566
 40
0.0
 90
       11
 10
2883.364642922559
 20
2000.891242252301
 30
0.0
 10
0.0
 20
0.0
 30
-1.0
 10
1.0
 20
0.0
 30
0.0
 40
953.1212925816388
 40
1.465656152709502
 40
1.468496214492199
 40
0.0
 90
       11
 10
3178.234237709679
 20
-871.444237771624
 30
0.0
 10
0.0
 20
0.0
 30
1.0
 10
1.0
 20
0.0
 30
0.0
 40
1934.309951229058
 40
1.67309643911276
 40
1.675095899613881
 40
0.0
 90
       11
 10
3968.230553374873
 20
-8418.25945975299
 30
0.0
 10
0.0
 20
0.0
 30
1.0
 10
1.0
 20
0.0
 30
0.0
 40
9522.360700498875
 40
1.675095899613703
 40
1.675789336286168
 40
0.0
 90
       11
 10
727.8185467041694
 20
22331.37171902949
 30
0.0
 10
0.0
 20
0.0
 30
-1.0
 10
1.0
 20
0.0
 30
0.0
 40
21397.53722307337
 40
1.465803317289102
 40
1.466265776720524
 40
0.0
 90
       11
 10
2701.105822904974
 20
3522.565074400942
 30
0.0
 10
0.0
 20
0.0
 30
-1.0
 10
1.0
 20
0.0
 30
0.0
 40
2485.502164163422
 40
1.466265776720654
 40
1.467954259595527
 40
0.0
 90
       11
 10
2515.944766892011
 20
5316.653967659496
 30
0.0
 10
0.0
 20
0.0
 30
-1.0
 10
1.0
 20
0.0
 30
0.0
 40
4289.120630906746
 40
1.467954259592195
 40
1.469240011522008
 40
0.0
 90
       11
 10
2949.36185466431
 20
1063.584932822742
 30
0.0
 10
0.0
 20
0.0
 30
-1.0
 10
1.0
 20
0.0
 30
0.0
 40
14.02453993285332
 40
1.469240011519499
 40
1.487189052163953
 40
0.0
 90
       11
 10
2519.18550662583
 20
6196.793093587936
 30
0.0
 10
0.0
 20
0.0
 30
-1.0
 10
1.0
 20
0.0
 30
0.0
 40
5165.22611938576
 40
1.487189052161867
 40
1.488241576998035
 40
0.0
 90
       11
 10
2942.725850406521
 20
1078.035851792702
 30
0.0
 10
0.0
 20
0.0
 30
-1.0
 10
1.0
 20
0.0
 30
0.0
 40
28.97630816736199
 40
1.488241576998285
 40
1.504613898375709
 40
0.0
  0
ACDBASSOCVERTEXACTIONPARAM
  5
513
330
50B
100
AcDbAssocActionParam
 90
        1
 90
        0
  1
basePoint
100
AcDbAssocSingleDependencyActionParam
 90
        0
330
0
100
AcDbAssocVertexActionParam
 90
        0
 10
0.0
 20
0.0
 30
0.0
  0
ACDBASSOCARRAYACTIONBODY
  5
515
330
514
100
AcDbAssocActionBody
 90
        2
100
AcDbAssocArrayActionBody
 90
        1
  1
AcDbAssocArrayPathParameters
 90
        0
 90
       25
  1
AcDbAssocArrayItem
100
AcDbAssocArrayItem
 90
        0
 90
        0
 90
        0
 90
        0
 90
       12
 40
0.9783930474857946
 40
-0.2067535843255439
 40
0.0
 40
3317.034483180562
 40
0.2067535843255439
 40
0.9783930474857946
 40
0.0
 40
1239.683694075633
 40
0.0
 40
0.0
 40
1.0
 40
0.0
 40
0.0
 40
0.0
 40
0.0
 40
1.0
330
305
100
AcDbAssocArrayItem
 90
        0
 90
        1
 90
        0
 90
        0
 90
       12
 40
0.9739045093914315
 40
0.2269581604327882
 40
0.0
 40
3325.127674391718
 40
-0.2269581604327882
 40
0.9739045093914315
 40
0.0
 40
1239.599936608847
 40
0.0
 40
0.0
 40
1.0
 40
0.0
 40
0.0
 40
0.0
 40
0.0
 40
1.0
330
306
100
AcDbAssocArrayItem
 90
        0
 90
        2
 90
        0
 90
        0
 90
       12
 40
0.7076277431447388
 40
0.7065854351257772
 40
0.0
 40
3332.272322122357
 40
-0.7065854351257772
 40
0.7076277431447388
 40
0.0
 40
1235.921200265344
 40
0.0
 40
0.0
 40
1.0
 40
0.0
 40
0.0
 40
0.0
 40
0.0
 40
1.0
330
307
100
AcDbAssocArrayItem
 90
        0
 90
        3
 90
        0
 90
        0
 90
       12
 40
0.7984754440635227
 40
0.6020273791345045
 40
0.0
 40
3338.425912260978
 40
-0.6020273791345045
 40
0.7984754440635227
 40
0.0
 40
1230.57451022611
 40
0.0
 40
0.0
 40
1.0
 40
0.0
 40
0.0
 40
0.0
 40
0.0
 40
1.0
330
308
100
AcDbAssocArrayItem
 90
        0
 90
        4
 90
        0
 90
        0
 90
       12
 40
0.8740038411747665
 40
0.4859190113709829
 40
0.0
 40
3345.259276750277
 40
-0.4859190113709829
 40
0.8740038411747665
 40
0.0
 40
1226.12941228274
 40
0.0
 40
0.0
 40
1.0
 40
0.0
 40
0.0
 40
0.0
 40
0.0
 40
1.0
330
309
100
AcDbAssocArrayItem
 90
        0
 90
        5
 90
        0
 90
        0
 90
       12
 40
0.9327638699267099
 40
0.360487951198577
 40
0.0
 40
3352.641312764968
 40
-0.360487951198577
 40
0.9327638699267099
 40
0.0
 40
1222.671188714551
 40
0.0
 40
0.0
 40
1.0
 40
0.0
 40
0.0
 40
0.0
 40
0.0
 40
1.0
330
30A
100
AcDbAssocArrayItem
 90
        0
 90
        6
 90
        0
 90
        0
 90
       12
 40
0.9736281785155078
 40
0.2281406802842805
 40
0.0
 40
3360.43039083696
 40
-0.2281406802842805
 40
0.9736281785155078
 40
0.0
 40
1220.266187933219
 40
0.0
 40
0.0
 40
1.0
 40
0.0
 40
0.0
 40
0.0
 40
0.0
 40
1.0
330
30B
100
AcDbAssocArrayItem
 90
        0
 90
        7
 90
        0
 90
        0
 90
       12
 40
0.9958127569095296
 40
0.0914163725830455
 40
0.0
 40
3368.477072114682
 40
-0.0914163725830455
 40
0.9958127569095296
 40
0.0
 40
1218.960551542596
 40
0.0
 40
0.0
 40
1.0
 40
0.0
 40
0.0
 40
0.0
 40
0.0
 40
1.0
330
30C
100
AcDbAssocArrayItem
 90
        0
 90
        8
 90
        0
 90
        0
 90
       12
 40
0.9984682411693889
 40
0.0553278535288254
 40
0.0
 40
3376.621186112038
 40
-0.0553278535288254
 40
0.9984682411693889
 40
0.0
 40
1218.482897395722
 40
0.0
 40
0.0
 40
1.0
 40
0.0
 40
0.0
 40
0.0
 40
0.0
 40
1.0
330
30D
100
AcDbAssocArrayItem
 90
        0
 90
        9
 90
        0
 90
        0
 90
       12
 40
0.9984682411693889
 40
0.0553278535288254
 40
0.0
 40
3384.767138048364
 40
-0.0553278535288254
 40
0.9984682411693889
 40
0.0
 40
1218.031507940352
 40
0.0
 40
0.0
 40
1.0
 40
0.0
 40
0.0
 40
0.0
 40
0.0
 40
1.0
330
30E
100
AcDbAssocArrayItem
 90
        0
 90
       10
 90
        0
 90
        0
 90
       12
 40
0.9984682411693889
 40
0.0553278535288254
 40
0.0
 40
3392.913089984691
 40
-0.0553278535288254
 40
0.9984682411693889
 40
0.0
 40
1217.580118484981
 40
0.0
 40
0.0
 40
1.0
 40
0.0
 40
0.0
 40
0.0
 40
0.0
 40
1.0
330
30F
100
AcDbAssocArrayItem
 90
        0
 90
       11
 90
        0
 90
        0
 90
       12
 40
0.9984682411693889
 40
0.0553278535288254
 40
0.0
 40
3401.059041921018
 40
-0.0553278535288254
 40
0.9984682411693889
 40
0.0
 40
1217.128729029611
 40
0.0
 40
0.0
 40
1.0
 40
0.0
 40
0.0
 40
0.0
 40
0.0
 40
1.0
330
310
100
AcDbAssocArrayItem
 90
        0
 90
       12
 90
        0
 90
        0
 90
       12
 40
0.9984682411693889
 40
0.0553278535288254
 40
0.0
 40
3409.204993857346
 40
-0.0553278535288254
 40
0.9984682411693889
 40
0.0
 40
1216.677339574241
 40
0.0
 40
0.0
 40
1.0
 40
0.0
 40
0.0
 40
0.0
 40
0.0
 40
1.0
330
311
100
AcDbAssocArrayItem
 90
        0
 90
       13
 90
        0
 90
        0
 90
       12
 40
0.9984682411693889
 40
0.0553278535288254
 40
0.0
 40
3417.350945793672
 40
-0.0553278535288254
 40
0.9984682411693889
 40
0.0
 40
1216.225950118871
 40
0.0
 40
0.0
 40
1.0
 40
0.0
 40
0.0
 40
0.0
 40
0.0
 40
1.0
330
312
100
AcDbAssocArrayItem
 90
        0
 90
       14
 90
        0
 90
        0
 90
       12
 40
0.9984682411693889
 40
0.0553278535288254
 40
0.0
 40
3425.496897729999
 40
-0.0553278535288254
 40
0.9984682411693889
 40
0.0
 40
1215.774560663501
 40
0.0
 40
0.0
 40
1.0
 40
0.0
 40
0.0
 40
0.0
 40
0.0
 40
1.0
330
313
100
AcDbAssocArrayItem
 90
        0
 90
       15
 90
        0
 90
        0
 90
       12
 40
0.9984682411693889
 40
0.0553278535288254
 40
0.0
 40
3433.642849666326
 40
-0.0553278535288254
 40
0.9984682411693889
 40
0.0
 40
1215.323171208131
 40
0.0
 40
0.0
 40
1.0
 40
0.0
 40
0.0
 40
0.0
 40
0.0
 40
1.0
330
314
100
AcDbAssocArrayItem
 90
        0
 90
       16
 90
        0
 90
        0
 90
       12
 40
0.9984682411693889
 40
0.0553278535288254
 40
0.0
 40
3441.788801602652
 40
-0.0553278535288254
 40
0.9984682411693889
 40
0.0
 40
1214.871781752761
 40
0.0
 40
0.0
 40
1.0
 40
0.0
 40
0.0
 40
0.0
 40
0.0
 40
1.0
330
315
100
AcDbAssocArrayItem
 90
        0
 90
       17
 90
        0
 90
        0
 90
       12
 40
0.9959655176968023
 40
0.0897367681552042
 40
0.0
 40
3449.932730222275
 40
-0.0897367681552042
 40
0.9959655176968023
 40
0.0
 40
1214.390582670816
 40
0.0
 40
0.0
 40
1.0
 40
0.0
 40
0.0
 40
0.0
 40
0.0
 40
1.0
330
316
100
AcDbAssocArrayItem
 90
        0
 90
       18
 90
        0
 90
        0
 90
       12
 40
0.9724532678092314
 40
0.2330979234724056
 40
0.0
 40
3457.976529220339
 40
-0.2330979234724056
 40
0.9724532678092314
 40
0.0
 40
1213.071342381008
 40
0.0
 40
0.0
 40
1.0
 40
0.0
 40
0.0
 40
0.0
 40
0.0
 40
1.0
330
317
100
AcDbAssocArrayItem
 90
        0
 90
       19
 90
        0
 90
        0
 90
       12
 40
0.9284171517530076
 40
0.371539489598122
 40
0.0
 40
3465.744296775144
 40
-0.371539489598122
 40
0.9284171517530076
 40
0.0
 40
1210.600535938162
 40
0.0
 40
0.0
 40
1.0
 40
0.0
 40
0.0
 40
0.0
 40
0.0
 40
1.0
330
318
100
AcDbAssocArrayItem
 90
        0
 90
       20
 90
        0
 90
        0
 90
       12
 40
0.8647865626233503
 40
0.5021396231189989
 40
0.0
 40
3473.072092235761
 40
-0.5021396231189989
 40
0.8647865626233503
 40
0.0
 40
1207.030310321921
 40
0.0
 40
0.0
 40
1.0
 40
0.0
 40
0.0
 40
0.0
 40
0.0
 40
1.0
330
319
100
AcDbAssocArrayItem
 90
        0
 90
       21
 90
        0
 90
        0
 90
       12
 40
0.7829044397046025
 40
0.6221419759916723
 40
0.0
 40
3479.80526067087
 40
-0.6221419759916723
 40
0.7829044397046025
 40
0.0
 40
1202.436016024865
 40
0.0
 40
0.0
 40
1.0
 40
0.0
 40
0.0
 40
0.0
 40
0.0
 40
1.0
330
31A
100
AcDbAssocArrayItem
 90
        0
 90
       22
 90
        0
 90
        0
 90
       12
 40
0.6844989254052693
 40
0.7290138689483429
 40
0.0
 40
3485.801696899247
 40
-0.7290138689483429
 40
0.6844989254052693
 40
0.0
 40
1196.91461676177
 40
0.0
 40
0.0
 40
1.0
 40
0.0
 40
0.0
 40
0.0
 40
0.0
 40
1.0
330
31B
100
AcDbAssocArrayItem
 90
        0
 90
       23
 90
        0
 90
        0
 90
       12
 40
0.5716468923860664
 40
0.8204997443176646
 40
0.0
 40
3490.93484465468
 40
-0.8204997443176646
 40
0.5716468923860664
 40
0.0
 40
1190.58264302648
 40
0.0
 40
0.0
 40
1.0
 40
0.0
 40
0.0
 40
0.0
 40
0.0
 40
1.0
330
31C
100
AcDbAssocArrayItem
 90
        0
 90
       24
 90
        0
 90
        0
 90
       12
 40
0.446730110649952
 40
0.8946687701259511
 40
0.0
 40
3495.096367587193
 40
-0.8946687701259511
 40
0.446730110649952
 40
0.0
 40
1183.573732687086
 40
0.0
 40
0.0
 40
1.0
 40
0.0
 40
0.0
 40
0.0
 40
0.0
 40
1.0
330
31D
 40
1.0
 40
0.0
 40
0.0
 40
-3158.594489644163
 40
0.0
 40
1.0
 40
0.0
 40
-986.6730360925428
 40
0.0
 40
0.0
 40
1.0
 40
0.0
 40
0.0
 40
0.0
 40
0.0
 40
1.0
  0
ACDBASSOCDEPENDENCY
  5
516
330
514
100
AcDbAssocDependency
 90
        2
 90
        0
290
     0
290
     1
290
     1
290
     1
 90
        0
330
303
290
     0
330
0
330
0
360
0
 90
        2
  0
ACDBASSOCDEPENDENCY
  5
517
330
514
100
AcDbAssocDependency
 90
        2
 90
        0
290
     1
290
     0
290
     1
290
     1
 90
        0
330
33F
290
     0
330
0
330
0
360
0
 90
        3
  0
ACDBASSOCDEPENDENCY
  5
518
330
514
100
AcDbAssocDependency
 90
        2
 90
        0
290
     1
290
     1
290
     1
290
     1
 90
-2147483648
330
412
290
     0
330
0
330
0
360
0
 90
        4
  0
ACDBASSOCVERTEXACTIONPARAM
  5
519
330
514
100
AcDbAssocActionParam
 90
        1
 90
        0
  1
BaseNormal
100
AcDbAssocSingleDependencyActionParam
 90
        0
330
0
100
AcDbAssocVertexActionParam
 90
        0
 10
0.0
 20
0.0
 30
1.0
  0
ACDBASSOCVERTEXACTIONPARAM
  5
51A
330
514
100
AcDbAssocActionParam
 90
        1
 90
        0
  1
Origin
100
AcDbAssocSingleDependencyActionParam
 90
        0
330
0
100
AcDbAssocVertexActionParam
 90
        0
 10
0.0
 20
0.0
 30
0.0
  0
ACDBASSOCEDGEACTIONPARAM
  5
51B
330
514
100
AcDbAssocActionParam
 90
        1
 90
        0
  1
RowProfile
100
AcDbAssocSingleDependencyActionParam
 90
        0
330
0
100
AcDbAssocEdgeActionParam
 90
        0
330
0
290
     1
 90
       47
 90
        4
 90
       11
 10
3320.89256706176
 20
1221.426586425989
 30
0.0
 10
0.0
 20
0.0
 30
-1.0
 10
1.0
 20
0.0
 30
0.0
 40
18.66029986267796
 40
4.504133300757851
 40
5.304085007145322
 40
0.0
 90
       11
 10
3373.857230377021
 20
1277.56745182145
 30
0.0
 10
0.0
 20
0.0
 30
1.0
 10
1.0
 20
0.0
 30
0.0
 40
58.8533334928724
 40
3.904117304829659
 40
4.636665942038336
 40
0.0
 90
       23
 10
3369.404934890682
 20
1218.882769594095
 30
0.0
 10
79.22407291086893
 20
-4.390022357481484
 30
0.0
 90
       11
 10
3444.897722488282
 20
1158.508315151212
 30
0.0
 10
0.0
 20
0.0
 30
-1.0
 10
1.0
 20
0.0
 30
0.0
 40
56.10863682191924
 40
4.778939180406535
 40
5.820078177670922
 40
0.0
  0
ACDBASSOCVERTEXACTIONPARAM
  5
51C
330
514
100
AcDbAssocActionParam
 90
        1
 90
        0
  1
basePoint
100
AcDbAssocSingleDependencyActionParam
 90
        0
330
0
100
AcDbAssocVertexActionParam
 90
        0
 10
0.0
 20
0.0
 30
0.0
  0
ACDBASSOCARRAYACTIONBODY
  5
51E
330
51D
100
AcDbAssocActionBody
 90
        2
100
AcDbAssocArrayActionBody
 90
        1
  1
AcDbAssocArrayPathParameters
 90
        0
 90
       25
  1
AcDbAssocArrayItem
100
AcDbAssocArrayItem
 90
        0
 90
        0
 90
        0
 90
        0
 90
       12
 40
0.9783930474857896
 40
-0.2067535843255674
 40
0.0
 40
3264.960237582887
 40
0.2067535843255674
 40
0.9783930474857896
 40
0.0
 40
1161.937086072492
 40
0.0
 40
0.0
 40
1.0
 40
0.0
 40
0.0
 40
0.0
 40
0.0
 40
1.0
330
325
100
AcDbAssocArrayItem
 90
        0
 90
        1
 90
        0
 90
        0
 90
       12
 40
0.9739045093914311
 40
0.2269581604327891
 40
0.0
 40
3273.053428794043
 40
-0.2269581604327891
 40
0.9739045093914311
 40
0.0
 40
1161.853328605705
 40
0.0
 40
0.0
 40
1.0
 40
0.0
 40
0.0
 40
0.0
 40
0.0
 40
1.0
330
326
100
AcDbAssocArrayItem
 90
        0
 90
        2
 90
        0
 90
        0
 90
       12
 40
0.7076277431447366
 40
0.7065854351257794
 40
0.0
 40
3280.198076524681
 40
-0.7065854351257794
 40
0.7076277431447366
 40
0.0
 40
1158.174592262203
 40
0.0
 40
0.0
 40
1.0
 40
0.0
 40
0.0
 40
0.0
 40
0.0
 40
1.0
330
327
100
AcDbAssocArrayItem
 90
        0
 90
        3
 90
        0
 90
        0
 90
       12
 40
0.7984754440635217
 40
0.6020273791345058
 40
0.0
 40
3286.351666663303
 40
-0.6020273791345058
 40
0.7984754440635217
 40
0.0
 40
1152.827902222968
 40
0.0
 40
0.0
 40
1.0
 40
0.0
 40
0.0
 40
0.0
 40
0.0
 40
1.0
330
328
100
AcDbAssocArrayItem
 90
        0
 90
        4
 90
        0
 90
        0
 90
       12
 40
0.8740038411747656
 40
0.4859190113709844
 40
0.0
 40
3293.185031152602
 40
-0.4859190113709844
 40
0.8740038411747656
 40
0.0
 40
1148.382804279598
 40
0.0
 40
0.0
 40
1.0
 40
0.0
 40
0.0
 40
0.0
 40
0.0
 40
1.0
330
329
100
AcDbAssocArrayItem
 90
        0
 90
        5
 90
        0
 90
        0
 90
       12
 40
0.9327638699267085
 40
0.3604879511985807
 40
0.0
 40
3300.567067167293
 40
-0.3604879511985807
 40
0.9327638699267085
 40
0.0
 40
1144.92458071141
 40
0.0
 40
0.0
 40
1.0
 40
0.0
 40
0.0
 40
0.0
 40
0.0
 40
1.0
330
32A
100
AcDbAssocArrayItem
 90
        0
 90
        6
 90
        0
 90
        0
 90
       12
 40
0.9736281785155069
 40
0.2281406802842845
 40
0.0
 40
3308.356145239284
 40
-0.2281406802842845
 40
0.9736281785155069
 40
0.0
 40
1142.519579930077
 40
0.0
 40
0.0
 40
1.0
 40
0.0
 40
0.0
 40
0.0
 40
0.0
 40
1.0
330
32B
100
AcDbAssocArrayItem
 90
        0
 90
        7
 90
        0
 90
        0
 90
       12
 40
0.9958127569095294
 40
0.091416372583048
 40
0.0
 40
3316.402826517007
 40
-0.091416372583048
 40
0.9958127569095294
 40
0.0
 40
1141.213943539455
 40
0.0
 40
0.0
 40
1.0
 40
0.0
 40
0.0
 40
0.0
 40
0.0
 40
1.0
330
32C
100
AcDbAssocArrayItem
 90
        0
 90
        8
 90
        0
 90
        0
 90
       12
 40
0.9984682411693896
 40
0.0553278535288127
 40
0.0
 40
3324.546940514363
 40
-0.0553278535288127
 40
0.9984682411693896
 40
0.0
 40
1140.73628939258
 40
0.0
 40
0.0
 40
1.0
 40
0.0
 40
0.0
 40
0.0
 40
0.0
 40
1.0
330
32D
100
AcDbAssocArrayItem
 90
        0
 90
        9
 90
        0
 90
        0
 90
       12
 40
0.9984682411693896
 40
0.0553278535288127
 40
0.0
 40
3332.69289245069
 40
-0.0553278535288127
 40
0.9984682411693896
 40
0.0
 40
1140.28489993721
 40
0.0
 40
0.0
 40
1.0
 40
0.0
 40
0.0
 40
0.0
 40
0.0
 40
1.0
330
32E
100
AcDbAssocArrayItem
 90
        0
 90
       10
 90
        0
 90
        0
 90
       12
 40
0.998468241169389
 40
0.0553278535288216
 40
0.0
 40
3340.838844387015
 40
-0.0553278535288216
 40
0.998468241169389
 40
0.0
 40
1139.833510481841
 40
0.0
 40
0.0
 40
1.0
 40
0.0
 40
0.0
 40
0.0
 40
0.0
 40
1.0
330
32F
100
AcDbAssocArrayItem
 90
        0
 90
       11
 90
        0
 90
        0
 90
       12
 40
0.9984682411693896
 40
0.0553278535288127
 40
0.0
 40
3348.984796323343
 40
-0.0553278535288127
 40
0.9984682411693896
 40
0.0
 40
1139.38212102647
 40
0.0
 40
0.0
 40
1.0
 40
0.0
 40
0.0
 40
0.0
 40
0.0
 40
1.0
330
330
100
AcDbAssocArrayItem
 90
        0
 90
       12
 90
        0
 90
        0
 90
       12
 40
0.9984682411693896
 40
0.0553278535288127
 40
0.0
 40
3357.13074825967
 40
-0.0553278535288127
 40
0.9984682411693896
 40
0.0
 40
1138.930731571099
 40
0.0
 40
0.0
 40
1.0
 40
0.0
 40
0.0
 40
0.0
 40
0.0
 40
1.0
330
331
100
AcDbAssocArrayItem
 90
        0
 90
       13
 90
        0
 90
        0
 90
       12
 40
0.9984682411693896
 40
0.0553278535288127
 40
0.0
 40
3365.276700195997
 40
-0.0553278535288127
 40
0.9984682411693896
 40
0.0
 40
1138.479342115729
 40
0.0
 40
0.0
 40
1.0
 40
0.0
 40
0.0
 40
0.0
 40
0.0
 40
1.0
330
332
100
AcDbAssocArrayItem
 90
        0
 90
       14
 90
        0
 90
        0
 90
       12
 40
0.998468241169389
 40
0.0553278535288216
 40
0.0
 40
3373.422652132323
 40
-0.0553278535288216
 40
0.998468241169389
 40
0.0
 40
1138.02795266036
 40
0.0
 40
0.0
 40
1.0
 40
0.0
 40
0.0
 40
0.0
 40
0.0
 40
1.0
330
333
100
AcDbAssocArrayItem
 90
        0
 90
       15
 90
        0
 90
        0
 90
       12
 40
0.9984682411693896
 40
0.0553278535288127
 40
0.0
 40
3381.568604068651
 40
-0.0553278535288127
 40
0.9984682411693896
 40
0.0
 40
1137.576563204989
 40
0.0
 40
0.0
 40
1.0
 40
0.0
 40
0.0
 40
0.0
 40
0.0
 40
1.0
330
334
100
AcDbAssocArrayItem
 90
        0
 90
       16
 90
        0
 90
        0
 90
       12
 40
0.9984682411693896
 40
0.0553278535288127
 40
0.0
 40
3389.714556004978
 40
-0.0553278535288127
 40
0.9984682411693896
 40
0.0
 40
1137.125173749619
 40
0.0
 40
0.0
 40
1.0
 40
0.0
 40
0.0
 40
0.0
 40
0.0
 40
1.0
330
335
100
AcDbAssocArrayItem
 90
        0
 90
       17
 90
        0
 90
        0
 90
       12
 40
0.9959655176968013
 40
0.089736768155214
 40
0.0
 40
3397.8584846246
 40
-0.089736768155214
 40
0.9959655176968013
 40
0.0
 40
1136.643974667674
 40
0.0
 40
0.0
 40
1.0
 40
0.0
 40
0.0
 40
0.0
 40
0.0
 40
1.0
330
336
100
AcDbAssocArrayItem
 90
        0
 90
       18
 90
        0
 90
        0
 90
       12
 40
0.9724532678092296
 40
0.2330979234724129
 40
0.0
 40
3405.902283622664
 40
-0.2330979234724129
 40
0.9724532678092296
 40
0.0
 40
1135.324734377866
 40
0.0
 40
0.0
 40
1.0
 40
0.0
 40
0.0
 40
0.0
 40
0.0
 40
1.0
330
337
100
AcDbAssocArrayItem
 90
        0
 90
       19
 90
        0
 90
        0
 90
       12
 40
0.9284171517530054
 40
0.3715394895981276
 40
0.0
 40
3413.670051177469
 40
-0.3715394895981276
 40
0.9284171517530054
 40
0.0
 40
1132.85392793502
 40
0.0
 40
0.0
 40
1.0
 40
0.0
 40
0.0
 40
0.0
 40
0.0
 40
1.0
330
338
100
AcDbAssocArrayItem
 90
        0
 90
       20
 90
        0
 90
        0
 90
       12
 40
0.8647865626233482
 40
0.5021396231190028
 40
0.0
 40
3420.997846638086
 40
-0.5021396231190028
 40
0.8647865626233482
 40
0.0
 40
1129.283702318779
 40
0.0
 40
0.0
 40
1.0
 40
0.0
 40
0.0
 40
0.0
 40
0.0
 40
1.0
330
339
100
AcDbAssocArrayItem
 90
        0
 90
       21
 90
        0
 90
        0
 90
       12
 40
0.7829044397046018
 40
0.6221419759916734
 40
0.0
 40
3427.731015073195
 40
-0.6221419759916734
 40
0.7829044397046018
 40
0.0
 40
1124.689408021723
 40
0.0
 40
0.0
 40
1.0
 40
0.0
 40
0.0
 40
0.0
 40
0.0
 40
1.0
330
33A
100
AcDbAssocArrayItem
 90
        0
 90
       22
 90
        0
 90
        0
 90
       12
 40
0.6844989254052684
 40
0.7290138689483438
 40
0.0
 40
3433.727451301571
 40
-0.7290138689483438
 40
0.6844989254052684
 40
0.0
 40
1119.168008758628
 40
0.0
 40
0.0
 40
1.0
 40
0.0
 40
0.0
 40
0.0
 40
0.0
 40
1.0
330
33B
100
AcDbAssocArrayItem
 90
        0
 90
       23
 90
        0
 90
        0
 90
       12
 40
0.5716468923860666
 40
0.8204997443176644
 40
0.0
 40
3438.860599057004
 40
-0.8204997443176644
 40
0.5716468923860666
 40
0.0
 40
1112.836035023338
 40
0.0
 40
0.0
 40
1.0
 40
0.0
 40
0.0
 40
0.0
 40
0.0
 40
1.0
330
33C
100
AcDbAssocArrayItem
 90
        0
 90
       24
 90
        0
 90
        0
 90
       12
 40
0.4467301106499535
 40
0.8946687701259502
 40
0.0
 40
3443.022121989518
 40
-0.8946687701259502
 40
0.4467301106499535
 40
0.0
 40
1105.827124683943
 40
0.0
 40
0.0
 40
1.0
 40
0.0
 40
0.0
 40
0.0
 40
0.0
 40
1.0
330
33D
 40
0.9915233014809178
 40
0.1299289906848382
 40
0.0
 40
-3220.949793010005
 40
0.1299289906848382
 40
-0.9915233014809178
 40
0.0
 40
845.6334227743964
 40
0.0
 40
0.0
 40
1.0
 40
0.0
 40
0.0
 40
0.0
 40
0.0
 40
1.0
  0
ACDBASSOCDEPENDENCY
  5
51F
330
51D
100
AcDbAssocDependency
 90
        2
 90
        0
290
     0
290
     1
290
     1
290
     1
 90
        0
330
323
290
     0
330
0
330
0
360
0
 90
        2
  0
ACDBASSOCDEPENDENCY
  5
520
330
51D
100
AcDbAssocDependency
 90
        2
 90
        0
290
     1
290
     0
290
     1
290
     1
 90
        0
330
31F
290
     0
330
0
330
0
360
0
 90
        3
  0
ACDBASSOCDEPENDENCY
  5
521
330
51D
100
AcDbAssocDependency
 90
        2
 90
        0
290
     1
290
     1
290
     1
290
     1
 90
-2147483648
330
415
290
     0
330
0
330
0
360
0
 90
        4
  0
ACDBASSOCVERTEXACTIONPARAM
  5
522
330
51D
100
AcDbAssocActionParam
 90
        1
 90
        0
  1
BaseNormal
100
AcDbAssocSingleDependencyActionParam
 90
        0
330
0
100
AcDbAssocVertexActionParam
 90
        0
 10
0.0
 20
0.0
 30
1.0
  0
ACDBASSOCVERTEXACTIONPARAM
  5
523
330
51D
100
AcDbAssocActionParam
 90
        1
 90
        0
  1
Origin
100
AcDbAssocSingleDependencyActionParam
 90
        0
330
0
100
AcDbAssocVertexActionParam
 90
        0
 10
0.0
 20
0.0
 30
0.0
  0
ACDBASSOCEDGEACTIONPARAM
  5
524
330
51D
100
AcDbAssocActionParam
 90
        1
 90
        0
  1
RowProfile
100
AcDbAssocSingleDependencyActionParam
 90
        0
330
0
100
AcDbAssocEdgeActionParam
 90
        0
330
0
290
     1
 90
       47
 90
        4
 90
       11
 10
3268.818321464085
 20
1143.679978422847
 30
0.0
 10
0.0
 20
0.0
 30
-1.0
 10
1.0
 20
-0.0000000000000001
 30
0.0
 40
18.66029986267796
 40
4.504133300757851
 40
5.304085007145322
 40
0.0
 90
       11
 10
3321.782984779345
 20
1199.820843818308
 30
0.0
 10
0.0
 20
0.0
 30
1.0
 10
1.0
 20
-0.0000000000000001
 30
0.0
 40
58.8533334928724
 40
3.904117304829659
 40
4.636665942038336
 40
0.0
 90
       23
 10
3317.330689293007
 20
1141.136161590953
 30
0.0
 10
79.22407291086893
 20
-4.390022357481484
 30
0.0
 90
       11
 10
3392.823476890607
 20
1080.761707148069
 30
0.0
 10
0.0
 20
0.0
 30
-1.0
 10
1.0
 20
-0.0000000000000001
 30
0.0
 40
56.10863682191972
 40
4.778939180406543
 40
5.820078177670926
 40
0.0
  0
ACDBASSOCVERTEXACTIONPARAM
  5
525
330
51D
100
AcDbAssocActionParam
 90
        1
 90
        0
  1
basePoint
100
AcDbAssocSingleDependencyActionParam
 90
        0
330
0
100
AcDbAssocVertexActionParam
 90
        0
 10
0.0
 20
0.0
 30
0.0
  0
ACDBASSOCARRAYACTIONBODY
  5
527
330
526
100
AcDbAssocActionBody
 90
        2
100
AcDbAssocArrayActionBody
 90
        1
  1
AcDbAssocArrayPathParameters
 90
        0
 90
       22
  1
AcDbAssocArrayItem
100
AcDbAssocArrayItem
 90
        0
 90
        0
 90
        0
 90
        0
 90
       12
 40
0.9978107423591136
 40
-0.066134124570865
 40
0.0
 40
2944.642173180465
 40
0.066134124570865
 40
0.9978107423591136
 40
0.0
 40
1049.1229802294
 40
0.0
 40
0.0
 40
1.0
 40
0.0
 40
0.0
 40
0.0
 40
0.0
 40
1.0
330
386
100
AcDbAssocArrayItem
 90
        0
 90
        1
 90
        0
 90
        0
 90
       12
 40
0.9947994417975037
 40
-0.1018531815869063
 40
0.0
 40
2952.805349359922
 40
0.1018531815869063
 40
0.9947994417975037
 40
0.0
 40
1049.83915823131
 40
0.0
 40
0.0
 40
1.0
 40
0.0
 40
0.0
 40
0.0
 40
0.0
 40
1.0
330
387
100
AcDbAssocArrayItem
 90
        0
 90
        2
 90
        0
 90
        0
 90
       12
 40
0.9945391406098352
 40
-0.1043642553513935
 40
0.0
 40
2960.9565853443
 40
0.1043642553513935
 40
0.9945391406098352
 40
0.0
 40
1050.683438027183
 40
0.0
 40
0.0
 40
1.0
 40
0.0
 40
0.0
 40
0.0
 40
0.0
 40
1.0
330
388
100
AcDbAssocArrayItem
 90
        0
 90
        3
 90
        0
 90
        0
 90
       12
 40
0.9944990981684778
 40
-0.1047451370808408
 40
0.0
 40
2969.106516326935
 40
0.1047451370808408
 40
0.9944990981684778
 40
0.0
 40
1051.540247656539
 40
0.0
 40
0.0
 40
1.0
 40
0.0
 40
0.0
 40
0.0
 40
0.0
 40
1.0
330
389
100
AcDbAssocArrayItem
 90
        0
 90
        4
 90
        0
 90
        0
 90
       12
 40
0.9945875909898154
 40
-0.103901510331063
 40
0.0
 40
2977.256512329163
 40
0.103901510331063
 40
0.9945875909898154
 40
0.0
 40
1052.396436848973
 40
0.0
 40
0.0
 40
1.0
 40
0.0
 40
0.0
 40
0.0
 40
0.0
 40
1.0
330
38A
100
AcDbAssocArrayItem
 90
        0
 90
        5
 90
        0
 90
        0
 90
       12
 40
0.9937726271270477
 40
-0.1114269517352323
 40
0.0
 40
2985.406496941328
 40
0.1114269517352323
 40
0.9937726271270477
 40
0.0
 40
1053.252506556757
 40
0.0
 40
0.0
 40
1.0
 40
0.0
 40
0.0
 40
0.0
 40
0.0
 40
1.0
330
38B
100
AcDbAssocArrayItem
 90
        0
 90
        6
 90
        0
 90
        0
 90
       12
 40
0.9939980366169367
 40
-0.1093979122363647
 40
0.0
 40
2993.548254752545
 40
0.1093979122363647
 40
0.9939980366169367
 40
0.0
 40
1054.183596539794
 40
0.0
 40
0.0
 40
1.0
 40
0.0
 40
0.0
 40
0.0
 40
0.0
 40
1.0
330
38C
100
AcDbAssocArrayItem
 90
        0
 90
        7
 90
        0
 90
        0
 90
       12
 40
0.9937561263691886
 40
-0.1115740171532128
 40
0.0
 40
3001.69386507233
 40
0.1115740171532128
 40
0.9937561263691886
 40
0.0
 40
1055.080501074186
 40
0.0
 40
0.0
 40
1.0
 40
0.0
 40
0.0
 40
0.0
 40
0.0
 40
1.0
330
38D
100
AcDbAssocArrayItem
 90
        0
 90
        8
 90
        0
 90
        0
 90
       12
 40
0.9935507937115218
 40
-0.1133879196175905
 40
0.0
 40
3009.836811997742
 40
0.1133879196175905
 40
0.9935507937115218
 40
0.0
 40
1056.001304787955
 40
0.0
 40
0.0
 40
1.0
 40
0.0
 40
0.0
 40
0.0
 40
0.0
 40
1.0
330
38E
100
AcDbAssocArrayItem
 90
        0
 90
        9
 90
        0
 90
        0
 90
       12
 40
0.9928942494978743
 40
-0.119000039134671
 40
0.0
 40
3017.977453677749
 40
0.119000039134671
 40
0.9928942494978743
 40
0.0
 40
1056.942177733034
 40
0.0
 40
0.0
 40
1.0
 40
0.0
 40
0.0
 40
0.0
 40
0.0
 40
1.0
330
38F
100
AcDbAssocArrayItem
 90
        0
 90
       10
 90
        0
 90
        0
 90
       12
 40
0.9919718892632607
 40
-0.1264585738946848
 40
0.0
 40
3026.109961259475
 40
0.1264585738946848
 40
0.9919718892632607
 40
0.0
 40
1057.95090941709
 40
0.0
 40
0.0
 40
1.0
 40
0.0
 40
0.0
 40
0.0
 40
0.0
 40
1.0
330
390
100
AcDbAssocArrayItem
 90
        0
 90
       11
 90
        0
 90
        0
 90
       12
 40
0.9886169743985295
 40
-0.1504542386611204
 40
0.0
 40
3034.223274555104
 40
0.1504542386611204
 40
0.9886169743985295
 40
0.0
 40
1059.102338844092
 40
0.0
 40
0.0
 40
1.0
 40
0.0
 40
0.0
 40
0.0
 40
0.0
 40
1.0
330
391
100
AcDbAssocArrayItem
 90
        0
 90
       12
 90
        0
 90
        0
 90
       12
 40
0.9857180029298726
 40
-0.1684043310011457
 40
0.0
 40
3042.314661455328
 40
0.1684043310011457
 40
0.9857180029298726
 40
0.0
 40
1060.399659904047
 40
0.0
 40
0.0
 40
1.0
 40
0.0
 40
0.0
 40
0.0
 40
0.0
 40
1.0
330
392
100
AcDbAssocArrayItem
 90
        0
 90
       13
 90
        0
 90
        0
 90
       12
 40
0.9812208620619397
 40
-0.1928875834635923
 40
0.0
 40
3050.375220334998
 40
0.1928875834635923
 40
0.9812208620619397
 40
0.0
 40
1061.875976298313
 40
0.0
 40
0.0
 40
1.0
 40
0.0
 40
0.0
 40
0.0
 40
0.0
 40
1.0
330
393
100
AcDbAssocArrayItem
 90
        0
 90
       14
 90
        0
 90
        0
 90
       12
 40
0.9732271262384058
 40
-0.2298455149741539
 40
0.0
 40
3058.387991199245
 40
0.2298455149741539
 40
0.9732271262384058
 40
0.0
 40
1063.591507918797
 40
0.0
 40
0.0
 40
1.0
 40
0.0
 40
0.0
 40
0.0
 40
0.0
 40
1.0
330
394
100
AcDbAssocArrayItem
 90
        0
 90
       15
 90
        0
 90
        0
 90
       12
 40
0.9653541967213778
 40
-0.2609430490977365
 40
0.0
 40
3066.338363642533
 40
0.2609430490977365
 40
0.9653541967213778
 40
0.0
 40
1065.577596638084
 40
0.0
 40
0.0
 40
1.0
 40
0.0
 40
0.0
 40
0.0
 40
0.0
 40
1.0
330
395
100
AcDbAssocArrayItem
 90
        0
 90
       16
 90
        0
 90
        0
 90
       12
 40
0.9367739692514668
 40
-0.3499350375896246
 40
0.0
 40
3074.197816227604
 40
0.3499350375896246
 40
0.9367739692514668
 40
0.0
 40
1067.889318024164
 40
0.0
 40
0.0
 40
1.0
 40
0.0
 40
0.0
 40
0.0
 40
0.0
 40
1.0
330
396
100
AcDbAssocArrayItem
 90
        0
 90
       17
 90
        0
 90
        0
 90
       12
 40
0.883884261151052
 40
-0.4677056904608483
 40
0.0
 40
3081.609061698487
 40
0.4677056904608483
 40
0.883884261151052
 40
0.0
 40
1071.375373506612
 40
0.0
 40
0.0
 40
1.0
 40
0.0
 40
0.0
 40
0.0
 40
0.0
 40
1.0
330
397
100
AcDbAssocArrayItem
 90
        0
 90
       18
 90
        0
 90
        0
 90
       12
 40
0.7631662793183022
 40
-0.6462021588570091
 40
0.0
 40
3088.368835191207
 40
0.6462021588570091
 40
0.7631662793183022
 40
0.0
 40
1075.957006743841
 40
0.0
 40
0.0
 40
1.0
 40
0.0
 40
0.0
 40
0.0
 40
0.0
 40
1.0
330
398
100
AcDbAssocArrayItem
 90
        0
 90
       19
 90
        0
 90
        0
 90
       12
 40
0.7359268366654279
 40
-0.6770610689410645
 40
0.0
 40
3094.512121202009
 40
0.6770610689410645
 40
0.7359268366654279
 40
0.0
 40
1081.379741588838
 40
0.0
 40
0.0
 40
1.0
 40
0.0
 40
0.0
 40
0.0
 40
0.0
 40
1.0
330
399
100
AcDbAssocArrayItem
 90
        0
 90
       20
 90
        0
 90
        0
 90
       12
 40
0.5244137158956531
 40
-0.8514635955697187
 40
0.0
 40
3099.684903659693
 40
0.8514635955697187
 40
0.5244137158956531
 40
0.0
 40
1087.691125285727
 40
0.0
 40
0.0
 40
1.0
 40
0.0
 40
0.0
 40
0.0
 40
0.0
 40
1.0
330
39A
100
AcDbAssocArrayItem
 90
        0
 90
       21
 90
        0
 90
        0
 90
       12
 40
0.4063583710405395
 40
-0.9137137813808433
 40
0.0
 40
3103.5043500524
 40
0.9137137813808433
 40
0.4063583710405395
 40
0.0
 40
1094.934574524813
 40
0.0
 40
0.0
 40
1.0
 40
0.0
 40
0.0
 40
0.0
 40
0.0
 40
1.0
330
39B
 40
1.0
 40
-0.0000000000000001
 40
0.0
 40
-2792.328197759238
 40
-0.0000000000000001
 40
-1.0
 40
0.0
 40
1708.281391008658
 40
0.0
 40
0.0
 40
1.0
 40
0.0
 40
0.0
 40
0.0
 40
0.0
 40
1.0
  0
ACDBASSOCDEPENDENCY
  5
528
330
526
100
AcDbAssocDependency
 90
        2
 90
        0
290
     0
290
     1
290
     1
290
     1
 90
        0
330
384
290
     0
330
0
330
0
360
0
 90
        2
  0
ACDBASSOCDEPENDENCY
  5
529
330
526
100
AcDbAssocDependency
 90
        2
 90
        0
290
     1
290
     0
290
     1
290
     1
 90
        0
330
380
290
     0
330
0
330
0
360
0
 90
        3
  0
ACDBASSOCDEPENDENCY
  5
52A
330
526
100
AcDbAssocDependency
 90
        2
 90
        0
290
     1
290
     1
290
     1
290
     1
 90
-2147483648
330
456
290
     0
330
0
330
0
360
0
 90
        4
  0
ACDBASSOCVERTEXACTIONPARAM
  5
52B
330
526
100
AcDbAssocActionParam
 90
        1
 90
        0
  1
BaseNormal
100
AcDbAssocSingleDependencyActionParam
 90
        0
330
0
100
AcDbAssocVertexActionParam
 90
        0
 10
0.0
 20
0.0
 30
1.0
  0
ACDBASSOCVERTEXACTIONPARAM
  5
52C
330
526
100
AcDbAssocActionParam
 90
        1
 90
        0
  1
Origin
100
AcDbAssocSingleDependencyActionParam
 90
        0
330
0
100
AcDbAssocVertexActionParam
 90
        0
 10
0.0
 20
0.0
 30
0.0
  0
ACDBASSOCEDGEACTIONPARAM
  5
52D
330
526
100
AcDbAssocActionParam
 90
        1
 90
        0
  1
RowProfile
100
AcDbAssocSingleDependencyActionParam
 90
        0
330
0
100
AcDbAssocEdgeActionParam
 90
        0
330
0
290
     1
 90
       47
 90
       35
 90
       11
 10
3047.442175124123
 20
1119.867255354496
 30
0.0
 10
0.0
 20
0.0
 30
-1.0
 10
1.0
 20
0.0
 30
0.0
 40
61.35638541377471
 40
0.4184649883351135
 40
0.5776186852105907
 40
0.0
 90
       11
 10
3078.972711302539
 20
1099.316589586828
 30
0.0
 10
0.0
 20
0.0
 30
-1.0
 10
1.0
 20
0.0
 30
0.0
 40
23.71990609924758
 40
0.5776186852106298
 40
0.8229943837490782
 40
0.0
 90
       11
 10
2959.72512509767
 20
1227.885532893402
 30
0.0
 10
0.0
 20
0.0
 30
-1.0
 10
1.0
 20
0.0
 30
0.0
 40
199.0765712096922
 40
0.8229943837490614
 40
0.8801380222975696
 40
0.0
 90
       11
 10
3075.414889047364
 20
1087.900436490968
 30
0.0
 10
0.0
 20
0.0
 30
-1.0
 10
1.0
 20
0.0
 30
0.0
 40
17.47274774351472
 40
0.880138022297384
 40
1.057000866239023
 40
0.0
 90
       11
 10
3034.535776466324
 20
1160.335881762129
 30
0.0
 10
0.0
 20
0.0
 30
-1.0
 10
1.0
 20
0.0
 30
0.0
 40
100.6472364828193
 40
1.057000866239107
 40
1.143979263380943
 40
0.0
 90
       11
 10
3063.250396489162
 20
1097.195494142122
 30
0.0
 10
0.0
 20
0.0
 30
-1.0
 10
1.0
 20
0.0
 30
0.0
 40
31.28414866328259
 40
1.143979263380926
 40
1.294217935184413
 40
0.0
 90
       11
 10
2888.224044327548
 20
1713.803714514668
 30
0.0
 10
0.0
 20
0.0
 30
-1.0
 10
1.0
 20
0.0
 30
0.0
 40
672.2521052586179
 40
1.294217935184465
 40
1.302065789433587
 40
0.0
 90
       11
 10
3044.968491824561
 20
1144.635059614076
 30
0.0
 10
0.0
 20
0.0
 30
-1.0
 10
1.0
 20
0.0
 30
0.0
 40
81.89477317702788
 40
1.302065789433002
 40
1.324114449599475
 40
0.0
 90
       11
 10
2809.791992408024
 20
2078.577677990285
 30
0.0
 10
0.0
 20
0.0
 30
-1.0
 10
1.0
 20
0.0
 30
0.0
 40
1044.99227618346
 40
1.324114449599449
 40
1.329276145067565
 40
0.0
 90
       11
 10
3025.286487801175
 20
1203.752089385506
 30
0.0
 10
0.0
 20
0.0
 30
-1.0
 10
1.0
 20
0.0
 30
0.0
 40
144.0163120076969
 40
1.329276145067218
 40
1.343027389078137
 40
0.0
 90
       11
 10
3013.886662212003
 20
1252.933529587989
 30
0.0
 10
0.0
 20
0.0
 30
-1.0
 10
1.0
 20
0.0
 30
0.0
 40
194.5016572462311
 40
1.343027389078047
 40
1.364894499819831
 40
0.0
 90
       11
 10
2995.702287445455
 20
1339.99767484453
 30
0.0
 10
0.0
 20
0.0
 30
-1.0
 10
1.0
 20
0.0
 30
0.0
 40
283.4445427115806
 40
1.364894499820123
 40
1.383062580347268
 40
0.0
 90
       11
 10
2984.962636824558
 20
1396.530845387757
 30
0.0
 10
0.0
 20
0.0
 30
-1.0
 10
1.0
 20
0.0
 30
0.0
 40
340.9887819291468
 40
1.383062580347253
 40
1.398619868306106
 40
0.0
 90
       11
 10
2980.74420218065
 20
1420.788907585263
 30
0.0
 10
0.0
 20
0.0
 30
-1.0
 10
1.0
 20
0.0
 30
0.0
 40
365.6109015053132
 40
1.398619868306115
 40
1.413649668567296
 40
0.0
 90
       11
 10
2941.178223255809
 20
1670.490345702085
 30
0.0
 10
0.0
 20
0.0
 30
-1.0
 10
1.0
 20
0.0
 30
0.0
 40
618.4275838779163
 40
1.413649668567259
 40
1.425311952195784
 40
0.0
 90
       11
 10
2995.449570075419
 20
1300.086936283386
 30
0.0
 10
0.0
 20
0.0
 30
-1.0
 10
1.0
 20
0.0
 30
0.0
 40
244.0693800214885
 40
1.425311952195194
 40
1.443790884064947
 40
0.0
 90
       11
 10
2869.664911663028
 20
2285.144025982731
 30
0.0
 10
0.0
 20
0.0
 30
-1.0
 10
1.0
 20
0.0
 30
0.0
 40
1237.124892195337
 40
1.443790884064861
 40
1.449442991188542
 40
0.0
 90
       11
 10
2934.126585571647
 20
1756.564172511173
 30
0.0
 10
0.0
 20
0.0
 30
-1.0
 10
1.0
 20
0.0
 30
0.0
 40
704.628912023548
 40
1.449442991188983
 40
1.456923687175605
 40
0.0
 90
       11
 10
942.0941718249455
 20
19174.39829334751
 30
0.0
 10
0.0
 20
0.0
 30
-1.0
 10
1.0
 20
0.0
 30
0.0
 40
18236.00474503757
 40
1.456923687176064
 40
1.45729009329608
 40
0.0
 90
       11
 10
2861.495150874815
 20
2336.988942766704
 30
0.0
 10
0.0
 20
0.0
 30
-1.0
 10
1.0
 20
0.0
 30
0.0
 40
1289.546302123793
 40
1.457290093303662
 40
1.458666108499927
 40
0.0
 90
       11
 10
1579.81015514341
 20
13719.36994570905
 30
0.0
 10
0.0
 20
0.0
 30
-1.0
 10
1.0
 20
0.0
 30
0.0
 40
12743.86049916003
 40
1.458666108501684
 40
1.459009578051782
 40
0.0
 90
       11
 10
2765.491370081645
 20
3156.953185570954
 30
0.0
 10
0.0
 20
0.0
 30
-1.0
 10
1.0
 20
0.0
 30
0.0
 40
2115.102916154215
 40
1.459009578056918
 40
1.459852043778782
 40
0.0
 90
       11
 10
2914.035250387417
 20
1823.545837522459
 30
0.0
 10
0.0
 20
0.0
 30
-1.0
 10
1.0
 20
0.0
 30
0.0
 40
773.4470585640447
 40
1.459852043778766
 40
1.462716739827967
 40
0.0
 90
       11
 10
3273.958938819863
 20
-1493.64993805025
 30
0.0
 10
0.0
 20
0.0
 30
1.0
 10
1.0
 20
0.0
 30
0.0
 40
2563.217874415029
 40
1.678875913767881
 40
1.680454503151804
 40
0.0
 90
       11
 10
3077.742512926014
 20
288.5181212592462
 30
0.0
 10
0.0
 20
0.0
 30
1.0
 10
1.0
 20
0.0
 30
0.0
 40
770.2806537032905
 40
1.680454503151982
 40
1.688512191121347
 40
0.0
 90
       11
 10
2950.758820322146
 20
1362.261342225147
 30
0.0
 10
0.0
 20
0.0
 30
-1.0
 10
1.0
 20
0.0
 30
0.0
 40
310.9452074180303
 40
1.453080462470201
 40
1.465656152709566
 40
0.0
 90
       11
 10
2883.364642922559
 20
2000.891242252301
 30
0.0
 10
0.0
 20
0.0
 30
-1.0
 10
1.0
 20
0.0
 30
0.0
 40
953.1212925816388
 40
1.465656152709502
 40
1.468496214492199
 40
0.0
 90
       11
 10
3178.234237709679
 20
-871.444237771624
 30
0.0
 10
0.0
 20
0.0
 30
1.0
 10
1.0
 20
0.0
 30
0.0
 40
1934.309951229058
 40
1.67309643911276
 40
1.675095899613881
 40
0.0
 90
       11
 10
3968.230553374873
 20
-8418.25945975299
 30
0.0
 10
0.0
 20
0.0
 30
1.0
 10
1.0
 20
0.0
 30
0.0
 40
9522.360700498875
 40
1.675095899613703
 40
1.675789336286168
 40
0.0
 90
       11
 10
727.8185467041694
 20
22331.37171902949
 30
0.0
 10
0.0
 20
0.0
 30
-1.0
 10
1.0
 20
0.0
 30
0.0
 40
21397.53722307337
 40
1.465803317289102
 40
1.466265776720524
 40
0.0
 90
       11
 10
2701.105822904974
 20
3522.565074400942
 30
0.0
 10
0.0
 20
0.0
 30
-1.0
 10
1.0
 20
0.0
 30
0.0
 40
2485.502164163422
 40
1.466265776720654
 40
1.467954259595527
 40
0.0
 90
       11
 10
2515.944766892011
 20
5316.653967659496
 30
0.0
 10
0.0
 20
0.0
 30
-1.0
 10
1.0
 20
0.0
 30
0.0
 40
4289.120630906746
 40
1.467954259592195
 40
1.469240011522008
 40
0.0
 90
       11
 10
2949.36185466431
 20
1063.584932822742
 30
0.0
 10
0.0
 20
0.0
 30
-1.0
 10
1.0
 20
0.0
 30
0.0
 40
14.02453993285332
 40
1.469240011519499
 40
1.487189052163953
 40
0.0
 90
       11
 10
2519.18550662583
 20
6196.793093587936
 30
0.0
 10
0.0
 20
0.0
 30
-1.0
 10
1.0
 20
0.0
 30
0.0
 40
5165.22611938576
 40
1.487189052161867
 40
1.488241576998035
 40
0.0
 90
       11
 10
2942.725850406521
 20
1078.035851792702
 30
0.0
 10
0.0
 20
0.0
 30
-1.0
 10
1.0
 20
0.0
 30
0.0
 40
28.97630816736199
 40
1.488241576998285
 40
1.504613898375709
 40
0.0
  0
ACDBASSOCVERTEXACTIONPARAM
  5
52E
330
526
100
AcDbAssocActionParam
 90
        1
 90
        0
  1
basePoint
100
AcDbAssocSingleDependencyActionParam
 90
        0
330
0
100
AcDbAssocVertexActionParam
 90
        0
 10
0.0
 20
0.0
 30
0.0
  0
ACDBASSOCARRAYACTIONBODY
  5
530
330
52F
100
AcDbAssocActionBody
 90
        2
100
AcDbAssocArrayActionBody
 90
        1
  1
AcDbAssocArrayPathParameters
 90
        0
 90
       22
  1
AcDbAssocArrayItem
100
AcDbAssocArrayItem
 90
        0
 90
        0
 90
        0
 90
        0
 90
       12
 40
0.9978107423591136
 40
-0.066134124570865
 40
0.0
 40
2944.642173180465
 40
0.066134124570865
 40
0.9978107423591136
 40
0.0
 40
1049.1229802294
 40
0.0
 40
0.0
 40
1.0
 40
0.0
 40
0.0
 40
0.0
 40
0.0
 40
1.0
330
369
100
AcDbAssocArrayItem
 90
        0
 90
        1
 90
        0
 90
        0
 90
       12
 40
0.9947994417975037
 40
-0.1018531815869063
 40
0.0
 40
2952.805349359922
 40
0.1018531815869063
 40
0.9947994417975037
 40
0.0
 40
1049.83915823131
 40
0.0
 40
0.0
 40
1.0
 40
0.0
 40
0.0
 40
0.0
 40
0.0
 40
1.0
330
36A
100
AcDbAssocArrayItem
 90
        0
 90
        2
 90
        0
 90
        0
 90
       12
 40
0.9945391406098352
 40
-0.1043642553513935
 40
0.0
 40
2960.9565853443
 40
0.1043642553513935
 40
0.9945391406098352
 40
0.0
 40
1050.683438027183
 40
0.0
 40
0.0
 40
1.0
 40
0.0
 40
0.0
 40
0.0
 40
0.0
 40
1.0
330
36B
100
AcDbAssocArrayItem
 90
        0
 90
        3
 90
        0
 90
        0
 90
       12
 40
0.9944990981684778
 40
-0.1047451370808408
 40
0.0
 40
2969.106516326935
 40
0.1047451370808408
 40
0.9944990981684778
 40
0.0
 40
1051.540247656539
 40
0.0
 40
0.0
 40
1.0
 40
0.0
 40
0.0
 40
0.0
 40
0.0
 40
1.0
330
36C
100
AcDbAssocArrayItem
 90
        0
 90
        4
 90
        0
 90
        0
 90
       12
 40
0.9945875909898154
 40
-0.103901510331063
 40
0.0
 40
2977.256512329163
 40
0.103901510331063
 40
0.9945875909898154
 40
0.0
 40
1052.396436848973
 40
0.0
 40
0.0
 40
1.0
 40
0.0
 40
0.0
 40
0.0
 40
0.0
 40
1.0
330
36D
100
AcDbAssocArrayItem
 90
        0
 90
        5
 90
        0
 90
        0
 90
       12
 40
0.9937726271270477
 40
-0.1114269517352323
 40
0.0
 40
2985.406496941328
 40
0.1114269517352323
 40
0.9937726271270477
 40
0.0
 40
1053.252506556757
 40
0.0
 40
0.0
 40
1.0
 40
0.0
 40
0.0
 40
0.0
 40
0.0
 40
1.0
330
36E
100
AcDbAssocArrayItem
 90
        0
 90
        6
 90
        0
 90
        0
 90
       12
 40
0.9939980366169367
 40
-0.1093979122363647
 40
0.0
 40
2993.548254752545
 40
0.1093979122363647
 40
0.9939980366169367
 40
0.0
 40
1054.183596539794
 40
0.0
 40
0.0
 40
1.0
 40
0.0
 40
0.0
 40
0.0
 40
0.0
 40
1.0
330
36F
100
AcDbAssocArrayItem
 90
        0
 90
        7
 90
        0
 90
        0
 90
       12
 40
0.9937561263691886
 40
-0.1115740171532128
 40
0.0
 40
3001.69386507233
 40
0.1115740171532128
 40
0.9937561263691886
 40
0.0
 40
1055.080501074186
 40
0.0
 40
0.0
 40
1.0
 40
0.0
 40
0.0
 40
0.0
 40
0.0
 40
1.0
330
370
100
AcDbAssocArrayItem
 90
        0
 90
        8
 90
        0
 90
        0
 90
       12
 40
0.9935507937115218
 40
-0.1133879196175905
 40
0.0
 40
3009.836811997742
 40
0.1133879196175905
 40
0.9935507937115218
 40
0.0
 40
1056.001304787955
 40
0.0
 40
0.0
 40
1.0
 40
0.0
 40
0.0
 40
0.0
 40
0.0
 40
1.0
330
371
100
AcDbAssocArrayItem
 90
        0
 90
        9
 90
        0
 90
        0
 90
       12
 40
0.9928942494978743
 40
-0.119000039134671
 40
0.0
 40
3017.977453677749
 40
0.119000039134671
 40
0.9928942494978743
 40
0.0
 40
1056.942177733034
 40
0.0
 40
0.0
 40
1.0
 40
0.0
 40
0.0
 40
0.0
 40
0.0
 40
1.0
330
372
100
AcDbAssocArrayItem
 90
        0
 90
       10
 90
        0
 90
        0
 90
       12
 40
0.9919718892632607
 40
-0.1264585738946848
 40
0.0
 40
3026.109961259475
 40
0.1264585738946848
 40
0.9919718892632607
 40
0.0
 40
1057.95090941709
 40
0.0
 40
0.0
 40
1.0
 40
0.0
 40
0.0
 40
0.0
 40
0.0
 40
1.0
330
373
100
AcDbAssocArrayItem
 90
        0
 90
       11
 90
        0
 90
        0
 90
       12
 40
0.9886169743985295
 40
-0.1504542386611204
 40
0.0
 40
3034.223274555104
 40
0.1504542386611204
 40
0.9886169743985295
 40
0.0
 40
1059.102338844092
 40
0.0
 40
0.0
 40
1.0
 40
0.0
 40
0.0
 40
0.0
 40
0.0
 40
1.0
330
374
100
AcDbAssocArrayItem
 90
        0
 90
       12
 90
        0
 90
        0
 90
       12
 40
0.9857180029298726
 40
-0.1684043310011457
 40
0.0
 40
3042.314661455328
 40
0.1684043310011457
 40
0.9857180029298726
 40
0.0
 40
1060.399659904047
 40
0.0
 40
0.0
 40
1.0
 40
0.0
 40
0.0
 40
0.0
 40
0.0
 40
1.0
330
375
100
AcDbAssocArrayItem
 90
        0
 90
       13
 90
        0
 90
        0
 90
       12
 40
0.9812208620619397
 40
-0.1928875834635923
 40
0.0
 40
3050.375220334998
 40
0.1928875834635923
 40
0.9812208620619397
 40
0.0
 40
1061.875976298313
 40
0.0
 40
0.0
 40
1.0
 40
0.0
 40
0.0
 40
0.0
 40
0.0
 40
1.0
330
376
100
AcDbAssocArrayItem
 90
        0
 90
       14
 90
        0
 90
        0
 90
       12
 40
0.9732271262384058
 40
-0.2298455149741539
 40
0.0
 40
3058.387991199245
 40
0.2298455149741539
 40
0.9732271262384058
 40
0.0
 40
1063.591507918797
 40
0.0
 40
0.0
 40
1.0
 40
0.0
 40
0.0
 40
0.0
 40
0.0
 40
1.0
330
377
100
AcDbAssocArrayItem
 90
        0
 90
       15
 90
        0
 90
        0
 90
       12
 40
0.9653541967213778
 40
-0.2609430490977365
 40
0.0
 40
3066.338363642533
 40
0.2609430490977365
 40
0.9653541967213778
 40
0.0
 40
1065.577596638084
 40
0.0
 40
0.0
 40
1.0
 40
0.0
 40
0.0
 40
0.0
 40
0.0
 40
1.0
330
378
100
AcDbAssocArrayItem
 90
        0
 90
       16
 90
        0
 90
        0
 90
       12
 40
0.9367739692514668
 40
-0.3499350375896246
 40
0.0
 40
3074.197816227604
 40
0.3499350375896246
 40
0.9367739692514668
 40
0.0
 40
1067.889318024164
 40
0.0
 40
0.0
 40
1.0
 40
0.0
 40
0.0
 40
0.0
 40
0.0
 40
1.0
330
379
100
AcDbAssocArrayItem
 90
        0
 90
       17
 90
        0
 90
        0
 90
       12
 40
0.883884261151052
 40
-0.4677056904608483
 40
0.0
 40
3081.609061698487
 40
0.4677056904608483
 40
0.883884261151052
 40
0.0
 40
1071.375373506612
 40
0.0
 40
0.0
 40
1.0
 40
0.0
 40
0.0
 40
0.0
 40
0.0
 40
1.0
330
37A
100
AcDbAssocArrayItem
 90
        0
 90
       18
 90
        0
 90
        0
 90
       12
 40
0.7631662793183022
 40
-0.6462021588570091
 40
0.0
 40
3088.368835191207
 40
0.6462021588570091
 40
0.7631662793183022
 40
0.0
 40
1075.957006743841
 40
0.0
 40
0.0
 40
1.0
 40
0.0
 40
0.0
 40
0.0
 40
0.0
 40
1.0
330
37B
100
AcDbAssocArrayItem
 90
        0
 90
       19
 90
        0
 90
        0
 90
       12
 40
0.7359268366654279
 40
-0.6770610689410645
 40
0.0
 40
3094.512121202009
 40
0.6770610689410645
 40
0.7359268366654279
 40
0.0
 40
1081.379741588838
 40
0.0
 40
0.0
 40
1.0
 40
0.0
 40
0.0
 40
0.0
 40
0.0
 40
1.0
330
37C
100
AcDbAssocArrayItem
 90
        0
 90
       20
 90
        0
 90
        0
 90
       12
 40
0.5244137158956531
 40
-0.8514635955697187
 40
0.0
 40
3099.684903659693
 40
0.8514635955697187
 40
0.5244137158956531
 40
0.0
 40
1087.691125285727
 40
0.0
 40
0.0
 40
1.0
 40
0.0
 40
0.0
 40
0.0
 40
0.0
 40
1.0
330
37D
100
AcDbAssocArrayItem
 90
        0
 90
       21
 90
        0
 90
        0
 90
       12
 40
0.4063583710405395
 40
-0.9137137813808433
 40
0.0
 40
3103.5043500524
 40
0.9137137813808433
 40
0.4063583710405395
 40
0.0
 40
1094.934574524813
 40
0.0
 40
0.0
 40
1.0
 40
0.0
 40
0.0
 40
0.0
 40
0.0
 40
1.0
330
37E
 40
1.0
 40
0.0
 40
0.0
 40
-2792.328197759238
 40
0.0
 40
1.0
 40
0.0
 40
-498.2662348438617
 40
0.0
 40
0.0
 40
1.0
 40
0.0
 40
0.0
 40
0.0
 40
0.0
 40
1.0
  0
ACDBASSOCDEPENDENCY
  5
531
330
52F
100
AcDbAssocDependency
 90
        2
 90
        0
290
     0
290
     1
290
     1
290
     1
 90
        0
330
367
290
     0
330
0
330
0
360
0
 90
        2
  0
ACDBASSOCDEPENDENCY
  5
532
330
52F
100
AcDbAssocDependency
 90
        2
 90
        0
290
     1
290
     0
290
     1
290
     1
 90
        0
330
363
290
     0
330
0
330
0
360
0
 90
        3
  0
ACDBASSOCDEPENDENCY
  5
533
330
52F
100
AcDbAssocDependency
 90
        2
 90
        0
290
     1
290
     1
290
     1
290
     1
 90
-2147483648
330
42D
290
     0
330
0
330
0
360
0
 90
        4
  0
ACDBASSOCVERTEXACTIONPARAM
  5
534
330
52F
100
AcDbAssocActionParam
 90
        1
 90
        0
  1
BaseNormal
100
AcDbAssocSingleDependencyActionParam
 90
        0
330
0
100
AcDbAssocVertexActionParam
 90
        0
 10
0.0
 20
0.0
 30
1.0
  0
ACDBASSOCVERTEXACTIONPARAM
  5
535
330
52F
100
AcDbAssocActionParam
 90
        1
 90
        0
  1
Origin
100
AcDbAssocSingleDependencyActionParam
 90
        0
330
0
100
AcDbAssocVertexActionParam
 90
        0
 10
0.0
 20
0.0
 30
0.0
  0
ACDBASSOCEDGEACTIONPARAM
  5
536
330
52F
100
AcDbAssocActionParam
 90
        1
 90
        0
  1
RowProfile
100
AcDbAssocSingleDependencyActionParam
 90
        0
330
0
100
AcDbAssocEdgeActionParam
 90
        0
330
0
290
     1
 90
       47
 90
       35
 90
       11
 10
3047.442175124123
 20
1119.867255354496
 30
0.0
 10
0.0
 20
0.0
 30
-1.0
 10
1.0
 20
0.0
 30
0.0
 40
61.35638541377471
 40
0.4184649883351135
 40
0.5776186852105907
 40
0.0
 90
       11
 10
3078.972711302539
 20
1099.316589586828
 30
0.0
 10
0.0
 20
0.0
 30
-1.0
 10
1.0
 20
0.0
 30
0.0
 40
23.71990609924758
 40
0.5776186852106298
 40
0.8229943837490782
 40
0.0
 90
       11
 10
2959.72512509767
 20
1227.885532893402
 30
0.0
 10
0.0
 20
0.0
 30
-1.0
 10
1.0
 20
0.0
 30
0.0
 40
199.0765712096922
 40
0.8229943837490614
 40
0.8801380222975696
 40
0.0
 90
       11
 10
3075.414889047364
 20
1087.900436490968
 30
0.0
 10
0.0
 20
0.0
 30
-1.0
 10
1.0
 20
0.0
 30
0.0
 40
17.47274774351472
 40
0.880138022297384
 40
1.057000866239023
 40
0.0
 90
       11
 10
3034.535776466324
 20
1160.335881762129
 30
0.0
 10
0.0
 20
0.0
 30
-1.0
 10
1.0
 20
0.0
 30
0.0
 40
100.6472364828193
 40
1.057000866239107
 40
1.143979263380943
 40
0.0
 90
       11
 10
3063.250396489162
 20
1097.195494142122
 30
0.0
 10
0.0
 20
0.0
 30
-1.0
 10
1.0
 20
0.0
 30
0.0
 40
31.28414866328259
 40
1.143979263380926
 40
1.294217935184413
 40
0.0
 90
       11
 10
2888.224044327548
 20
1713.803714514668
 30
0.0
 10
0.0
 20
0.0
 30
-1.0
 10
1.0
 20
0.0
 30
0.0
 40
672.2521052586179
 40
1.294217935184465
 40
1.302065789433587
 40
0.0
 90
       11
 10
3044.968491824561
 20
1144.635059614076
 30
0.0
 10
0.0
 20
0.0
 30
-1.0
 10
1.0
 20
0.0
 30
0.0
 40
81.89477317702788
 40
1.302065789433002
 40
1.324114449599475
 40
0.0
 90
       11
 10
2809.791992408024
 20
2078.577677990285
 30
0.0
 10
0.0
 20
0.0
 30
-1.0
 10
1.0
 20
0.0
 30
0.0
 40
1044.99227618346
 40
1.324114449599449
 40
1.329276145067565
 40
0.0
 90
       11
 10
3025.286487801175
 20
1203.752089385506
 30
0.0
 10
0.0
 20
0.0
 30
-1.0
 10
1.0
 20
0.0
 30
0.0
 40
144.0163120076969
 40
1.329276145067218
 40
1.343027389078137
 40
0.0
 90
       11
 10
3013.886662212003
 20
1252.933529587989
 30
0.0
 10
0.0
 20
0.0
 30
-1.0
 10
1.0
 20
0.0
 30
0.0
 40
194.5016572462311
 40
1.343027389078047
 40
1.364894499819831
 40
0.0
 90
       11
 10
2995.702287445455
 20
1339.99767484453
 30
0.0
 10
0.0
 20
0.0
 30
-1.0
 10
1.0
 20
0.0
 30
0.0
 40
283.4445427115806
 40
1.364894499820123
 40
1.383062580347268
 40
0.0
 90
       11
 10
2984.962636824558
 20
1396.530845387757
 30
0.0
 10
0.0
 20
0.0
 30
-1.0
 10
1.0
 20
0.0
 30
0.0
 40
340.9887819291468
 40
1.383062580347253
 40
1.398619868306106
 40
0.0
 90
       11
 10
2980.74420218065
 20
1420.788907585263
 30
0.0
 10
0.0
 20
0.0
 30
-1.0
 10
1.0
 20
0.0
 30
0.0
 40
365.6109015053132
 40
1.398619868306115
 40
1.413649668567296
 40
0.0
 90
       11
 10
2941.178223255809
 20
1670.490345702085
 30
0.0
 10
0.0
 20
0.0
 30
-1.0
 10
1.0
 20
0.0
 30
0.0
 40
618.4275838779163
 40
1.413649668567259
 40
1.425311952195784
 40
0.0
 90
       11
 10
2995.449570075419
 20
1300.086936283386
 30
0.0
 10
0.0
 20
0.0
 30
-1.0
 10
1.0
 20
0.0
 30
0.0
 40
244.0693800214885
 40
1.425311952195194
 40
1.443790884064947
 40
0.0
 90
       11
 10
2869.664911663028
 20
2285.144025982731
 30
0.0
 10
0.0
 20
0.0
 30
-1.0
 10
1.0
 20
0.0
 30
0.0
 40
1237.124892195337
 40
1.443790884064861
 40
1.449442991188542
 40
0.0
 90
       11
 10
2934.126585571647
 20
1756.564172511173
 30
0.0
 10
0.0
 20
0.0
 30
-1.0
 10
1.0
 20
0.0
 30
0.0
 40
704.628912023548
 40
1.449442991188983
 40
1.456923687175605
 40
0.0
 90
       11
 10
942.0941718249455
 20
19174.39829334751
 30
0.0
 10
0.0
 20
0.0
 30
-1.0
 10
1.0
 20
0.0
 30
0.0
 40
18236.00474503757
 40
1.456923687176064
 40
1.45729009329608
 40
0.0
 90
       11
 10
2861.495150874815
 20
2336.988942766704
 30
0.0
 10
0.0
 20
0.0
 30
-1.0
 10
1.0
 20
0.0
 30
0.0
 40
1289.546302123793
 40
1.457290093303662
 40
1.458666108499927
 40
0.0
 90
       11
 10
1579.81015514341
 20
13719.36994570905
 30
0.0
 10
0.0
 20
0.0
 30
-1.0
 10
1.0
 20
0.0
 30
0.0
 40
12743.86049916003
 40
1.458666108501684
 40
1.459009578051782
 40
0.0
 90
       11
 10
2765.491370081645
 20
3156.953185570954
 30
0.0
 10
0.0
 20
0.0
 30
-1.0
 10
1.0
 20
0.0
 30
0.0
 40
2115.102916154215
 40
1.459009578056918
 40
1.459852043778782
 40
0.0
 90
       11
 10
2914.035250387417
 20
1823.545837522459
 30
0.0
 10
0.0
 20
0.0
 30
-1.0
 10
1.0
 20
0.0
 30
0.0
 40
773.4470585640447
 40
1.459852043778766
 40
1.462716739827967
 40
0.0
 90
       11
 10
3273.958938819863
 20
-1493.64993805025
 30
0.0
 10
0.0
 20
0.0
 30
1.0
 10
1.0
 20
0.0
 30
0.0
 40
2563.217874415029
 40
1.678875913767881
 40
1.680454503151804
 40
0.0
 90
       11
 10
3077.742512926014
 20
288.5181212592462
 30
0.0
 10
0.0
 20
0.0
 30
1.0
 10
1.0
 20
0.0
 30
0.0
 40
770.2806537032905
 40
1.680454503151982
 40
1.688512191121347
 40
0.0
 90
       11
 10
2950.758820322146
 20
1362.261342225147
 30
0.0
 10
0.0
 20
0.0
 30
-1.0
 10
1.0
 20
0.0
 30
0.0
 40
310.9452074180303
 40
1.453080462470201
 40
1.465656152709566
 40
0.0
 90
       11
 10
2883.364642922559
 20
2000.891242252301
 30
0.0
 10
0.0
 20
0.0
 30
-1.0
 10
1.0
 20
0.0
 30
0.0
 40
953.1212925816388
 40
1.465656152709502
 40
1.468496214492199
 40
0.0
 90
       11
 10
3178.234237709679
 20
-871.444237771624
 30
0.0
 10
0.0
 20
0.0
 30
1.0
 10
1.0
 20
0.0
 30
0.0
 40
1934.309951229058
 40
1.67309643911276
 40
1.675095899613881
 40
0.0
 90
       11
 10
3968.230553374873
 20
-8418.25945975299
 30
0.0
 10
0.0
 20
0.0
 30
1.0
 10
1.0
 20
0.0
 30
0.0
 40
9522.360700498875
 40
1.675095899613703
 40
1.675789336286168
 40
0.0
 90
       11
 10
727.8185467041694
 20
22331.37171902949
 30
0.0
 10
0.0
 20
0.0
 30
-1.0
 10
1.0
 20
0.0
 30
0.0
 40
21397.53722307337
 40
1.465803317289102
 40
1.466265776720524
 40
0.0
 90
       11
 10
2701.105822904974
 20
3522.565074400942
 30
0.0
 10
0.0
 20
0.0
 30
-1.0
 10
1.0
 20
0.0
 30
0.0
 40
2485.502164163422
 40
1.466265776720654
 40
1.467954259595527
 40
0.0
 90
       11
 10
2515.944766892011
 20
5316.653967659496
 30
0.0
 10
0.0
 20
0.0
 30
-1.0
 10
1.0
 20
0.0
 30
0.0
 40
4289.120630906746
 40
1.467954259592195
 40
1.469240011522008
 40
0.0
 90
       11
 10
2949.36185466431
 20
1063.584932822742
 30
0.0
 10
0.0
 20
0.0
 30
-1.0
 10
1.0
 20
0.0
 30
0.0
 40
14.02453993285332
 40
1.469240011519499
 40
1.487189052163953
 40
0.0
 90
       11
 10
2519.18550662583
 20
6196.793093587936
 30
0.0
 10
0.0
 20
0.0
 30
-1.0
 10
1.0
 20
0.0
 30
0.0
 40
5165.22611938576
 40
1.487189052161867
 40
1.488241576998035
 40
0.0
 90
       11
 10
2942.725850406521
 20
1078.035851792702
 30
0.0
 10
0.0
 20
0.0
 30
-1.0
 10
1.0
 20
0.0
 30
0.0
 40
28.97630816736199
 40
1.488241576998285
 40
1.504613898375709
 40
0.0
  0
ACDBASSOCVERTEXACTIONPARAM
  5
537
330
52F
100
AcDbAssocActionParam
 90
        1
 90
        0
  1
basePoint
100
AcDbAssocSingleDependencyActionParam
 90
        0
330
0
100
AcDbAssocVertexActionParam
 90
        0
 10
0.0
 20
0.0
 30
0.0
  0
ACDBASSOCARRAYACTIONBODY
  5
539
330
538
100
AcDbAssocActionBody
 90
        2
100
AcDbAssocArrayActionBody
 90
        1
  1
AcDbAssocArrayPathParameters
 90
        0
 90
       25
  1
AcDbAssocArrayItem
100
AcDbAssocArrayItem
 90
        0
 90
        0
 90
        0
 90
        0
 90
       12
 40
0.9783930474857896
 40
-0.2067535843255674
 40
0.0
 40
3264.960237582887
 40
0.2067535843255674
 40
0.9783930474857896
 40
0.0
 40
1161.937086072492
 40
0.0
 40
0.0
 40
1.0
 40
0.0
 40
0.0
 40
0.0
 40
0.0
 40
1.0
330
3C0
100
AcDbAssocArrayItem
 90
        0
 90
        1
 90
        0
 90
        0
 90
       12
 40
0.9739045093914311
 40
0.2269581604327891
 40
0.0
 40
3273.053428794043
 40
-0.2269581604327891
 40
0.9739045093914311
 40
0.0
 40
1161.853328605705
 40
0.0
 40
0.0
 40
1.0
 40
0.0
 40
0.0
 40
0.0
 40
0.0
 40
1.0
330
3C1
100
AcDbAssocArrayItem
 90
        0
 90
        2
 90
        0
 90
        0
 90
       12
 40
0.7076277431447366
 40
0.7065854351257794
 40
0.0
 40
3280.198076524681
 40
-0.7065854351257794
 40
0.7076277431447366
 40
0.0
 40
1158.174592262203
 40
0.0
 40
0.0
 40
1.0
 40
0.0
 40
0.0
 40
0.0
 40
0.0
 40
1.0
330
3C2
100
AcDbAssocArrayItem
 90
        0
 90
        3
 90
        0
 90
        0
 90
       12
 40
0.7984754440635217
 40
0.6020273791345058
 40
0.0
 40
3286.351666663303
 40
-0.6020273791345058
 40
0.7984754440635217
 40
0.0
 40
1152.827902222968
 40
0.0
 40
0.0
 40
1.0
 40
0.0
 40
0.0
 40
0.0
 40
0.0
 40
1.0
330
3C3
100
AcDbAssocArrayItem
 90
        0
 90
        4
 90
        0
 90
        0
 90
       12
 40
0.8740038411747656
 40
0.4859190113709844
 40
0.0
 40
3293.185031152602
 40
-0.4859190113709844
 40
0.8740038411747656
 40
0.0
 40
1148.382804279598
 40
0.0
 40
0.0
 40
1.0
 40
0.0
 40
0.0
 40
0.0
 40
0.0
 40
1.0
330
3C4
100
AcDbAssocArrayItem
 90
        0
 90
        5
 90
        0
 90
        0
 90
       12
 40
0.9327638699267085
 40
0.3604879511985807
 40
0.0
 40
3300.567067167293
 40
-0.3604879511985807
 40
0.9327638699267085
 40
0.0
 40
1144.92458071141
 40
0.0
 40
0.0
 40
1.0
 40
0.0
 40
0.0
 40
0.0
 40
0.0
 40
1.0
330
3C5
100
AcDbAssocArrayItem
 90
        0
 90
        6
 90
        0
 90
        0
 90
       12
 40
0.9736281785155069
 40
0.2281406802842845
 40
0.0
 40
3308.356145239284
 40
-0.2281406802842845
 40
0.9736281785155069
 40
0.0
 40
1142.519579930077
 40
0.0
 40
0.0
 40
1.0
 40
0.0
 40
0.0
 40
0.0
 40
0.0
 40
1.0
330
3C6
100
AcDbAssocArrayItem
 90
        0
 90
        7
 90
        0
 90
        0
 90
       12
 40
0.9958127569095294
 40
0.091416372583048
 40
0.0
 40
3316.402826517007
 40
-0.091416372583048
 40
0.9958127569095294
 40
0.0
 40
1141.213943539455
 40
0.0
 40
0.0
 40
1.0
 40
0.0
 40
0.0
 40
0.0
 40
0.0
 40
1.0
330
3C7
100
AcDbAssocArrayItem
 90
        0
 90
        8
 90
        0
 90
        0
 90
       12
 40
0.9984682411693896
 40
0.0553278535288127
 40
0.0
 40
3324.546940514363
 40
-0.0553278535288127
 40
0.9984682411693896
 40
0.0
 40
1140.73628939258
 40
0.0
 40
0.0
 40
1.0
 40
0.0
 40
0.0
 40
0.0
 40
0.0
 40
1.0
330
3C8
100
AcDbAssocArrayItem
 90
        0
 90
        9
 90
        0
 90
        0
 90
       12
 40
0.9984682411693896
 40
0.0553278535288127
 40
0.0
 40
3332.69289245069
 40
-0.0553278535288127
 40
0.9984682411693896
 40
0.0
 40
1140.28489993721
 40
0.0
 40
0.0
 40
1.0
 40
0.0
 40
0.0
 40
0.0
 40
0.0
 40
1.0
330
3C9
100
AcDbAssocArrayItem
 90
        0
 90
       10
 90
        0
 90
        0
 90
       12
 40
0.998468241169389
 40
0.0553278535288216
 40
0.0
 40
3340.838844387015
 40
-0.0553278535288216
 40
0.998468241169389
 40
0.0
 40
1139.833510481841
 40
0.0
 40
0.0
 40
1.0
 40
0.0
 40
0.0
 40
0.0
 40
0.0
 40
1.0
330
3CA
100
AcDbAssocArrayItem
 90
        0
 90
       11
 90
        0
 90
        0
 90
       12
 40
0.9984682411693896
 40
0.0553278535288127
 40
0.0
 40
3348.984796323343
 40
-0.0553278535288127
 40
0.9984682411693896
 40
0.0
 40
1139.38212102647
 40
0.0
 40
0.0
 40
1.0
 40
0.0
 40
0.0
 40
0.0
 40
0.0
 40
1.0
330
3CB
100
AcDbAssocArrayItem
 90
        0
 90
       12
 90
        0
 90
        0
 90
       12
 40
0.9984682411693896
 40
0.0553278535288127
 40
0.0
 40
3357.13074825967
 40
-0.0553278535288127
 40
0.9984682411693896
 40
0.0
 40
1138.930731571099
 40
0.0
 40
0.0
 40
1.0
 40
0.0
 40
0.0
 40
0.0
 40
0.0
 40
1.0
330
3CC
100
AcDbAssocArrayItem
 90
        0
 90
       13
 90
        0
 90
        0
 90
       12
 40
0.9984682411693896
 40
0.0553278535288127
 40
0.0
 40
3365.276700195997
 40
-0.0553278535288127
 40
0.9984682411693896
 40
0.0
 40
1138.479342115729
 40
0.0
 40
0.0
 40
1.0
 40
0.0
 40
0.0
 40
0.0
 40
0.0
 40
1.0
330
3CD
100
AcDbAssocArrayItem
 90
        0
 90
       14
 90
        0
 90
        0
 90
       12
 40
0.998468241169389
 40
0.0553278535288216
 40
0.0
 40
3373.422652132323
 40
-0.0553278535288216
 40
0.998468241169389
 40
0.0
 40
1138.02795266036
 40
0.0
 40
0.0
 40
1.0
 40
0.0
 40
0.0
 40
0.0
 40
0.0
 40
1.0
330
3CE
100
AcDbAssocArrayItem
 90
        0
 90
       15
 90
        0
 90
        0
 90
       12
 40
0.9984682411693896
 40
0.0553278535288127
 40
0.0
 40
3381.568604068651
 40
-0.0553278535288127
 40
0.9984682411693896
 40
0.0
 40
1137.576563204989
 40
0.0
 40
0.0
 40
1.0
 40
0.0
 40
0.0
 40
0.0
 40
0.0
 40
1.0
330
3CF
100
AcDbAssocArrayItem
 90
        0
 90
       16
 90
        0
 90
        0
 90
       12
 40
0.9984682411693896
 40
0.0553278535288127
 40
0.0
 40
3389.714556004978
 40
-0.0553278535288127
 40
0.9984682411693896
 40
0.0
 40
1137.125173749619
 40
0.0
 40
0.0
 40
1.0
 40
0.0
 40
0.0
 40
0.0
 40
0.0
 40
1.0
330
3D0
100
AcDbAssocArrayItem
 90
        0
 90
       17
 90
        0
 90
        0
 90
       12
 40
0.9959655176968013
 40
0.089736768155214
 40
0.0
 40
3397.8584846246
 40
-0.089736768155214
 40
0.9959655176968013
 40
0.0
 40
1136.643974667674
 40
0.0
 40
0.0
 40
1.0
 40
0.0
 40
0.0
 40
0.0
 40
0.0
 40
1.0
330
3D1
100
AcDbAssocArrayItem
 90
        0
 90
       18
 90
        0
 90
        0
 90
       12
 40
0.9724532678092296
 40
0.2330979234724129
 40
0.0
 40
3405.902283622664
 40
-0.2330979234724129
 40
0.9724532678092296
 40
0.0
 40
1135.324734377866
 40
0.0
 40
0.0
 40
1.0
 40
0.0
 40
0.0
 40
0.0
 40
0.0
 40
1.0
330
3D2
100
AcDbAssocArrayItem
 90
        0
 90
       19
 90
        0
 90
        0
 90
       12
 40
0.9284171517530054
 40
0.3715394895981276
 40
0.0
 40
3413.670051177469
 40
-0.3715394895981276
 40
0.9284171517530054
 40
0.0
 40
1132.85392793502
 40
0.0
 40
0.0
 40
1.0
 40
0.0
 40
0.0
 40
0.0
 40
0.0
 40
1.0
330
3D3
100
AcDbAssocArrayItem
 90
        0
 90
       20
 90
        0
 90
        0
 90
       12
 40
0.8647865626233482
 40
0.5021396231190028
 40
0.0
 40
3420.997846638086
 40
-0.5021396231190028
 40
0.8647865626233482
 40
0.0
 40
1129.283702318779
 40
0.0
 40
0.0
 40
1.0
 40
0.0
 40
0.0
 40
0.0
 40
0.0
 40
1.0
330
3D4
100
AcDbAssocArrayItem
 90
        0
 90
       21
 90
        0
 90
        0
 90
       12
 40
0.7829044397046018
 40
0.6221419759916734
 40
0.0
 40
3427.731015073195
 40
-0.6221419759916734
 40
0.7829044397046018
 40
0.0
 40
1124.689408021723
 40
0.0
 40
0.0
 40
1.0
 40
0.0
 40
0.0
 40
0.0
 40
0.0
 40
1.0
330
3D5
100
AcDbAssocArrayItem
 90
        0
 90
       22
 90
        0
 90
        0
 90
       12
 40
0.6844989254052684
 40
0.7290138689483438
 40
0.0
 40
3433.727451301571
 40
-0.7290138689483438
 40
0.6844989254052684
 40
0.0
 40
1119.168008758628
 40
0.0
 40
0.0
 40
1.0
 40
0.0
 40
0.0
 40
0.0
 40
0.0
 40
1.0
330
3D6
100
AcDbAssocArrayItem
 90
        0
 90
       23
 90
        0
 90
        0
 90
       12
 40
0.5716468923860666
 40
0.8204997443176644
 40
0.0
 40
3438.860599057004
 40
-0.8204997443176644
 40
0.5716468923860666
 40
0.0
 40
1112.836035023338
 40
0.0
 40
0.0
 40
1.0
 40
0.0
 40
0.0
 40
0.0
 40
0.0
 40
1.0
330
3D7
100
AcDbAssocArrayItem
 90
        0
 90
       24
 90
        0
 90
        0
 90
       12
 40
0.4467301106499535
 40
0.8946687701259502
 40
0.0
 40
3443.022121989518
 40
-0.8946687701259502
 40
0.4467301106499535
 40
0.0
 40
1105.827124683943
 40
0.0
 40
0.0
 40
1.0
 40
0.0
 40
0.0
 40
0.0
 40
0.0
 40
1.0
330
3D8
 40
0.9915233014809178
 40
0.1299289906848382
 40
0.0
 40
-3209.603544739381
 40
0.1299289906848382
 40
-0.9915233014809178
 40
0.0
 40
820.6903518985113
 40
0.0
 40
0.0
 40
1.0
 40
0.0
 40
0.0
 40
0.0
 40
0.0
 40
1.0
  0
ACDBASSOCDEPENDENCY
  5
53A
330
538
100
AcDbAssocDependency
 90
        2
 90
        0
290
     0
290
     1
290
     1
290
     1
 90
        0
330
3BE
290
     0
330
0
330
0
360
0
 90
        2
  0
ACDBASSOCDEPENDENCY
  5
53B
330
538
100
AcDbAssocDependency
 90
        2
 90
        0
290
     1
290
     0
290
     1
290
     1
 90
        0
330
3BA
290
     0
330
0
330
0
360
0
 90
        3
  0
ACDBASSOCDEPENDENCY
  5
53C
330
538
100
AcDbAssocDependency
 90
        2
 90
        0
290
     1
290
     1
290
     1
290
     1
 90
-2147483648
330
4DA
290
     0
330
0
330
0
360
0
 90
        4
  0
ACDBASSOCVERTEXACTIONPARAM
  5
53D
330
538
100
AcDbAssocActionParam
 90
        1
 90
        0
  1
BaseNormal
100
AcDbAssocSingleDependencyActionParam
 90
        0
330
0
100
AcDbAssocVertexActionParam
 90
        0
 10
0.0
 20
0.0
 30
1.0
  0
ACDBASSOCVERTEXACTIONPARAM
  5
53E
330
538
100
AcDbAssocActionParam
 90
        1
 90
        0
  1
Origin
100
AcDbAssocSingleDependencyActionParam
 90
        0
330
0
100
AcDbAssocVertexActionParam
 90
        0
 10
0.0
 20
0.0
 30
0.0
  0
ACDBASSOCEDGEACTIONPARAM
  5
53F
330
538
100
AcDbAssocActionParam
 90
        1
 90
        0
  1
RowProfile
100
AcDbAssocSingleDependencyActionParam
 90
        0
330
0
100
AcDbAssocEdgeActionParam
 90
        0
330
0
290
     1
 90
       47
 90
        4
 90
       11
 10
3268.818321464085
 20
1143.679978422847
 30
0.0
 10
0.0
 20
0.0
 30
-1.0
 10
1.0
 20
-0.0000000000000001
 30
0.0
 40
18.66029986267796
 40
4.504133300757851
 40
5.304085007145322
 40
0.0
 90
       11
 10
3321.782984779345
 20
1199.820843818308
 30
0.0
 10
0.0
 20
0.0
 30
1.0
 10
1.0
 20
-0.0000000000000001
 30
0.0
 40
58.8533334928724
 40
3.904117304829659
 40
4.636665942038336
 40
0.0
 90
       23
 10
3317.330689293007
 20
1141.136161590953
 30
0.0
 10
79.22407291086893
 20
-4.390022357481484
 30
0.0
 90
       11
 10
3392.823476890607
 20
1080.761707148069
 30
0.0
 10
0.0
 20
0.0
 30
-1.0
 10
1.0
 20
-0.0000000000000001
 30
0.0
 40
56.10863682191972
 40
4.778939180406543
 40
5.820078177670926
 40
0.0
  0
ACDBASSOCVERTEXACTIONPARAM
  5
540
330
538
100
AcDbAssocActionParam
 90
        1
 90
        0
  1
basePoint
100
AcDbAssocSingleDependencyActionParam
 90
        0
330
0
100
AcDbAssocVertexActionParam
 90
        0
 10
0.0
 20
0.0
 30
0.0
  0
ENDSEC
  0
SECTION
  2
ACDSDATA
 70
     2
 71
     8
  0
ACDSSCHEMA
 90
        0
  1
AcDb_Thumbnail_Schema
  2
AcDbDs::ID
280
    10
 91
        8
  2
Thumbnail_Data
280
    15
 91
        0
101
ACDSRECORD
 95
        0
 90
        1
  2
AcDbDs::TreatedAsObjectData
280
     1
291
     1
101
ACDSRECORD
 95
        0
 90
        2
  2
AcDbDs::Legacy
280
     1
291
     1
101
ACDSRECORD
  1
AcDbDs::ID
 90
        3
  2
AcDs:Indexable
280
     1
291
     1
101
ACDSRECORD
  1
AcDbDs::ID
 90
        4
  2
AcDbDs::HandleAttribute
280
     7
282
     1
  0
ACDSSCHEMA
 90
        1
  1
AcDbDs::TreatedAsObjectDataSchema
  2
AcDbDs::TreatedAsObjectData
280
     1
 91
        0
  0
ACDSSCHEMA
 90
        2
  1
AcDbDs::LegacySchema
  2
AcDbDs::Legacy
280
     1
 91
        0
  0
ACDSSCHEMA
 90
        3
  1
AcDbDs::IndexedPropertySchema
  2
AcDs:Indexable
280
     1
 91
        0
  0
ACDSSCHEMA
 90
        4
  1
AcDbDs::HandleAttributeSchema
  2
AcDbDs::HandleAttribute
280
     7
 91
        1
284
     1
  0
ACDSRECORD
 90
        0
  2
AcDbDs::ID
280
    10
320
22
  2
Thumbnail_Data
280
    15
 94
     6065
310
89504E470D0A1A0A0000000D494844520000010000000063080300000043BB2E1400000300504C5445212830FFFFFF2128300000000000000000000000000000000000000000000000000000330000660000990000CC0000FF0033000033330033660033990033CC0033FF0066000066330066660066990066CC0066FF0099
310
000099330099660099990099CC0099FF00CC0000CC3300CC6600CC9900CCCC00CCFF00FF0000FF3300FF6600FF9900FFCC00FFFF3300003300333300663300993300CC3300FF3333003333333333663333993333CC3333FF3366003366333366663366993366CC3366FF3399003399333399663399993399CC3399FF33CC00
310
33CC3333CC6633CC9933CCCC33CCFF33FF0033FF3333FF6633FF9933FFCC33FFFF6600006600336600666600996600CC6600FF6633006633336633666633996633CC6633FF6666006666336666666666996666CC6666FF6699006699336699666699996699CC6699FF66CC0066CC3366CC6666CC9966CCCC66CCFF66FF0066
310
FF3366FF6666FF9966FFCC66FFFF9900009900339900669900999900CC9900FF9933009933339933669933999933CC9933FF9966009966339966669966999966CC9966FF9999009999339999669999999999CC9999FF99CC0099CC3399CC6699CC9999CCCC99CCFF99FF0099FF3399FF6699FF9999FFCC99FFFFCC0000CC00
310
33CC0066CC0099CC00CCCC00FFCC3300CC3333CC3366CC3399CC33CCCC33FFCC6600CC6633CC6666CC6699CC66CCCC66FFCC9900CC9933CC9966CC9999CC99CCCC99FFCCCC00CCCC33CCCC66CCCC99CCCCCCCCCCFFCCFF00CCFF33CCFF66CCFF99CCFFCCCCFFFFFF0000FF0033FF0066FF0099FF00CCFF00FFFF3300FF3333
310
FF3366FF3399FF33CCFF33FFFF6600FF6633FF6666FF6699FF66CCFF66FFFF9900FF9933FF9966FF9999FF99CCFF99FFFFCC00FFCC33FFCC66FFCC99FFCCCCFFCCFFFFFF00FFFF33FFFF66FFFF99FFFFCCFFFFFF0000000D0D0D1A1A1A2828283535354343435050505D5D5D6B6B6B787878868686939393A1A1A1AEAEAEBB
310
BBBBC9C9C9D6D6D6E4E4E4F1F1F1FFFFFF0000000000000000000000000000000000000000000000000000000000002E4550F1000000DE4944415478DAEDD8410A83400C05D081DEFF94B547C8BE455C383A53A48B2EFCEF8108B34B0C2699D600000000E04F6A753ADD9E94F88F19A8715AEE99812DDC2B75115305B513F3
310
0BE812F05C52325035F8DAC3C384F80313105F01FB602769496801EDDC05DB7A98D207E76D3026FEEDBD2B80B039E0106C5E1BE80BA06576816A959880D9463818906FBC0F8E2E04921A418DEE3E82B6E1D9C8137C1FF03979C44D42FD28F8CA9B845A770B9A39081C47C165494B40E63E3CBA02AEB87DF0726F0C921D7ED8
310
4FE0FB92185C050D000000000000000000000000F8CD1BF952D9796BF9A1970000000049454E44AE4260829DA97A8A9BCB9F338864D5C33B454F4F8F3F1F8A0EAC5430DAC029A625E103A74F549E83EFFE55A37ED8EE01E0B81D0502F347071A9A23E0D22719FA407BB723D309E64260CAF6EE5F313CFD84E62E39D54E3800
310
F4347222A0FF4D9167C39CF9535BE5504B1831F06CC60A0328608277323413EC33049CFC9E732218FBF04A06F2AA9DAC0BDF6D8EF3C2D5604D388432980B113EF7DB10CC391545F560879FCFA206C742FE41B03C1D0C6A62BFE37DB0C8A626966280CA2B839FDE209695BFACA986605F10A26C08805432608C79FBD9C0DDBD
310
22B2A567E0CA96788D00EA232306E20AD844514CA729F059B0B79F8EF5B5B29E03EB388AC159C1F4620F18540EC735319E7EBF9C80515120DA0878D5C4024B75E2943C61BE4563952BACA1A2080A620CD3E16ECD7AF9F1A65580D210A2ABDF53ED5A0568F6019645C1EE6EEBD1ACC0E5CE8817C0AAB9E8FEF6F8218FEEA05F
310
B81EAE3FD51A3AE317C152DE986583942660B8892C138F972D06D3A7FD95C910F799A995C14C63DE88BDF11BF2A70C72C2BF597C16D9306D54EF5DCF55AD514B81205711C82A986933775930A081765D188F3B7D69A3EAB030AE33E160D5A8A44F88EB8EA978CAB8309C63204DC919860E6D49C4A0414B944B49205A795BDE
310
4CBA4055DD227EAD2CD5CEB943FDE578406BF9A6835D3DA02BEEA6E5DD1A4FC18D41045B53AD9CB3D83E98BA40D81A5814020D70E4FA7D619C9DE5D39D81F989B76E34F60444054581FC3A23BD3DC31CE7A2290171C60029A7DAFE202A047E9DA120D87558DC80D9AF8D3C37C78E353DBC5388A7DE28BB51C930A7D5616D63
310
BE3570A808EF0EF7D0F487E3C9415E0E705E757FF7168C4834E780B2BDAE8EF67F8EE3C2C1335A3827435569CEEA7F6E0BB23E14F783AFAB52A055BCF1718779E9185784B34887E8DFF2966F2905040281608FE2776150EAD54EEC6FB221F0A920D28FA7C747A68352DBEDF7D94075838077E008DA6F0FB7F3B200761F0494
310
C650220AF6A100B02071CE15A608B301D9120402814020100804028140201008FE03FE000E498AA81DE15CA70000000049454E44AE4260822A4022483C68F25860BA24002002694E40A784603EA685FADD381EEBD38E4360EC2F15001B16850043B0123DA0E1404DB5E0A926F32183CD74314DD23300B83934F786564D96C2
310
76B3E310D8D5840069C0650270D538BA9CAB2022604D41D08DBB4D7D3AD52327C2305D7DD72B25FE38033029625311C80AB00AD220DA8C0389C0E9B823151CFC6502000AE452480A217EBA6E280F6052E478DA8FD08071989AEF61B9D427CCF9FDDBD9F79BE8425896422B45C29861030690140281E3F70AC09FDD1AB6DFE6
310
4A30C9C03A18923FA4010A01CA83F512804B42407B84B3F5400291604CB91BF7471A0F501AA052E862014853A3A1491A804A00338334203CD684C1884EE16EA23C70890830E16D9813A15E692B873D050144006960EA2F1480C6C6BC3C266F3239BEA1D1E07E3CED311AD84DBBA9319782C0D5BCF194805DF87E9531F02402
310
F56E5F9FC6926AA1E97841003457F942B5F082014A7FC3B342A6250A1C793CD00F2FA6718A7F32FF7E89ED935EFD7F36CE7A696504FC2FA320B0A0D02C68CC0AB360FD86F30026054602A08B579FD50B579FBA3EBB7BFE7EF21BEE82BB767328371FCDF037A1F9E466AD55E5B3280365A188B83E0D0B0CAE2B536E2081FF5E
310
9F3614020481FF8C00E4986B16F1972AD224C45A9F2DDFE2A57CB8D2A5FAA112CF63C52BBD81092E2C7C75BE75ADAFDAD679EFA25E022E96AFCEA9F994035D483301C8FF49030C87000D07C8FA637D4F3238ED0882B6F9637176E639B985B8DC7CFC68F3B28C97ADE245BDBC88D379ACE7C516F9272E9D616C3C563CFB0A9F
310
FBAD6F2BBF6DAB8E6E6DE52A8283CC2F00823D4301863AD13F4177D524216002D0A5DDD428040EF7F53081037DFC4D12FB3CA784E79EA30D278FE5E958AE8E6BC73FD6A970F26C0A1C581108CE178C037B91502163C84ABED093B6351E5F504BAB58B958B5F89477708E7D6FC972AC054627D0620A841170D629B31884B038
310
6B18CFED9172338E2F8EFBC3D3B19E369408075201E921FEEA16713A3E6FFC33A4F47B245E99DFF1D27C7E5291EBE4114FB123AF5DE7E7910E0208A2B7F458D03DC1E15D81359E3114BCCCDB74151CCD14A8226347EC77CA7CEC6899FD32FF8D807720BFF8DFCE7197E60293FD1202A63CBE381EF74F87A7C7A93E12007D8B
310
E5D471366DF9A8EBCDB1D6B6C2695555972E728E15BB58F1906F29DB71C84530383994F381A85BE0358CA7F76034195404A1125D0D8327BEF7043BF93E56B2237401B10FB4602F68CF6BC2659538AF8DB0B91DB4520AAC85FC04C3CAAC290D1CEB7AFFCBC3BB87E9FE345135D0F322D261E8F532E0B73515EEAB9E6D95878E
310
6F7C0F77576C6F648B6117CCB351C21AB225CF7181C3B0643B80B86A23BF19317DEBD2AE6C05EE038500EB02C747853BC28CECB6B2FE9D8E6655F035CDE3596A08DA7955C00202A600649AD3C0715F3F1E0E1FDE4E4FFB8986443B1A18C0FC8A575176FCD089CD3016B1EC71613B612AC72A87AE13FFDA58881962B90A43C1
310
7EB21906568A6093F360092FECC6175C5294887385A33D58C138F14582DAF20F019CE61035384F825A1D01CF992655000173E586D48EB8B06EBB7A4F97879FFF6F7AF734EDC7F1884E099611C3CA1CD8E45DAFB204CF39680E1B28E7EAE4F718363AC95221AA8144D58480BC0CF955987DCDA66BE2CE8F363B2BD802FBE0B8
310
3CCBFF7C09ECF3F5B0765106859C87350ED672484300D0234150D65409DD1F1EFE677A7F984EE3110090C325628985AAB7083972810FEADE029E8B4A40BA167C8F0F357AA39D0D2E048DA09FF127C20197433D795D0D1709C31F3036BF6B59E47FCF16E6F4D7AC52A2820804220044C0ACCB1114383CBC9D1E9EA6D3714F08
310
ECFA4E040BA71021CA2CCB084AF8C1CA73F84D282E1E8C72DA1CF6F80486156C1D5B224111E5572B1A01CA05AB70A01E9088B039A712571B2965E7F58EF69F7ABF79460C95FE1CFF6BF63E1FD770C2E75288EC3F1D1E3E3000D808000A7171149CCA7EB2EC4871B29C1B9B1E52C4A2DE601C0491540F8849F227E7D057A75B
310
91B3C07F20C89F4B9E9FE3C2A48E860DBFDDF376B1222C6BA3D67FA4006B2280378240B9A14A9018F00000F6A7C7FDE9382217A6F3A4532A98C37C3E3962999D31BFA7827566BA3D2B8D5218302BA2DEE3D3C2F131620C4B3D50AC6C02E063FBF278E063DA2F7E21B3E2DB6A367F2D2745D649BD6E0CE541C4C0FBE9813460
310
FF783AD5BBAE8D99A321BB513CC3676673E1A7CE4AEA96F82EBB8A0216099222839322DFC6451569CF9E0324DECFFCAE90CF4BC24323857F48199052DE0C03A291838062A0AC450400404D11701C079600DE299D6E7C6E256F4572B4B05B3C28DED6E0CF29302428A328252711C4BD28801579979A46E2808F507C8A010BB7
310
F3245F23D77980A8032EDC8A464920B6AF140252424260CD32586EF60AC0D34401807553AD8949CD39ABC39F4548679D54BF08C9EC98952DE6D04FD059934320CE64C87B150A690E18D5558D31A8D5596BD3CEEB7ECFD640CF8B5FD232B090052069C0FA7CC8C2C5105502E570BCAD4FB70FD3DB0301F08815D4DE480E9044
310
A6AE2FC4970BC2C614ABEACDB8885D7DF7CC581CD0CABD32CA6AB9E784F55672854D29839F9A67E3FFF029080237FE93DAA7D175D23E939F3206EBEC1E8395123420BC3DED0FD35BD2C1FDFD7D3DF63402353EB27B920A842CCE5AB16922C8011D63F298E6F99906FCDA26595D32C54AA6D56B1AEC87543C0B0ACF007866BD
310
B47A9A05F173C5376F29085404F3D9691A28F78FB7F57E7AFBE1613A90088E1B4FAC35CA00CDE321270121434A7612C7E2F1982452D53D17C06ABACD7A912423D124278098C7055245629C64B28F3F21F9A201CFD6C0E4F247AD37A900E621504CF86B08501AA80F54084C0F3F3F4C8F8F8F9403BC54CB083FB5247B3C2448
310
D4A7735D6F73B0241CC20226E140A2099441CB7AC7E5E09C5E540E63C26DC1802CEEE17CD567323677FD668D4EF785D1023860CD8C3251064410C1FAF1767F3B3DBC7D8008520E10F53773A9365B8F5C66E79A56C219A11CD3304E2358C992825E128F240957242F249B417F29AAB918E4A11EC63E7C2433B775CE967ACCC6
310
37AA73EB6639FD6F169247D614227A39BFA3C6D46D53530CFC32FDFCF61DD501C761D392060A01725D5F249B93AF7460A7A3D820931729BE67E1500BB5CA4BEA07E3B47A480322DDC97A1C470ECD7BD15B467FECD69CCD6C9CAF793BB37795ED364282422008850C04D39455946A706DFA9A628042E0C3BBE91EABA791030C
310
576E8554B08568F53C980D73211C67C6AB6AE990DECE1922CC29414B7F1954E8BB5659C45FE3717F52027ED72C9BBA69709B7C5F9C797CDD84ACD9859E9C0C7D8B28122057A19F895C0DAFCA72DCEF6FEF5904A90EDE749A04F574E5A14859601ED3A76A380DF975B02309DFE6DB9CDC92B151BC9BE14ACCE18174C51363E9
310
58560643A9B99F137DB3C8EEF9DE9CA5FA3CF36558CC4C4AFB4905A298AF214014200DF879A291F14003213327EF2245F3F928D72E87FC7AF6854E06D845C28B71512A245B21EE2EED901980AF62C0CDD349890141B340B08B49CD66D9E05BF479F0D0981C0C62752C54CD78FC5B281046A24001D8ED490418002A034B8FB9
310
024E84B9684F762431539FD9341458687610FFBA0C54AA79424E04ECF52293211D4E2704670628946651FF70CECF34505EE06C03DF16F35D3AEEE317313D3149F8CD19075A1E0B4CEFFFFBFDB4AF872EC193066C459AD949652A7BD0A7304965DBEC66CBF6C19C90A689B45654600A6F65FACC79991195E9DF02D7821B0351
310
E8C088C0AD3CBF19CE0BDE34DC9FA355954F259F073F3AFDAF6AA0F6079E0D4AFE37FF526E4EB7CC800FD39E72000364E6F2557D2FE33AF59567FB3090C51B3ADDCB8FCA5F1EE9E3FC650430EFE0BD867D81097099E2A4F70AF9882F38303E73DC33F066D1414A3AC8A6479E11E43F06E50C615974332778E67F911F00C08A
310
CDD32E0C03E0BB0D0D05A6C3C3C38709BFA363008AB818C5EB1C4FC8E9C3C351E2679EFBF132055CF0E4B64D5DA01075829FFF818D9529F10A9FC2C408BBF96525B34E3CE11BAB020C406F808940DF346131A129653DC644DC026AD02473DC2AE08E90CBE6E7D64F48B111158188005021F4A912DAEFA75F1EDEBE9F8E9BBE
310
F41E08692DC8FB1569763B900F0B992163DB5CF27E25BD202FAF85C76A98671F476E6A15E86C14EC2F7C5661972A0A0C70BB74BED0E3F202328861E6219E7A53E7FAB827807E44F543E59D93A9729726170BA3B69B141D66A110E000CC6F150062C0EDE1E1FD34F66DD91A41002210932F4312763E73365F1A386450F21DBA
310
3D6DD4A60A1BE563EBD0F3F1EA7D7A4646D337F025EF15249EF1A70D87AB240C58432AE9A598B9FC598E711C158CAEDDB6D737B46D9D03040E137336E769056C6685F44438FE03F3964C2D693CBC3952257CB87F384C9BD2501D48101426195FF85CDFB18C7B7DCFDB365BEA2BEDF5B595F6B1D8A75E62193D9F7FE5B6165B
310
CD66031779CB57C11715F6D568D8728408879014CD62598F88A0347F83F3DB6EEBAA9B3777844045CFD00C9466A13ACD64058CB3FF95DB54067A2100184083C1FBDBA7C3D497F49248409F69C74F1BB5A0B2575EB2939C1ACF7EEF7095FFD225DD13EE80229A85D4C20F3439D1D7E466A03ADFFBC0AAC0FBA0C1C2AFE8B110
310
448816E6D9F8165D4036D46DDBAD2306B0FD7FDD8206B4A14F3ACF2AA7060B6781B53402382C3802080118EC51094DB7BF3C3D1000BEECDAB2EBCA4EFEE316BA5ED21B24DF6AD39AFC051F7BB69EBBA1F2EFF9B877442FC1842EF917A51D8385FE6E447FA570A8F63CA7D24A34A4029F0423E918466E0CB31E3A233F756BB2
310
F9CC00B7ADAA6BB2797B5D1102D7F470BDDD120F2AE7661DC8D2970279ADA3813C14F03221301203F6070A81DDE687B2DFE0DFACF565DFBFECC9266E71C2A48E2D600254DC2A62E71310F85F85D22D54BA701F371124621FBEEBA41B9CBC1FB7A914C063A54078763E7DB59003446FE60C189CFABFAD6E24F4B7BC91F5770C
310
C13548414CB0BC571A9141FAE33A7289B0CE0322FA5B863580428028303DDE3EBDA334B8DB6D0618CFEEEFCB8E95ACD526990F5EBD5E3131123B3AE990726470771FA1E3C4FF1246786C0120173D92185462B8213E37918914FC55EE46812566390FC06D7F77F36F777737777762F25FE976778DCBF516542061AC3827085C
310
21FE45CB761909A0279E1800004CB96EFB17F554EF7F39D060688F358303F9BF93AD6DE55FD0793444356ED11F4513DCE14D8EEB969920F1C1012D8B070402BE0A0FB8A35AE0302DAF08012080005FA31755A8748D08650AA60A528859FC1B2C267FF5FACD8F3FBD7993887FBD7D75F3EA8E2ED7FF8917375BE48519823CF8
310
9D23C0A4E2469B23080102E04000DCEF4FF5B8198712D15FB263D9E02EA9A1D859C1C58EB5AEEB74DD07688F36A2C4B2AA3BA2DFA54E32AFFA28B89DCC29DEA26CC0B0882190A46A350532553CD782C280BF200858E548F67FFCE97F7F7C7DF71F6CF7F6D5F6D5ABBB3B20F0EAFAD52B42E5EEE63574914B83E0D2E48FCC85
310
4B691879C08FF74B94861402240184C03BCA85341EDCD54C81969510BE87C3D9D54EC4AC154AC0AD2C0D5DCBEB3D78E947CA7695D47F91334125E67B6D30731989AA314A5DCC7844E9B273418438914450C88C90E401567E72EFDDEBBFFFF4F7D77764EA6B389E6DC713C6E11A1FBF7973734349828E145C6E7188FEAF795D
310
C0DC1A62066CC000B406F68FE8158F3D1880B4F69229D0F1721616717628F9DDB75BC6A4ADBAD43FE70522AC984042AB40879D645D4BC519417189A9C82A38E9A91454CB9114AF05A3EB3F00B4323DCB4AE3D0340000000049454E44AE426082
  0
ACDSRECORD
 90
        0
  2
AcDbDs::ID
280
    10
320
D3
  2
Thumbnail_Data
280
    15
 94
     3137
310
89504E470D0A1A0A0000000D4948445200000100000000B5080300000087DCD12600000300504C5445FFFFFFFFFFFFFFFFFF0000000000000000000000000000000000000000000000000000330000660000990000CC0000FF0033000033330033660033990033CC0033FF0066000066330066660066990066CC0066FF0099
310
000099330099660099990099CC0099FF00CC0000CC3300CC6600CC9900CCCC00CCFF00FF0000FF3300FF6600FF9900FFCC00FFFF3300003300333300663300993300CC3300FF3333003333333333663333993333CC3333FF3366003366333366663366993366CC3366FF3399003399333399663399993399CC3399FF33CC00
310
33CC3333CC6633CC9933CCCC33CCFF33FF0033FF3333FF6633FF9933FFCC33FFFF6600006600336600666600996600CC6600FF6633006633336633666633996633CC6633FF6666006666336666666666996666CC6666FF6699006699336699666699996699CC6699FF66CC0066CC3366CC6666CC9966CCCC66CCFF66FF0066
310
FF3366FF6666FF9966FFCC66FFFF9900009900339900669900999900CC9900FF9933009933339933669933999933CC9933FF9966009966339966669966999966CC9966FF9999009999339999669999999999CC9999FF99CC0099CC3399CC6699CC9999CCCC99CCFF99FF0099FF3399FF6699FF9999FFCC99FFFFCC0000CC00
310
33CC0066CC0099CC00CCCC00FFCC3300CC3333CC3366CC3399CC33CCCC33FFCC6600CC6633CC6666CC6699CC66CCCC66FFCC9900CC9933CC9966CC9999CC99CCCC99FFCCCC00CCCC33CCCC66CCCC99CCCCCCCCCCFFCCFF00CCFF33CCFF66CCFF99CCFFCCCCFFFFFF0000FF0033FF0066FF0099FF00CCFF00FFFF3300FF3333
310
FF3366FF3399FF33CCFF33FFFF6600FF6633FF6666FF6699FF66CCFF66FFFF9900FF9933FF9966FF9999FF99CCFF99FFFFCC00FFCC33FFCC66FFCC99FFCCCCFFCCFFFFFF00FFFF33FFFF66FFFF99FFFFCCFFFFFF0000000D0D0D1A1A1A2828283535354343435050505D5D5D6B6B6B787878868686939393A1A1A1AEAEAEBB
310
BBBBC9C9C9D6D6D6E4E4E4F1F1F1FFFFFF000000000000000000000000000000000000000000000000000000000000AD4AB4E40000057A4944415478DAED9C41729B30148699E13E5E593D0BD9A4D9B587E8AAC9A633B94757BDD493044E9A5D877D250C360207190910825F0B0F338644FA24BD5FEF9770F2F1BEEBF2917C
310
24BB2E0000000000009D42AA6CF773EF238000E08E29000000B07315C03A002A80180000000015800A400510030000004C9B24AE32B10A50F47DEDA9021B014000B0F3290000088200802008000882008020380700874C64532A60347A248139D82DAE0275CDC901800FBBF5C400A76CDCFBD16D04C16D8C003F024BC58065
310
7281B25C811484CC0588CAA638E8C1067201BA0EEC3305DBF04F7BE4FC39848C01645CD23001E29C5FE67F4AD5330D884801F47A8FCA81A7293B727E78E65C7021DF4C41F441100E008D04A08740963D73F1F3A724FAFBC084100729A42A5FFEB9235852053CF729483350AD16B9BA3A49C9A46ABE10E73F5BD2E2009CFE9E
310
D14E1A5D9B0164B4F8147001D054986EDE3BD0FF136E72058D01663DFB31C0DAF9E9B9F0E64295E6AB2882A0D95DD4FD626839A4BF57118054D4CB4FAF74CA65AEA3002B2A0AEEEB81450118ADA7662294550CAB4FAA5B1FE5E2F72FF98D8A4247401D06497A2D0B97CD05E8D290D665131207C7B16DF23B43585605AEB5A4
310
7A04B45B4F776868D2BCD3A096C1654B0328161530AE9AC6D4EBB9FB34B09A3CDD9143651431E0FAB5D1EF77759F39785AA3C833A50E02A0A9F0B93F695C4DC91C37C3DAB1BE5CA0DF5D23019863273E47C8F4F5C65795686257249C2334DE144EE6B0CFC23942EACE7214038FC1B35243A432815CA6F23A7686A600A09DE1
310
B3B5774793DA9E2095533108EA099A375B1C4ED29E609D01EAC637D83C4184DC17E8D57CD0D6A1E3B1658B764A190040E23D05FA5D47C32380F31F8FCF5CFE792CA8600F795EBC3C154C9B822C443AECAF023700941602A22AAABD45CE843CE652A8A4384E43C4CD15FDFC8969D3E199B7C72FD9E08811B00D4FF0B294FFC4
310
14741B3F338C80D95480866E26DBEEE0D5096D5D56A238750C984D054CF3ABB9B95E0B591E4D858E8224B42D4AA71393DA17D5A55E1844A102A68547656B354396815C8980BE4FFC7EECED0D46638898F3BD37744768407B25783BA2AE7D297C63E25A45F07A55F6D9516400BA378F086463D9AD35176852A0D1424E37D895
310
C9D200922900D413D9B1EE539C190B7846C833ABEF0A4884868857DF4FE588843D28E9BC7AD9E751D959FE11DE1A0BAB02B452000B9D145DC33B23615D611F11DB4210ECECF407193CA10124DD935396565FF746D238778793A1EC97AC5B23ED8D81BCF1832B303C4A151877569432ED09655CF0A3901379A281DF1DA61B41
310
71E0EE23E70FD96326E49F4CD0E9EDE5FDE5891D1414ED8BC5E907504F0DAC73801FF5EE882CE854E4D5AE902A22225BDC92CA92CFC64A140068C8C8BBF3B8D8A4272543A840ABAE3D5BCF7E5AF6F20BD0499A0A351D242B6A71884405CC7767CDB6DDB91648B990EFFAB830D39BA307E9735A6E7915308FBB19B1DFD6FE4A
310
EFB93E30FE957DA7BF0513EDC3824B0370DD1C35063B75DC6ECBB35A04B2AF0775299F7A2120121530F7335BD5B737E0B23754ED0F5167E844B731920CFF9EFD00BB7EDFD3D4274416748446D4BE7DEB75E27B6644817301BFB13B453E18381720775F63D6C3D231B8C21B3828B98A0200A155205E00C9DEA7402800539A01
310
11C680EBFBC3C60BC4A9B32AC605E0F213024232F64A6F8CB1EA670498707E81383600FCF323F3F13842D3CDFFDDA940BBD1C15782BB97412C850100B9007201E40288010000005001A800540031000000002A0015800A20060000004005A0025001C400000000A80054002A80180000000015800A40051003000000F6A702
310
D195895560238500C0750A0000006CB300008220002008020082200020080200822000B4AD8FED7EEE3D060000000000007401BCEFBA28003B2FFF018790B65AE66567B80000000049454E44AE426082DC3800490420A82018E61048620C88004C0A00CC04009F73E159B08087055BD2E4477D40E08505CCED6ACE77D83649
310
6F8AF761DD9A24A07B08FCB3C080EC60D9C700C816D2CE79BC590541DB23F426354A3B4369BB0093270602E6ED088A4958C0AE999019A92021B9160A69BFB74F9ED263D3D0A01D0024C74A0D90E585AAA644F26289283C31A513CC91AA24447727C8D122E0B3C34347818C015A2B8AD6785DC84EB0DCAC570CB65555F082A9
310
624A2A49AC6030F6F8C54366C8DD5AA0113A59D1801109C85B8FB53A50490424009CD54524E4FDCF6B81C00F94DE558F97498D9DBA5E57C135280EA61A82CC0805A59B8857B07DFE242128E428B8D78594944CC4451C702F9474343FDC2985087923FC3542BAD05960F80CB8914CC1B6EC8CA97DA1A5D07A8087E541A79ED4
310
BEBA50AA25636549897B001CB2C0AED285A5D3FDBBACFE32CAB0666418051D7A847059A095D53EBF91FBE0B92F28A53473BB5272546BA8EB9A3A8BC78B155179E77A9DA5D0B08A4ACAF354DF6C8A2A9024C05B65250D3DB0464B0B01C580C3150B0C581025A6AB83BADD88B36A0B5CB2A096CCD7B584BA7546C201008E897C
310
6C5B65BC27B92EA8552C8B0FFC499793A2D47529210F25340EA92C19E87F813150555814A345757A15344A2EEC9305867274534F2CC77825EFB85E18A36A0BCE3AD8042C306A8E0AB2EF67655B2D991060DB63DD69FC7AD86B1DA1A16D2AF38CD6FEEFFDDCF66BEC04BA21E2A0559091C38A6C7D5A09B78C8E93221AFD33A1
310
EDA311CECFA64FB023646DE5B1F504ECBC4FDCD9CCB2C3B37ABE8017FFDD5FD2D75AC0C3BD1F5F43773E31E03800C964A9B1981EBF7500920840982C10D41048620C880044007C0320CEB0EB6501F5C4A9FAA4784929E584BE8AB4757EBE7ECEC04820826581E6815BA4CE90AA9DE18F8273C63945C83C78892146774FA1B8
310
321668EA09651B8C35045F73CEC413373901628A29E9E4880441DA9FE2BA62402A4A64AA08E03F1402DF7E5FE30D12BC7A797DF9F6A9509064AAA492292A457E1C1E0A42DD101118E745EFA96B427075C3EF69F3E0B1BAAC121F1309830540575312E7D915B2C091B282F2B3CAC3C377436681773F896B8138158E00440082
310
DB119A9D3966812B3188000C1D02118008C0755A042006C108400C821180180423003108460062108C00B4B73EAEF7EBADC78008400420021001E803F07CD32601B871FB1FEE4C1991C039E6620000000049454E44AE426082
  0
ACDSRECORD
 90
        0
  2
AcDbDs::ID
280
    10
320
D7
  2
Thumbnail_Data
280
    15
 94
     2982
310
89504E470D0A1A0A0000000D4948445200000100000000B5080300000087DCD12600000300504C5445FFFFFFFFFFFFFFFFFF0000000000000000000000000000000000000000000000000000330000660000990000CC0000FF0033000033330033660033990033CC0033FF0066000066330066660066990066CC0066FF0099
310
000099330099660099990099CC0099FF00CC0000CC3300CC6600CC9900CCCC00CCFF00FF0000FF3300FF6600FF9900FFCC00FFFF3300003300333300663300993300CC3300FF3333003333333333663333993333CC3333FF3366003366333366663366993366CC3366FF3399003399333399663399993399CC3399FF33CC00
310
33CC3333CC6633CC9933CCCC33CCFF33FF0033FF3333FF6633FF9933FFCC33FFFF6600006600336600666600996600CC6600FF6633006633336633666633996633CC6633FF6666006666336666666666996666CC6666FF6699006699336699666699996699CC6699FF66CC0066CC3366CC6666CC9966CCCC66CCFF66FF0066
310
FF3366FF6666FF9966FFCC66FFFF9900009900339900669900999900CC9900FF9933009933339933669933999933CC9933FF9966009966339966669966999966CC9966FF9999009999339999669999999999CC9999FF99CC0099CC3399CC6699CC9999CCCC99CCFF99FF0099FF3399FF6699FF9999FFCC99FFFFCC0000CC00
310
33CC0066CC0099CC00CCCC00FFCC3300CC3333CC3366CC3399CC33CCCC33FFCC6600CC6633CC6666CC6699CC66CCCC66FFCC9900CC9933CC9966CC9999CC99CCCC99FFCCCC00CCCC33CCCC66CCCC99CCCCCCCCCCFFCCFF00CCFF33CCFF66CCFF99CCFFCCCCFFFFFF0000FF0033FF0066FF0099FF00CCFF00FFFF3300FF3333
310
FF3366FF3399FF33CCFF33FFFF6600FF6633FF6666FF6699FF66CCFF66FFFF9900FF9933FF9966FF9999FF99CCFF99FFFFCC00FFCC33FFCC66FFCC99FFCCCCFFCCFFFFFF00FFFF33FFFF66FFFF99FFFFCCFFFFFF0000000D0D0D1A1A1A2828283535354343435050505D5D5D6B6B6B787878868686939393A1A1A1AEAEAEBB
310
BBBBC9C9C9D6D6D6E4E4E4F1F1F1FFFFFF000000000000000000000000000000000000000000000000000000000000AD4AB4E4000008614944415478DAED9DBF72A4B813C7A99AF0A27B119C481379A37B0994309EE8F7127B891D5DDDBDDFE48DFE30AE4D95FFD41230C0607B7741831092BDB66BEC9DAAFE2075B7D45F9A
310
ECC7FBAEC78FEC47B6EB91002400094002301A6046BC5FF73E032001F88925900024003B8F02290F485120F98004200148512045811405920F48001280E131C9B6C6C25160FEBCD093E371D77A66148005ECBFFDDC7BF5B1006035005A4F4F546F0460691FB09F19E0CD07FCF48BB102D88A13F40560ED88BF761408030024
310
00212D01D80D80C3E1307EA912023474D9C1F230420230E5EECD2BD06648BA23116914D0BCAAAA1103CD15E811120B63A995115214D0556E08703E4800780DF75901E6C6E6A38A2C0AE88A901C670127C27CE3860517FC086262504AED7A88CB07548C1063794E8BA220C6FAA238117A04452993841AAB097D223706C73368
310
880940A671095415295E59C9CCD53FBDBD9EA48263AD6AC9A860FC49180442E40D81E7F37FB309849507686D0988A2A03803082B9504A81593940A2EECD5B75F0C05B33AC49FEFB37709A1ED05D0C5A123B4CB5F50A98C0F7C7EBF2A8508F0E2E36F8C7BB8ED92602D00DEB2B6AAEFEE357CB53B84B596C0B2002EE673386C
310
C67381CB5703FF22A2BDC0D469D8E767B91093136CECAFDCB0890017DAF83F8EE9C1A13A74E346222A00ADF19C83F383942A052F2FB552260D10CEFFE1E88188290A74F613204840308561E05ADB18600777FFB8B080E8754500CB47816EF2170503468CFDA54D84CCF5AF992140DA3490DB3448C86F0B6C0C43DA0B1873CC
310
66A0828A16CCA6C2B43C15C2A4C24A4A299831B90741D06536C601F900B4DFBAC081BB17EA834A4967FF3C0A6101184539E3E281ABB1813AD3BD3F82780064F7411EAD6B0118AB75767722347B1904B617803188BB5CE80E5A4451E0EE8ADE184CBEF3225E30ACBAC0C89ECFECFB357DC3667CC0CF4C70582C0D0E2E15FECA
310
FEE176C8E7A97010006EE6FFA6AE67835100A6AFBE17CBC38C02B05474DB6814C8DAB89765E103F0742294C1632BECE11D8965D9AE013C7C04AF1102CF1E21748D1064F36B1F5B8A02D36FE8731204E503AC3C828FDED06A44B43704615587512332D2C91C804A70E7215ED2C1B000B8436131D08800BD82AB96726D7EC17B
310
726A1E5B14D015C98993C910DE6A4480BE7F5020D5FE4E85578A02064081E2988A103C1737E6178C00FD0694522B1079427DC093A08D4AE6A8755C2742A80CB02211567E2F999904F49FD737052FA09862126B230C0D2782A354C0FC24FF179B42A4298BE6052BA4B193B0F244E11BD686A4A49C3C118EFA98A638F28710C7
310
671D5775B8D1C870D489598D88945818B9362A99B63266652255E32B212600AD46A66A65324248074052D4C7B8093294896858C7097ADC0BDC6B223FBD7B622500CB3BC129FDCBD71299CB45CF11C904B817F8E59B1D754C3E00B52F87AAFD705F380CE53137818C371FB0A246E8D044C2CAE6BF18EC556DC220158D50C862
310
E983882A0AB412111306016542A89454F519AE360F6842A0C0F86813E5CAFC815E4D28E94523D45C7D527C6760AC64E59B92CFEF7044A5A8E874D2BC15893CFBD20AAFB41780CAED854C2ACCCAC25CE8E2AD2CE5F1052453D464C24FB451C83891103DC7561D06B30B2202D77FB3DDE52892AF9FE143954C64E7016606D8CD
310
D0D0CEBA86363FB29FCB9E8C8405E05E2303151CF9F04468E2BFC51406272BE29F9F097A00B0F25EE0EEFD3E3511A2D90B4CBFDF57B746C15A89D063007C551398ED0A375D1B5C2214040D00BE8816B1DD37F8EBBB648F908303003AF3521ADA48078985F2DE2D4681E65DF7511CFD64EDFB732D5B00E035946E390F58D709
310
A63E423103487D84F6BE041280E4044302B04222145614C0DB63024C851F1805C0E36E20B8EA301605C61DA2E0026E1AEC000000778591210005C32391780154D0884547D521E8B9836CC953A1D0A2800140B03CC6DB61E5A27055737B636F250A54408A9CA05490149258A5002542C051087ADF514DC823C4561730334058
310
89002BBF5BB1E8EB5BC924BC38B128F691701DD578DB51ED2F88A936D839818A14252B51147B7A3D190067A5AC4842F0DC0945F3761AA8F3BF730804980A3B9D08CF696E15A1422A33D15F502B8900DC4240F39F38FF83F3B97E20C8BD80ED24C21B47280C0105674B0075D2B9D54A3586B76AC2E8F60263914437A61A8EC1
310
3A001E950A5F062DD5C60170763BA930F702838B6C97C46560B11D4E2E6857433C51A0317AE00DDC0DD507AB1DB5CAD17EAB35CE25C4A414CDEE4CB757DAB804DE89049D67E44D2AB05E22E415002A860FEDF5C64808EFD7BA118BDED492B04037A920A380B5FEA61796260E5EF0B619BC6B84E06D53E39D00AC01C09B1374
310
72711BEB9D5EB83821004C05475D546EF6C714054C0EE4CC27A400BC71EAF4562ABBE9F960231C5B26D80AE679C18A1311CE425ABB70786FEDDC1D717000702730D2CB9A17B9BA4C99EAED3C605D00043B8CF7BBEAB906BBA3A51EE9891002C8C786B95E6A538D957C9D0966AB3AC13BD3603C1D163C17DD465DA0677EF610
310
9558A0B5411FB5812D01F0F190992D0108AD99DA4301F8D3CA6D4629EAAB3C9C34425B8A02094002B0DB28102280DD3B41FF000E87AE6BC8AD1AB0171F70E859FFF9881440D74DA7D7504769D748C23D65A5ED2331134498003AEB79572196757DD65822565276F511DB55C3B51B5916C0CA51A0B39FE053D7B065063B49A9
310
74FF7133B7AE52F6FBF3E301643E01D8674FE2C170F9776100946FAFA592BA56581D4104B9EDA7C1DB7AD9F1F75D41905140BB73D1AA1AF93B7CDA0CF612A1021F3DD7B514A1733C61903EC05A9BDF99EF2510840A808F0DB300F6B217F8E001C45E1E41BF7814D8DC58380A44322001F8DD2590002400718E042039C10420
310
39C1042039C1042039C1042039C104A07FF411EFD7BDFB80042001480012803180F75D0F0360E7E3FF1F98AB065C89D1250000000049454E44AE426082
  0
ENDSEC
  0
EOF
