  0
SECTION
  2
HEADER
  9
$ACADVER
  1
AC1032
  9
$ACADMAINTVER
 90
      329
  9
$DWGCODEPAGE
  3
ANSI_1251
  9
$LASTSAVEDBY
  1
Анастасия
  9
$REQUIREDVERSIONS
160
                 0
  9
$INSBASE
 10
0.0
 20
0.0
 30
0.0
  9
$EXTMIN
 10
1668.69534132319
 20
1944.694718000902
 30
0.0
  9
$EXTMAX
 10
2597.563734612573
 20
2765.825052832262
 30
0.0
  9
$LIMMIN
 10
0.0
 20
0.0
  9
$LIMMAX
 10
420.0
 20
297.0
  9
$ORTHOMODE
 70
     0
  9
$REGENMODE
 70
     1
  9
$FILLMODE
 70
     1
  9
$QTEXTMODE
 70
     0
  9
$MIRRTEXT
 70
     0
  9
$LTSCALE
 40
1.0
  9
$ATTMODE
 70
     1
  9
$TEXTSIZE
 40
2.5
  9
$TRACEWID
 40
1.0
  9
$TEXTSTYLE
  7
Standard
  9
$CLAYER
  8
0
  9
$CELTYPE
  6
ByLayer
  9
$CECOLOR
 62
   256
  9
$CELTSCALE
 40
1.0
  9
$DISPSILH
 70
     0
  9
$DIMSCALE
 40
1.0
  9
$DIMASZ
 40
2.5
  9
$DIMEXO
 40
0.625
  9
$DIMDLI
 40
3.75
  9
$DIMRND
 40
0.0
  9
$DIMDLE
 40
0.0
  9
$DIMEXE
 40
1.25
  9
$DIMTP
 40
0.0
  9
$DIMTM
 40
0.0
  9
$DIMTXT
 40
2.5
  9
$DIMCEN
 40
2.5
  9
$DIMTSZ
 40
0.0
  9
$DIMTOL
 70
     0
  9
$DIMLIM
 70
     0
  9
$DIMTIH
 70
     0
  9
$DIMTOH
 70
     0
  9
$DIMSE1
 70
     0
  9
$DIMSE2
 70
     0
  9
$DIMTAD
 70
     1
  9
$DIMZIN
 70
     8
  9
$DIMBLK
  1

  9
$DIMASO
 70
     1
  9
$DIMSHO
 70
     1
  9
$DIMPOST
  1

  9
$DIMAPOST
  1

  9
$DIMALT
 70
     0
  9
$DIMALTD
 70
     3
  9
$DIMALTF
 40
0.03937007874016
  9
$DIMLFAC
 40
1.0
  9
$DIMTOFL
 70
     1
  9
$DIMTVP
 40
0.0
  9
$DIMTIX
 70
     0
  9
$DIMSOXD
 70
     0
  9
$DIMSAH
 70
     0
  9
$DIMBLK1
  1

  9
$DIMBLK2
  1

  9
$DIMSTYLE
  2
ISO-25
  9
$DIMCLRD
 70
     0
  9
$DIMCLRE
 70
     0
  9
$DIMCLRT
 70
     0
  9
$DIMTFAC
 40
1.0
  9
$DIMGAP
 40
0.625
  9
$DIMJUST
 70
     0
  9
$DIMSD1
 70
     0
  9
$DIMSD2
 70
     0
  9
$DIMTOLJ
 70
     0
  9
$DIMTZIN
 70
     8
  9
$DIMALTZ
 70
     0
  9
$DIMALTTZ
 70
     0
  9
$DIMUPT
 70
     0
  9
$DIMDEC
 70
     2
  9
$DIMTDEC
 70
     2
  9
$DIMALTU
 70
     2
  9
$DIMALTTD
 70
     3
  9
$DIMTXSTY
  7
Standard
  9
$DIMAUNIT
 70
     0
  9
$DIMADEC
 70
     0
  9
$DIMALTRND
 40
0.0
  9
$DIMAZIN
 70
     0
  9
$DIMDSEP
 70
    44
  9
$DIMATFIT
 70
     3
  9
$DIMFRAC
 70
     0
  9
$DIMLDRBLK
  1

  9
$DIMLUNIT
 70
     2
  9
$DIMLWD
 70
    -2
  9
$DIMLWE
 70
    -2
  9
$DIMTMOVE
 70
     0
  9
$DIMFXL
 40
1.0
  9
$DIMFXLON
 70
     0
  9
$DIMJOGANG
 40
0.7853981633974483
  9
$DIMTFILL
 70
     0
  9
$DIMTFILLCLR
 70
     0
  9
$DIMARCSYM
 70
     0
  9
$DIMLTYPE
  6

  9
$DIMLTEX1
  6

  9
$DIMLTEX2
  6

  9
$DIMTXTDIRECTION
 70
     0
  9
$LUNITS
 70
     2
  9
$LUPREC
 70
     4
  9
$SKETCHINC
 40
1.0
  9
$FILLETRAD
 40
8.0
  9
$AUNITS
 70
     0
  9
$AUPREC
 70
     0
  9
$MENU
  1
.
  9
$ELEVATION
 40
0.0
  9
$PELEVATION
 40
0.0
  9
$THICKNESS
 40
0.0
  9
$LIMCHECK
 70
     0
  9
$CHAMFERA
 40
0.0
  9
$CHAMFERB
 40
0.0
  9
$CHAMFERC
 40
0.0
  9
$CHAMFERD
 40
0.0
  9
$SKPOLY
 70
     0
  9
$TDCREATE
 40
2461301.121712963
  9
$TDUCREATE
 40
2461300.996712963
  9
$TDUPDATE
 40
2461308.624548611
  9
$TDUUPDATE
 40
2461308.499548611
  9
$TDINDWG
 40
3.6344212963
  9
$TDUSRTIMER
 40
3.6344212963
  9
$USRTIMER
 70
     1
  9
$ANGBASE
 50
0.0
  9
$ANGDIR
 70
     0
  9
$PDMODE
 70
     0
  9
$PDSIZE
 40
0.0
  9
$PLINEWID
 40
0.0
  9
$SPLFRAME
 70
     0
  9
$SPLINETYPE
 70
     6
  9
$SPLINESEGS
 70
     8
  9
$HANDSEED
  5
17C8
  9
$SURFTAB1
 70
     6
  9
$SURFTAB2
 70
     6
  9
$SURFTYPE
 70
     6
  9
$SURFU
 70
     6
  9
$SURFV
 70
     6
  9
$UCSBASE
  2

  9
$UCSNAME
  2

  9
$UCSORG
 10
0.0
 20
0.0
 30
0.0
  9
$UCSXDIR
 10
1.0
 20
0.0
 30
0.0
  9
$UCSYDIR
 10
0.0
 20
1.0
 30
0.0
  9
$UCSORTHOREF
  2

  9
$UCSORTHOVIEW
 70
     0
  9
$UCSORGTOP
 10
0.0
 20
0.0
 30
0.0
  9
$UCSORGBOTTOM
 10
0.0
 20
0.0
 30
0.0
  9
$UCSORGLEFT
 10
0.0
 20
0.0
 30
0.0
  9
$UCSORGRIGHT
 10
0.0
 20
0.0
 30
0.0
  9
$UCSORGFRONT
 10
0.0
 20
0.0
 30
0.0
  9
$UCSORGBACK
 10
0.0
 20
0.0
 30
0.0
  9
$PUCSBASE
  2

  9
$PUCSNAME
  2

  9
$PUCSORG
 10
0.0
 20
0.0
 30
0.0
  9
$PUCSXDIR
 10
1.0
 20
0.0
 30
0.0
  9
$PUCSYDIR
 10
0.0
 20
1.0
 30
0.0
  9
$PUCSORTHOREF
  2

  9
$PUCSORTHOVIEW
 70
     0
  9
$PUCSORGTOP
 10
0.0
 20
0.0
 30
0.0
  9
$PUCSORGBOTTOM
 10
0.0
 20
0.0
 30
0.0
  9
$PUCSORGLEFT
 10
0.0
 20
0.0
 30
0.0
  9
$PUCSORGRIGHT
 10
0.0
 20
0.0
 30
0.0
  9
$PUCSORGFRONT
 10
0.0
 20
0.0
 30
0.0
  9
$PUCSORGBACK
 10
0.0
 20
0.0
 30
0.0
  9
$USERI1
 70
     0
  9
$USERI2
 70
     0
  9
$USERI3
 70
     0
  9
$USERI4
 70
     0
  9
$USERI5
 70
     0
  9
$USERR1
 40
0.0
  9
$USERR2
 40
0.0
  9
$USERR3
 40
0.0
  9
$USERR4
 40
0.0
  9
$USERR5
 40
0.0
  9
$WORLDVIEW
 70
     1
  9
$SHADEDGE
 70
     3
  9
$SHADEDIF
 70
    70
  9
$TILEMODE
 70
     1
  9
$MAXACTVP
 70
    64
  9
$PINSBASE
 10
0.0
 20
0.0
 30
0.0
  9
$PLIMCHECK
 70
     0
  9
$PEXTMIN
 10
25.69999999999999
 20
19.5
 30
0.0
  9
$PEXTMAX
 10
231.3
 20
175.5
 30
0.0
  9
$PLIMMIN
 10
-20.0
 20
-7.5
  9
$PLIMMAX
 10
277.0
 20
202.5
  9
$UNITMODE
 70
     0
  9
$VISRETAIN
 70
     1
  9
$PLINEGEN
 70
     0
  9
$PSLTSCALE
 70
     1
  9
$TREEDEPTH
 70
  3020
  9
$CMLSTYLE
  2
Standard
  9
$CMLJUST
 70
     0
  9
$CMLSCALE
 40
20.0
  9
$PROXYGRAPHICS
 70
     1
  9
$MEASUREMENT
 70
     1
  9
$CELWEIGHT
370
    -1
  9
$ENDCAPS
280
     0
  9
$JOINSTYLE
280
     0
  9
$LWDISPLAY
290
     0
  9
$INSUNITS
 70
     4
  9
$HYPERLINKBASE
  1

  9
$STYLESHEET
  1

  9
$XEDIT
290
     1
  9
$CEPSNTYPE
380
     0
  9
$PSTYLEMODE
290
     1
  9
$FINGERPRINTGUID
  2
{5BA2DAD8-D204-0D47-95C8-163242FF2E6E}
  9
$VERSIONGUID
  2
{22B0E011-F81D-5245-96E0-15FD5241396C}
  9
$EXTNAMES
290
     1
  9
$PSVPSCALE
 40
0.0
  9
$OLESTARTUP
290
     0
  9
$SORTENTS
280
   127
  9
$INDEXCTL
280
     0
  9
$HIDETEXT
280
     1
  9
$XCLIPFRAME
280
     2
  9
$HALOGAP
280
     0
  9
$OBSCOLOR
 70
   257
  9
$OBSLTYPE
280
     0
  9
$INTERSECTIONDISPLAY
280
     0
  9
$INTERSECTIONCOLOR
 70
   257
  9
$DIMASSOC
280
     2
  9
$PROJECTNAME
  1

  9
$CAMERADISPLAY
290
     0
  9
$LENSLENGTH
 40
50.0
  9
$CAMERAHEIGHT
 40
0.0
  9
$STEPSPERSEC
 40
2.0
  9
$STEPSIZE
 40
6.0
  9
$3DDWFPREC
 40
2.0
  9
$PSOLWIDTH
 40
5.0
  9
$PSOLHEIGHT
 40
80.0
  9
$LOFTANG1
 40
1.570796326794896
  9
$LOFTANG2
 40
1.570796326794896
  9
$LOFTMAG1
 40
0.0
  9
$LOFTMAG2
 40
0.0
  9
$LOFTPARAM
 70
     7
  9
$LOFTNORMALS
280
     1
  9
$LATITUDE
 40
37.795
  9
$LONGITUDE
 40
-122.394
  9
$NORTHDIRECTION
 40
0.0
  9
$TIMEZONE
 70
 -8000
  9
$LIGHTGLYPHDISPLAY
280
     1
  9
$TILEMODELIGHTSYNCH
280
     1
  9
$CMATERIAL
347
EC
  9
$SOLIDHIST
280
     0
  9
$SHOWHIST
280
     1
  9
$DWFFRAME
280
     2
  9
$DGNFRAME
280
     0
  9
$REALWORLDSCALE
290
     1
  9
$INTERFERECOLOR
 62
     1
  9
$INTERFEREOBJVS
345
F9
  9
$INTERFEREVPVS
346
F6
  9
$CSHADOW
280
     0
  9
$SHADOWPLANELOCATION
 40
0.0
  0
ENDSEC
  0
SECTION
  2
CLASSES
  0
CLASS
  1
ACDBDICTIONARYWDFLT
  2
AcDbDictionaryWithDefault
  3
ObjectDBX Classes
 90
        0
 91
        1
280
     0
281
     0
  0
CLASS
  1
DICTIONARYVAR
  2
AcDbDictionaryVar
  3
ObjectDBX Classes
 90
        0
 91
       11
280
     0
281
     0
  0
CLASS
  1
TABLESTYLE
  2
AcDbTableStyle
  3
ObjectDBX Classes
 90
     4095
 91
        1
280
     0
281
     0
  0
CLASS
  1
MATERIAL
  2
AcDbMaterial
  3
ObjectDBX Classes
 90
     1153
 91
        3
280
     0
281
     0
  0
CLASS
  1
VISUALSTYLE
  2
AcDbVisualStyle
  3
ObjectDBX Classes
 90
     4095
 91
       24
280
     0
281
     0
  0
CLASS
  1
SCALE
  2
AcDbScale
  3
ObjectDBX Classes
 90
     1153
 91
       17
280
     0
281
     0
  0
CLASS
  1
MLEADERSTYLE
  2
AcDbMLeaderStyle
  3
ACDB_MLEADERSTYLE_CLASS
 90
     4095
 91
        2
280
     0
281
     0
  0
CLASS
  1
CELLSTYLEMAP
  2
AcDbCellStyleMap
  3
ObjectDBX Classes
 90
     1152
 91
        4
280
     0
281
     0
  0
CLASS
  1
EXACXREFPANELOBJECT
  2
ExAcXREFPanelObject
  3
EXAC_ESW
 90
     1025
 91
        0
280
     0
281
     0
  0
CLASS
  1
NPOCOLLECTION
  2
AcDbImpNonPersistentObjectsCollection
  3
ObjectDBX Classes
 90
     1153
 91
        0
280
     0
281
     0
  0
CLASS
  1
LAYER_INDEX
  2
AcDbLayerIndex
  3
ObjectDBX Classes
 90
        0
 91
        0
280
     0
281
     0
  0
CLASS
  1
SPATIAL_INDEX
  2
AcDbSpatialIndex
  3
ObjectDBX Classes
 90
        0
 91
        0
280
     0
281
     0
  0
CLASS
  1
IDBUFFER
  2
AcDbIdBuffer
  3
ObjectDBX Classes
 90
        0
 91
        0
280
     0
281
     0
  0
CLASS
  1
ACDBSECTIONVIEWSTYLE
  2
AcDbSectionViewStyle
  3
ObjectDBX Classes
 90
     1025
 91
        1
280
     0
281
     0
  0
CLASS
  1
ACDBDETAILVIEWSTYLE
  2
AcDbDetailViewStyle
  3
ObjectDBX Classes
 90
     1025
 91
        1
280
     0
281
     0
  0
CLASS
  1
SORTENTSTABLE
  2
AcDbSortentsTable
  3
ObjectDBX Classes
 90
        0
 91
       25
280
     0
281
     0
  0
CLASS
  1
ACARRAYJIGENTITY
  2
AcArrayJigEntity
  3
ACAD_ARRAY
 90
      129
 91
        0
280
     0
281
     1
  0
CLASS
  1
ACDBASSOCNETWORK
  2
AcDbAssocNetwork
  3
ObjectDBX Classes
 90
     1025
 91
       10
280
     0
281
     0
  0
CLASS
  1
ACDBASSOCACTION
  2
AcDbAssocAction
  3
ObjectDBX Classes
 90
     1025
 91
       22
280
     0
281
     0
  0
CLASS
  1
ACDBASSOCARRAYACTIONBODY
  2
AcDbAssocArrayActionBody
  3
ObjectDBX Classes
 90
     1025
 91
       22
280
     0
281
     0
  0
CLASS
  1
ACDBASSOCVERTEXACTIONPARAM
  2
AcDbAssocVertexActionParam
  3
ObjectDBX Classes
 90
     1025
 91
       66
280
     0
281
     0
  0
CLASS
  1
ACDBASSOCEDGEACTIONPARAM
  2
AcDbAssocEdgeActionParam
  3
ObjectDBX Classes
 90
     1025
 91
       22
280
     0
281
     0
  0
CLASS
  1
ACDBASSOCDEPENDENCY
  2
AcDbAssocDependency
  3
ObjectDBX Classes
 90
     1025
 91
       66
280
     0
281
     0
  0
CLASS
  1
ACDBASSOCARRAYPATHPARAMETERS
  2
AcDbAssocArrayPathParameters
  3
ObjectDBX Classes
 90
     1025
 91
        0
280
     0
281
     0
  0
CLASS
  1
DIMASSOC
  2
AcDbDimAssoc
  3
"AcDbDimAssoc|Product Desc:     AcDim ARX App For Dimension|Company:          Autodesk, Inc.|WEB Address:      www.autodesk.com"
 90
        0
 91
        8
280
     0
281
     0
  0
ENDSEC
  0
SECTION
  2
TABLES
  0
TABLE
  2
VPORT
  5
8
330
0
100
AcDbSymbolTable
 70
     1
  0
VPORT
  5
EA
330
8
100
AcDbSymbolTableRecord
100
AcDbViewportTableRecord
  2
*Active
 70
     0
 10
0.0
 20
0.0
 11
1.0
 21
1.0
 12
1608.734173900962
 22
2552.530029527527
 13
0.0
 23
0.0
 14
10.0
 24
10.0
 15
10.0
 25
10.0
 16
0.0
 26
0.0
 36
1.0
 17
0.0
 27
0.0
 37
0.0
 40
3845.352746216267
 41
2.191632928475033
 42
50.0
 43
0.0
 44
0.0
 50
0.0
 51
0.0
 71
     0
 72
  1000
 73
     1
 74
     3
 75
     0
 76
     1
 77
     0
 78
     0
281
     0
 65
     1
110
0.0
120
0.0
130
0.0
111
1.0
121
0.0
131
0.0
112
0.0
122
1.0
132
0.0
 79
     0
146
0.0
348
F5
 60
     3
 61
     5
292
     1
282
     1
141
0.0
142
0.0
 63
   250
421
  3355443
1001
ACAD_NAV_VCDISPLAY
1070
     3
  0
ENDTAB
  0
TABLE
  2
LTYPE
  5
5
330
0
100
AcDbSymbolTable
 70
     2
  0
LTYPE
  5
14
330
5
100
AcDbSymbolTableRecord
100
AcDbLinetypeTableRecord
  2
ByBlock
 70
     0
  3

 72
    65
 73
     0
 40
0.0
  0
LTYPE
  5
15
330
5
100
AcDbSymbolTableRecord
100
AcDbLinetypeTableRecord
  2
ByLayer
 70
     0
  3

 72
    65
 73
     0
 40
0.0
  0
LTYPE
  5
16
330
5
100
AcDbSymbolTableRecord
100
AcDbLinetypeTableRecord
  2
Continuous
 70
     0
  3
Solid line
 72
    65
 73
     0
 40
0.0
  0
ENDTAB
  0
TABLE
  2
LAYER
  5
2
102
{ACAD_XDICTIONARY
360
1FF
102
}
330
0
100
AcDbSymbolTable
 70
     2
  0
LAYER
  5
10
102
{ACAD_XDICTIONARY
360
13C
102
}
330
2
100
AcDbSymbolTableRecord
100
AcDbLayerTableRecord
  2
0
 70
     0
 62
     7
  6
Continuous
370
    -3
390
F
347
EE
348
0
  0
LAYER
  5
4AC
330
2
100
AcDbSymbolTableRecord
100
AcDbLayerTableRecord
  2
Defpoints
 70
     0
 62
     7
  6
Continuous
290
     0
370
    -3
390
F
347
EE
348
0
  0
ENDTAB
  0
TABLE
  2
STYLE
  5
3
330
0
100
AcDbSymbolTable
 70
     5
  0
STYLE
  5
11
330
3
100
AcDbSymbolTableRecord
100
AcDbTextStyleTableRecord
  2
Standard
 70
     0
 40
0.0
 41
1.0
 50
0.0
 71
     0
 42
2.5
  3
arial.ttf
  4

1001
ACAD
1000
Arial
1071
       34
  0
STYLE
  5
132
330
3
100
AcDbSymbolTableRecord
100
AcDbTextStyleTableRecord
  2
Аннотативный
 70
     0
 40
0.0
 41
1.0
 50
0.0
 71
     0
 42
2.5
  3
arial.ttf
  4

1001
AcadAnnotative
1000
AnnotativeData
1002
{
1070
     1
1070
     1
1002
}
1001
ACAD
1000
Arial
1071
       34
  0
ENDTAB
  0
TABLE
  2
VIEW
  5
6
330
0
100
AcDbSymbolTable
 70
    11
  0
ENDTAB
  0
TABLE
  2
UCS
  5
7
330
0
100
AcDbSymbolTable
 70
     0
  0
ENDTAB
  0
TABLE
  2
APPID
  5
9
330
0
100
AcDbSymbolTable
 70
    13
  0
APPID
  5
12
330
9
100
AcDbSymbolTableRecord
100
AcDbRegAppTableRecord
  2
ACAD
 70
     0
  0
APPID
  5
9E
330
9
100
AcDbSymbolTableRecord
100
AcDbRegAppTableRecord
  2
ACAD_PSEXT
 70
     0
  0
APPID
  5
133
330
9
100
AcDbSymbolTableRecord
100
AcDbRegAppTableRecord
  2
AcadAnnoPO
 70
     0
  0
APPID
  5
134
330
9
100
AcDbSymbolTableRecord
100
AcDbRegAppTableRecord
  2
AcadAnnotative
 70
     0
  0
APPID
  5
135
330
9
100
AcDbSymbolTableRecord
100
AcDbRegAppTableRecord
  2
ACAD_DSTYLE_DIMJAG
 70
     0
  0
APPID
  5
136
330
9
100
AcDbSymbolTableRecord
100
AcDbRegAppTableRecord
  2
ACAD_DSTYLE_DIMTALN
 70
     0
  0
APPID
  5
165
330
9
100
AcDbSymbolTableRecord
100
AcDbRegAppTableRecord
  2
ACAD_MLEADERVER
 70
     0
  0
APPID
  5
217
330
9
100
AcDbSymbolTableRecord
100
AcDbRegAppTableRecord
  2
ACAD_NAV_VCDISPLAY
 70
     0
  0
APPID
  5
2C3
330
9
100
AcDbSymbolTableRecord
100
AcDbRegAppTableRecord
  2
ACAD_EXEMPT_FROM_CAD_STANDARDS
 70
     0
  0
APPID
  5
AEE
330
9
100
AcDbSymbolTableRecord
100
AcDbRegAppTableRecord
  2
Acad_TC
 70
     0
  0
APPID
  5
1047
330
9
100
AcDbSymbolTableRecord
100
AcDbRegAppTableRecord
  2
ACAD_DIMASSOC_CALC_DIMLFAC
 70
     0
  0
APPID
  5
1048
330
9
100
AcDbSymbolTableRecord
100
AcDbRegAppTableRecord
  2
ACAD_DIMASSOC_DIMLFAC
 70
     0
  0
APPID
  5
1049
330
9
100
AcDbSymbolTableRecord
100
AcDbRegAppTableRecord
  2
ACAD_DIMASSOC_OVERRIDDEN_DIMLFAC
 70
     0
  0
ENDTAB
  0
TABLE
  2
DIMSTYLE
  5
A
330
0
100
AcDbSymbolTable
 70
     7
100
AcDbDimStyleTable
 71
     2
340
27
340
137
  0
DIMSTYLE
105
1B0
330
A
100
AcDbSymbolTableRecord
100
AcDbDimStyleTableRecord
  2
Standard
 70
     0
340
11
  0
DIMSTYLE
105
137
330
A
100
AcDbSymbolTableRecord
100
AcDbDimStyleTableRecord
  2
Аннотативный
 70
     0
 40
0.0
 41
2.5
 42
0.625
 43
3.75
 44
1.25
 73
     0
 74
     0
 77
     1
 78
     8
140
2.5
141
2.5
143
0.03937007874016
147
0.625
171
     3
172
     1
271
     2
272
     2
274
     3
278
    44
283
     0
284
     8
340
11
1001
AcadAnnotative
1000
AnnotativeData
1002
{
1070
     1
1070
     1
1002
}
1001
ACAD_DSTYLE_DIMJAG
1070
   388
1040
1.5
1001
ACAD_DSTYLE_DIMTALN
1070
   392
1070
     0
  0
DIMSTYLE
105
27
330
A
100
AcDbSymbolTableRecord
100
AcDbDimStyleTableRecord
  2
ISO-25
 70
     0
 41
2.5
 42
0.625
 43
3.75
 44
1.25
 73
     0
 74
     0
 77
     1
 78
     8
140
2.5
141
2.5
143
0.03937007874016
147
0.625
171
     3
172
     1
271
     2
272
     2
274
     3
278
    44
283
     0
284
     8
340
11
  0
ENDTAB
  0
TABLE
  2
BLOCK_RECORD
  5
1
330
0
100
AcDbSymbolTable
 70
   132
  0
BLOCK_RECORD
  5
1F
102
{ACAD_XDICTIONARY
360
1CE
102
}
330
1
100
AcDbSymbolTableRecord
100
AcDbBlockTableRecord
  2
*Model_Space
340
22
 70
     0
280
     1
281
     0
  0
BLOCK_RECORD
  5
D2
330
1
100
AcDbSymbolTableRecord
100
AcDbBlockTableRecord
  2
*Paper_Space
340
D3
 70
     0
280
     1
281
     0
  0
BLOCK_RECORD
  5
D6
330
1
100
AcDbSymbolTableRecord
100
AcDbBlockTableRecord
  2
*Paper_Space0
340
D7
 70
     0
280
     1
281
     0
  0
BLOCK_RECORD
  5
3CE
330
1
100
AcDbSymbolTableRecord
100
AcDbBlockTableRecord
  2
*U1
340
0
102
{BLKREFS
331
3E6
331
3E7
331
3E8
331
3E9
331
3EA
331
3EB
331
3EC
331
3ED
331
3EE
331
3EF
331
3F0
331
3F1
331
3F2
331
3F3
331
3F4
331
3F5
331
3F6
331
3F7
331
3F8
331
3F9
331
3FA
331
3FB
331
3FC
331
3FD
331
3FE
331
3FF
331
400
331
401
331
402
331
403
331
404
331
405
331
406
331
407
331
408
331
409
331
40A
331
40B
331
40C
102
}
 70
     0
280
     1
281
     0
  0
BLOCK_RECORD
  5
3D1
330
1
100
AcDbSymbolTableRecord
100
AcDbBlockTableRecord
  2
*U2
340
0
 70
     0
280
     1
281
     1
  0
BLOCK_RECORD
  5
41D
330
1
100
AcDbSymbolTableRecord
100
AcDbBlockTableRecord
  2
*U3
340
0
102
{BLKREFS
331
438
331
439
331
43A
331
43B
331
43C
331
43D
331
43E
331
43F
331
440
331
441
331
442
331
443
331
431
331
432
331
433
331
434
331
435
331
436
331
437
102
}
 70
     0
280
     1
281
     0
  0
BLOCK_RECORD
  5
420
330
1
100
AcDbSymbolTableRecord
100
AcDbBlockTableRecord
  2
*U4
340
0
 70
     0
280
     1
281
     1
  0
BLOCK_RECORD
  5
447
330
1
100
AcDbSymbolTableRecord
100
AcDbBlockTableRecord
  2
*U5
340
0
102
{BLKREFS
331
458
331
459
331
45A
331
45B
331
45C
331
45D
331
45E
331
45F
331
460
331
461
331
462
331
463
331
464
331
465
331
466
331
467
331
468
331
469
331
46A
331
46B
331
46C
331
46D
331
46E
331
46F
331
470
331
471
331
472
331
473
331
474
331
475
331
44F
331
450
331
451
331
452
331
453
331
454
331
455
331
456
331
457
102
}
 70
     0
280
     1
281
     0
  0
BLOCK_RECORD
  5
44D
330
1
100
AcDbSymbolTableRecord
100
AcDbBlockTableRecord
  2
*U6
340
0
 70
     0
280
     1
281
     1
  0
BLOCK_RECORD
  5
481
330
1
100
AcDbSymbolTableRecord
100
AcDbBlockTableRecord
  2
*U7
340
0
102
{BLKREFS
331
487
331
488
331
489
331
48A
331
48B
331
48C
331
48D
331
48E
331
48F
331
490
331
491
331
492
331
493
331
494
331
495
331
496
331
497
331
498
331
499
102
}
 70
     0
280
     1
281
     0
  0
BLOCK_RECORD
  5
485
330
1
100
AcDbSymbolTableRecord
100
AcDbBlockTableRecord
  2
*U8
340
0
 70
     0
280
     1
281
     1
  0
BLOCK_RECORD
  5
4AD
330
1
100
AcDbSymbolTableRecord
100
AcDbBlockTableRecord
  2
*D9
340
0
 70
     0
280
     1
281
     0
  0
BLOCK_RECORD
  5
4C5
330
1
100
AcDbSymbolTableRecord
100
AcDbBlockTableRecord
  2
*D10
340
0
 70
     0
280
     1
281
     0
  0
BLOCK_RECORD
  5
4DD
330
1
100
AcDbSymbolTableRecord
100
AcDbBlockTableRecord
  2
*D11
340
0
 70
     0
280
     1
281
     0
  0
BLOCK_RECORD
  5
507
330
1
100
AcDbSymbolTableRecord
100
AcDbBlockTableRecord
  2
*D12
340
0
 70
     0
280
     1
281
     0
  0
BLOCK_RECORD
  5
51E
330
1
100
AcDbSymbolTableRecord
100
AcDbBlockTableRecord
  2
*U13
340
0
102
{BLKREFS
331
524
331
525
331
526
331
527
331
528
331
529
331
52A
331
52B
331
52C
331
52D
331
52E
331
52F
331
530
331
531
331
532
331
533
331
534
331
535
331
536
331
537
331
538
331
539
331
53A
331
53B
331
53C
331
53D
331
53E
331
53F
331
540
331
541
331
542
331
543
331
544
331
545
331
546
331
547
331
548
331
549
331
54A
102
}
 70
     0
280
     1
281
     0
  0
BLOCK_RECORD
  5
522
330
1
100
AcDbSymbolTableRecord
100
AcDbBlockTableRecord
  2
*U14
340
0
 70
     0
280
     1
281
     1
  0
BLOCK_RECORD
  5
54C
330
1
100
AcDbSymbolTableRecord
100
AcDbBlockTableRecord
  2
*U15
340
0
102
{BLKREFS
331
552
331
553
331
554
331
555
331
556
331
557
331
558
331
559
331
55A
331
55B
331
55C
331
55D
331
55E
331
55F
331
560
331
561
331
562
331
563
331
564
102
}
 70
     0
280
     1
281
     0
  0
BLOCK_RECORD
  5
550
330
1
100
AcDbSymbolTableRecord
100
AcDbBlockTableRecord
  2
*U16
340
0
 70
     0
280
     1
281
     1
  0
BLOCK_RECORD
  5
566
330
1
100
AcDbSymbolTableRecord
100
AcDbBlockTableRecord
  2
*D17
340
0
 70
     0
280
     1
281
     0
  0
BLOCK_RECORD
  5
572
330
1
100
AcDbSymbolTableRecord
100
AcDbBlockTableRecord
  2
*D18
340
0
 70
     0
280
     1
281
     0
  0
BLOCK_RECORD
  5
57E
330
1
100
AcDbSymbolTableRecord
100
AcDbBlockTableRecord
  2
*D19
340
0
 70
     0
280
     1
281
     0
  0
BLOCK_RECORD
  5
5CC
330
1
100
AcDbSymbolTableRecord
100
AcDbBlockTableRecord
  2
*U20
340
0
102
{BLKREFS
331
5D8
331
5D9
331
5DA
331
5DB
331
5DC
331
5DD
331
5DE
331
5DF
331
5E0
331
5E1
331
5E2
331
5E3
331
5E4
331
5E5
331
5E6
331
5E7
331
5E8
331
5E9
331
5EA
331
5EB
331
5EC
331
5ED
331
5EE
331
5EF
331
5F0
331
5F1
331
5F2
331
5F3
331
5F4
331
5F5
331
5F6
331
5F7
331
5F8
331
5F9
331
5FA
331
5D4
331
5D5
331
5D6
331
5D7
102
}
 70
     0
280
     1
281
     0
  0
BLOCK_RECORD
  5
5D2
330
1
100
AcDbSymbolTableRecord
100
AcDbBlockTableRecord
  2
*U21
340
0
 70
     0
280
     1
281
     1
  0
BLOCK_RECORD
  5
5FC
330
1
100
AcDbSymbolTableRecord
100
AcDbBlockTableRecord
  2
*U22
340
0
102
{BLKREFS
331
602
331
603
331
604
331
605
331
606
331
607
331
608
331
609
331
60A
331
60B
331
60C
331
60D
331
60E
331
60F
331
610
331
611
331
612
331
613
331
614
102
}
 70
     0
280
     1
281
     0
  0
BLOCK_RECORD
  5
600
330
1
100
AcDbSymbolTableRecord
100
AcDbBlockTableRecord
  2
*U23
340
0
 70
     0
280
     1
281
     1
  0
BLOCK_RECORD
  5
62A
330
1
100
AcDbSymbolTableRecord
100
AcDbBlockTableRecord
  2
*D24
340
0
 70
     0
280
     1
281
     0
  0
BLOCK_RECORD
  5
636
330
1
100
AcDbSymbolTableRecord
100
AcDbBlockTableRecord
  2
*D25
340
0
 70
     0
280
     1
281
     0
  0
BLOCK_RECORD
  5
642
330
1
100
AcDbSymbolTableRecord
100
AcDbBlockTableRecord
  2
*D26
340
0
 70
     0
280
     1
281
     0
  0
BLOCK_RECORD
  5
658
330
1
100
AcDbSymbolTableRecord
100
AcDbBlockTableRecord
  2
*U27
340
0
102
{BLKREFS
331
66C
331
66D
331
66E
331
66F
331
670
331
671
331
672
331
673
102
}
 70
     0
280
     1
281
     0
  0
BLOCK_RECORD
  5
65B
330
1
100
AcDbSymbolTableRecord
100
AcDbBlockTableRecord
  2
*U28
340
0
 70
     0
280
     1
281
     1
  0
BLOCK_RECORD
  5
70C
330
1
100
AcDbSymbolTableRecord
100
AcDbBlockTableRecord
  2
*U29
340
0
102
{BLKREFS
331
712
331
713
331
714
331
715
331
716
331
717
331
718
331
719
331
71A
331
71B
331
71C
331
71D
331
71E
331
71F
331
720
331
721
331
722
331
723
331
724
331
725
331
726
331
727
331
728
331
729
331
72A
331
72B
331
72C
331
72D
331
72E
331
72F
331
730
331
731
331
732
331
733
331
734
331
735
331
736
331
737
331
738
102
}
 70
     0
280
     1
281
     0
  0
BLOCK_RECORD
  5
710
330
1
100
AcDbSymbolTableRecord
100
AcDbBlockTableRecord
  2
*U30
340
0
 70
     0
280
     1
281
     1
  0
BLOCK_RECORD
  5
73A
330
1
100
AcDbSymbolTableRecord
100
AcDbBlockTableRecord
  2
*U31
340
0
102
{BLKREFS
331
740
331
741
331
742
331
743
331
744
331
745
331
746
331
747
331
748
331
749
331
74A
331
74B
331
74C
331
74D
331
74E
331
74F
331
750
331
751
331
752
102
}
 70
     0
280
     1
281
     0
  0
BLOCK_RECORD
  5
73E
330
1
100
AcDbSymbolTableRecord
100
AcDbBlockTableRecord
  2
*U32
340
0
 70
     0
280
     1
281
     1
  0
BLOCK_RECORD
  5
754
330
1
100
AcDbSymbolTableRecord
100
AcDbBlockTableRecord
  2
*D33
340
0
 70
     0
280
     1
281
     0
  0
BLOCK_RECORD
  5
760
330
1
100
AcDbSymbolTableRecord
100
AcDbBlockTableRecord
  2
*D34
340
0
 70
     0
280
     1
281
     0
  0
BLOCK_RECORD
  5
76C
330
1
100
AcDbSymbolTableRecord
100
AcDbBlockTableRecord
  2
*D35
340
0
 70
     0
280
     1
281
     0
  0
BLOCK_RECORD
  5
7BA
102
{ACAD_REACTORS
330
807
102
}
330
1
100
AcDbSymbolTableRecord
100
AcDbBlockTableRecord
  2
*U36
340
0
102
{BLKREFS
331
7D0
331
7D1
331
7D2
331
7D3
331
7D4
331
7D5
331
7D6
331
7D7
331
7D8
331
7D9
331
7DA
331
7DB
331
7DC
331
7DD
331
7DE
331
7DF
331
7E0
331
7E1
331
7E2
331
7E3
331
7E4
331
7E5
331
7E6
331
7E7
331
7E8
331
7C2
331
7C3
331
7C4
331
7C5
331
7C6
331
7C7
331
7C8
331
7C9
331
7CA
331
7CB
331
7CC
331
7CD
331
7CE
331
7CF
102
}
 70
     0
280
     1
281
     0
  0
BLOCK_RECORD
  5
7C0
102
{ACAD_REACTORS
330
806
102
}
330
1
100
AcDbSymbolTableRecord
100
AcDbBlockTableRecord
  2
*U37
340
0
102
{BLKREFS
331
7AD
102
}
 70
     0
280
     1
281
     1
  0
BLOCK_RECORD
  5
7EA
330
1
100
AcDbSymbolTableRecord
100
AcDbBlockTableRecord
  2
*U38
340
0
102
{BLKREFS
331
7F0
331
7F1
331
7F2
331
7F3
331
7F4
331
7F5
331
7F6
331
7F7
331
7F8
331
7F9
331
7FA
331
7FB
331
7FC
331
7FD
331
7FE
331
7FF
331
800
331
801
331
802
102
}
 70
     0
280
     1
281
     0
  0
BLOCK_RECORD
  5
7EE
330
1
100
AcDbSymbolTableRecord
100
AcDbBlockTableRecord
  2
*U39
340
0
 70
     0
280
     1
281
     1
  0
BLOCK_RECORD
  5
818
330
1
100
AcDbSymbolTableRecord
100
AcDbBlockTableRecord
  2
*D40
340
0
 70
     0
280
     1
281
     0
  0
BLOCK_RECORD
  5
824
330
1
100
AcDbSymbolTableRecord
100
AcDbBlockTableRecord
  2
*D41
340
0
 70
     0
280
     1
281
     0
  0
BLOCK_RECORD
  5
830
330
1
100
AcDbSymbolTableRecord
100
AcDbBlockTableRecord
  2
*D42
340
0
 70
     0
280
     1
281
     0
  0
BLOCK_RECORD
  5
840
102
{ACAD_REACTORS
330
850
102
}
330
1
100
AcDbSymbolTableRecord
100
AcDbBlockTableRecord
  2
*U43
340
0
102
{BLKREFS
331
854
331
855
331
856
331
857
331
858
331
859
331
85A
331
85B
331
85C
331
85D
331
85E
331
85F
331
860
331
861
331
862
331
863
331
864
331
865
331
866
331
867
331
868
331
869
331
86A
331
86B
331
86C
331
86D
331
86E
331
86F
331
870
331
871
331
872
331
873
331
874
331
875
331
876
331
877
331
878
331
879
102
}
 70
     0
280
     1
281
     0
  0
BLOCK_RECORD
  5
843
102
{ACAD_REACTORS
330
84F
102
}
330
1
100
AcDbSymbolTableRecord
100
AcDbBlockTableRecord
  2
*U44
340
0
102
{BLKREFS
331
846
102
}
 70
     0
280
     1
281
     1
  0
BLOCK_RECORD
  5
87E
330
1
100
AcDbSymbolTableRecord
100
AcDbBlockTableRecord
  2
*U45
340
0
102
{BLKREFS
331
884
331
885
331
886
331
887
331
888
331
889
331
88A
331
88B
331
88C
331
88D
331
88E
331
88F
331
890
331
891
331
892
331
893
331
894
331
895
331
896
331
897
331
898
331
899
331
89A
331
89B
331
89C
331
89D
331
89E
331
89F
331
8A0
331
8A1
331
8A2
331
8A3
331
8A4
331
8A5
331
8A6
331
8A7
331
8A8
331
8A9
102
}
 70
     0
280
     1
281
     0
  0
BLOCK_RECORD
  5
882
330
1
100
AcDbSymbolTableRecord
100
AcDbBlockTableRecord
  2
*U46
340
0
 70
     0
280
     1
281
     1
  0
BLOCK_RECORD
  5
8C4
330
1
100
AcDbSymbolTableRecord
100
AcDbBlockTableRecord
  2
*U47
340
0
102
{BLKREFS
331
8F0
331
8F1
331
8CC
331
8CD
331
8CE
331
8CF
331
8D0
331
8D1
331
8D2
331
8D3
331
8D4
331
8D5
331
8D6
331
8D7
331
8D8
331
8D9
331
8DA
331
8DB
331
8DC
331
8DD
331
8DE
331
8DF
331
8E0
331
8E1
331
8E2
331
8E3
331
8E4
331
8E5
331
8E6
331
8E7
331
8E8
331
8E9
331
8EA
331
8EB
331
8EC
331
8ED
331
8EE
331
8EF
102
}
 70
     0
280
     1
281
     0
  0
BLOCK_RECORD
  5
8CA
330
1
100
AcDbSymbolTableRecord
100
AcDbBlockTableRecord
  2
*U48
340
0
 70
     0
280
     1
281
     1
  0
BLOCK_RECORD
  5
927
330
1
100
AcDbSymbolTableRecord
100
AcDbBlockTableRecord
  2
*U49
340
0
102
{BLKREFS
331
92D
331
92E
331
92F
331
930
331
931
331
932
331
933
331
934
331
935
331
936
331
937
331
938
331
939
331
93A
331
93B
331
93C
331
93D
331
93E
331
93F
331
940
331
941
331
942
331
943
331
944
331
945
331
946
331
947
331
948
331
949
331
94A
331
94B
331
94C
331
94D
331
94E
331
94F
331
950
331
951
331
952
102
}
 70
     0
280
     1
281
     0
  0
BLOCK_RECORD
  5
92B
330
1
100
AcDbSymbolTableRecord
100
AcDbBlockTableRecord
  2
*U50
340
0
 70
     0
280
     1
281
     1
  0
BLOCK_RECORD
  5
96B
330
1
100
AcDbSymbolTableRecord
100
AcDbBlockTableRecord
  2
*U51
340
0
102
{BLKREFS
331
980
331
981
331
982
331
983
331
984
331
985
331
986
331
987
331
988
331
989
331
98A
331
98B
331
98C
331
98D
331
98E
331
98F
331
990
331
991
331
992
331
993
331
994
331
995
331
996
331
997
331
998
331
973
331
974
331
975
331
976
331
977
331
978
331
979
331
97A
331
97B
331
97C
331
97D
331
97E
331
97F
102
}
 70
     0
280
     1
281
     0
  0
BLOCK_RECORD
  5
971
330
1
100
AcDbSymbolTableRecord
100
AcDbBlockTableRecord
  2
*U52
340
0
 70
     0
280
     1
281
     1
  0
BLOCK_RECORD
  5
B70
102
{ACAD_XDICTIONARY
360
B9A
102
}
330
1
100
AcDbSymbolTableRecord
100
AcDbBlockTableRecord
  2
A$C1c5e0a9e
340
0
 70
     4
280
     1
281
     0
  0
BLOCK_RECORD
  5
B9E
330
1
100
AcDbSymbolTableRecord
100
AcDbBlockTableRecord
  2
*U57
340
0
102
{BLKREFS
331
BA4
331
BA5
331
BA6
331
BA7
331
BA8
331
BA9
331
BAA
331
BAB
331
BAC
331
BAD
331
BAE
331
BAF
331
BB0
331
BB1
331
BB2
331
BB3
331
BB4
331
BB5
331
BB6
331
BB7
331
BB8
331
BB9
331
BBA
331
BBB
331
BBC
331
BBD
331
BBE
331
BBF
331
BC0
331
BC1
331
BC2
331
BC3
331
BC4
331
BC5
331
BC6
331
BC7
331
BC8
331
BC9
331
BCA
102
}
 70
     0
280
     1
281
     0
  0
BLOCK_RECORD
  5
BA2
330
1
100
AcDbSymbolTableRecord
100
AcDbBlockTableRecord
  2
*U58
340
0
 70
     0
280
     1
281
     1
  0
BLOCK_RECORD
  5
BCC
330
1
100
AcDbSymbolTableRecord
100
AcDbBlockTableRecord
  2
*U59
340
0
102
{BLKREFS
331
BD2
331
BD3
331
BD4
331
BD5
331
BD6
331
BD7
331
BD8
331
BD9
331
BDA
331
BDB
331
BDC
331
BDD
331
BDE
331
BDF
331
BE0
331
BE1
331
BE2
331
BE3
331
BE4
102
}
 70
     0
280
     1
281
     0
  0
BLOCK_RECORD
  5
BD0
330
1
100
AcDbSymbolTableRecord
100
AcDbBlockTableRecord
  2
*U60
340
0
 70
     0
280
     1
281
     1
  0
BLOCK_RECORD
  5
C12
330
1
100
AcDbSymbolTableRecord
100
AcDbBlockTableRecord
  2
*U63
340
0
102
{BLKREFS
331
C40
331
C1A
331
C1B
331
C1C
331
C1D
331
C1E
331
C1F
331
C20
331
C21
331
C22
331
C23
331
C24
331
C25
331
C26
331
C27
331
C28
331
C29
331
C2A
331
C2B
331
C2C
331
C2D
331
C2E
331
C2F
331
C30
331
C31
331
C32
331
C33
331
C34
331
C35
331
C36
331
C37
331
C38
331
C39
331
C3A
331
C3B
331
C3C
331
C3D
331
C3E
331
C3F
102
}
 70
     0
280
     1
281
     0
  0
BLOCK_RECORD
  5
C18
330
1
100
AcDbSymbolTableRecord
100
AcDbBlockTableRecord
  2
*U65
340
0
 70
     0
280
     1
281
     1
  0
BLOCK_RECORD
  5
C42
330
1
100
AcDbSymbolTableRecord
100
AcDbBlockTableRecord
  2
*U66
340
0
102
{BLKREFS
331
C48
331
C49
331
C4A
331
C4B
331
C4C
331
C4D
331
C4E
331
C4F
331
C50
331
C51
331
C52
331
C53
331
C54
331
C55
331
C56
331
C57
331
C58
331
C59
331
C5A
102
}
 70
     0
280
     1
281
     0
  0
BLOCK_RECORD
  5
C46
330
1
100
AcDbSymbolTableRecord
100
AcDbBlockTableRecord
  2
*U67
340
0
 70
     0
280
     1
281
     1
  0
BLOCK_RECORD
  5
CBD
102
{ACAD_REACTORS
330
D16
102
}
330
1
100
AcDbSymbolTableRecord
100
AcDbBlockTableRecord
  2
*U68
340
0
102
{BLKREFS
331
CC3
331
CC4
331
CC5
331
CC6
331
CC7
331
CC8
331
CC9
331
CCA
331
CCB
331
CCC
331
CCD
331
CCE
331
CCF
331
CD0
331
CD1
331
CD2
331
CD3
331
CD4
331
CD5
331
CD6
331
CD7
331
CD8
331
CD9
331
CDA
331
CDB
331
CDC
331
CDD
331
CDE
331
CDF
331
CE0
331
CE1
331
CE2
331
CE3
331
CE4
331
CE5
331
CE6
331
CE7
331
CE8
331
CE9
102
}
 70
     0
280
     1
281
     0
  0
BLOCK_RECORD
  5
CC1
102
{ACAD_REACTORS
330
D15
102
}
330
1
100
AcDbSymbolTableRecord
100
AcDbBlockTableRecord
  2
*U69
340
0
102
{BLKREFS
331
D07
102
}
 70
     0
280
     1
281
     1
  0
BLOCK_RECORD
  5
CEB
102
{ACAD_REACTORS
330
D1F
102
}
330
1
100
AcDbSymbolTableRecord
100
AcDbBlockTableRecord
  2
*U70
340
0
102
{BLKREFS
331
CF1
331
CF2
331
CF3
331
CF4
331
CF5
331
CF6
331
CF7
331
CF8
331
CF9
331
CFA
331
CFB
331
CFC
331
CFD
331
CFE
331
CFF
331
D00
331
D01
331
D02
331
D03
102
}
 70
     0
280
     1
281
     0
  0
BLOCK_RECORD
  5
CEF
102
{ACAD_REACTORS
330
D1E
102
}
330
1
100
AcDbSymbolTableRecord
100
AcDbBlockTableRecord
  2
*U71
340
0
102
{BLKREFS
331
D08
102
}
 70
     0
280
     1
281
     1
  0
BLOCK_RECORD
  5
D05
102
{ACAD_XDICTIONARY
360
D0D
102
}
330
1
100
AcDbSymbolTableRecord
100
AcDbBlockTableRecord
  2
A$C4fa4de40
340
0
 70
     4
280
     1
281
     0
  0
BLOCK_RECORD
  5
E4B
330
1
100
AcDbSymbolTableRecord
100
AcDbBlockTableRecord
  2
*U75
340
0
102
{BLKREFS
331
E51
331
E52
331
E53
331
E54
331
E55
331
E56
331
E57
331
E58
331
E59
331
E5A
331
E5B
331
E5C
331
E5D
331
E5E
331
E5F
331
E60
331
E61
331
E62
331
E63
331
E64
331
E65
331
E66
331
E67
331
E68
331
E69
331
E6A
331
E6B
331
E6C
331
E6D
331
E6E
331
E6F
331
E70
331
E71
331
E72
331
E73
331
E74
331
E75
331
E76
331
E77
102
}
 70
     0
280
     1
281
     0
  0
BLOCK_RECORD
  5
E4F
330
1
100
AcDbSymbolTableRecord
100
AcDbBlockTableRecord
  2
*U76
340
0
 70
     0
280
     1
281
     1
  0
BLOCK_RECORD
  5
EE6
330
1
100
AcDbSymbolTableRecord
100
AcDbBlockTableRecord
  2
*U79
340
0
102
{BLKREFS
331
F10
331
F11
331
F12
331
F13
331
F14
331
EEE
331
EEF
331
EF0
331
EF1
331
EF2
331
EF3
331
EF4
331
EF5
331
EF6
331
EF7
331
EF8
331
EF9
331
EFA
331
EFB
331
EFC
331
EFD
331
EFE
331
EFF
331
F00
331
F01
331
F02
331
F03
331
F04
331
F05
331
F06
331
F07
331
F08
331
F09
331
F0A
331
F0B
331
F0C
331
F0D
331
F0E
331
F0F
102
}
 70
     0
280
     1
281
     0
  0
BLOCK_RECORD
  5
EEC
330
1
100
AcDbSymbolTableRecord
100
AcDbBlockTableRecord
  2
*U81
340
0
 70
     0
280
     1
281
     1
  0
BLOCK_RECORD
  5
F21
330
1
100
AcDbSymbolTableRecord
100
AcDbBlockTableRecord
  2
*U82
340
0
102
{BLKREFS
331
F27
331
F28
331
F29
331
F2A
331
F2B
331
F2C
331
F2D
331
F2E
331
F2F
331
F30
331
F31
331
F32
331
F33
331
F34
331
F35
331
F36
331
F37
331
F38
331
F39
331
F3A
331
F3B
331
F3C
331
F3D
331
F3E
331
F3F
331
F40
331
F41
331
F42
331
F43
331
F44
331
F45
331
F46
331
F47
331
F48
331
F49
331
F4A
331
F4B
331
F4C
102
}
 70
     0
280
     1
281
     0
  0
BLOCK_RECORD
  5
F25
330
1
100
AcDbSymbolTableRecord
100
AcDbBlockTableRecord
  2
*U83
340
0
 70
     0
280
     1
281
     1
  0
BLOCK_RECORD
  5
F67
330
1
100
AcDbSymbolTableRecord
100
AcDbBlockTableRecord
  2
*U86
340
0
102
{BLKREFS
331
F88
331
F89
331
F8A
331
F8B
331
F8C
331
F8D
331
F8E
331
F8F
331
F90
331
F91
331
F92
331
F93
331
F94
331
F6F
331
F70
331
F71
331
F72
331
F73
331
F74
331
F75
331
F76
331
F77
331
F78
331
F79
331
F7A
331
F7B
331
F7C
331
F7D
331
F7E
331
F7F
331
F80
331
F81
331
F82
331
F83
331
F84
331
F85
331
F86
331
F87
102
}
 70
     0
280
     1
281
     0
  0
BLOCK_RECORD
  5
F6D
330
1
100
AcDbSymbolTableRecord
100
AcDbBlockTableRecord
  2
*U88
340
0
 70
     0
280
     1
281
     1
  0
BLOCK_RECORD
  5
1178
330
1
100
AcDbSymbolTableRecord
100
AcDbBlockTableRecord
  2
*D93
340
0
 70
     0
280
     1
281
     0
  0
BLOCK_RECORD
  5
1190
330
1
100
AcDbSymbolTableRecord
100
AcDbBlockTableRecord
  2
*D94
340
0
 70
     0
280
     1
281
     0
  0
BLOCK_RECORD
  5
11C1
330
1
100
AcDbSymbolTableRecord
100
AcDbBlockTableRecord
  2
*D95
340
0
 70
     0
280
     1
281
     0
  0
BLOCK_RECORD
  5
11D9
330
1
100
AcDbSymbolTableRecord
100
AcDbBlockTableRecord
  2
*D96
340
0
 70
     0
280
     1
281
     0
  0
BLOCK_RECORD
  5
11E8
330
1
100
AcDbSymbolTableRecord
100
AcDbBlockTableRecord
  2
*D97
340
0
 70
     0
280
     1
281
     0
  0
BLOCK_RECORD
  5
11F8
330
1
100
AcDbSymbolTableRecord
100
AcDbBlockTableRecord
  2
*D98
340
0
 70
     0
280
     1
281
     0
  0
BLOCK_RECORD
  5
1210
330
1
100
AcDbSymbolTableRecord
100
AcDbBlockTableRecord
  2
*D99
340
0
 70
     0
280
     1
281
     0
  0
BLOCK_RECORD
  5
123F
330
1
100
AcDbSymbolTableRecord
100
AcDbBlockTableRecord
  2
*D100
340
0
 70
     0
280
     1
281
     0
  0
BLOCK_RECORD
  5
12AA
330
1
100
AcDbSymbolTableRecord
100
AcDbBlockTableRecord
  2
*D103
340
0
 70
     0
280
     1
281
     0
  0
BLOCK_RECORD
  5
12F0
330
1
100
AcDbSymbolTableRecord
100
AcDbBlockTableRecord
  2
*U104
340
0
102
{BLKREFS
331
12F6
331
12F7
331
12F8
331
12F9
331
12FA
331
12FB
331
12FC
331
12FD
331
12FE
331
12FF
331
1300
331
1301
331
1302
331
1303
331
1304
331
1305
331
1306
331
1307
331
1308
331
1309
331
130A
331
130B
331
130C
331
130D
331
130E
331
130F
331
1310
331
1311
331
1312
331
1313
331
1314
331
1315
331
1316
331
1317
331
1318
331
1319
331
131A
331
131B
331
131C
102
}
 70
     0
280
     1
281
     0
  0
BLOCK_RECORD
  5
12F4
330
1
100
AcDbSymbolTableRecord
100
AcDbBlockTableRecord
  2
*U105
340
0
 70
     0
280
     1
281
     1
  0
BLOCK_RECORD
  5
138B
330
1
100
AcDbSymbolTableRecord
100
AcDbBlockTableRecord
  2
*U108
340
0
102
{BLKREFS
331
1393
331
1394
331
1395
331
1396
331
1397
331
1398
331
1399
331
139A
331
139B
331
139C
331
139D
331
139E
331
139F
331
13A0
331
13A1
331
13A2
331
13A3
331
13A4
331
13A5
331
13A6
331
13A7
331
13A8
331
13A9
331
13AA
331
13AB
331
13AC
331
13AD
331
13AE
331
13AF
331
13B0
331
13B1
331
13B2
331
13B3
331
13B4
331
13B5
331
13B6
331
13B7
331
13B8
331
13B9
102
}
 70
     0
280
     1
281
     0
  0
BLOCK_RECORD
  5
1391
330
1
100
AcDbSymbolTableRecord
100
AcDbBlockTableRecord
  2
*U110
340
0
 70
     0
280
     1
281
     1
  0
BLOCK_RECORD
  5
1428
330
1
100
AcDbSymbolTableRecord
100
AcDbBlockTableRecord
  2
*U112
340
0
102
{BLKREFS
331
142E
331
142F
331
1430
331
1431
331
1432
331
1433
331
1434
331
1435
331
1436
331
1437
331
1438
331
1439
331
143A
331
143B
331
143C
331
143D
331
143E
331
143F
331
1440
331
1441
331
1442
331
1443
331
1444
331
1445
331
1446
331
1447
331
1448
331
1449
331
144A
331
144B
331
144C
331
144D
331
144E
331
144F
331
1450
331
1451
331
1452
331
1453
102
}
 70
     0
280
     1
281
     0
  0
BLOCK_RECORD
  5
142C
330
1
100
AcDbSymbolTableRecord
100
AcDbBlockTableRecord
  2
*U113
340
0
 70
     0
280
     1
281
     1
  0
BLOCK_RECORD
  5
146E
330
1
100
AcDbSymbolTableRecord
100
AcDbBlockTableRecord
  2
*U116
340
0
102
{BLKREFS
331
1476
331
1477
331
1478
331
1479
331
147A
331
147B
331
147C
331
147D
331
147E
331
147F
331
1480
331
1481
331
1482
331
1483
331
1484
331
1485
331
1486
331
1487
331
1488
331
1489
331
148A
331
148B
331
148C
331
148D
331
148E
331
148F
331
1490
331
1491
331
1492
331
1493
331
1494
331
1495
331
1496
331
1497
331
1498
331
1499
331
149A
331
149B
102
}
 70
     0
280
     1
281
     0
  0
BLOCK_RECORD
  5
1474
330
1
100
AcDbSymbolTableRecord
100
AcDbBlockTableRecord
  2
*U118
340
0
 70
     0
280
     1
281
     1
  0
BLOCK_RECORD
  5
15D7
330
1
100
AcDbSymbolTableRecord
100
AcDbBlockTableRecord
  2
*D122
340
0
 70
     0
280
     1
281
     0
  0
BLOCK_RECORD
  5
15F0
330
1
100
AcDbSymbolTableRecord
100
AcDbBlockTableRecord
  2
*U123
340
0
102
{BLKREFS
331
15F6
331
15F7
331
15F8
331
15F9
331
15FA
331
15FB
331
15FC
331
15FD
331
15FE
331
15FF
331
1600
331
1601
331
1602
331
1603
331
1604
331
1605
331
1606
331
1607
331
1608
331
1609
331
160A
331
160B
331
160C
331
160D
331
160E
331
160F
331
1610
331
1611
331
1612
331
1613
331
1614
331
1615
331
1616
331
1617
331
1618
331
1619
331
161A
331
161B
102
}
 70
     0
280
     1
281
     0
  0
BLOCK_RECORD
  5
15F4
330
1
100
AcDbSymbolTableRecord
100
AcDbBlockTableRecord
  2
*U124
340
0
 70
     0
280
     1
281
     1
  0
BLOCK_RECORD
  5
1638
330
1
100
AcDbSymbolTableRecord
100
AcDbBlockTableRecord
  2
*U127
340
0
102
{BLKREFS
331
1640
331
1641
331
1642
331
1643
331
1644
331
1645
331
1646
331
1647
331
1648
331
1649
331
164A
331
164B
331
164C
331
164D
331
164E
331
164F
331
1650
331
1651
331
1652
331
1653
331
1654
331
1655
331
1656
331
1657
331
1658
331
1659
331
165A
331
165B
331
165C
331
165D
331
165E
331
165F
331
1660
331
1661
331
1662
331
1663
331
1664
331
1665
102
}
 70
     0
280
     1
281
     0
  0
BLOCK_RECORD
  5
163E
330
1
100
AcDbSymbolTableRecord
100
AcDbBlockTableRecord
  2
*U129
340
0
 70
     0
280
     1
281
     1
  0
ENDTAB
  0
ENDSEC
  0
SECTION
  2
BLOCKS
  0
BLOCK
  5
20
330
1F
100
AcDbEntity
  8
0
100
AcDbBlockBegin
  2
*Model_Space
 70
     0
 10
0.0
 20
0.0
 30
0.0
  3
*Model_Space
  1

  0
ENDBLK
  5
21
330
1F
100
AcDbEntity
  8
0
100
AcDbBlockEnd
  0
BLOCK
  5
D4
330
D2
100
AcDbEntity
 67
     1
  8
0
100
AcDbBlockBegin
  2
*Paper_Space
 70
     0
 10
0.0
 20
0.0
 30
0.0
  3
*Paper_Space
  1

  0
ENDBLK
  5
D5
330
D2
100
AcDbEntity
 67
     1
  8
0
100
AcDbBlockEnd
  0
BLOCK
  5
D8
330
D6
100
AcDbEntity
 67
     1
  8
0
100
AcDbBlockBegin
  2
*Paper_Space0
 70
     0
 10
0.0
 20
0.0
 30
0.0
  3
*Paper_Space0
  1

  0
ENDBLK
  5
D9
330
D6
100
AcDbEntity
 67
     1
  8
0
100
AcDbBlockEnd
  0
BLOCK
  5
3CF
330
3CE
100
AcDbEntity
  8
0
100
AcDbBlockBegin
  2
*U1
 70
     1
 10
0.0
 20
0.0
 30
0.0
  3
*U1
  1

  0
CIRCLE
  5
3D5
330
3CE
100
AcDbEntity
  8
0
100
AcDbCircle
 10
0.0
 20
0.0
 30
0.0
 40
0.75
  0
ENDBLK
  5
3D0
330
3CE
100
AcDbEntity
  8
0
100
AcDbBlockEnd
  0
BLOCK
  5
3D2
330
3D1
100
AcDbEntity
  8
0
100
AcDbBlockBegin
  2
*U2
 70
     1
 10
0.0
 20
0.0
 30
0.0
  3
*U2
  1

  0
INSERT
  5
3E6
330
3D1
100
AcDbEntity
  8
0
  6
ByBlock
347
ED
 62
     0
440
 16777216
370
    -2
380
     1
100
AcDbBlockReference
  2
*U1
 10
2233.664717572747
 20
2234.478822645767
 30
0.0
  0
INSERT
  5
3E7
330
3D1
100
AcDbEntity
  8
0
  6
ByBlock
347
ED
 62
     0
440
 16777216
370
    -2
380
     1
100
AcDbBlockReference
  2
*U1
 10
2239.237132540583
 20
2234.478822645767
 30
0.0
  0
INSERT
  5
3E8
330
3D1
100
AcDbEntity
  8
0
  6
ByBlock
347
ED
 62
     0
440
 16777216
370
    -2
380
     1
100
AcDbBlockReference
  2
*U1
 10
2244.809547508419
 20
2234.478822645767
 30
0.0
  0
INSERT
  5
3E9
330
3D1
100
AcDbEntity
  8
0
  6
ByBlock
347
ED
 62
     0
440
 16777216
370
    -2
380
     1
100
AcDbBlockReference
  2
*U1
 10
2250.381962476255
 20
2234.478822645767
 30
0.0
  0
INSERT
  5
3EA
330
3D1
100
AcDbEntity
  8
0
  6
ByBlock
347
ED
 62
     0
440
 16777216
370
    -2
380
     1
100
AcDbBlockReference
  2
*U1
 10
2255.954377444091
 20
2234.478822645767
 30
0.0
  0
INSERT
  5
3EB
330
3D1
100
AcDbEntity
  8
0
  6
ByBlock
347
ED
 62
     0
440
 16777216
370
    -2
380
     1
100
AcDbBlockReference
  2
*U1
 10
2261.526792411926
 20
2234.478822645767
 30
0.0
  0
INSERT
  5
3EC
330
3D1
100
AcDbEntity
  8
0
  6
ByBlock
347
ED
 62
     0
440
 16777216
370
    -2
380
     1
100
AcDbBlockReference
  2
*U1
 10
2267.099207379762
 20
2234.478822645767
 30
0.0
  0
INSERT
  5
3ED
330
3D1
100
AcDbEntity
  8
0
  6
ByBlock
347
ED
 62
     0
440
 16777216
370
    -2
380
     1
100
AcDbBlockReference
  2
*U1
 10
2272.671622347598
 20
2234.478822645767
 30
0.0
  0
INSERT
  5
3EE
330
3D1
100
AcDbEntity
  8
0
  6
ByBlock
347
ED
 62
     0
440
 16777216
370
    -2
380
     1
100
AcDbBlockReference
  2
*U1
 10
2278.244037315433
 20
2234.478822645767
 30
0.0
  0
INSERT
  5
3EF
330
3D1
100
AcDbEntity
  8
0
  6
ByBlock
347
ED
 62
     0
440
 16777216
370
    -2
380
     1
100
AcDbBlockReference
  2
*U1
 10
2283.816452283269
 20
2234.478822645767
 30
0.0
  0
INSERT
  5
3F0
330
3D1
100
AcDbEntity
  8
0
  6
ByBlock
347
ED
 62
     0
440
 16777216
370
    -2
380
     1
100
AcDbBlockReference
  2
*U1
 10
2289.21587486424
 20
2233.664912313283
 30
0.0
 50
323.9488257985598
  0
INSERT
  5
3F1
330
3D1
100
AcDbEntity
  8
0
  6
ByBlock
347
ED
 62
     0
440
 16777216
370
    -2
380
     1
100
AcDbBlockReference
  2
*U1
 10
2290.964717572748
 20
2228.658142388452
 30
0.0
 50
270.0
  0
INSERT
  5
3F2
330
3D1
100
AcDbEntity
  8
0
  6
ByBlock
347
ED
 62
     0
440
 16777216
370
    -2
380
     1
100
AcDbBlockReference
  2
*U1
 10
2290.964717572748
 20
2223.085727420617
 30
0.0
 50
270.0
  0
INSERT
  5
3F3
330
3D1
100
AcDbEntity
  8
0
  6
ByBlock
347
ED
 62
     0
440
 16777216
370
    -2
380
     1
100
AcDbBlockReference
  2
*U1
 10
2290.964717572748
 20
2217.513312452781
 30
0.0
 50
270.0
  0
INSERT
  5
3F4
330
3D1
100
AcDbEntity
  8
0
  6
ByBlock
347
ED
 62
     0
440
 16777216
370
    -2
380
     1
100
AcDbBlockReference
  2
*U1
 10
2290.964717572748
 20
2211.940897484945
 30
0.0
 50
270.0
  0
INSERT
  5
3F5
330
3D1
100
AcDbEntity
  8
0
  6
ByBlock
347
ED
 62
     0
440
 16777216
370
    -2
380
     1
100
AcDbBlockReference
  2
*U1
 10
2290.964717572748
 20
2206.368482517111
 30
0.0
 50
270.0
  0
INSERT
  5
3F6
330
3D1
100
AcDbEntity
  8
0
  6
ByBlock
347
ED
 62
     0
440
 16777216
370
    -2
380
     1
100
AcDbBlockReference
  2
*U1
 10
2290.964717572748
 20
2200.796067549274
 30
0.0
 50
270.0
  0
INSERT
  5
3F7
330
3D1
100
AcDbEntity
  8
0
  6
ByBlock
347
ED
 62
     0
440
 16777216
370
    -2
380
     1
100
AcDbBlockReference
  2
*U1
 10
2290.964717572748
 20
2195.223652581438
 30
0.0
 50
270.0
  0
INSERT
  5
3F8
330
3D1
100
AcDbEntity
  8
0
  6
ByBlock
347
ED
 62
     0
440
 16777216
370
    -2
380
     1
100
AcDbBlockReference
  2
*U1
 10
2290.964717572748
 20
2189.651237613603
 30
0.0
 50
270.0
  0
INSERT
  5
3F9
330
3D1
100
AcDbEntity
  8
0
  6
ByBlock
347
ED
 62
     0
440
 16777216
370
    -2
380
     1
100
AcDbBlockReference
  2
*U1
 10
2290.964717572748
 20
2184.078822645767
 30
0.0
 50
270.0
  0
INSERT
  5
3FA
330
3D1
100
AcDbEntity
  8
0
  6
ByBlock
347
ED
 62
     0
440
 16777216
370
    -2
380
     1
100
AcDbBlockReference
  2
*U1
 10
2290.964717572748
 20
2178.506407677931
 30
0.0
 50
270.0
  0
INSERT
  5
3FB
330
3D1
100
AcDbEntity
  8
0
  6
ByBlock
347
ED
 62
     0
440
 16777216
370
    -2
380
     1
100
AcDbBlockReference
  2
*U1
 10
2290.964717572748
 20
2172.933992710095
 30
0.0
 50
270.0
  0
INSERT
  5
3FC
330
3D1
100
AcDbEntity
  8
0
  6
ByBlock
347
ED
 62
     0
440
 16777216
370
    -2
380
     1
100
AcDbBlockReference
  2
*U1
 10
2290.964717572748
 20
2167.36157774226
 30
0.0
 50
270.0
  0
INSERT
  5
3FD
330
3D1
100
AcDbEntity
  8
0
  6
ByBlock
347
ED
 62
     0
440
 16777216
370
    -2
380
     1
100
AcDbBlockReference
  2
*U1
 10
2290.964717572748
 20
2161.789162774424
 30
0.0
 50
270.0
  0
INSERT
  5
3FE
330
3D1
100
AcDbEntity
  8
0
  6
ByBlock
347
ED
 62
     0
440
 16777216
370
    -2
380
     1
100
AcDbBlockReference
  2
*U1
 10
2290.964717572748
 20
2156.216747806588
 30
0.0
 50
270.0
  0
INSERT
  5
3FF
330
3D1
100
AcDbEntity
  8
0
  6
ByBlock
347
ED
 62
     0
440
 16777216
370
    -2
380
     1
100
AcDbBlockReference
  2
*U1
 10
2290.964717572748
 20
2150.644332838752
 30
0.0
 50
270.0
  0
INSERT
  5
400
330
3D1
100
AcDbEntity
  8
0
  6
ByBlock
347
ED
 62
     0
440
 16777216
370
    -2
380
     1
100
AcDbBlockReference
  2
*U1
 10
2290.964717572748
 20
2145.071917870917
 30
0.0
 50
270.0
  0
INSERT
  5
401
330
3D1
100
AcDbEntity
  8
0
  6
ByBlock
347
ED
 62
     0
440
 16777216
370
    -2
380
     1
100
AcDbBlockReference
  2
*U1
 10
2290.964717572748
 20
2139.499502903081
 30
0.0
 50
270.0
  0
INSERT
  5
402
330
3D1
100
AcDbEntity
  8
0
  6
ByBlock
347
ED
 62
     0
440
 16777216
370
    -2
380
     1
100
AcDbBlockReference
  2
*U1
 10
2289.21587486424
 20
2134.49273297825
 30
0.0
 50
216.0511742014403
  0
INSERT
  5
403
330
3D1
100
AcDbEntity
  8
0
  6
ByBlock
347
ED
 62
     0
440
 16777216
370
    -2
380
     1
100
AcDbBlockReference
  2
*U1
 10
2283.816452283269
 20
2133.678822645767
 30
0.0
 50
180.0
  0
INSERT
  5
404
330
3D1
100
AcDbEntity
  8
0
  6
ByBlock
347
ED
 62
     0
440
 16777216
370
    -2
380
     1
100
AcDbBlockReference
  2
*U1
 10
2278.244037315433
 20
2133.678822645767
 30
0.0
 50
180.0
  0
INSERT
  5
405
330
3D1
100
AcDbEntity
  8
0
  6
ByBlock
347
ED
 62
     0
440
 16777216
370
    -2
380
     1
100
AcDbBlockReference
  2
*U1
 10
2272.671622347598
 20
2133.678822645767
 30
0.0
 50
180.0
  0
INSERT
  5
406
330
3D1
100
AcDbEntity
  8
0
  6
ByBlock
347
ED
 62
     0
440
 16777216
370
    -2
380
     1
100
AcDbBlockReference
  2
*U1
 10
2267.099207379762
 20
2133.678822645767
 30
0.0
 50
180.0
  0
INSERT
  5
407
330
3D1
100
AcDbEntity
  8
0
  6
ByBlock
347
ED
 62
     0
440
 16777216
370
    -2
380
     1
100
AcDbBlockReference
  2
*U1
 10
2261.526792411926
 20
2133.678822645767
 30
0.0
 50
180.0
  0
INSERT
  5
408
330
3D1
100
AcDbEntity
  8
0
  6
ByBlock
347
ED
 62
     0
440
 16777216
370
    -2
380
     1
100
AcDbBlockReference
  2
*U1
 10
2255.954377444091
 20
2133.678822645767
 30
0.0
 50
180.0
  0
INSERT
  5
409
330
3D1
100
AcDbEntity
  8
0
  6
ByBlock
347
ED
 62
     0
440
 16777216
370
    -2
380
     1
100
AcDbBlockReference
  2
*U1
 10
2250.381962476255
 20
2133.678822645767
 30
0.0
 50
180.0
  0
INSERT
  5
40A
330
3D1
100
AcDbEntity
  8
0
  6
ByBlock
347
ED
 62
     0
440
 16777216
370
    -2
380
     1
100
AcDbBlockReference
  2
*U1
 10
2244.809547508419
 20
2133.678822645767
 30
0.0
 50
180.0
  0
INSERT
  5
40B
330
3D1
100
AcDbEntity
  8
0
  6
ByBlock
347
ED
 62
     0
440
 16777216
370
    -2
380
     1
100
AcDbBlockReference
  2
*U1
 10
2239.237132540583
 20
2133.678822645767
 30
0.0
 50
180.0
  0
INSERT
  5
40C
330
3D1
100
AcDbEntity
  8
0
  6
ByBlock
347
ED
 62
     0
440
 16777216
370
    -2
380
     1
100
AcDbBlockReference
  2
*U1
 10
2233.664717572747
 20
2133.678822645767
 30
0.0
 50
180.0
  0
ENDBLK
  5
3D3
330
3D1
100
AcDbEntity
  8
0
100
AcDbBlockEnd
  0
BLOCK
  5
41E
330
41D
100
AcDbEntity
  8
0
100
AcDbBlockBegin
  2
*U3
 70
     1
 10
0.0
 20
0.0
 30
0.0
  3
*U3
  1

  0
CIRCLE
  5
424
330
41D
100
AcDbEntity
  8
0
100
AcDbCircle
 10
0.0
 20
0.0
 30
0.0
 40
0.75
  0
ENDBLK
  5
41F
330
41D
100
AcDbEntity
  8
0
100
AcDbBlockEnd
  0
BLOCK
  5
421
330
420
100
AcDbEntity
  8
0
100
AcDbBlockBegin
  2
*U4
 70
     1
 10
0.0
 20
0.0
 30
0.0
  3
*U4
  1

  0
INSERT
  5
431
330
420
100
AcDbEntity
  8
0
  6
ByBlock
347
ED
 62
     0
440
 16777216
370
    -2
380
     1
100
AcDbBlockReference
  2
*U3
 10
2233.664717572747
 20
2133.678822645767
 30
0.0
 50
90.0
  0
INSERT
  5
432
330
420
100
AcDbEntity
  8
0
  6
ByBlock
347
ED
 62
     0
440
 16777216
370
    -2
380
     1
100
AcDbBlockReference
  2
*U3
 10
2233.664717572747
 20
2139.278822645767
 30
0.0
 50
90.0
  0
INSERT
  5
433
330
420
100
AcDbEntity
  8
0
  6
ByBlock
347
ED
 62
     0
440
 16777216
370
    -2
380
     1
100
AcDbBlockReference
  2
*U3
 10
2233.664717572747
 20
2144.878822645766
 30
0.0
 50
90.0
  0
INSERT
  5
434
330
420
100
AcDbEntity
  8
0
  6
ByBlock
347
ED
 62
     0
440
 16777216
370
    -2
380
     1
100
AcDbBlockReference
  2
*U3
 10
2233.664717572747
 20
2150.478822645767
 30
0.0
 50
90.0
  0
INSERT
  5
435
330
420
100
AcDbEntity
  8
0
  6
ByBlock
347
ED
 62
     0
440
 16777216
370
    -2
380
     1
100
AcDbBlockReference
  2
*U3
 10
2233.664717572747
 20
2156.078822645767
 30
0.0
 50
90.0
  0
INSERT
  5
436
330
420
100
AcDbEntity
  8
0
  6
ByBlock
347
ED
 62
     0
440
 16777216
370
    -2
380
     1
100
AcDbBlockReference
  2
*U3
 10
2233.664717572747
 20
2161.678822645766
 30
0.0
 50
90.0
  0
INSERT
  5
437
330
420
100
AcDbEntity
  8
0
  6
ByBlock
347
ED
 62
     0
440
 16777216
370
    -2
380
     1
100
AcDbBlockReference
  2
*U3
 10
2233.664717572747
 20
2167.278822645767
 30
0.0
 50
90.0
  0
INSERT
  5
438
330
420
100
AcDbEntity
  8
0
  6
ByBlock
347
ED
 62
     0
440
 16777216
370
    -2
380
     1
100
AcDbBlockReference
  2
*U3
 10
2233.664717572747
 20
2172.878822645767
 30
0.0
 50
90.0
  0
INSERT
  5
439
330
420
100
AcDbEntity
  8
0
  6
ByBlock
347
ED
 62
     0
440
 16777216
370
    -2
380
     1
100
AcDbBlockReference
  2
*U3
 10
2233.664717572747
 20
2178.478822645767
 30
0.0
 50
90.0
  0
INSERT
  5
43A
330
420
100
AcDbEntity
  8
0
  6
ByBlock
347
ED
 62
     0
440
 16777216
370
    -2
380
     1
100
AcDbBlockReference
  2
*U3
 10
2233.664717572747
 20
2184.078822645767
 30
0.0
 50
90.0
  0
INSERT
  5
43B
330
420
100
AcDbEntity
  8
0
  6
ByBlock
347
ED
 62
     0
440
 16777216
370
    -2
380
     1
100
AcDbBlockReference
  2
*U3
 10
2233.664717572747
 20
2189.678822645767
 30
0.0
 50
90.0
  0
INSERT
  5
43C
330
420
100
AcDbEntity
  8
0
  6
ByBlock
347
ED
 62
     0
440
 16777216
370
    -2
380
     1
100
AcDbBlockReference
  2
*U3
 10
2233.664717572747
 20
2195.278822645767
 30
0.0
 50
90.0
  0
INSERT
  5
43D
330
420
100
AcDbEntity
  8
0
  6
ByBlock
347
ED
 62
     0
440
 16777216
370
    -2
380
     1
100
AcDbBlockReference
  2
*U3
 10
2233.664717572747
 20
2200.878822645767
 30
0.0
 50
90.0
  0
INSERT
  5
43E
330
420
100
AcDbEntity
  8
0
  6
ByBlock
347
ED
 62
     0
440
 16777216
370
    -2
380
     1
100
AcDbBlockReference
  2
*U3
 10
2233.664717572747
 20
2206.478822645767
 30
0.0
 50
90.0
  0
INSERT
  5
43F
330
420
100
AcDbEntity
  8
0
  6
ByBlock
347
ED
 62
     0
440
 16777216
370
    -2
380
     1
100
AcDbBlockReference
  2
*U3
 10
2233.664717572747
 20
2212.078822645767
 30
0.0
 50
90.0
  0
INSERT
  5
440
330
420
100
AcDbEntity
  8
0
  6
ByBlock
347
ED
 62
     0
440
 16777216
370
    -2
380
     1
100
AcDbBlockReference
  2
*U3
 10
2233.664717572747
 20
2217.678822645767
 30
0.0
 50
90.0
  0
INSERT
  5
441
330
420
100
AcDbEntity
  8
0
  6
ByBlock
347
ED
 62
     0
440
 16777216
370
    -2
380
     1
100
AcDbBlockReference
  2
*U3
 10
2233.664717572747
 20
2223.278822645767
 30
0.0
 50
90.0
  0
INSERT
  5
442
330
420
100
AcDbEntity
  8
0
  6
ByBlock
347
ED
 62
     0
440
 16777216
370
    -2
380
     1
100
AcDbBlockReference
  2
*U3
 10
2233.664717572747
 20
2228.878822645767
 30
0.0
 50
90.0
  0
INSERT
  5
443
330
420
100
AcDbEntity
  8
0
  6
ByBlock
347
ED
 62
     0
440
 16777216
370
    -2
380
     1
100
AcDbBlockReference
  2
*U3
 10
2233.664717572747
 20
2234.478822645767
 30
0.0
 50
90.0
  0
ENDBLK
  5
422
330
420
100
AcDbEntity
  8
0
100
AcDbBlockEnd
  0
BLOCK
  5
448
330
447
100
AcDbEntity
  8
0
100
AcDbBlockBegin
  2
*U5
 70
     1
 10
0.0
 20
0.0
 30
0.0
  3
*U5
  1

  0
CIRCLE
  5
449
330
447
100
AcDbEntity
  8
0
100
AcDbCircle
 10
0.0
 20
0.0
 30
0.0
 40
0.75
  0
ENDBLK
  5
44A
330
447
100
AcDbEntity
  8
0
100
AcDbBlockEnd
  0
BLOCK
  5
44E
330
44D
100
AcDbEntity
  8
0
100
AcDbBlockBegin
  2
*U6
 70
     1
 10
0.0
 20
0.0
 30
0.0
  3
*U6
  1

  0
INSERT
  5
44F
330
44D
100
AcDbEntity
  8
0
  6
ByBlock
347
ED
 62
     0
440
 16777216
370
    -2
380
     1
100
AcDbBlockReference
  2
*U5
 10
2233.664717572747
 20
2234.478822645767
 30
0.0
  0
INSERT
  5
450
330
44D
100
AcDbEntity
  8
0
  6
ByBlock
347
ED
 62
     0
440
 16777216
370
    -2
380
     1
100
AcDbBlockReference
  2
*U5
 10
2239.237132540583
 20
2234.478822645767
 30
0.0
  0
INSERT
  5
451
330
44D
100
AcDbEntity
  8
0
  6
ByBlock
347
ED
 62
     0
440
 16777216
370
    -2
380
     1
100
AcDbBlockReference
  2
*U5
 10
2244.809547508419
 20
2234.478822645767
 30
0.0
  0
INSERT
  5
452
330
44D
100
AcDbEntity
  8
0
  6
ByBlock
347
ED
 62
     0
440
 16777216
370
    -2
380
     1
100
AcDbBlockReference
  2
*U5
 10
2250.381962476255
 20
2234.478822645767
 30
0.0
  0
INSERT
  5
453
330
44D
100
AcDbEntity
  8
0
  6
ByBlock
347
ED
 62
     0
440
 16777216
370
    -2
380
     1
100
AcDbBlockReference
  2
*U5
 10
2255.954377444091
 20
2234.478822645767
 30
0.0
  0
INSERT
  5
454
330
44D
100
AcDbEntity
  8
0
  6
ByBlock
347
ED
 62
     0
440
 16777216
370
    -2
380
     1
100
AcDbBlockReference
  2
*U5
 10
2261.526792411926
 20
2234.478822645767
 30
0.0
  0
INSERT
  5
455
330
44D
100
AcDbEntity
  8
0
  6
ByBlock
347
ED
 62
     0
440
 16777216
370
    -2
380
     1
100
AcDbBlockReference
  2
*U5
 10
2267.099207379762
 20
2234.478822645767
 30
0.0
  0
INSERT
  5
456
330
44D
100
AcDbEntity
  8
0
  6
ByBlock
347
ED
 62
     0
440
 16777216
370
    -2
380
     1
100
AcDbBlockReference
  2
*U5
 10
2272.671622347598
 20
2234.478822645767
 30
0.0
  0
INSERT
  5
457
330
44D
100
AcDbEntity
  8
0
  6
ByBlock
347
ED
 62
     0
440
 16777216
370
    -2
380
     1
100
AcDbBlockReference
  2
*U5
 10
2278.244037315433
 20
2234.478822645767
 30
0.0
  0
INSERT
  5
458
330
44D
100
AcDbEntity
  8
0
  6
ByBlock
347
ED
 62
     0
440
 16777216
370
    -2
380
     1
100
AcDbBlockReference
  2
*U5
 10
2283.816452283269
 20
2234.478822645767
 30
0.0
  0
INSERT
  5
459
330
44D
100
AcDbEntity
  8
0
  6
ByBlock
347
ED
 62
     0
440
 16777216
370
    -2
380
     1
100
AcDbBlockReference
  2
*U5
 10
2289.21587486424
 20
2233.664912313283
 30
0.0
 50
323.9488257985598
  0
INSERT
  5
45A
330
44D
100
AcDbEntity
  8
0
  6
ByBlock
347
ED
 62
     0
440
 16777216
370
    -2
380
     1
100
AcDbBlockReference
  2
*U5
 10
2290.964717572748
 20
2228.658142388452
 30
0.0
 50
270.0
  0
INSERT
  5
45B
330
44D
100
AcDbEntity
  8
0
  6
ByBlock
347
ED
 62
     0
440
 16777216
370
    -2
380
     1
100
AcDbBlockReference
  2
*U5
 10
2290.964717572748
 20
2223.085727420617
 30
0.0
 50
270.0
  0
INSERT
  5
45C
330
44D
100
AcDbEntity
  8
0
  6
ByBlock
347
ED
 62
     0
440
 16777216
370
    -2
380
     1
100
AcDbBlockReference
  2
*U5
 10
2290.964717572748
 20
2217.513312452781
 30
0.0
 50
270.0
  0
INSERT
  5
45D
330
44D
100
AcDbEntity
  8
0
  6
ByBlock
347
ED
 62
     0
440
 16777216
370
    -2
380
     1
100
AcDbBlockReference
  2
*U5
 10
2290.964717572748
 20
2211.940897484945
 30
0.0
 50
270.0
  0
INSERT
  5
45E
330
44D
100
AcDbEntity
  8
0
  6
ByBlock
347
ED
 62
     0
440
 16777216
370
    -2
380
     1
100
AcDbBlockReference
  2
*U5
 10
2290.964717572748
 20
2206.368482517111
 30
0.0
 50
270.0
  0
INSERT
  5
45F
330
44D
100
AcDbEntity
  8
0
  6
ByBlock
347
ED
 62
     0
440
 16777216
370
    -2
380
     1
100
AcDbBlockReference
  2
*U5
 10
2290.964717572748
 20
2200.796067549274
 30
0.0
 50
270.0
  0
INSERT
  5
460
330
44D
100
AcDbEntity
  8
0
  6
ByBlock
347
ED
 62
     0
440
 16777216
370
    -2
380
     1
100
AcDbBlockReference
  2
*U5
 10
2290.964717572748
 20
2195.223652581438
 30
0.0
 50
270.0
  0
INSERT
  5
461
330
44D
100
AcDbEntity
  8
0
  6
ByBlock
347
ED
 62
     0
440
 16777216
370
    -2
380
     1
100
AcDbBlockReference
  2
*U5
 10
2290.964717572748
 20
2189.651237613603
 30
0.0
 50
270.0
  0
INSERT
  5
462
330
44D
100
AcDbEntity
  8
0
  6
ByBlock
347
ED
 62
     0
440
 16777216
370
    -2
380
     1
100
AcDbBlockReference
  2
*U5
 10
2290.964717572748
 20
2184.078822645767
 30
0.0
 50
270.0
  0
INSERT
  5
463
330
44D
100
AcDbEntity
  8
0
  6
ByBlock
347
ED
 62
     0
440
 16777216
370
    -2
380
     1
100
AcDbBlockReference
  2
*U5
 10
2290.964717572748
 20
2178.506407677931
 30
0.0
 50
270.0
  0
INSERT
  5
464
330
44D
100
AcDbEntity
  8
0
  6
ByBlock
347
ED
 62
     0
440
 16777216
370
    -2
380
     1
100
AcDbBlockReference
  2
*U5
 10
2290.964717572748
 20
2172.933992710095
 30
0.0
 50
270.0
  0
INSERT
  5
465
330
44D
100
AcDbEntity
  8
0
  6
ByBlock
347
ED
 62
     0
440
 16777216
370
    -2
380
     1
100
AcDbBlockReference
  2
*U5
 10
2290.964717572748
 20
2167.36157774226
 30
0.0
 50
270.0
  0
INSERT
  5
466
330
44D
100
AcDbEntity
  8
0
  6
ByBlock
347
ED
 62
     0
440
 16777216
370
    -2
380
     1
100
AcDbBlockReference
  2
*U5
 10
2290.964717572748
 20
2161.789162774424
 30
0.0
 50
270.0
  0
INSERT
  5
467
330
44D
100
AcDbEntity
  8
0
  6
ByBlock
347
ED
 62
     0
440
 16777216
370
    -2
380
     1
100
AcDbBlockReference
  2
*U5
 10
2290.964717572748
 20
2156.216747806588
 30
0.0
 50
270.0
  0
INSERT
  5
468
330
44D
100
AcDbEntity
  8
0
  6
ByBlock
347
ED
 62
     0
440
 16777216
370
    -2
380
     1
100
AcDbBlockReference
  2
*U5
 10
2290.964717572748
 20
2150.644332838752
 30
0.0
 50
270.0
  0
INSERT
  5
469
330
44D
100
AcDbEntity
  8
0
  6
ByBlock
347
ED
 62
     0
440
 16777216
370
    -2
380
     1
100
AcDbBlockReference
  2
*U5
 10
2290.964717572748
 20
2145.071917870917
 30
0.0
 50
270.0
  0
INSERT
  5
46A
330
44D
100
AcDbEntity
  8
0
  6
ByBlock
347
ED
 62
     0
440
 16777216
370
    -2
380
     1
100
AcDbBlockReference
  2
*U5
 10
2290.964717572748
 20
2139.499502903081
 30
0.0
 50
270.0
  0
INSERT
  5
46B
330
44D
100
AcDbEntity
  8
0
  6
ByBlock
347
ED
 62
     0
440
 16777216
370
    -2
380
     1
100
AcDbBlockReference
  2
*U5
 10
2289.21587486424
 20
2134.49273297825
 30
0.0
 50
216.0511742014403
  0
INSERT
  5
46C
330
44D
100
AcDbEntity
  8
0
  6
ByBlock
347
ED
 62
     0
440
 16777216
370
    -2
380
     1
100
AcDbBlockReference
  2
*U5
 10
2283.816452283269
 20
2133.678822645767
 30
0.0
 50
180.0
  0
INSERT
  5
46D
330
44D
100
AcDbEntity
  8
0
  6
ByBlock
347
ED
 62
     0
440
 16777216
370
    -2
380
     1
100
AcDbBlockReference
  2
*U5
 10
2278.244037315433
 20
2133.678822645767
 30
0.0
 50
180.0
  0
INSERT
  5
46E
330
44D
100
AcDbEntity
  8
0
  6
ByBlock
347
ED
 62
     0
440
 16777216
370
    -2
380
     1
100
AcDbBlockReference
  2
*U5
 10
2272.671622347598
 20
2133.678822645767
 30
0.0
 50
180.0
  0
INSERT
  5
46F
330
44D
100
AcDbEntity
  8
0
  6
ByBlock
347
ED
 62
     0
440
 16777216
370
    -2
380
     1
100
AcDbBlockReference
  2
*U5
 10
2267.099207379762
 20
2133.678822645767
 30
0.0
 50
180.0
  0
INSERT
  5
470
330
44D
100
AcDbEntity
  8
0
  6
ByBlock
347
ED
 62
     0
440
 16777216
370
    -2
380
     1
100
AcDbBlockReference
  2
*U5
 10
2261.526792411926
 20
2133.678822645767
 30
0.0
 50
180.0
  0
INSERT
  5
471
330
44D
100
AcDbEntity
  8
0
  6
ByBlock
347
ED
 62
     0
440
 16777216
370
    -2
380
     1
100
AcDbBlockReference
  2
*U5
 10
2255.954377444091
 20
2133.678822645767
 30
0.0
 50
180.0
  0
INSERT
  5
472
330
44D
100
AcDbEntity
  8
0
  6
ByBlock
347
ED
 62
     0
440
 16777216
370
    -2
380
     1
100
AcDbBlockReference
  2
*U5
 10
2250.381962476255
 20
2133.678822645767
 30
0.0
 50
180.0
  0
INSERT
  5
473
330
44D
100
AcDbEntity
  8
0
  6
ByBlock
347
ED
 62
     0
440
 16777216
370
    -2
380
     1
100
AcDbBlockReference
  2
*U5
 10
2244.809547508419
 20
2133.678822645767
 30
0.0
 50
180.0
  0
INSERT
  5
474
330
44D
100
AcDbEntity
  8
0
  6
ByBlock
347
ED
 62
     0
440
 16777216
370
    -2
380
     1
100
AcDbBlockReference
  2
*U5
 10
2239.237132540583
 20
2133.678822645767
 30
0.0
 50
180.0
  0
INSERT
  5
475
330
44D
100
AcDbEntity
  8
0
  6
ByBlock
347
ED
 62
     0
440
 16777216
370
    -2
380
     1
100
AcDbBlockReference
  2
*U5
 10
2233.664717572747
 20
2133.678822645767
 30
0.0
 50
180.0
  0
ENDBLK
  5
476
330
44D
100
AcDbEntity
  8
0
100
AcDbBlockEnd
  0
BLOCK
  5
482
330
481
100
AcDbEntity
  8
0
100
AcDbBlockBegin
  2
*U7
 70
     1
 10
0.0
 20
0.0
 30
0.0
  3
*U7
  1

  0
CIRCLE
  5
483
330
481
100
AcDbEntity
  8
0
100
AcDbCircle
 10
0.0
 20
0.0
 30
0.0
 40
0.75
  0
ENDBLK
  5
484
330
481
100
AcDbEntity
  8
0
100
AcDbBlockEnd
  0
BLOCK
  5
486
330
485
100
AcDbEntity
  8
0
100
AcDbBlockBegin
  2
*U8
 70
     1
 10
0.0
 20
0.0
 30
0.0
  3
*U8
  1

  0
INSERT
  5
487
330
485
100
AcDbEntity
  8
0
  6
ByBlock
347
ED
 62
     0
440
 16777216
370
    -2
380
     1
100
AcDbBlockReference
  2
*U7
 10
2233.664717572747
 20
2133.678822645767
 30
0.0
 50
90.0
  0
INSERT
  5
488
330
485
100
AcDbEntity
  8
0
  6
ByBlock
347
ED
 62
     0
440
 16777216
370
    -2
380
     1
100
AcDbBlockReference
  2
*U7
 10
2233.664717572747
 20
2139.278822645767
 30
0.0
 50
90.0
  0
INSERT
  5
489
330
485
100
AcDbEntity
  8
0
  6
ByBlock
347
ED
 62
     0
440
 16777216
370
    -2
380
     1
100
AcDbBlockReference
  2
*U7
 10
2233.664717572747
 20
2144.878822645766
 30
0.0
 50
90.0
  0
INSERT
  5
48A
330
485
100
AcDbEntity
  8
0
  6
ByBlock
347
ED
 62
     0
440
 16777216
370
    -2
380
     1
100
AcDbBlockReference
  2
*U7
 10
2233.664717572747
 20
2150.478822645767
 30
0.0
 50
90.0
  0
INSERT
  5
48B
330
485
100
AcDbEntity
  8
0
  6
ByBlock
347
ED
 62
     0
440
 16777216
370
    -2
380
     1
100
AcDbBlockReference
  2
*U7
 10
2233.664717572747
 20
2156.078822645767
 30
0.0
 50
90.0
  0
INSERT
  5
48C
330
485
100
AcDbEntity
  8
0
  6
ByBlock
347
ED
 62
     0
440
 16777216
370
    -2
380
     1
100
AcDbBlockReference
  2
*U7
 10
2233.664717572747
 20
2161.678822645766
 30
0.0
 50
90.0
  0
INSERT
  5
48D
330
485
100
AcDbEntity
  8
0
  6
ByBlock
347
ED
 62
     0
440
 16777216
370
    -2
380
     1
100
AcDbBlockReference
  2
*U7
 10
2233.664717572747
 20
2167.278822645767
 30
0.0
 50
90.0
  0
INSERT
  5
48E
330
485
100
AcDbEntity
  8
0
  6
ByBlock
347
ED
 62
     0
440
 16777216
370
    -2
380
     1
100
AcDbBlockReference
  2
*U7
 10
2233.664717572747
 20
2172.878822645767
 30
0.0
 50
90.0
  0
INSERT
  5
48F
330
485
100
AcDbEntity
  8
0
  6
ByBlock
347
ED
 62
     0
440
 16777216
370
    -2
380
     1
100
AcDbBlockReference
  2
*U7
 10
2233.664717572747
 20
2178.478822645767
 30
0.0
 50
90.0
  0
INSERT
  5
490
330
485
100
AcDbEntity
  8
0
  6
ByBlock
347
ED
 62
     0
440
 16777216
370
    -2
380
     1
100
AcDbBlockReference
  2
*U7
 10
2233.664717572747
 20
2184.078822645767
 30
0.0
 50
90.0
  0
INSERT
  5
491
330
485
100
AcDbEntity
  8
0
  6
ByBlock
347
ED
 62
     0
440
 16777216
370
    -2
380
     1
100
AcDbBlockReference
  2
*U7
 10
2233.664717572747
 20
2189.678822645767
 30
0.0
 50
90.0
  0
INSERT
  5
492
330
485
100
AcDbEntity
  8
0
  6
ByBlock
347
ED
 62
     0
440
 16777216
370
    -2
380
     1
100
AcDbBlockReference
  2
*U7
 10
2233.664717572747
 20
2195.278822645767
 30
0.0
 50
90.0
  0
INSERT
  5
493
330
485
100
AcDbEntity
  8
0
  6
ByBlock
347
ED
 62
     0
440
 16777216
370
    -2
380
     1
100
AcDbBlockReference
  2
*U7
 10
2233.664717572747
 20
2200.878822645767
 30
0.0
 50
90.0
  0
INSERT
  5
494
330
485
100
AcDbEntity
  8
0
  6
ByBlock
347
ED
 62
     0
440
 16777216
370
    -2
380
     1
100
AcDbBlockReference
  2
*U7
 10
2233.664717572747
 20
2206.478822645767
 30
0.0
 50
90.0
  0
INSERT
  5
495
330
485
100
AcDbEntity
  8
0
  6
ByBlock
347
ED
 62
     0
440
 16777216
370
    -2
380
     1
100
AcDbBlockReference
  2
*U7
 10
2233.664717572747
 20
2212.078822645767
 30
0.0
 50
90.0
  0
INSERT
  5
496
330
485
100
AcDbEntity
  8
0
  6
ByBlock
347
ED
 62
     0
440
 16777216
370
    -2
380
     1
100
AcDbBlockReference
  2
*U7
 10
2233.664717572747
 20
2217.678822645767
 30
0.0
 50
90.0
  0
INSERT
  5
497
330
485
100
AcDbEntity
  8
0
  6
ByBlock
347
ED
 62
     0
440
 16777216
370
    -2
380
     1
100
AcDbBlockReference
  2
*U7
 10
2233.664717572747
 20
2223.278822645767
 30
0.0
 50
90.0
  0
INSERT
  5
498
330
485
100
AcDbEntity
  8
0
  6
ByBlock
347
ED
 62
     0
440
 16777216
370
    -2
380
     1
100
AcDbBlockReference
  2
*U7
 10
2233.664717572747
 20
2228.878822645767
 30
0.0
 50
90.0
  0
INSERT
  5
499
330
485
100
AcDbEntity
  8
0
  6
ByBlock
347
ED
 62
     0
440
 16777216
370
    -2
380
     1
100
AcDbBlockReference
  2
*U7
 10
2233.664717572747
 20
2234.478822645767
 30
0.0
 50
90.0
  0
ENDBLK
  5
49A
330
485
100
AcDbEntity
  8
0
100
AcDbBlockEnd
  0
BLOCK
  5
4AE
330
4AD
100
AcDbEntity
  8
0
100
AcDbBlockBegin
  2
*D9
 70
     1
 10
0.0
 20
0.0
 30
0.0
  3
*D9
  1

  0
LINE
  5
4BA
330
4AD
100
AcDbEntity
  8
0
 62
     0
440
 16777216
370
    -2
100
AcDbLine
 10
2261.689717572749
 20
2321.596152621651
 30
0.0
 11
2257.064717572749
 21
2321.596152621651
 31
0.0
  0
LINE
  5
4BB
330
4AD
100
AcDbEntity
  8
0
 62
     0
440
 16777216
370
    -2
100
AcDbLine
 10
2261.689717572749
 20
2259.046152621652
 30
0.0
 11
2257.064717572749
 21
2259.046152621652
 31
0.0
  0
LINE
  5
4BC
330
4AD
100
AcDbEntity
  8
0
 62
     0
440
 16777216
370
    -2
100
AcDbLine
 10
2258.31471757275
 20
2319.096152621652
 30
0.0
 11
2258.31471757275
 21
2261.546152621653
 31
0.0
  0
SOLID
  5
4BD
330
4AD
100
AcDbEntity
  8
0
 62
     0
440
 16777216
100
AcDbTrace
 10
2257.898050906083
 20
2319.096152621652
 30
0.0
 11
2258.731384239416
 21
2319.096152621652
 31
0.0
 12
2258.31471757275
 22
2321.596152621651
 32
0.0
 13
2258.31471757275
 23
2321.596152621651
 33
0.0
  0
SOLID
  5
4BE
330
4AD
100
AcDbEntity
  8
0
 62
     0
440
 16777216
100
AcDbTrace
 10
2257.898050906083
 20
2261.546152621653
 30
0.0
 11
2258.731384239416
 21
2261.546152621653
 31
0.0
 12
2258.31471757275
 22
2259.046152621652
 32
0.0
 13
2258.31471757275
 23
2259.046152621652
 33
0.0
  0
MTEXT
  5
4BF
330
4AD
100
AcDbEntity
  8
0
 62
     0
440
 16777216
100
AcDbMText
 10
2256.187330123909
 20
2290.321152621651
 30
0.0
 40
2.5
 41
0.0
 46
0.0
 71
     5
 72
     1
  1
62,55
 11
0.0000000000000001
 21
1.0
 31
0.0
 73
     1
 44
1.0
  0
POINT
  5
4C0
330
4AD
100
AcDbEntity
  8
Defpoints
 62
     0
440
 16777216
100
AcDbPoint
 10
2262.314717572749
 20
2321.596152621651
 30
0.0
  0
POINT
  5
4C1
330
4AD
100
AcDbEntity
  8
Defpoints
 62
     0
440
 16777216
100
AcDbPoint
 10
2262.314717572749
 20
2259.046152621652
 30
0.0
  0
POINT
  5
4C2
330
4AD
100
AcDbEntity
  8
Defpoints
 62
     0
440
 16777216
100
AcDbPoint
 10
2258.31471757275
 20
2259.046152621652
 30
0.0
  0
ENDBLK
  5
4AF
330
4AD
100
AcDbEntity
  8
0
100
AcDbBlockEnd
  0
BLOCK
  5
4C6
330
4C5
100
AcDbEntity
  8
0
100
AcDbBlockBegin
  2
*D10
 70
     1
 10
0.0
 20
0.0
 30
0.0
  3
*D10
  1

  0
LINE
  5
4D2
330
4C5
100
AcDbEntity
  8
0
 62
     0
440
 16777216
370
    -2
100
AcDbLine
 10
2262.939717572749
 20
2352.293674566044
 30
0.0
 11
2263.56471757275
 21
2352.293674566044
 31
0.0
  0
LINE
  5
4D3
330
4C5
100
AcDbEntity
  8
0
 62
     0
440
 16777216
370
    -2
100
AcDbLine
 10
2262.939717572749
 20
2321.596152621651
 30
0.0
 11
2263.56471757275
 21
2321.596152621651
 31
0.0
  0
LINE
  5
4D4
330
4C5
100
AcDbEntity
  8
0
 62
     0
440
 16777216
370
    -2
100
AcDbLine
 10
2262.31471757275
 20
2349.793674566044
 30
0.0
 11
2262.31471757275
 21
2324.096152621652
 31
0.0
  0
SOLID
  5
4D5
330
4C5
100
AcDbEntity
  8
0
 62
     0
440
 16777216
100
AcDbTrace
 10
2261.898050906083
 20
2349.793674566044
 30
0.0
 11
2262.731384239416
 21
2349.793674566044
 31
0.0
 12
2262.31471757275
 22
2352.293674566044
 32
0.0
 13
2262.31471757275
 23
2352.293674566044
 33
0.0
  0
SOLID
  5
4D6
330
4C5
100
AcDbEntity
  8
0
 62
     0
440
 16777216
100
AcDbTrace
 10
2261.898050906083
 20
2324.096152621652
 30
0.0
 11
2262.731384239416
 21
2324.096152621652
 31
0.0
 12
2262.31471757275
 22
2321.596152621651
 32
0.0
 13
2262.31471757275
 23
2321.596152621651
 33
0.0
  0
MTEXT
  5
4D7
330
4C5
100
AcDbEntity
  8
0
 62
     0
440
 16777216
100
AcDbMText
 10
2260.187330123909
 20
2336.944913593847
 30
0.0
 40
2.5
 41
0.0
 46
0.0
 71
     5
 72
     1
  1
30,7
 11
0.0000000000000001
 21
1.0
 31
0.0
 73
     1
 44
1.0
  0
POINT
  5
4D8
330
4C5
100
AcDbEntity
  8
Defpoints
 62
     0
440
 16777216
100
AcDbPoint
 10
2262.314717572749
 20
2352.293674566044
 30
0.0
  0
POINT
  5
4D9
330
4C5
100
AcDbEntity
  8
Defpoints
 62
     0
440
 16777216
100
AcDbPoint
 10
2262.314717572749
 20
2321.596152621651
 30
0.0
  0
POINT
  5
4DA
330
4C5
100
AcDbEntity
  8
Defpoints
 62
     0
440
 16777216
100
AcDbPoint
 10
2262.31471757275
 20
2321.596152621651
 30
0.0
  0
ENDBLK
  5
4C7
330
4C5
100
AcDbEntity
  8
0
100
AcDbBlockEnd
  0
BLOCK
  5
4DE
330
4DD
100
AcDbEntity
  8
0
100
AcDbBlockBegin
  2
*D11
 70
     1
 10
0.0
 20
0.0
 30
0.0
  3
*D11
  1

  0
LINE
  5
4FD
330
4DD
100
AcDbEntity
  8
0
 62
     0
440
 16777216
370
    -2
100
AcDbLine
 10
2258.927416286865
 20
2367.346152621652
 30
0.0
 11
2271.485171383361
 21
2367.346152621652
 31
0.0
  0
LINE
  5
4FE
330
4DD
100
AcDbEntity
  8
0
 62
     0
440
 16777216
370
    -2
100
AcDbLine
 10
2258.927416286865
 20
2321.596152621651
 30
0.0
 11
2271.485171383361
 21
2321.596152621651
 31
0.0
  0
LINE
  5
4FF
330
4DD
100
AcDbEntity
  8
0
 62
     0
440
 16777216
370
    -2
100
AcDbLine
 10
2270.235171383361
 20
2364.846152621652
 30
0.0
 11
2270.235171383361
 21
2324.096152621652
 31
0.0
  0
SOLID
  5
500
330
4DD
100
AcDbEntity
  8
0
 62
     0
440
 16777216
100
AcDbTrace
 10
2269.818504716694
 20
2364.846152621652
 30
0.0
 11
2270.651838050028
 21
2364.846152621652
 31
0.0
 12
2270.235171383361
 22
2367.346152621652
 32
0.0
 13
2270.235171383361
 23
2367.346152621652
 33
0.0
  0
SOLID
  5
501
330
4DD
100
AcDbEntity
  8
0
 62
     0
440
 16777216
100
AcDbTrace
 10
2269.818504716694
 20
2324.096152621652
 30
0.0
 11
2270.651838050028
 21
2324.096152621652
 31
0.0
 12
2270.235171383361
 22
2321.596152621651
 32
0.0
 13
2270.235171383361
 23
2321.596152621651
 33
0.0
  0
MTEXT
  5
502
330
4DD
100
AcDbEntity
  8
0
 62
     0
440
 16777216
100
AcDbMText
 10
2268.112899896321
 20
2344.47115262165
 30
0.0
 40
2.5
 41
0.0
 46
0.0
 71
     5
 72
     1
  1
45,75
 11
0.0000000000000001
 21
1.0
 31
0.0
 73
     1
 44
1.0
  0
POINT
  5
503
330
4DD
100
AcDbEntity
  8
Defpoints
 62
     0
440
 16777216
100
AcDbPoint
 10
2258.302416286865
 20
2367.346152621652
 30
0.0
  0
POINT
  5
504
330
4DD
100
AcDbEntity
  8
Defpoints
 62
     0
440
 16777216
100
AcDbPoint
 10
2258.302416286865
 20
2321.596152621651
 30
0.0
  0
POINT
  5
505
330
4DD
100
AcDbEntity
  8
Defpoints
 62
     0
440
 16777216
100
AcDbPoint
 10
2270.235171383361
 20
2321.596152621651
 30
0.0
  0
ENDBLK
  5
4DF
330
4DD
100
AcDbEntity
  8
0
100
AcDbBlockEnd
  0
BLOCK
  5
508
330
507
100
AcDbEntity
  8
0
100
AcDbBlockBegin
  2
*D12
 70
     1
 10
0.0
 20
0.0
 30
0.0
  3
*D12
  1

  0
LINE
  5
514
330
507
100
AcDbEntity
  8
0
 62
     0
440
 16777216
370
    -2
100
AcDbLine
 10
2258.939717572749
 20
2367.346152621653
 30
0.0
 11
2263.56471757275
 21
2367.346152621653
 31
0.0
  0
LINE
  5
515
330
507
100
AcDbEntity
  8
0
 62
     0
440
 16777216
370
    -2
100
AcDbLine
 10
2258.939717572749
 20
2352.306326177847
 30
0.0
 11
2263.56471757275
 21
2352.306326177847
 31
0.0
  0
LINE
  5
516
330
507
100
AcDbEntity
  8
0
 62
     0
440
 16777216
370
    -2
100
AcDbLine
 10
2262.31471757275
 20
2364.846152621653
 30
0.0
 11
2262.31471757275
 21
2354.806326177848
 31
0.0
  0
SOLID
  5
517
330
507
100
AcDbEntity
  8
0
 62
     0
440
 16777216
100
AcDbTrace
 10
2261.898050906083
 20
2364.846152621653
 30
0.0
 11
2262.731384239416
 21
2364.846152621653
 31
0.0
 12
2262.31471757275
 22
2367.346152621653
 32
0.0
 13
2262.31471757275
 23
2367.346152621653
 33
0.0
  0
SOLID
  5
518
330
507
100
AcDbEntity
  8
0
 62
     0
440
 16777216
100
AcDbTrace
 10
2261.898050906083
 20
2354.806326177848
 30
0.0
 11
2262.731384239416
 21
2354.806326177848
 31
0.0
 12
2262.31471757275
 22
2352.306326177847
 32
0.0
 13
2262.31471757275
 23
2352.306326177847
 33
0.0
  0
MTEXT
  5
519
330
507
100
AcDbEntity
  8
0
 62
     0
440
 16777216
100
AcDbMText
 10
2260.187330123909
 20
2359.826239399749
 30
0.0
 40
2.5
 41
0.0
 46
0.0
 71
     5
 72
     1
  1
15,04
 11
0.0000000000000001
 21
1.0
 31
0.0
 73
     1
 44
1.0
  0
POINT
  5
51A
330
507
100
AcDbEntity
  8
Defpoints
 62
     0
440
 16777216
100
AcDbPoint
 10
2258.314717572749
 20
2367.346152621653
 30
0.0
  0
POINT
  5
51B
330
507
100
AcDbEntity
  8
Defpoints
 62
     0
440
 16777216
100
AcDbPoint
 10
2258.314717572749
 20
2352.306326177847
 30
0.0
  0
POINT
  5
51C
330
507
100
AcDbEntity
  8
Defpoints
 62
     0
440
 16777216
100
AcDbPoint
 10
2262.31471757275
 20
2352.306326177847
 30
0.0
  0
ENDBLK
  5
509
330
507
100
AcDbEntity
  8
0
100
AcDbBlockEnd
  0
BLOCK
  5
51F
330
51E
100
AcDbEntity
  8
0
100
AcDbBlockBegin
  2
*U13
 70
     1
 10
0.0
 20
0.0
 30
0.0
  3
*U13
  1

  0
CIRCLE
  5
520
330
51E
100
AcDbEntity
  8
0
100
AcDbCircle
 10
0.0
 20
0.0
 30
0.0
 40
0.75
  0
ENDBLK
  5
521
330
51E
100
AcDbEntity
  8
0
100
AcDbBlockEnd
  0
BLOCK
  5
523
330
522
100
AcDbEntity
  8
0
100
AcDbBlockBegin
  2
*U14
 70
     1
 10
0.0
 20
0.0
 30
0.0
  3
*U14
  1

  0
INSERT
  5
524
330
522
100
AcDbEntity
  8
0
  6
ByBlock
347
ED
 62
     0
440
 16777216
370
    -2
380
     1
100
AcDbBlockReference
  2
*U13
 10
2233.664717572747
 20
2234.478822645767
 30
0.0
  0
INSERT
  5
525
330
522
100
AcDbEntity
  8
0
  6
ByBlock
347
ED
 62
     0
440
 16777216
370
    -2
380
     1
100
AcDbBlockReference
  2
*U13
 10
2239.237132540583
 20
2234.478822645767
 30
0.0
  0
INSERT
  5
526
330
522
100
AcDbEntity
  8
0
  6
ByBlock
347
ED
 62
     0
440
 16777216
370
    -2
380
     1
100
AcDbBlockReference
  2
*U13
 10
2244.809547508419
 20
2234.478822645767
 30
0.0
  0
INSERT
  5
527
330
522
100
AcDbEntity
  8
0
  6
ByBlock
347
ED
 62
     0
440
 16777216
370
    -2
380
     1
100
AcDbBlockReference
  2
*U13
 10
2250.381962476255
 20
2234.478822645767
 30
0.0
  0
INSERT
  5
528
330
522
100
AcDbEntity
  8
0
  6
ByBlock
347
ED
 62
     0
440
 16777216
370
    -2
380
     1
100
AcDbBlockReference
  2
*U13
 10
2255.954377444091
 20
2234.478822645767
 30
0.0
  0
INSERT
  5
529
330
522
100
AcDbEntity
  8
0
  6
ByBlock
347
ED
 62
     0
440
 16777216
370
    -2
380
     1
100
AcDbBlockReference
  2
*U13
 10
2261.526792411926
 20
2234.478822645767
 30
0.0
  0
INSERT
  5
52A
330
522
100
AcDbEntity
  8
0
  6
ByBlock
347
ED
 62
     0
440
 16777216
370
    -2
380
     1
100
AcDbBlockReference
  2
*U13
 10
2267.099207379762
 20
2234.478822645767
 30
0.0
  0
INSERT
  5
52B
330
522
100
AcDbEntity
  8
0
  6
ByBlock
347
ED
 62
     0
440
 16777216
370
    -2
380
     1
100
AcDbBlockReference
  2
*U13
 10
2272.671622347598
 20
2234.478822645767
 30
0.0
  0
INSERT
  5
52C
330
522
100
AcDbEntity
  8
0
  6
ByBlock
347
ED
 62
     0
440
 16777216
370
    -2
380
     1
100
AcDbBlockReference
  2
*U13
 10
2278.244037315433
 20
2234.478822645767
 30
0.0
  0
INSERT
  5
52D
330
522
100
AcDbEntity
  8
0
  6
ByBlock
347
ED
 62
     0
440
 16777216
370
    -2
380
     1
100
AcDbBlockReference
  2
*U13
 10
2283.816452283269
 20
2234.478822645767
 30
0.0
  0
INSERT
  5
52E
330
522
100
AcDbEntity
  8
0
  6
ByBlock
347
ED
 62
     0
440
 16777216
370
    -2
380
     1
100
AcDbBlockReference
  2
*U13
 10
2289.21587486424
 20
2233.664912313283
 30
0.0
 50
323.9488257985598
  0
INSERT
  5
52F
330
522
100
AcDbEntity
  8
0
  6
ByBlock
347
ED
 62
     0
440
 16777216
370
    -2
380
     1
100
AcDbBlockReference
  2
*U13
 10
2290.964717572748
 20
2228.658142388452
 30
0.0
 50
270.0
  0
INSERT
  5
530
330
522
100
AcDbEntity
  8
0
  6
ByBlock
347
ED
 62
     0
440
 16777216
370
    -2
380
     1
100
AcDbBlockReference
  2
*U13
 10
2290.964717572748
 20
2223.085727420617
 30
0.0
 50
270.0
  0
INSERT
  5
531
330
522
100
AcDbEntity
  8
0
  6
ByBlock
347
ED
 62
     0
440
 16777216
370
    -2
380
     1
100
AcDbBlockReference
  2
*U13
 10
2290.964717572748
 20
2217.513312452781
 30
0.0
 50
270.0
  0
INSERT
  5
532
330
522
100
AcDbEntity
  8
0
  6
ByBlock
347
ED
 62
     0
440
 16777216
370
    -2
380
     1
100
AcDbBlockReference
  2
*U13
 10
2290.964717572748
 20
2211.940897484945
 30
0.0
 50
270.0
  0
INSERT
  5
533
330
522
100
AcDbEntity
  8
0
  6
ByBlock
347
ED
 62
     0
440
 16777216
370
    -2
380
     1
100
AcDbBlockReference
  2
*U13
 10
2290.964717572748
 20
2206.368482517111
 30
0.0
 50
270.0
  0
INSERT
  5
534
330
522
100
AcDbEntity
  8
0
  6
ByBlock
347
ED
 62
     0
440
 16777216
370
    -2
380
     1
100
AcDbBlockReference
  2
*U13
 10
2290.964717572748
 20
2200.796067549274
 30
0.0
 50
270.0
  0
INSERT
  5
535
330
522
100
AcDbEntity
  8
0
  6
ByBlock
347
ED
 62
     0
440
 16777216
370
    -2
380
     1
100
AcDbBlockReference
  2
*U13
 10
2290.964717572748
 20
2195.223652581438
 30
0.0
 50
270.0
  0
INSERT
  5
536
330
522
100
AcDbEntity
  8
0
  6
ByBlock
347
ED
 62
     0
440
 16777216
370
    -2
380
     1
100
AcDbBlockReference
  2
*U13
 10
2290.964717572748
 20
2189.651237613603
 30
0.0
 50
270.0
  0
INSERT
  5
537
330
522
100
AcDbEntity
  8
0
  6
ByBlock
347
ED
 62
     0
440
 16777216
370
    -2
380
     1
100
AcDbBlockReference
  2
*U13
 10
2290.964717572748
 20
2184.078822645767
 30
0.0
 50
270.0
  0
INSERT
  5
538
330
522
100
AcDbEntity
  8
0
  6
ByBlock
347
ED
 62
     0
440
 16777216
370
    -2
380
     1
100
AcDbBlockReference
  2
*U13
 10
2290.964717572748
 20
2178.506407677931
 30
0.0
 50
270.0
  0
INSERT
  5
539
330
522
100
AcDbEntity
  8
0
  6
ByBlock
347
ED
 62
     0
440
 16777216
370
    -2
380
     1
100
AcDbBlockReference
  2
*U13
 10
2290.964717572748
 20
2172.933992710095
 30
0.0
 50
270.0
  0
INSERT
  5
53A
330
522
100
AcDbEntity
  8
0
  6
ByBlock
347
ED
 62
     0
440
 16777216
370
    -2
380
     1
100
AcDbBlockReference
  2
*U13
 10
2290.964717572748
 20
2167.36157774226
 30
0.0
 50
270.0
  0
INSERT
  5
53B
330
522
100
AcDbEntity
  8
0
  6
ByBlock
347
ED
 62
     0
440
 16777216
370
    -2
380
     1
100
AcDbBlockReference
  2
*U13
 10
2290.964717572748
 20
2161.789162774424
 30
0.0
 50
270.0
  0
INSERT
  5
53C
330
522
100
AcDbEntity
  8
0
  6
ByBlock
347
ED
 62
     0
440
 16777216
370
    -2
380
     1
100
AcDbBlockReference
  2
*U13
 10
2290.964717572748
 20
2156.216747806588
 30
0.0
 50
270.0
  0
INSERT
  5
53D
330
522
100
AcDbEntity
  8
0
  6
ByBlock
347
ED
 62
     0
440
 16777216
370
    -2
380
     1
100
AcDbBlockReference
  2
*U13
 10
2290.964717572748
 20
2150.644332838752
 30
0.0
 50
270.0
  0
INSERT
  5
53E
330
522
100
AcDbEntity
  8
0
  6
ByBlock
347
ED
 62
     0
440
 16777216
370
    -2
380
     1
100
AcDbBlockReference
  2
*U13
 10
2290.964717572748
 20
2145.071917870917
 30
0.0
 50
270.0
  0
INSERT
  5
53F
330
522
100
AcDbEntity
  8
0
  6
ByBlock
347
ED
 62
     0
440
 16777216
370
    -2
380
     1
100
AcDbBlockReference
  2
*U13
 10
2290.964717572748
 20
2139.499502903081
 30
0.0
 50
270.0
  0
INSERT
  5
540
330
522
100
AcDbEntity
  8
0
  6
ByBlock
347
ED
 62
     0
440
 16777216
370
    -2
380
     1
100
AcDbBlockReference
  2
*U13
 10
2289.21587486424
 20
2134.49273297825
 30
0.0
 50
216.0511742014403
  0
INSERT
  5
541
330
522
100
AcDbEntity
  8
0
  6
ByBlock
347
ED
 62
     0
440
 16777216
370
    -2
380
     1
100
AcDbBlockReference
  2
*U13
 10
2283.816452283269
 20
2133.678822645767
 30
0.0
 50
180.0
  0
INSERT
  5
542
330
522
100
AcDbEntity
  8
0
  6
ByBlock
347
ED
 62
     0
440
 16777216
370
    -2
380
     1
100
AcDbBlockReference
  2
*U13
 10
2278.244037315433
 20
2133.678822645767
 30
0.0
 50
180.0
  0
INSERT
  5
543
330
522
100
AcDbEntity
  8
0
  6
ByBlock
347
ED
 62
     0
440
 16777216
370
    -2
380
     1
100
AcDbBlockReference
  2
*U13
 10
2272.671622347598
 20
2133.678822645767
 30
0.0
 50
180.0
  0
INSERT
  5
544
330
522
100
AcDbEntity
  8
0
  6
ByBlock
347
ED
 62
     0
440
 16777216
370
    -2
380
     1
100
AcDbBlockReference
  2
*U13
 10
2267.099207379762
 20
2133.678822645767
 30
0.0
 50
180.0
  0
INSERT
  5
545
330
522
100
AcDbEntity
  8
0
  6
ByBlock
347
ED
 62
     0
440
 16777216
370
    -2
380
     1
100
AcDbBlockReference
  2
*U13
 10
2261.526792411926
 20
2133.678822645767
 30
0.0
 50
180.0
  0
INSERT
  5
546
330
522
100
AcDbEntity
  8
0
  6
ByBlock
347
ED
 62
     0
440
 16777216
370
    -2
380
     1
100
AcDbBlockReference
  2
*U13
 10
2255.954377444091
 20
2133.678822645767
 30
0.0
 50
180.0
  0
INSERT
  5
547
330
522
100
AcDbEntity
  8
0
  6
ByBlock
347
ED
 62
     0
440
 16777216
370
    -2
380
     1
100
AcDbBlockReference
  2
*U13
 10
2250.381962476255
 20
2133.678822645767
 30
0.0
 50
180.0
  0
INSERT
  5
548
330
522
100
AcDbEntity
  8
0
  6
ByBlock
347
ED
 62
     0
440
 16777216
370
    -2
380
     1
100
AcDbBlockReference
  2
*U13
 10
2244.809547508419
 20
2133.678822645767
 30
0.0
 50
180.0
  0
INSERT
  5
549
330
522
100
AcDbEntity
  8
0
  6
ByBlock
347
ED
 62
     0
440
 16777216
370
    -2
380
     1
100
AcDbBlockReference
  2
*U13
 10
2239.237132540583
 20
2133.678822645767
 30
0.0
 50
180.0
  0
INSERT
  5
54A
330
522
100
AcDbEntity
  8
0
  6
ByBlock
347
ED
 62
     0
440
 16777216
370
    -2
380
     1
100
AcDbBlockReference
  2
*U13
 10
2233.664717572747
 20
2133.678822645767
 30
0.0
 50
180.0
  0
ENDBLK
  5
54B
330
522
100
AcDbEntity
  8
0
100
AcDbBlockEnd
  0
BLOCK
  5
54D
330
54C
100
AcDbEntity
  8
0
100
AcDbBlockBegin
  2
*U15
 70
     1
 10
0.0
 20
0.0
 30
0.0
  3
*U15
  1

  0
CIRCLE
  5
54E
330
54C
100
AcDbEntity
  8
0
100
AcDbCircle
 10
0.0
 20
0.0
 30
0.0
 40
0.75
  0
ENDBLK
  5
54F
330
54C
100
AcDbEntity
  8
0
100
AcDbBlockEnd
  0
BLOCK
  5
551
330
550
100
AcDbEntity
  8
0
100
AcDbBlockBegin
  2
*U16
 70
     1
 10
0.0
 20
0.0
 30
0.0
  3
*U16
  1

  0
INSERT
  5
552
330
550
100
AcDbEntity
  8
0
  6
ByBlock
347
ED
 62
     0
440
 16777216
370
    -2
380
     1
100
AcDbBlockReference
  2
*U15
 10
2233.664717572747
 20
2133.678822645767
 30
0.0
 50
90.0
  0
INSERT
  5
553
330
550
100
AcDbEntity
  8
0
  6
ByBlock
347
ED
 62
     0
440
 16777216
370
    -2
380
     1
100
AcDbBlockReference
  2
*U15
 10
2233.664717572747
 20
2139.278822645767
 30
0.0
 50
90.0
  0
INSERT
  5
554
330
550
100
AcDbEntity
  8
0
  6
ByBlock
347
ED
 62
     0
440
 16777216
370
    -2
380
     1
100
AcDbBlockReference
  2
*U15
 10
2233.664717572747
 20
2144.878822645766
 30
0.0
 50
90.0
  0
INSERT
  5
555
330
550
100
AcDbEntity
  8
0
  6
ByBlock
347
ED
 62
     0
440
 16777216
370
    -2
380
     1
100
AcDbBlockReference
  2
*U15
 10
2233.664717572747
 20
2150.478822645767
 30
0.0
 50
90.0
  0
INSERT
  5
556
330
550
100
AcDbEntity
  8
0
  6
ByBlock
347
ED
 62
     0
440
 16777216
370
    -2
380
     1
100
AcDbBlockReference
  2
*U15
 10
2233.664717572747
 20
2156.078822645767
 30
0.0
 50
90.0
  0
INSERT
  5
557
330
550
100
AcDbEntity
  8
0
  6
ByBlock
347
ED
 62
     0
440
 16777216
370
    -2
380
     1
100
AcDbBlockReference
  2
*U15
 10
2233.664717572747
 20
2161.678822645766
 30
0.0
 50
90.0
  0
INSERT
  5
558
330
550
100
AcDbEntity
  8
0
  6
ByBlock
347
ED
 62
     0
440
 16777216
370
    -2
380
     1
100
AcDbBlockReference
  2
*U15
 10
2233.664717572747
 20
2167.278822645767
 30
0.0
 50
90.0
  0
INSERT
  5
559
330
550
100
AcDbEntity
  8
0
  6
ByBlock
347
ED
 62
     0
440
 16777216
370
    -2
380
     1
100
AcDbBlockReference
  2
*U15
 10
2233.664717572747
 20
2172.878822645767
 30
0.0
 50
90.0
  0
INSERT
  5
55A
330
550
100
AcDbEntity
  8
0
  6
ByBlock
347
ED
 62
     0
440
 16777216
370
    -2
380
     1
100
AcDbBlockReference
  2
*U15
 10
2233.664717572747
 20
2178.478822645767
 30
0.0
 50
90.0
  0
INSERT
  5
55B
330
550
100
AcDbEntity
  8
0
  6
ByBlock
347
ED
 62
     0
440
 16777216
370
    -2
380
     1
100
AcDbBlockReference
  2
*U15
 10
2233.664717572747
 20
2184.078822645767
 30
0.0
 50
90.0
  0
INSERT
  5
55C
330
550
100
AcDbEntity
  8
0
  6
ByBlock
347
ED
 62
     0
440
 16777216
370
    -2
380
     1
100
AcDbBlockReference
  2
*U15
 10
2233.664717572747
 20
2189.678822645767
 30
0.0
 50
90.0
  0
INSERT
  5
55D
330
550
100
AcDbEntity
  8
0
  6
ByBlock
347
ED
 62
     0
440
 16777216
370
    -2
380
     1
100
AcDbBlockReference
  2
*U15
 10
2233.664717572747
 20
2195.278822645767
 30
0.0
 50
90.0
  0
INSERT
  5
55E
330
550
100
AcDbEntity
  8
0
  6
ByBlock
347
ED
 62
     0
440
 16777216
370
    -2
380
     1
100
AcDbBlockReference
  2
*U15
 10
2233.664717572747
 20
2200.878822645767
 30
0.0
 50
90.0
  0
INSERT
  5
55F
330
550
100
AcDbEntity
  8
0
  6
ByBlock
347
ED
 62
     0
440
 16777216
370
    -2
380
     1
100
AcDbBlockReference
  2
*U15
 10
2233.664717572747
 20
2206.478822645767
 30
0.0
 50
90.0
  0
INSERT
  5
560
330
550
100
AcDbEntity
  8
0
  6
ByBlock
347
ED
 62
     0
440
 16777216
370
    -2
380
     1
100
AcDbBlockReference
  2
*U15
 10
2233.664717572747
 20
2212.078822645767
 30
0.0
 50
90.0
  0
INSERT
  5
561
330
550
100
AcDbEntity
  8
0
  6
ByBlock
347
ED
 62
     0
440
 16777216
370
    -2
380
     1
100
AcDbBlockReference
  2
*U15
 10
2233.664717572747
 20
2217.678822645767
 30
0.0
 50
90.0
  0
INSERT
  5
562
330
550
100
AcDbEntity
  8
0
  6
ByBlock
347
ED
 62
     0
440
 16777216
370
    -2
380
     1
100
AcDbBlockReference
  2
*U15
 10
2233.664717572747
 20
2223.278822645767
 30
0.0
 50
90.0
  0
INSERT
  5
563
330
550
100
AcDbEntity
  8
0
  6
ByBlock
347
ED
 62
     0
440
 16777216
370
    -2
380
     1
100
AcDbBlockReference
  2
*U15
 10
2233.664717572747
 20
2228.878822645767
 30
0.0
 50
90.0
  0
INSERT
  5
564
330
550
100
AcDbEntity
  8
0
  6
ByBlock
347
ED
 62
     0
440
 16777216
370
    -2
380
     1
100
AcDbBlockReference
  2
*U15
 10
2233.664717572747
 20
2234.478822645767
 30
0.0
 50
90.0
  0
ENDBLK
  5
565
330
550
100
AcDbEntity
  8
0
100
AcDbBlockEnd
  0
BLOCK
  5
567
330
566
100
AcDbEntity
  8
0
100
AcDbBlockBegin
  2
*D17
 70
     1
 10
0.0
 20
0.0
 30
0.0
  3
*D17
  1

  0
LINE
  5
568
330
566
100
AcDbEntity
  8
0
 62
     0
440
 16777216
370
    -2
100
AcDbLine
 10
2261.689717572749
 20
2321.596152621651
 30
0.0
 11
2257.064717572749
 21
2321.596152621651
 31
0.0
  0
LINE
  5
569
330
566
100
AcDbEntity
  8
0
 62
     0
440
 16777216
370
    -2
100
AcDbLine
 10
2261.689717572749
 20
2259.046152621652
 30
0.0
 11
2257.064717572749
 21
2259.046152621652
 31
0.0
  0
LINE
  5
56A
330
566
100
AcDbEntity
  8
0
 62
     0
440
 16777216
370
    -2
100
AcDbLine
 10
2258.31471757275
 20
2319.096152621652
 30
0.0
 11
2258.31471757275
 21
2261.546152621653
 31
0.0
  0
SOLID
  5
56B
330
566
100
AcDbEntity
  8
0
 62
     0
440
 16777216
100
AcDbTrace
 10
2257.898050906083
 20
2319.096152621652
 30
0.0
 11
2258.731384239416
 21
2319.096152621652
 31
0.0
 12
2258.31471757275
 22
2321.596152621651
 32
0.0
 13
2258.31471757275
 23
2321.596152621651
 33
0.0
  0
SOLID
  5
56C
330
566
100
AcDbEntity
  8
0
 62
     0
440
 16777216
100
AcDbTrace
 10
2257.898050906083
 20
2261.546152621653
 30
0.0
 11
2258.731384239416
 21
2261.546152621653
 31
0.0
 12
2258.31471757275
 22
2259.046152621652
 32
0.0
 13
2258.31471757275
 23
2259.046152621652
 33
0.0
  0
MTEXT
  5
56D
330
566
100
AcDbEntity
  8
0
 62
     0
440
 16777216
100
AcDbMText
 10
2256.187330123909
 20
2290.321152621651
 30
0.0
 40
2.5
 41
0.0
 46
0.0
 71
     5
 72
     1
  1
62,55
 11
0.0000000000000001
 21
1.0
 31
0.0
 73
     1
 44
1.0
  0
POINT
  5
56E
330
566
100
AcDbEntity
  8
Defpoints
 62
     0
440
 16777216
100
AcDbPoint
 10
2262.314717572749
 20
2321.596152621651
 30
0.0
  0
POINT
  5
56F
330
566
100
AcDbEntity
  8
Defpoints
 62
     0
440
 16777216
100
AcDbPoint
 10
2262.314717572749
 20
2259.046152621652
 30
0.0
  0
POINT
  5
570
330
566
100
AcDbEntity
  8
Defpoints
 62
     0
440
 16777216
100
AcDbPoint
 10
2258.31471757275
 20
2259.046152621652
 30
0.0
  0
ENDBLK
  5
571
330
566
100
AcDbEntity
  8
0
100
AcDbBlockEnd
  0
BLOCK
  5
573
330
572
100
AcDbEntity
  8
0
100
AcDbBlockBegin
  2
*D18
 70
     1
 10
0.0
 20
0.0
 30
0.0
  3
*D18
  1

  0
LINE
  5
574
330
572
100
AcDbEntity
  8
0
 62
     0
440
 16777216
370
    -2
100
AcDbLine
 10
2262.939717572749
 20
2352.293674566044
 30
0.0
 11
2263.56471757275
 21
2352.293674566044
 31
0.0
  0
LINE
  5
575
330
572
100
AcDbEntity
  8
0
 62
     0
440
 16777216
370
    -2
100
AcDbLine
 10
2262.939717572749
 20
2321.596152621651
 30
0.0
 11
2263.56471757275
 21
2321.596152621651
 31
0.0
  0
LINE
  5
576
330
572
100
AcDbEntity
  8
0
 62
     0
440
 16777216
370
    -2
100
AcDbLine
 10
2262.31471757275
 20
2349.793674566044
 30
0.0
 11
2262.31471757275
 21
2324.096152621652
 31
0.0
  0
SOLID
  5
577
330
572
100
AcDbEntity
  8
0
 62
     0
440
 16777216
100
AcDbTrace
 10
2261.898050906083
 20
2349.793674566044
 30
0.0
 11
2262.731384239416
 21
2349.793674566044
 31
0.0
 12
2262.31471757275
 22
2352.293674566044
 32
0.0
 13
2262.31471757275
 23
2352.293674566044
 33
0.0
  0
SOLID
  5
578
330
572
100
AcDbEntity
  8
0
 62
     0
440
 16777216
100
AcDbTrace
 10
2261.898050906083
 20
2324.096152621652
 30
0.0
 11
2262.731384239416
 21
2324.096152621652
 31
0.0
 12
2262.31471757275
 22
2321.596152621651
 32
0.0
 13
2262.31471757275
 23
2321.596152621651
 33
0.0
  0
MTEXT
  5
579
330
572
100
AcDbEntity
  8
0
 62
     0
440
 16777216
100
AcDbMText
 10
2260.187330123909
 20
2336.944913593847
 30
0.0
 40
2.5
 41
0.0
 46
0.0
 71
     5
 72
     1
  1
30,7
 11
0.0000000000000001
 21
1.0
 31
0.0
 73
     1
 44
1.0
  0
POINT
  5
57A
330
572
100
AcDbEntity
  8
Defpoints
 62
     0
440
 16777216
100
AcDbPoint
 10
2262.314717572749
 20
2352.293674566044
 30
0.0
  0
POINT
  5
57B
330
572
100
AcDbEntity
  8
Defpoints
 62
     0
440
 16777216
100
AcDbPoint
 10
2262.314717572749
 20
2321.596152621651
 30
0.0
  0
POINT
  5
57C
330
572
100
AcDbEntity
  8
Defpoints
 62
     0
440
 16777216
100
AcDbPoint
 10
2262.31471757275
 20
2321.596152621651
 30
0.0
  0
ENDBLK
  5
57D
330
572
100
AcDbEntity
  8
0
100
AcDbBlockEnd
  0
BLOCK
  5
57F
330
57E
100
AcDbEntity
  8
0
100
AcDbBlockBegin
  2
*D19
 70
     1
 10
0.0
 20
0.0
 30
0.0
  3
*D19
  1

  0
LINE
  5
580
330
57E
100
AcDbEntity
  8
0
 62
     0
440
 16777216
370
    -2
100
AcDbLine
 10
2258.939717572749
 20
2367.346152621653
 30
0.0
 11
2263.56471757275
 21
2367.346152621653
 31
0.0
  0
LINE
  5
581
330
57E
100
AcDbEntity
  8
0
 62
     0
440
 16777216
370
    -2
100
AcDbLine
 10
2258.939717572749
 20
2352.306326177847
 30
0.0
 11
2263.56471757275
 21
2352.306326177847
 31
0.0
  0
LINE
  5
582
330
57E
100
AcDbEntity
  8
0
 62
     0
440
 16777216
370
    -2
100
AcDbLine
 10
2262.31471757275
 20
2364.846152621653
 30
0.0
 11
2262.31471757275
 21
2354.806326177848
 31
0.0
  0
SOLID
  5
583
330
57E
100
AcDbEntity
  8
0
 62
     0
440
 16777216
100
AcDbTrace
 10
2261.898050906083
 20
2364.846152621653
 30
0.0
 11
2262.731384239416
 21
2364.846152621653
 31
0.0
 12
2262.31471757275
 22
2367.346152621653
 32
0.0
 13
2262.31471757275
 23
2367.346152621653
 33
0.0
  0
SOLID
  5
584
330
57E
100
AcDbEntity
  8
0
 62
     0
440
 16777216
100
AcDbTrace
 10
2261.898050906083
 20
2354.806326177848
 30
0.0
 11
2262.731384239416
 21
2354.806326177848
 31
0.0
 12
2262.31471757275
 22
2352.306326177847
 32
0.0
 13
2262.31471757275
 23
2352.306326177847
 33
0.0
  0
MTEXT
  5
585
330
57E
100
AcDbEntity
  8
0
 62
     0
440
 16777216
100
AcDbMText
 10
2260.187330123909
 20
2359.826239399749
 30
0.0
 40
2.5
 41
0.0
 46
0.0
 71
     5
 72
     1
  1
15,04
 11
0.0000000000000001
 21
1.0
 31
0.0
 73
     1
 44
1.0
  0
POINT
  5
586
330
57E
100
AcDbEntity
  8
Defpoints
 62
     0
440
 16777216
100
AcDbPoint
 10
2258.314717572749
 20
2367.346152621653
 30
0.0
  0
POINT
  5
587
330
57E
100
AcDbEntity
  8
Defpoints
 62
     0
440
 16777216
100
AcDbPoint
 10
2258.314717572749
 20
2352.306326177847
 30
0.0
  0
POINT
  5
588
330
57E
100
AcDbEntity
  8
Defpoints
 62
     0
440
 16777216
100
AcDbPoint
 10
2262.31471757275
 20
2352.306326177847
 30
0.0
  0
ENDBLK
  5
589
330
57E
100
AcDbEntity
  8
0
100
AcDbBlockEnd
  0
BLOCK
  5
5CD
330
5CC
100
AcDbEntity
  8
0
100
AcDbBlockBegin
  2
*U20
 70
     1
 10
0.0
 20
0.0
 30
0.0
  3
*U20
  1

  0
CIRCLE
  5
5CE
330
5CC
100
AcDbEntity
  8
0
100
AcDbCircle
 10
0.0
 20
0.0
 30
0.0
 40
0.75
  0
ENDBLK
  5
5CF
330
5CC
100
AcDbEntity
  8
0
100
AcDbBlockEnd
  0
BLOCK
  5
5D3
330
5D2
100
AcDbEntity
  8
0
100
AcDbBlockBegin
  2
*U21
 70
     1
 10
0.0
 20
0.0
 30
0.0
  3
*U21
  1

  0
INSERT
  5
5D4
330
5D2
100
AcDbEntity
  8
0
  6
ByBlock
347
ED
 62
     0
440
 16777216
370
    -2
380
     1
100
AcDbBlockReference
  2
*U20
 10
2233.664717572747
 20
2234.478822645767
 30
0.0
  0
INSERT
  5
5D5
330
5D2
100
AcDbEntity
  8
0
  6
ByBlock
347
ED
 62
     0
440
 16777216
370
    -2
380
     1
100
AcDbBlockReference
  2
*U20
 10
2239.237132540583
 20
2234.478822645767
 30
0.0
  0
INSERT
  5
5D6
330
5D2
100
AcDbEntity
  8
0
  6
ByBlock
347
ED
 62
     0
440
 16777216
370
    -2
380
     1
100
AcDbBlockReference
  2
*U20
 10
2244.809547508419
 20
2234.478822645767
 30
0.0
  0
INSERT
  5
5D7
330
5D2
100
AcDbEntity
  8
0
  6
ByBlock
347
ED
 62
     0
440
 16777216
370
    -2
380
     1
100
AcDbBlockReference
  2
*U20
 10
2250.381962476255
 20
2234.478822645767
 30
0.0
  0
INSERT
  5
5D8
330
5D2
100
AcDbEntity
  8
0
  6
ByBlock
347
ED
 62
     0
440
 16777216
370
    -2
380
     1
100
AcDbBlockReference
  2
*U20
 10
2255.954377444091
 20
2234.478822645767
 30
0.0
  0
INSERT
  5
5D9
330
5D2
100
AcDbEntity
  8
0
  6
ByBlock
347
ED
 62
     0
440
 16777216
370
    -2
380
     1
100
AcDbBlockReference
  2
*U20
 10
2261.526792411926
 20
2234.478822645767
 30
0.0
  0
INSERT
  5
5DA
330
5D2
100
AcDbEntity
  8
0
  6
ByBlock
347
ED
 62
     0
440
 16777216
370
    -2
380
     1
100
AcDbBlockReference
  2
*U20
 10
2267.099207379762
 20
2234.478822645767
 30
0.0
  0
INSERT
  5
5DB
330
5D2
100
AcDbEntity
  8
0
  6
ByBlock
347
ED
 62
     0
440
 16777216
370
    -2
380
     1
100
AcDbBlockReference
  2
*U20
 10
2272.671622347598
 20
2234.478822645767
 30
0.0
  0
INSERT
  5
5DC
330
5D2
100
AcDbEntity
  8
0
  6
ByBlock
347
ED
 62
     0
440
 16777216
370
    -2
380
     1
100
AcDbBlockReference
  2
*U20
 10
2278.244037315433
 20
2234.478822645767
 30
0.0
  0
INSERT
  5
5DD
330
5D2
100
AcDbEntity
  8
0
  6
ByBlock
347
ED
 62
     0
440
 16777216
370
    -2
380
     1
100
AcDbBlockReference
  2
*U20
 10
2283.816452283269
 20
2234.478822645767
 30
0.0
  0
INSERT
  5
5DE
330
5D2
100
AcDbEntity
  8
0
  6
ByBlock
347
ED
 62
     0
440
 16777216
370
    -2
380
     1
100
AcDbBlockReference
  2
*U20
 10
2289.21587486424
 20
2233.664912313283
 30
0.0
 50
323.9488257985598
  0
INSERT
  5
5DF
330
5D2
100
AcDbEntity
  8
0
  6
ByBlock
347
ED
 62
     0
440
 16777216
370
    -2
380
     1
100
AcDbBlockReference
  2
*U20
 10
2290.964717572748
 20
2228.658142388452
 30
0.0
 50
270.0
  0
INSERT
  5
5E0
330
5D2
100
AcDbEntity
  8
0
  6
ByBlock
347
ED
 62
     0
440
 16777216
370
    -2
380
     1
100
AcDbBlockReference
  2
*U20
 10
2290.964717572748
 20
2223.085727420617
 30
0.0
 50
270.0
  0
INSERT
  5
5E1
330
5D2
100
AcDbEntity
  8
0
  6
ByBlock
347
ED
 62
     0
440
 16777216
370
    -2
380
     1
100
AcDbBlockReference
  2
*U20
 10
2290.964717572748
 20
2217.513312452781
 30
0.0
 50
270.0
  0
INSERT
  5
5E2
330
5D2
100
AcDbEntity
  8
0
  6
ByBlock
347
ED
 62
     0
440
 16777216
370
    -2
380
     1
100
AcDbBlockReference
  2
*U20
 10
2290.964717572748
 20
2211.940897484945
 30
0.0
 50
270.0
  0
INSERT
  5
5E3
330
5D2
100
AcDbEntity
  8
0
  6
ByBlock
347
ED
 62
     0
440
 16777216
370
    -2
380
     1
100
AcDbBlockReference
  2
*U20
 10
2290.964717572748
 20
2206.368482517111
 30
0.0
 50
270.0
  0
INSERT
  5
5E4
330
5D2
100
AcDbEntity
  8
0
  6
ByBlock
347
ED
 62
     0
440
 16777216
370
    -2
380
     1
100
AcDbBlockReference
  2
*U20
 10
2290.964717572748
 20
2200.796067549274
 30
0.0
 50
270.0
  0
INSERT
  5
5E5
330
5D2
100
AcDbEntity
  8
0
  6
ByBlock
347
ED
 62
     0
440
 16777216
370
    -2
380
     1
100
AcDbBlockReference
  2
*U20
 10
2290.964717572748
 20
2195.223652581438
 30
0.0
 50
270.0
  0
INSERT
  5
5E6
330
5D2
100
AcDbEntity
  8
0
  6
ByBlock
347
ED
 62
     0
440
 16777216
370
    -2
380
     1
100
AcDbBlockReference
  2
*U20
 10
2290.964717572748
 20
2189.651237613603
 30
0.0
 50
270.0
  0
INSERT
  5
5E7
330
5D2
100
AcDbEntity
  8
0
  6
ByBlock
347
ED
 62
     0
440
 16777216
370
    -2
380
     1
100
AcDbBlockReference
  2
*U20
 10
2290.964717572748
 20
2184.078822645767
 30
0.0
 50
270.0
  0
INSERT
  5
5E8
330
5D2
100
AcDbEntity
  8
0
  6
ByBlock
347
ED
 62
     0
440
 16777216
370
    -2
380
     1
100
AcDbBlockReference
  2
*U20
 10
2290.964717572748
 20
2178.506407677931
 30
0.0
 50
270.0
  0
INSERT
  5
5E9
330
5D2
100
AcDbEntity
  8
0
  6
ByBlock
347
ED
 62
     0
440
 16777216
370
    -2
380
     1
100
AcDbBlockReference
  2
*U20
 10
2290.964717572748
 20
2172.933992710095
 30
0.0
 50
270.0
  0
INSERT
  5
5EA
330
5D2
100
AcDbEntity
  8
0
  6
ByBlock
347
ED
 62
     0
440
 16777216
370
    -2
380
     1
100
AcDbBlockReference
  2
*U20
 10
2290.964717572748
 20
2167.36157774226
 30
0.0
 50
270.0
  0
INSERT
  5
5EB
330
5D2
100
AcDbEntity
  8
0
  6
ByBlock
347
ED
 62
     0
440
 16777216
370
    -2
380
     1
100
AcDbBlockReference
  2
*U20
 10
2290.964717572748
 20
2161.789162774424
 30
0.0
 50
270.0
  0
INSERT
  5
5EC
330
5D2
100
AcDbEntity
  8
0
  6
ByBlock
347
ED
 62
     0
440
 16777216
370
    -2
380
     1
100
AcDbBlockReference
  2
*U20
 10
2290.964717572748
 20
2156.216747806588
 30
0.0
 50
270.0
  0
INSERT
  5
5ED
330
5D2
100
AcDbEntity
  8
0
  6
ByBlock
347
ED
 62
     0
440
 16777216
370
    -2
380
     1
100
AcDbBlockReference
  2
*U20
 10
2290.964717572748
 20
2150.644332838752
 30
0.0
 50
270.0
  0
INSERT
  5
5EE
330
5D2
100
AcDbEntity
  8
0
  6
ByBlock
347
ED
 62
     0
440
 16777216
370
    -2
380
     1
100
AcDbBlockReference
  2
*U20
 10
2290.964717572748
 20
2145.071917870917
 30
0.0
 50
270.0
  0
INSERT
  5
5EF
330
5D2
100
AcDbEntity
  8
0
  6
ByBlock
347
ED
 62
     0
440
 16777216
370
    -2
380
     1
100
AcDbBlockReference
  2
*U20
 10
2290.964717572748
 20
2139.499502903081
 30
0.0
 50
270.0
  0
INSERT
  5
5F0
330
5D2
100
AcDbEntity
  8
0
  6
ByBlock
347
ED
 62
     0
440
 16777216
370
    -2
380
     1
100
AcDbBlockReference
  2
*U20
 10
2289.21587486424
 20
2134.49273297825
 30
0.0
 50
216.0511742014403
  0
INSERT
  5
5F1
330
5D2
100
AcDbEntity
  8
0
  6
ByBlock
347
ED
 62
     0
440
 16777216
370
    -2
380
     1
100
AcDbBlockReference
  2
*U20
 10
2283.816452283269
 20
2133.678822645767
 30
0.0
 50
180.0
  0
INSERT
  5
5F2
330
5D2
100
AcDbEntity
  8
0
  6
ByBlock
347
ED
 62
     0
440
 16777216
370
    -2
380
     1
100
AcDbBlockReference
  2
*U20
 10
2278.244037315433
 20
2133.678822645767
 30
0.0
 50
180.0
  0
INSERT
  5
5F3
330
5D2
100
AcDbEntity
  8
0
  6
ByBlock
347
ED
 62
     0
440
 16777216
370
    -2
380
     1
100
AcDbBlockReference
  2
*U20
 10
2272.671622347598
 20
2133.678822645767
 30
0.0
 50
180.0
  0
INSERT
  5
5F4
330
5D2
100
AcDbEntity
  8
0
  6
ByBlock
347
ED
 62
     0
440
 16777216
370
    -2
380
     1
100
AcDbBlockReference
  2
*U20
 10
2267.099207379762
 20
2133.678822645767
 30
0.0
 50
180.0
  0
INSERT
  5
5F5
330
5D2
100
AcDbEntity
  8
0
  6
ByBlock
347
ED
 62
     0
440
 16777216
370
    -2
380
     1
100
AcDbBlockReference
  2
*U20
 10
2261.526792411926
 20
2133.678822645767
 30
0.0
 50
180.0
  0
INSERT
  5
5F6
330
5D2
100
AcDbEntity
  8
0
  6
ByBlock
347
ED
 62
     0
440
 16777216
370
    -2
380
     1
100
AcDbBlockReference
  2
*U20
 10
2255.954377444091
 20
2133.678822645767
 30
0.0
 50
180.0
  0
INSERT
  5
5F7
330
5D2
100
AcDbEntity
  8
0
  6
ByBlock
347
ED
 62
     0
440
 16777216
370
    -2
380
     1
100
AcDbBlockReference
  2
*U20
 10
2250.381962476255
 20
2133.678822645767
 30
0.0
 50
180.0
  0
INSERT
  5
5F8
330
5D2
100
AcDbEntity
  8
0
  6
ByBlock
347
ED
 62
     0
440
 16777216
370
    -2
380
     1
100
AcDbBlockReference
  2
*U20
 10
2244.809547508419
 20
2133.678822645767
 30
0.0
 50
180.0
  0
INSERT
  5
5F9
330
5D2
100
AcDbEntity
  8
0
  6
ByBlock
347
ED
 62
     0
440
 16777216
370
    -2
380
     1
100
AcDbBlockReference
  2
*U20
 10
2239.237132540583
 20
2133.678822645767
 30
0.0
 50
180.0
  0
INSERT
  5
5FA
330
5D2
100
AcDbEntity
  8
0
  6
ByBlock
347
ED
 62
     0
440
 16777216
370
    -2
380
     1
100
AcDbBlockReference
  2
*U20
 10
2233.664717572747
 20
2133.678822645767
 30
0.0
 50
180.0
  0
ENDBLK
  5
5FB
330
5D2
100
AcDbEntity
  8
0
100
AcDbBlockEnd
  0
BLOCK
  5
5FD
330
5FC
100
AcDbEntity
  8
0
100
AcDbBlockBegin
  2
*U22
 70
     1
 10
0.0
 20
0.0
 30
0.0
  3
*U22
  1

  0
CIRCLE
  5
5FE
330
5FC
100
AcDbEntity
  8
0
100
AcDbCircle
 10
0.0
 20
0.0
 30
0.0
 40
0.75
  0
ENDBLK
  5
5FF
330
5FC
100
AcDbEntity
  8
0
100
AcDbBlockEnd
  0
BLOCK
  5
601
330
600
100
AcDbEntity
  8
0
100
AcDbBlockBegin
  2
*U23
 70
     1
 10
0.0
 20
0.0
 30
0.0
  3
*U23
  1

  0
INSERT
  5
602
330
600
100
AcDbEntity
  8
0
  6
ByBlock
347
ED
 62
     0
440
 16777216
370
    -2
380
     1
100
AcDbBlockReference
  2
*U22
 10
2233.664717572747
 20
2133.678822645767
 30
0.0
 50
90.0
  0
INSERT
  5
603
330
600
100
AcDbEntity
  8
0
  6
ByBlock
347
ED
 62
     0
440
 16777216
370
    -2
380
     1
100
AcDbBlockReference
  2
*U22
 10
2233.664717572747
 20
2139.278822645767
 30
0.0
 50
90.0
  0
INSERT
  5
604
330
600
100
AcDbEntity
  8
0
  6
ByBlock
347
ED
 62
     0
440
 16777216
370
    -2
380
     1
100
AcDbBlockReference
  2
*U22
 10
2233.664717572747
 20
2144.878822645766
 30
0.0
 50
90.0
  0
INSERT
  5
605
330
600
100
AcDbEntity
  8
0
  6
ByBlock
347
ED
 62
     0
440
 16777216
370
    -2
380
     1
100
AcDbBlockReference
  2
*U22
 10
2233.664717572747
 20
2150.478822645767
 30
0.0
 50
90.0
  0
INSERT
  5
606
330
600
100
AcDbEntity
  8
0
  6
ByBlock
347
ED
 62
     0
440
 16777216
370
    -2
380
     1
100
AcDbBlockReference
  2
*U22
 10
2233.664717572747
 20
2156.078822645767
 30
0.0
 50
90.0
  0
INSERT
  5
607
330
600
100
AcDbEntity
  8
0
  6
ByBlock
347
ED
 62
     0
440
 16777216
370
    -2
380
     1
100
AcDbBlockReference
  2
*U22
 10
2233.664717572747
 20
2161.678822645766
 30
0.0
 50
90.0
  0
INSERT
  5
608
330
600
100
AcDbEntity
  8
0
  6
ByBlock
347
ED
 62
     0
440
 16777216
370
    -2
380
     1
100
AcDbBlockReference
  2
*U22
 10
2233.664717572747
 20
2167.278822645767
 30
0.0
 50
90.0
  0
INSERT
  5
609
330
600
100
AcDbEntity
  8
0
  6
ByBlock
347
ED
 62
     0
440
 16777216
370
    -2
380
     1
100
AcDbBlockReference
  2
*U22
 10
2233.664717572747
 20
2172.878822645767
 30
0.0
 50
90.0
  0
INSERT
  5
60A
330
600
100
AcDbEntity
  8
0
  6
ByBlock
347
ED
 62
     0
440
 16777216
370
    -2
380
     1
100
AcDbBlockReference
  2
*U22
 10
2233.664717572747
 20
2178.478822645767
 30
0.0
 50
90.0
  0
INSERT
  5
60B
330
600
100
AcDbEntity
  8
0
  6
ByBlock
347
ED
 62
     0
440
 16777216
370
    -2
380
     1
100
AcDbBlockReference
  2
*U22
 10
2233.664717572747
 20
2184.078822645767
 30
0.0
 50
90.0
  0
INSERT
  5
60C
330
600
100
AcDbEntity
  8
0
  6
ByBlock
347
ED
 62
     0
440
 16777216
370
    -2
380
     1
100
AcDbBlockReference
  2
*U22
 10
2233.664717572747
 20
2189.678822645767
 30
0.0
 50
90.0
  0
INSERT
  5
60D
330
600
100
AcDbEntity
  8
0
  6
ByBlock
347
ED
 62
     0
440
 16777216
370
    -2
380
     1
100
AcDbBlockReference
  2
*U22
 10
2233.664717572747
 20
2195.278822645767
 30
0.0
 50
90.0
  0
INSERT
  5
60E
330
600
100
AcDbEntity
  8
0
  6
ByBlock
347
ED
 62
     0
440
 16777216
370
    -2
380
     1
100
AcDbBlockReference
  2
*U22
 10
2233.664717572747
 20
2200.878822645767
 30
0.0
 50
90.0
  0
INSERT
  5
60F
330
600
100
AcDbEntity
  8
0
  6
ByBlock
347
ED
 62
     0
440
 16777216
370
    -2
380
     1
100
AcDbBlockReference
  2
*U22
 10
2233.664717572747
 20
2206.478822645767
 30
0.0
 50
90.0
  0
INSERT
  5
610
330
600
100
AcDbEntity
  8
0
  6
ByBlock
347
ED
 62
     0
440
 16777216
370
    -2
380
     1
100
AcDbBlockReference
  2
*U22
 10
2233.664717572747
 20
2212.078822645767
 30
0.0
 50
90.0
  0
INSERT
  5
611
330
600
100
AcDbEntity
  8
0
  6
ByBlock
347
ED
 62
     0
440
 16777216
370
    -2
380
     1
100
AcDbBlockReference
  2
*U22
 10
2233.664717572747
 20
2217.678822645767
 30
0.0
 50
90.0
  0
INSERT
  5
612
330
600
100
AcDbEntity
  8
0
  6
ByBlock
347
ED
 62
     0
440
 16777216
370
    -2
380
     1
100
AcDbBlockReference
  2
*U22
 10
2233.664717572747
 20
2223.278822645767
 30
0.0
 50
90.0
  0
INSERT
  5
613
330
600
100
AcDbEntity
  8
0
  6
ByBlock
347
ED
 62
     0
440
 16777216
370
    -2
380
     1
100
AcDbBlockReference
  2
*U22
 10
2233.664717572747
 20
2228.878822645767
 30
0.0
 50
90.0
  0
INSERT
  5
614
330
600
100
AcDbEntity
  8
0
  6
ByBlock
347
ED
 62
     0
440
 16777216
370
    -2
380
     1
100
AcDbBlockReference
  2
*U22
 10
2233.664717572747
 20
2234.478822645767
 30
0.0
 50
90.0
  0
ENDBLK
  5
615
330
600
100
AcDbEntity
  8
0
100
AcDbBlockEnd
  0
BLOCK
  5
62B
330
62A
100
AcDbEntity
  8
0
100
AcDbBlockBegin
  2
*D24
 70
     1
 10
0.0
 20
0.0
 30
0.0
  3
*D24
  1

  0
LINE
  5
62D
330
62A
100
AcDbEntity
  8
0
 62
     0
440
 16777216
370
    -2
100
AcDbLine
 10
2337.908443177231
 20
2321.596152621651
 30
0.0
 11
2333.283443177233
 21
2321.596152621651
 31
0.0
  0
LINE
  5
62E
330
62A
100
AcDbEntity
  8
0
 62
     0
440
 16777216
370
    -2
100
AcDbLine
 10
2337.908443177231
 20
2259.046152621652
 30
0.0
 11
2333.283443177233
 21
2259.046152621652
 31
0.0
  0
LINE
  5
62F
330
62A
100
AcDbEntity
  8
0
 62
     0
440
 16777216
370
    -2
100
AcDbLine
 10
2334.533443177233
 20
2319.096152621652
 30
0.0
 11
2334.533443177233
 21
2261.546152621653
 31
0.0
  0
SOLID
  5
630
330
62A
100
AcDbEntity
  8
0
 62
     0
440
 16777216
100
AcDbTrace
 10
2334.116776510567
 20
2319.096152621652
 30
0.0
 11
2334.9501098439
 21
2319.096152621652
 31
0.0
 12
2334.533443177233
 22
2321.596152621651
 32
0.0
 13
2334.533443177233
 23
2321.596152621651
 33
0.0
  0
SOLID
  5
631
330
62A
100
AcDbEntity
  8
0
 62
     0
440
 16777216
100
AcDbTrace
 10
2334.116776510567
 20
2261.546152621653
 30
0.0
 11
2334.9501098439
 21
2261.546152621653
 31
0.0
 12
2334.533443177233
 22
2259.046152621652
 32
0.0
 13
2334.533443177233
 23
2259.046152621652
 33
0.0
  0
MTEXT
  5
632
330
62A
100
AcDbEntity
  8
0
 62
     0
440
 16777216
100
AcDbMText
 10
2332.406055728393
 20
2290.321152621651
 30
0.0
 40
2.5
 41
0.0
 46
0.0
 71
     5
 72
     1
  1
62,55
 11
0.0000000000000001
 21
1.0
 31
0.0
 73
     1
 44
1.0
  0
POINT
  5
633
330
62A
100
AcDbEntity
  8
Defpoints
 62
     0
440
 16777216
100
AcDbPoint
 10
2338.533443177231
 20
2321.596152621651
 30
0.0
  0
POINT
  5
634
330
62A
100
AcDbEntity
  8
Defpoints
 62
     0
440
 16777216
100
AcDbPoint
 10
2338.533443177231
 20
2259.046152621652
 30
0.0
  0
POINT
  5
635
330
62A
100
AcDbEntity
  8
Defpoints
 62
     0
440
 16777216
100
AcDbPoint
 10
2334.533443177233
 20
2259.046152621652
 30
0.0
  0
ENDBLK
  5
62C
330
62A
100
AcDbEntity
  8
0
100
AcDbBlockEnd
  0
BLOCK
  5
637
330
636
100
AcDbEntity
  8
0
100
AcDbBlockBegin
  2
*D25
 70
     1
 10
0.0
 20
0.0
 30
0.0
  3
*D25
  1

  0
LINE
  5
639
330
636
100
AcDbEntity
  8
0
 62
     0
440
 16777216
370
    -2
100
AcDbLine
 10
2339.158443177231
 20
2352.293674566044
 30
0.0
 11
2339.783443177233
 21
2352.293674566044
 31
0.0
  0
LINE
  5
63A
330
636
100
AcDbEntity
  8
0
 62
     0
440
 16777216
370
    -2
100
AcDbLine
 10
2339.158443177231
 20
2321.596152621651
 30
0.0
 11
2339.783443177233
 21
2321.596152621651
 31
0.0
  0
LINE
  5
63B
330
636
100
AcDbEntity
  8
0
 62
     0
440
 16777216
370
    -2
100
AcDbLine
 10
2338.533443177233
 20
2349.793674566044
 30
0.0
 11
2338.533443177233
 21
2324.096152621652
 31
0.0
  0
SOLID
  5
63C
330
636
100
AcDbEntity
  8
0
 62
     0
440
 16777216
100
AcDbTrace
 10
2338.116776510567
 20
2349.793674566044
 30
0.0
 11
2338.950109843899
 21
2349.793674566044
 31
0.0
 12
2338.533443177233
 22
2352.293674566044
 32
0.0
 13
2338.533443177233
 23
2352.293674566044
 33
0.0
  0
SOLID
  5
63D
330
636
100
AcDbEntity
  8
0
 62
     0
440
 16777216
100
AcDbTrace
 10
2338.116776510567
 20
2324.096152621652
 30
0.0
 11
2338.950109843899
 21
2324.096152621652
 31
0.0
 12
2338.533443177233
 22
2321.596152621651
 32
0.0
 13
2338.533443177233
 23
2321.596152621651
 33
0.0
  0
MTEXT
  5
63E
330
636
100
AcDbEntity
  8
0
 62
     0
440
 16777216
100
AcDbMText
 10
2336.406055728393
 20
2336.944913593847
 30
0.0
 40
2.5
 41
0.0
 46
0.0
 71
     5
 72
     1
  1
30,7
 11
0.0000000000000001
 21
1.0
 31
0.0
 73
     1
 44
1.0
  0
POINT
  5
63F
330
636
100
AcDbEntity
  8
Defpoints
 62
     0
440
 16777216
100
AcDbPoint
 10
2338.533443177231
 20
2352.293674566044
 30
0.0
  0
POINT
  5
640
330
636
100
AcDbEntity
  8
Defpoints
 62
     0
440
 16777216
100
AcDbPoint
 10
2338.533443177231
 20
2321.596152621651
 30
0.0
  0
POINT
  5
641
330
636
100
AcDbEntity
  8
Defpoints
 62
     0
440
 16777216
100
AcDbPoint
 10
2338.533443177233
 20
2321.596152621651
 30
0.0
  0
ENDBLK
  5
638
330
636
100
AcDbEntity
  8
0
100
AcDbBlockEnd
  0
BLOCK
  5
643
330
642
100
AcDbEntity
  8
0
100
AcDbBlockBegin
  2
*D26
 70
     1
 10
0.0
 20
0.0
 30
0.0
  3
*D26
  1

  0
LINE
  5
645
330
642
100
AcDbEntity
  8
0
 62
     0
440
 16777216
370
    -2
100
AcDbLine
 10
2335.158443177231
 20
2367.346152621653
 30
0.0
 11
2339.783443177233
 21
2367.346152621653
 31
0.0
  0
LINE
  5
646
330
642
100
AcDbEntity
  8
0
 62
     0
440
 16777216
370
    -2
100
AcDbLine
 10
2335.158443177231
 20
2352.306326177847
 30
0.0
 11
2339.783443177233
 21
2352.306326177847
 31
0.0
  0
LINE
  5
647
330
642
100
AcDbEntity
  8
0
 62
     0
440
 16777216
370
    -2
100
AcDbLine
 10
2338.533443177233
 20
2364.846152621653
 30
0.0
 11
2338.533443177233
 21
2354.806326177848
 31
0.0
  0
SOLID
  5
648
330
642
100
AcDbEntity
  8
0
 62
     0
440
 16777216
100
AcDbTrace
 10
2338.116776510567
 20
2364.846152621653
 30
0.0
 11
2338.950109843899
 21
2364.846152621653
 31
0.0
 12
2338.533443177233
 22
2367.346152621653
 32
0.0
 13
2338.533443177233
 23
2367.346152621653
 33
0.0
  0
SOLID
  5
649
330
642
100
AcDbEntity
  8
0
 62
     0
440
 16777216
100
AcDbTrace
 10
2338.116776510567
 20
2354.806326177848
 30
0.0
 11
2338.950109843899
 21
2354.806326177848
 31
0.0
 12
2338.533443177233
 22
2352.306326177847
 32
0.0
 13
2338.533443177233
 23
2352.306326177847
 33
0.0
  0
MTEXT
  5
64A
330
642
100
AcDbEntity
  8
0
 62
     0
440
 16777216
100
AcDbMText
 10
2336.406055728393
 20
2359.826239399749
 30
0.0
 40
2.5
 41
0.0
 46
0.0
 71
     5
 72
     1
  1
15,04
 11
0.0000000000000001
 21
1.0
 31
0.0
 73
     1
 44
1.0
  0
POINT
  5
64B
330
642
100
AcDbEntity
  8
Defpoints
 62
     0
440
 16777216
100
AcDbPoint
 10
2334.533443177231
 20
2367.346152621653
 30
0.0
  0
POINT
  5
64C
330
642
100
AcDbEntity
  8
Defpoints
 62
     0
440
 16777216
100
AcDbPoint
 10
2334.533443177231
 20
2352.306326177847
 30
0.0
  0
POINT
  5
64D
330
642
100
AcDbEntity
  8
Defpoints
 62
     0
440
 16777216
100
AcDbPoint
 10
2338.533443177233
 20
2352.306326177847
 30
0.0
  0
ENDBLK
  5
644
330
642
100
AcDbEntity
  8
0
100
AcDbBlockEnd
  0
BLOCK
  5
659
330
658
100
AcDbEntity
  8
0
100
AcDbBlockBegin
  2
*U27
 70
     1
 10
0.0
 20
0.0
 30
0.0
  3
*U27
  1

  0
CIRCLE
  5
65F
330
658
100
AcDbEntity
  8
0
100
AcDbCircle
 10
0.0
 20
0.0
 30
0.0
 40
0.75
  0
ENDBLK
  5
65A
330
658
100
AcDbEntity
  8
0
100
AcDbBlockEnd
  0
BLOCK
  5
65C
330
65B
100
AcDbEntity
  8
0
100
AcDbBlockBegin
  2
*U28
 70
     1
 10
0.0
 20
0.0
 30
0.0
  3
*U28
  1

  0
INSERT
  5
66C
330
65B
100
AcDbEntity
  8
0
  6
ByBlock
347
ED
 62
     0
440
 16777216
370
    -2
380
     1
100
AcDbBlockReference
  2
*U27
 10
2311.63344317723
 20
2275.596152621651
 30
0.0
  0
INSERT
  5
66D
330
65B
100
AcDbEntity
  8
0
  6
ByBlock
347
ED
 62
     0
440
 16777216
370
    -2
380
     1
100
AcDbBlockReference
  2
*U27
 10
2319.319157462945
 20
2275.596152621651
 30
0.0
  0
INSERT
  5
66E
330
65B
100
AcDbEntity
  8
0
  6
ByBlock
347
ED
 62
     0
440
 16777216
370
    -2
380
     1
100
AcDbBlockReference
  2
*U27
 10
2327.004871748659
 20
2275.596152621651
 30
0.0
  0
INSERT
  5
66F
330
65B
100
AcDbEntity
  8
0
  6
ByBlock
347
ED
 62
     0
440
 16777216
370
    -2
380
     1
100
AcDbBlockReference
  2
*U27
 10
2334.690586034373
 20
2275.596152621651
 30
0.0
  0
INSERT
  5
670
330
65B
100
AcDbEntity
  8
0
  6
ByBlock
347
ED
 62
     0
440
 16777216
370
    -2
380
     1
100
AcDbBlockReference
  2
*U27
 10
2342.376300320088
 20
2275.596152621651
 30
0.0
  0
INSERT
  5
671
330
65B
100
AcDbEntity
  8
0
  6
ByBlock
347
ED
 62
     0
440
 16777216
370
    -2
380
     1
100
AcDbBlockReference
  2
*U27
 10
2350.062014605802
 20
2275.596152621651
 30
0.0
  0
INSERT
  5
672
330
65B
100
AcDbEntity
  8
0
  6
ByBlock
347
ED
 62
     0
440
 16777216
370
    -2
380
     1
100
AcDbBlockReference
  2
*U27
 10
2357.747728891516
 20
2275.596152621651
 30
0.0
  0
INSERT
  5
673
330
65B
100
AcDbEntity
  8
0
  6
ByBlock
347
ED
 62
     0
440
 16777216
370
    -2
380
     1
100
AcDbBlockReference
  2
*U27
 10
2365.433443177231
 20
2275.596152621651
 30
0.0
  0
ENDBLK
  5
65D
330
65B
100
AcDbEntity
  8
0
100
AcDbBlockEnd
  0
BLOCK
  5
70D
330
70C
100
AcDbEntity
  8
0
100
AcDbBlockBegin
  2
*U29
 70
     1
 10
0.0
 20
0.0
 30
0.0
  3
*U29
  1

  0
CIRCLE
  5
70E
330
70C
100
AcDbEntity
  8
0
100
AcDbCircle
 10
0.0
 20
0.0
 30
0.0
 40
0.75
  0
ENDBLK
  5
70F
330
70C
100
AcDbEntity
  8
0
100
AcDbBlockEnd
  0
BLOCK
  5
711
330
710
100
AcDbEntity
  8
0
100
AcDbBlockBegin
  2
*U30
 70
     1
 10
0.0
 20
0.0
 30
0.0
  3
*U30
  1

  0
INSERT
  5
712
330
710
100
AcDbEntity
  8
0
  6
ByBlock
347
ED
 62
     0
440
 16777216
370
    -2
380
     1
100
AcDbBlockReference
  2
*U29
 10
2233.664717572747
 20
2234.478822645767
 30
0.0
  0
INSERT
  5
713
330
710
100
AcDbEntity
  8
0
  6
ByBlock
347
ED
 62
     0
440
 16777216
370
    -2
380
     1
100
AcDbBlockReference
  2
*U29
 10
2239.237132540583
 20
2234.478822645767
 30
0.0
  0
INSERT
  5
714
330
710
100
AcDbEntity
  8
0
  6
ByBlock
347
ED
 62
     0
440
 16777216
370
    -2
380
     1
100
AcDbBlockReference
  2
*U29
 10
2244.809547508419
 20
2234.478822645767
 30
0.0
  0
INSERT
  5
715
330
710
100
AcDbEntity
  8
0
  6
ByBlock
347
ED
 62
     0
440
 16777216
370
    -2
380
     1
100
AcDbBlockReference
  2
*U29
 10
2250.381962476255
 20
2234.478822645767
 30
0.0
  0
INSERT
  5
716
330
710
100
AcDbEntity
  8
0
  6
ByBlock
347
ED
 62
     0
440
 16777216
370
    -2
380
     1
100
AcDbBlockReference
  2
*U29
 10
2255.954377444091
 20
2234.478822645767
 30
0.0
  0
INSERT
  5
717
330
710
100
AcDbEntity
  8
0
  6
ByBlock
347
ED
 62
     0
440
 16777216
370
    -2
380
     1
100
AcDbBlockReference
  2
*U29
 10
2261.526792411926
 20
2234.478822645767
 30
0.0
  0
INSERT
  5
718
330
710
100
AcDbEntity
  8
0
  6
ByBlock
347
ED
 62
     0
440
 16777216
370
    -2
380
     1
100
AcDbBlockReference
  2
*U29
 10
2267.099207379762
 20
2234.478822645767
 30
0.0
  0
INSERT
  5
719
330
710
100
AcDbEntity
  8
0
  6
ByBlock
347
ED
 62
     0
440
 16777216
370
    -2
380
     1
100
AcDbBlockReference
  2
*U29
 10
2272.671622347598
 20
2234.478822645767
 30
0.0
  0
INSERT
  5
71A
330
710
100
AcDbEntity
  8
0
  6
ByBlock
347
ED
 62
     0
440
 16777216
370
    -2
380
     1
100
AcDbBlockReference
  2
*U29
 10
2278.244037315433
 20
2234.478822645767
 30
0.0
  0
INSERT
  5
71B
330
710
100
AcDbEntity
  8
0
  6
ByBlock
347
ED
 62
     0
440
 16777216
370
    -2
380
     1
100
AcDbBlockReference
  2
*U29
 10
2283.816452283269
 20
2234.478822645767
 30
0.0
  0
INSERT
  5
71C
330
710
100
AcDbEntity
  8
0
  6
ByBlock
347
ED
 62
     0
440
 16777216
370
    -2
380
     1
100
AcDbBlockReference
  2
*U29
 10
2289.21587486424
 20
2233.664912313283
 30
0.0
 50
323.9488257985598
  0
INSERT
  5
71D
330
710
100
AcDbEntity
  8
0
  6
ByBlock
347
ED
 62
     0
440
 16777216
370
    -2
380
     1
100
AcDbBlockReference
  2
*U29
 10
2290.964717572748
 20
2228.658142388452
 30
0.0
 50
270.0
  0
INSERT
  5
71E
330
710
100
AcDbEntity
  8
0
  6
ByBlock
347
ED
 62
     0
440
 16777216
370
    -2
380
     1
100
AcDbBlockReference
  2
*U29
 10
2290.964717572748
 20
2223.085727420617
 30
0.0
 50
270.0
  0
INSERT
  5
71F
330
710
100
AcDbEntity
  8
0
  6
ByBlock
347
ED
 62
     0
440
 16777216
370
    -2
380
     1
100
AcDbBlockReference
  2
*U29
 10
2290.964717572748
 20
2217.513312452781
 30
0.0
 50
270.0
  0
INSERT
  5
720
330
710
100
AcDbEntity
  8
0
  6
ByBlock
347
ED
 62
     0
440
 16777216
370
    -2
380
     1
100
AcDbBlockReference
  2
*U29
 10
2290.964717572748
 20
2211.940897484945
 30
0.0
 50
270.0
  0
INSERT
  5
721
330
710
100
AcDbEntity
  8
0
  6
ByBlock
347
ED
 62
     0
440
 16777216
370
    -2
380
     1
100
AcDbBlockReference
  2
*U29
 10
2290.964717572748
 20
2206.368482517111
 30
0.0
 50
270.0
  0
INSERT
  5
722
330
710
100
AcDbEntity
  8
0
  6
ByBlock
347
ED
 62
     0
440
 16777216
370
    -2
380
     1
100
AcDbBlockReference
  2
*U29
 10
2290.964717572748
 20
2200.796067549274
 30
0.0
 50
270.0
  0
INSERT
  5
723
330
710
100
AcDbEntity
  8
0
  6
ByBlock
347
ED
 62
     0
440
 16777216
370
    -2
380
     1
100
AcDbBlockReference
  2
*U29
 10
2290.964717572748
 20
2195.223652581438
 30
0.0
 50
270.0
  0
INSERT
  5
724
330
710
100
AcDbEntity
  8
0
  6
ByBlock
347
ED
 62
     0
440
 16777216
370
    -2
380
     1
100
AcDbBlockReference
  2
*U29
 10
2290.964717572748
 20
2189.651237613603
 30
0.0
 50
270.0
  0
INSERT
  5
725
330
710
100
AcDbEntity
  8
0
  6
ByBlock
347
ED
 62
     0
440
 16777216
370
    -2
380
     1
100
AcDbBlockReference
  2
*U29
 10
2290.964717572748
 20
2184.078822645767
 30
0.0
 50
270.0
  0
INSERT
  5
726
330
710
100
AcDbEntity
  8
0
  6
ByBlock
347
ED
 62
     0
440
 16777216
370
    -2
380
     1
100
AcDbBlockReference
  2
*U29
 10
2290.964717572748
 20
2178.506407677931
 30
0.0
 50
270.0
  0
INSERT
  5
727
330
710
100
AcDbEntity
  8
0
  6
ByBlock
347
ED
 62
     0
440
 16777216
370
    -2
380
     1
100
AcDbBlockReference
  2
*U29
 10
2290.964717572748
 20
2172.933992710095
 30
0.0
 50
270.0
  0
INSERT
  5
728
330
710
100
AcDbEntity
  8
0
  6
ByBlock
347
ED
 62
     0
440
 16777216
370
    -2
380
     1
100
AcDbBlockReference
  2
*U29
 10
2290.964717572748
 20
2167.36157774226
 30
0.0
 50
270.0
  0
INSERT
  5
729
330
710
100
AcDbEntity
  8
0
  6
ByBlock
347
ED
 62
     0
440
 16777216
370
    -2
380
     1
100
AcDbBlockReference
  2
*U29
 10
2290.964717572748
 20
2161.789162774424
 30
0.0
 50
270.0
  0
INSERT
  5
72A
330
710
100
AcDbEntity
  8
0
  6
ByBlock
347
ED
 62
     0
440
 16777216
370
    -2
380
     1
100
AcDbBlockReference
  2
*U29
 10
2290.964717572748
 20
2156.216747806588
 30
0.0
 50
270.0
  0
INSERT
  5
72B
330
710
100
AcDbEntity
  8
0
  6
ByBlock
347
ED
 62
     0
440
 16777216
370
    -2
380
     1
100
AcDbBlockReference
  2
*U29
 10
2290.964717572748
 20
2150.644332838752
 30
0.0
 50
270.0
  0
INSERT
  5
72C
330
710
100
AcDbEntity
  8
0
  6
ByBlock
347
ED
 62
     0
440
 16777216
370
    -2
380
     1
100
AcDbBlockReference
  2
*U29
 10
2290.964717572748
 20
2145.071917870917
 30
0.0
 50
270.0
  0
INSERT
  5
72D
330
710
100
AcDbEntity
  8
0
  6
ByBlock
347
ED
 62
     0
440
 16777216
370
    -2
380
     1
100
AcDbBlockReference
  2
*U29
 10
2290.964717572748
 20
2139.499502903081
 30
0.0
 50
270.0
  0
INSERT
  5
72E
330
710
100
AcDbEntity
  8
0
  6
ByBlock
347
ED
 62
     0
440
 16777216
370
    -2
380
     1
100
AcDbBlockReference
  2
*U29
 10
2289.21587486424
 20
2134.49273297825
 30
0.0
 50
216.0511742014403
  0
INSERT
  5
72F
330
710
100
AcDbEntity
  8
0
  6
ByBlock
347
ED
 62
     0
440
 16777216
370
    -2
380
     1
100
AcDbBlockReference
  2
*U29
 10
2283.816452283269
 20
2133.678822645767
 30
0.0
 50
180.0
  0
INSERT
  5
730
330
710
100
AcDbEntity
  8
0
  6
ByBlock
347
ED
 62
     0
440
 16777216
370
    -2
380
     1
100
AcDbBlockReference
  2
*U29
 10
2278.244037315433
 20
2133.678822645767
 30
0.0
 50
180.0
  0
INSERT
  5
731
330
710
100
AcDbEntity
  8
0
  6
ByBlock
347
ED
 62
     0
440
 16777216
370
    -2
380
     1
100
AcDbBlockReference
  2
*U29
 10
2272.671622347598
 20
2133.678822645767
 30
0.0
 50
180.0
  0
INSERT
  5
732
330
710
100
AcDbEntity
  8
0
  6
ByBlock
347
ED
 62
     0
440
 16777216
370
    -2
380
     1
100
AcDbBlockReference
  2
*U29
 10
2267.099207379762
 20
2133.678822645767
 30
0.0
 50
180.0
  0
INSERT
  5
733
330
710
100
AcDbEntity
  8
0
  6
ByBlock
347
ED
 62
     0
440
 16777216
370
    -2
380
     1
100
AcDbBlockReference
  2
*U29
 10
2261.526792411926
 20
2133.678822645767
 30
0.0
 50
180.0
  0
INSERT
  5
734
330
710
100
AcDbEntity
  8
0
  6
ByBlock
347
ED
 62
     0
440
 16777216
370
    -2
380
     1
100
AcDbBlockReference
  2
*U29
 10
2255.954377444091
 20
2133.678822645767
 30
0.0
 50
180.0
  0
INSERT
  5
735
330
710
100
AcDbEntity
  8
0
  6
ByBlock
347
ED
 62
     0
440
 16777216
370
    -2
380
     1
100
AcDbBlockReference
  2
*U29
 10
2250.381962476255
 20
2133.678822645767
 30
0.0
 50
180.0
  0
INSERT
  5
736
330
710
100
AcDbEntity
  8
0
  6
ByBlock
347
ED
 62
     0
440
 16777216
370
    -2
380
     1
100
AcDbBlockReference
  2
*U29
 10
2244.809547508419
 20
2133.678822645767
 30
0.0
 50
180.0
  0
INSERT
  5
737
330
710
100
AcDbEntity
  8
0
  6
ByBlock
347
ED
 62
     0
440
 16777216
370
    -2
380
     1
100
AcDbBlockReference
  2
*U29
 10
2239.237132540583
 20
2133.678822645767
 30
0.0
 50
180.0
  0
INSERT
  5
738
330
710
100
AcDbEntity
  8
0
  6
ByBlock
347
ED
 62
     0
440
 16777216
370
    -2
380
     1
100
AcDbBlockReference
  2
*U29
 10
2233.664717572747
 20
2133.678822645767
 30
0.0
 50
180.0
  0
ENDBLK
  5
739
330
710
100
AcDbEntity
  8
0
100
AcDbBlockEnd
  0
BLOCK
  5
73B
330
73A
100
AcDbEntity
  8
0
100
AcDbBlockBegin
  2
*U31
 70
     1
 10
0.0
 20
0.0
 30
0.0
  3
*U31
  1

  0
CIRCLE
  5
73C
330
73A
100
AcDbEntity
  8
0
100
AcDbCircle
 10
0.0
 20
0.0
 30
0.0
 40
0.75
  0
ENDBLK
  5
73D
330
73A
100
AcDbEntity
  8
0
100
AcDbBlockEnd
  0
BLOCK
  5
73F
330
73E
100
AcDbEntity
  8
0
100
AcDbBlockBegin
  2
*U32
 70
     1
 10
0.0
 20
0.0
 30
0.0
  3
*U32
  1

  0
INSERT
  5
740
330
73E
100
AcDbEntity
  8
0
  6
ByBlock
347
ED
 62
     0
440
 16777216
370
    -2
380
     1
100
AcDbBlockReference
  2
*U31
 10
2233.664717572747
 20
2133.678822645767
 30
0.0
 50
90.0
  0
INSERT
  5
741
330
73E
100
AcDbEntity
  8
0
  6
ByBlock
347
ED
 62
     0
440
 16777216
370
    -2
380
     1
100
AcDbBlockReference
  2
*U31
 10
2233.664717572747
 20
2139.278822645767
 30
0.0
 50
90.0
  0
INSERT
  5
742
330
73E
100
AcDbEntity
  8
0
  6
ByBlock
347
ED
 62
     0
440
 16777216
370
    -2
380
     1
100
AcDbBlockReference
  2
*U31
 10
2233.664717572747
 20
2144.878822645766
 30
0.0
 50
90.0
  0
INSERT
  5
743
330
73E
100
AcDbEntity
  8
0
  6
ByBlock
347
ED
 62
     0
440
 16777216
370
    -2
380
     1
100
AcDbBlockReference
  2
*U31
 10
2233.664717572747
 20
2150.478822645767
 30
0.0
 50
90.0
  0
INSERT
  5
744
330
73E
100
AcDbEntity
  8
0
  6
ByBlock
347
ED
 62
     0
440
 16777216
370
    -2
380
     1
100
AcDbBlockReference
  2
*U31
 10
2233.664717572747
 20
2156.078822645767
 30
0.0
 50
90.0
  0
INSERT
  5
745
330
73E
100
AcDbEntity
  8
0
  6
ByBlock
347
ED
 62
     0
440
 16777216
370
    -2
380
     1
100
AcDbBlockReference
  2
*U31
 10
2233.664717572747
 20
2161.678822645766
 30
0.0
 50
90.0
  0
INSERT
  5
746
330
73E
100
AcDbEntity
  8
0
  6
ByBlock
347
ED
 62
     0
440
 16777216
370
    -2
380
     1
100
AcDbBlockReference
  2
*U31
 10
2233.664717572747
 20
2167.278822645767
 30
0.0
 50
90.0
  0
INSERT
  5
747
330
73E
100
AcDbEntity
  8
0
  6
ByBlock
347
ED
 62
     0
440
 16777216
370
    -2
380
     1
100
AcDbBlockReference
  2
*U31
 10
2233.664717572747
 20
2172.878822645767
 30
0.0
 50
90.0
  0
INSERT
  5
748
330
73E
100
AcDbEntity
  8
0
  6
ByBlock
347
ED
 62
     0
440
 16777216
370
    -2
380
     1
100
AcDbBlockReference
  2
*U31
 10
2233.664717572747
 20
2178.478822645767
 30
0.0
 50
90.0
  0
INSERT
  5
749
330
73E
100
AcDbEntity
  8
0
  6
ByBlock
347
ED
 62
     0
440
 16777216
370
    -2
380
     1
100
AcDbBlockReference
  2
*U31
 10
2233.664717572747
 20
2184.078822645767
 30
0.0
 50
90.0
  0
INSERT
  5
74A
330
73E
100
AcDbEntity
  8
0
  6
ByBlock
347
ED
 62
     0
440
 16777216
370
    -2
380
     1
100
AcDbBlockReference
  2
*U31
 10
2233.664717572747
 20
2189.678822645767
 30
0.0
 50
90.0
  0
INSERT
  5
74B
330
73E
100
AcDbEntity
  8
0
  6
ByBlock
347
ED
 62
     0
440
 16777216
370
    -2
380
     1
100
AcDbBlockReference
  2
*U31
 10
2233.664717572747
 20
2195.278822645767
 30
0.0
 50
90.0
  0
INSERT
  5
74C
330
73E
100
AcDbEntity
  8
0
  6
ByBlock
347
ED
 62
     0
440
 16777216
370
    -2
380
     1
100
AcDbBlockReference
  2
*U31
 10
2233.664717572747
 20
2200.878822645767
 30
0.0
 50
90.0
  0
INSERT
  5
74D
330
73E
100
AcDbEntity
  8
0
  6
ByBlock
347
ED
 62
     0
440
 16777216
370
    -2
380
     1
100
AcDbBlockReference
  2
*U31
 10
2233.664717572747
 20
2206.478822645767
 30
0.0
 50
90.0
  0
INSERT
  5
74E
330
73E
100
AcDbEntity
  8
0
  6
ByBlock
347
ED
 62
     0
440
 16777216
370
    -2
380
     1
100
AcDbBlockReference
  2
*U31
 10
2233.664717572747
 20
2212.078822645767
 30
0.0
 50
90.0
  0
INSERT
  5
74F
330
73E
100
AcDbEntity
  8
0
  6
ByBlock
347
ED
 62
     0
440
 16777216
370
    -2
380
     1
100
AcDbBlockReference
  2
*U31
 10
2233.664717572747
 20
2217.678822645767
 30
0.0
 50
90.0
  0
INSERT
  5
750
330
73E
100
AcDbEntity
  8
0
  6
ByBlock
347
ED
 62
     0
440
 16777216
370
    -2
380
     1
100
AcDbBlockReference
  2
*U31
 10
2233.664717572747
 20
2223.278822645767
 30
0.0
 50
90.0
  0
INSERT
  5
751
330
73E
100
AcDbEntity
  8
0
  6
ByBlock
347
ED
 62
     0
440
 16777216
370
    -2
380
     1
100
AcDbBlockReference
  2
*U31
 10
2233.664717572747
 20
2228.878822645767
 30
0.0
 50
90.0
  0
INSERT
  5
752
330
73E
100
AcDbEntity
  8
0
  6
ByBlock
347
ED
 62
     0
440
 16777216
370
    -2
380
     1
100
AcDbBlockReference
  2
*U31
 10
2233.664717572747
 20
2234.478822645767
 30
0.0
 50
90.0
  0
ENDBLK
  5
753
330
73E
100
AcDbEntity
  8
0
100
AcDbBlockEnd
  0
BLOCK
  5
755
330
754
100
AcDbEntity
  8
0
100
AcDbBlockBegin
  2
*D33
 70
     1
 10
0.0
 20
0.0
 30
0.0
  3
*D33
  1

  0
LINE
  5
756
330
754
100
AcDbEntity
  8
0
 62
     0
440
 16777216
370
    -2
100
AcDbLine
 10
2261.689717572749
 20
2321.596152621651
 30
0.0
 11
2257.064717572749
 21
2321.596152621651
 31
0.0
  0
LINE
  5
757
330
754
100
AcDbEntity
  8
0
 62
     0
440
 16777216
370
    -2
100
AcDbLine
 10
2261.689717572749
 20
2259.046152621652
 30
0.0
 11
2257.064717572749
 21
2259.046152621652
 31
0.0
  0
LINE
  5
758
330
754
100
AcDbEntity
  8
0
 62
     0
440
 16777216
370
    -2
100
AcDbLine
 10
2258.31471757275
 20
2319.096152621652
 30
0.0
 11
2258.31471757275
 21
2261.546152621653
 31
0.0
  0
SOLID
  5
759
330
754
100
AcDbEntity
  8
0
 62
     0
440
 16777216
100
AcDbTrace
 10
2257.898050906083
 20
2319.096152621652
 30
0.0
 11
2258.731384239416
 21
2319.096152621652
 31
0.0
 12
2258.31471757275
 22
2321.596152621651
 32
0.0
 13
2258.31471757275
 23
2321.596152621651
 33
0.0
  0
SOLID
  5
75A
330
754
100
AcDbEntity
  8
0
 62
     0
440
 16777216
100
AcDbTrace
 10
2257.898050906083
 20
2261.546152621653
 30
0.0
 11
2258.731384239416
 21
2261.546152621653
 31
0.0
 12
2258.31471757275
 22
2259.046152621652
 32
0.0
 13
2258.31471757275
 23
2259.046152621652
 33
0.0
  0
MTEXT
  5
75B
330
754
100
AcDbEntity
  8
0
 62
     0
440
 16777216
100
AcDbMText
 10
2256.187330123909
 20
2290.321152621651
 30
0.0
 40
2.5
 41
0.0
 46
0.0
 71
     5
 72
     1
  1
62,55
 11
0.0000000000000001
 21
1.0
 31
0.0
 73
     1
 44
1.0
  0
POINT
  5
75C
330
754
100
AcDbEntity
  8
Defpoints
 62
     0
440
 16777216
100
AcDbPoint
 10
2262.314717572749
 20
2321.596152621651
 30
0.0
  0
POINT
  5
75D
330
754
100
AcDbEntity
  8
Defpoints
 62
     0
440
 16777216
100
AcDbPoint
 10
2262.314717572749
 20
2259.046152621652
 30
0.0
  0
POINT
  5
75E
330
754
100
AcDbEntity
  8
Defpoints
 62
     0
440
 16777216
100
AcDbPoint
 10
2258.31471757275
 20
2259.046152621652
 30
0.0
  0
ENDBLK
  5
75F
330
754
100
AcDbEntity
  8
0
100
AcDbBlockEnd
  0
BLOCK
  5
761
330
760
100
AcDbEntity
  8
0
100
AcDbBlockBegin
  2
*D34
 70
     1
 10
0.0
 20
0.0
 30
0.0
  3
*D34
  1

  0
LINE
  5
762
330
760
100
AcDbEntity
  8
0
 62
     0
440
 16777216
370
    -2
100
AcDbLine
 10
2262.939717572749
 20
2352.293674566044
 30
0.0
 11
2263.56471757275
 21
2352.293674566044
 31
0.0
  0
LINE
  5
763
330
760
100
AcDbEntity
  8
0
 62
     0
440
 16777216
370
    -2
100
AcDbLine
 10
2262.939717572749
 20
2321.596152621651
 30
0.0
 11
2263.56471757275
 21
2321.596152621651
 31
0.0
  0
LINE
  5
764
330
760
100
AcDbEntity
  8
0
 62
     0
440
 16777216
370
    -2
100
AcDbLine
 10
2262.31471757275
 20
2349.793674566044
 30
0.0
 11
2262.31471757275
 21
2324.096152621652
 31
0.0
  0
SOLID
  5
765
330
760
100
AcDbEntity
  8
0
 62
     0
440
 16777216
100
AcDbTrace
 10
2261.898050906083
 20
2349.793674566044
 30
0.0
 11
2262.731384239416
 21
2349.793674566044
 31
0.0
 12
2262.31471757275
 22
2352.293674566044
 32
0.0
 13
2262.31471757275
 23
2352.293674566044
 33
0.0
  0
SOLID
  5
766
330
760
100
AcDbEntity
  8
0
 62
     0
440
 16777216
100
AcDbTrace
 10
2261.898050906083
 20
2324.096152621652
 30
0.0
 11
2262.731384239416
 21
2324.096152621652
 31
0.0
 12
2262.31471757275
 22
2321.596152621651
 32
0.0
 13
2262.31471757275
 23
2321.596152621651
 33
0.0
  0
MTEXT
  5
767
330
760
100
AcDbEntity
  8
0
 62
     0
440
 16777216
100
AcDbMText
 10
2260.187330123909
 20
2336.944913593847
 30
0.0
 40
2.5
 41
0.0
 46
0.0
 71
     5
 72
     1
  1
30,7
 11
0.0000000000000001
 21
1.0
 31
0.0
 73
     1
 44
1.0
  0
POINT
  5
768
330
760
100
AcDbEntity
  8
Defpoints
 62
     0
440
 16777216
100
AcDbPoint
 10
2262.314717572749
 20
2352.293674566044
 30
0.0
  0
POINT
  5
769
330
760
100
AcDbEntity
  8
Defpoints
 62
     0
440
 16777216
100
AcDbPoint
 10
2262.314717572749
 20
2321.596152621651
 30
0.0
  0
POINT
  5
76A
330
760
100
AcDbEntity
  8
Defpoints
 62
     0
440
 16777216
100
AcDbPoint
 10
2262.31471757275
 20
2321.596152621651
 30
0.0
  0
ENDBLK
  5
76B
330
760
100
AcDbEntity
  8
0
100
AcDbBlockEnd
  0
BLOCK
  5
76D
330
76C
100
AcDbEntity
  8
0
100
AcDbBlockBegin
  2
*D35
 70
     1
 10
0.0
 20
0.0
 30
0.0
  3
*D35
  1

  0
LINE
  5
76E
330
76C
100
AcDbEntity
  8
0
 62
     0
440
 16777216
370
    -2
100
AcDbLine
 10
2258.939717572749
 20
2367.346152621653
 30
0.0
 11
2263.56471757275
 21
2367.346152621653
 31
0.0
  0
LINE
  5
76F
330
76C
100
AcDbEntity
  8
0
 62
     0
440
 16777216
370
    -2
100
AcDbLine
 10
2258.939717572749
 20
2352.306326177847
 30
0.0
 11
2263.56471757275
 21
2352.306326177847
 31
0.0
  0
LINE
  5
770
330
76C
100
AcDbEntity
  8
0
 62
     0
440
 16777216
370
    -2
100
AcDbLine
 10
2262.31471757275
 20
2364.846152621653
 30
0.0
 11
2262.31471757275
 21
2354.806326177848
 31
0.0
  0
SOLID
  5
771
330
76C
100
AcDbEntity
  8
0
 62
     0
440
 16777216
100
AcDbTrace
 10
2261.898050906083
 20
2364.846152621653
 30
0.0
 11
2262.731384239416
 21
2364.846152621653
 31
0.0
 12
2262.31471757275
 22
2367.346152621653
 32
0.0
 13
2262.31471757275
 23
2367.346152621653
 33
0.0
  0
SOLID
  5
772
330
76C
100
AcDbEntity
  8
0
 62
     0
440
 16777216
100
AcDbTrace
 10
2261.898050906083
 20
2354.806326177848
 30
0.0
 11
2262.731384239416
 21
2354.806326177848
 31
0.0
 12
2262.31471757275
 22
2352.306326177847
 32
0.0
 13
2262.31471757275
 23
2352.306326177847
 33
0.0
  0
MTEXT
  5
773
330
76C
100
AcDbEntity
  8
0
 62
     0
440
 16777216
100
AcDbMText
 10
2260.187330123909
 20
2359.826239399749
 30
0.0
 40
2.5
 41
0.0
 46
0.0
 71
     5
 72
     1
  1
15,04
 11
0.0000000000000001
 21
1.0
 31
0.0
 73
     1
 44
1.0
  0
POINT
  5
774
330
76C
100
AcDbEntity
  8
Defpoints
 62
     0
440
 16777216
100
AcDbPoint
 10
2258.314717572749
 20
2367.346152621653
 30
0.0
  0
POINT
  5
775
330
76C
100
AcDbEntity
  8
Defpoints
 62
     0
440
 16777216
100
AcDbPoint
 10
2258.314717572749
 20
2352.306326177847
 30
0.0
  0
POINT
  5
776
330
76C
100
AcDbEntity
  8
Defpoints
 62
     0
440
 16777216
100
AcDbPoint
 10
2262.31471757275
 20
2352.306326177847
 30
0.0
  0
ENDBLK
  5
777
330
76C
100
AcDbEntity
  8
0
100
AcDbBlockEnd
  0
BLOCK
  5
7BB
330
7BA
100
AcDbEntity
  8
0
100
AcDbBlockBegin
  2
*U36
 70
     1
 10
0.0
 20
0.0
 30
0.0
  3
*U36
  1

  0
CIRCLE
  5
7BC
330
7BA
100
AcDbEntity
  8
0
100
AcDbCircle
 10
0.0
 20
0.0
 30
0.0
 40
0.75
  0
ENDBLK
  5
7BD
330
7BA
100
AcDbEntity
  8
0
100
AcDbBlockEnd
  0
BLOCK
  5
7C1
330
7C0
100
AcDbEntity
  8
0
100
AcDbBlockBegin
  2
*U37
 70
     1
 10
0.0
 20
0.0
 30
0.0
  3
*U37
  1

  0
INSERT
  5
7C2
330
7C0
100
AcDbEntity
  8
0
  6
ByBlock
347
ED
 62
     0
440
 16777216
370
    -2
380
     1
100
AcDbBlockReference
  2
*U36
 10
2233.664717572747
 20
2234.478822645767
 30
0.0
  0
INSERT
  5
7C3
330
7C0
100
AcDbEntity
  8
0
  6
ByBlock
347
ED
 62
     0
440
 16777216
370
    -2
380
     1
100
AcDbBlockReference
  2
*U36
 10
2239.237132540583
 20
2234.478822645767
 30
0.0
  0
INSERT
  5
7C4
330
7C0
100
AcDbEntity
  8
0
  6
ByBlock
347
ED
 62
     0
440
 16777216
370
    -2
380
     1
100
AcDbBlockReference
  2
*U36
 10
2244.809547508419
 20
2234.478822645767
 30
0.0
  0
INSERT
  5
7C5
330
7C0
100
AcDbEntity
  8
0
  6
ByBlock
347
ED
 62
     0
440
 16777216
370
    -2
380
     1
100
AcDbBlockReference
  2
*U36
 10
2250.381962476255
 20
2234.478822645767
 30
0.0
  0
INSERT
  5
7C6
330
7C0
100
AcDbEntity
  8
0
  6
ByBlock
347
ED
 62
     0
440
 16777216
370
    -2
380
     1
100
AcDbBlockReference
  2
*U36
 10
2255.954377444091
 20
2234.478822645767
 30
0.0
  0
INSERT
  5
7C7
330
7C0
100
AcDbEntity
  8
0
  6
ByBlock
347
ED
 62
     0
440
 16777216
370
    -2
380
     1
100
AcDbBlockReference
  2
*U36
 10
2261.526792411926
 20
2234.478822645767
 30
0.0
  0
INSERT
  5
7C8
330
7C0
100
AcDbEntity
  8
0
  6
ByBlock
347
ED
 62
     0
440
 16777216
370
    -2
380
     1
100
AcDbBlockReference
  2
*U36
 10
2267.099207379762
 20
2234.478822645767
 30
0.0
  0
INSERT
  5
7C9
330
7C0
100
AcDbEntity
  8
0
  6
ByBlock
347
ED
 62
     0
440
 16777216
370
    -2
380
     1
100
AcDbBlockReference
  2
*U36
 10
2272.671622347598
 20
2234.478822645767
 30
0.0
  0
INSERT
  5
7CA
330
7C0
100
AcDbEntity
  8
0
  6
ByBlock
347
ED
 62
     0
440
 16777216
370
    -2
380
     1
100
AcDbBlockReference
  2
*U36
 10
2278.244037315433
 20
2234.478822645767
 30
0.0
  0
INSERT
  5
7CB
330
7C0
100
AcDbEntity
  8
0
  6
ByBlock
347
ED
 62
     0
440
 16777216
370
    -2
380
     1
100
AcDbBlockReference
  2
*U36
 10
2283.816452283269
 20
2234.478822645767
 30
0.0
  0
INSERT
  5
7CC
330
7C0
100
AcDbEntity
  8
0
  6
ByBlock
347
ED
 62
     0
440
 16777216
370
    -2
380
     1
100
AcDbBlockReference
  2
*U36
 10
2289.21587486424
 20
2233.664912313283
 30
0.0
 50
323.9488257985598
  0
INSERT
  5
7CD
330
7C0
100
AcDbEntity
  8
0
  6
ByBlock
347
ED
 62
     0
440
 16777216
370
    -2
380
     1
100
AcDbBlockReference
  2
*U36
 10
2290.964717572748
 20
2228.658142388452
 30
0.0
 50
270.0
  0
INSERT
  5
7CE
330
7C0
100
AcDbEntity
  8
0
  6
ByBlock
347
ED
 62
     0
440
 16777216
370
    -2
380
     1
100
AcDbBlockReference
  2
*U36
 10
2290.964717572748
 20
2223.085727420617
 30
0.0
 50
270.0
  0
INSERT
  5
7CF
330
7C0
100
AcDbEntity
  8
0
  6
ByBlock
347
ED
 62
     0
440
 16777216
370
    -2
380
     1
100
AcDbBlockReference
  2
*U36
 10
2290.964717572748
 20
2217.513312452781
 30
0.0
 50
270.0
  0
INSERT
  5
7D0
330
7C0
100
AcDbEntity
  8
0
  6
ByBlock
347
ED
 62
     0
440
 16777216
370
    -2
380
     1
100
AcDbBlockReference
  2
*U36
 10
2290.964717572748
 20
2211.940897484945
 30
0.0
 50
270.0
  0
INSERT
  5
7D1
330
7C0
100
AcDbEntity
  8
0
  6
ByBlock
347
ED
 62
     0
440
 16777216
370
    -2
380
     1
100
AcDbBlockReference
  2
*U36
 10
2290.964717572748
 20
2206.368482517111
 30
0.0
 50
270.0
  0
INSERT
  5
7D2
330
7C0
100
AcDbEntity
  8
0
  6
ByBlock
347
ED
 62
     0
440
 16777216
370
    -2
380
     1
100
AcDbBlockReference
  2
*U36
 10
2290.964717572748
 20
2200.796067549274
 30
0.0
 50
270.0
  0
INSERT
  5
7D3
330
7C0
100
AcDbEntity
  8
0
  6
ByBlock
347
ED
 62
     0
440
 16777216
370
    -2
380
     1
100
AcDbBlockReference
  2
*U36
 10
2290.964717572748
 20
2195.223652581438
 30
0.0
 50
270.0
  0
INSERT
  5
7D4
330
7C0
100
AcDbEntity
  8
0
  6
ByBlock
347
ED
 62
     0
440
 16777216
370
    -2
380
     1
100
AcDbBlockReference
  2
*U36
 10
2290.964717572748
 20
2189.651237613603
 30
0.0
 50
270.0
  0
INSERT
  5
7D5
330
7C0
100
AcDbEntity
  8
0
  6
ByBlock
347
ED
 62
     0
440
 16777216
370
    -2
380
     1
100
AcDbBlockReference
  2
*U36
 10
2290.964717572748
 20
2184.078822645767
 30
0.0
 50
270.0
  0
INSERT
  5
7D6
330
7C0
100
AcDbEntity
  8
0
  6
ByBlock
347
ED
 62
     0
440
 16777216
370
    -2
380
     1
100
AcDbBlockReference
  2
*U36
 10
2290.964717572748
 20
2178.506407677931
 30
0.0
 50
270.0
  0
INSERT
  5
7D7
330
7C0
100
AcDbEntity
  8
0
  6
ByBlock
347
ED
 62
     0
440
 16777216
370
    -2
380
     1
100
AcDbBlockReference
  2
*U36
 10
2290.964717572748
 20
2172.933992710095
 30
0.0
 50
270.0
  0
INSERT
  5
7D8
330
7C0
100
AcDbEntity
  8
0
  6
ByBlock
347
ED
 62
     0
440
 16777216
370
    -2
380
     1
100
AcDbBlockReference
  2
*U36
 10
2290.964717572748
 20
2167.36157774226
 30
0.0
 50
270.0
  0
INSERT
  5
7D9
330
7C0
100
AcDbEntity
  8
0
  6
ByBlock
347
ED
 62
     0
440
 16777216
370
    -2
380
     1
100
AcDbBlockReference
  2
*U36
 10
2290.964717572748
 20
2161.789162774424
 30
0.0
 50
270.0
  0
INSERT
  5
7DA
330
7C0
100
AcDbEntity
  8
0
  6
ByBlock
347
ED
 62
     0
440
 16777216
370
    -2
380
     1
100
AcDbBlockReference
  2
*U36
 10
2290.964717572748
 20
2156.216747806588
 30
0.0
 50
270.0
  0
INSERT
  5
7DB
330
7C0
100
AcDbEntity
  8
0
  6
ByBlock
347
ED
 62
     0
440
 16777216
370
    -2
380
     1
100
AcDbBlockReference
  2
*U36
 10
2290.964717572748
 20
2150.644332838752
 30
0.0
 50
270.0
  0
INSERT
  5
7DC
330
7C0
100
AcDbEntity
  8
0
  6
ByBlock
347
ED
 62
     0
440
 16777216
370
    -2
380
     1
100
AcDbBlockReference
  2
*U36
 10
2290.964717572748
 20
2145.071917870917
 30
0.0
 50
270.0
  0
INSERT
  5
7DD
330
7C0
100
AcDbEntity
  8
0
  6
ByBlock
347
ED
 62
     0
440
 16777216
370
    -2
380
     1
100
AcDbBlockReference
  2
*U36
 10
2290.964717572748
 20
2139.499502903081
 30
0.0
 50
270.0
  0
INSERT
  5
7DE
330
7C0
100
AcDbEntity
  8
0
  6
ByBlock
347
ED
 62
     0
440
 16777216
370
    -2
380
     1
100
AcDbBlockReference
  2
*U36
 10
2289.21587486424
 20
2134.49273297825
 30
0.0
 50
216.0511742014403
  0
INSERT
  5
7DF
330
7C0
100
AcDbEntity
  8
0
  6
ByBlock
347
ED
 62
     0
440
 16777216
370
    -2
380
     1
100
AcDbBlockReference
  2
*U36
 10
2283.816452283269
 20
2133.678822645767
 30
0.0
 50
180.0
  0
INSERT
  5
7E0
330
7C0
100
AcDbEntity
  8
0
  6
ByBlock
347
ED
 62
     0
440
 16777216
370
    -2
380
     1
100
AcDbBlockReference
  2
*U36
 10
2278.244037315433
 20
2133.678822645767
 30
0.0
 50
180.0
  0
INSERT
  5
7E1
330
7C0
100
AcDbEntity
  8
0
  6
ByBlock
347
ED
 62
     0
440
 16777216
370
    -2
380
     1
100
AcDbBlockReference
  2
*U36
 10
2272.671622347598
 20
2133.678822645767
 30
0.0
 50
180.0
  0
INSERT
  5
7E2
330
7C0
100
AcDbEntity
  8
0
  6
ByBlock
347
ED
 62
     0
440
 16777216
370
    -2
380
     1
100
AcDbBlockReference
  2
*U36
 10
2267.099207379762
 20
2133.678822645767
 30
0.0
 50
180.0
  0
INSERT
  5
7E3
330
7C0
100
AcDbEntity
  8
0
  6
ByBlock
347
ED
 62
     0
440
 16777216
370
    -2
380
     1
100
AcDbBlockReference
  2
*U36
 10
2261.526792411926
 20
2133.678822645767
 30
0.0
 50
180.0
  0
INSERT
  5
7E4
330
7C0
100
AcDbEntity
  8
0
  6
ByBlock
347
ED
 62
     0
440
 16777216
370
    -2
380
     1
100
AcDbBlockReference
  2
*U36
 10
2255.954377444091
 20
2133.678822645767
 30
0.0
 50
180.0
  0
INSERT
  5
7E5
330
7C0
100
AcDbEntity
  8
0
  6
ByBlock
347
ED
 62
     0
440
 16777216
370
    -2
380
     1
100
AcDbBlockReference
  2
*U36
 10
2250.381962476255
 20
2133.678822645767
 30
0.0
 50
180.0
  0
INSERT
  5
7E6
330
7C0
100
AcDbEntity
  8
0
  6
ByBlock
347
ED
 62
     0
440
 16777216
370
    -2
380
     1
100
AcDbBlockReference
  2
*U36
 10
2244.809547508419
 20
2133.678822645767
 30
0.0
 50
180.0
  0
INSERT
  5
7E7
330
7C0
100
AcDbEntity
  8
0
  6
ByBlock
347
ED
 62
     0
440
 16777216
370
    -2
380
     1
100
AcDbBlockReference
  2
*U36
 10
2239.237132540583
 20
2133.678822645767
 30
0.0
 50
180.0
  0
INSERT
  5
7E8
330
7C0
100
AcDbEntity
  8
0
  6
ByBlock
347
ED
 62
     0
440
 16777216
370
    -2
380
     1
100
AcDbBlockReference
  2
*U36
 10
2233.664717572747
 20
2133.678822645767
 30
0.0
 50
180.0
  0
ENDBLK
  5
7E9
330
7C0
100
AcDbEntity
  8
0
100
AcDbBlockEnd
  0
BLOCK
  5
7EB
330
7EA
100
AcDbEntity
  8
0
100
AcDbBlockBegin
  2
*U38
 70
     1
 10
0.0
 20
0.0
 30
0.0
  3
*U38
  1

  0
CIRCLE
  5
7EC
330
7EA
100
AcDbEntity
  8
0
100
AcDbCircle
 10
0.0
 20
0.0
 30
0.0
 40
0.75
  0
ENDBLK
  5
7ED
330
7EA
100
AcDbEntity
  8
0
100
AcDbBlockEnd
  0
BLOCK
  5
7EF
330
7EE
100
AcDbEntity
  8
0
100
AcDbBlockBegin
  2
*U39
 70
     1
 10
0.0
 20
0.0
 30
0.0
  3
*U39
  1

  0
INSERT
  5
7F0
330
7EE
100
AcDbEntity
  8
0
  6
ByBlock
347
ED
 62
     0
440
 16777216
370
    -2
380
     1
100
AcDbBlockReference
  2
*U38
 10
2233.664717572747
 20
2133.678822645767
 30
0.0
 50
90.0
  0
INSERT
  5
7F1
330
7EE
100
AcDbEntity
  8
0
  6
ByBlock
347
ED
 62
     0
440
 16777216
370
    -2
380
     1
100
AcDbBlockReference
  2
*U38
 10
2233.664717572747
 20
2139.278822645767
 30
0.0
 50
90.0
  0
INSERT
  5
7F2
330
7EE
100
AcDbEntity
  8
0
  6
ByBlock
347
ED
 62
     0
440
 16777216
370
    -2
380
     1
100
AcDbBlockReference
  2
*U38
 10
2233.664717572747
 20
2144.878822645766
 30
0.0
 50
90.0
  0
INSERT
  5
7F3
330
7EE
100
AcDbEntity
  8
0
  6
ByBlock
347
ED
 62
     0
440
 16777216
370
    -2
380
     1
100
AcDbBlockReference
  2
*U38
 10
2233.664717572747
 20
2150.478822645767
 30
0.0
 50
90.0
  0
INSERT
  5
7F4
330
7EE
100
AcDbEntity
  8
0
  6
ByBlock
347
ED
 62
     0
440
 16777216
370
    -2
380
     1
100
AcDbBlockReference
  2
*U38
 10
2233.664717572747
 20
2156.078822645767
 30
0.0
 50
90.0
  0
INSERT
  5
7F5
330
7EE
100
AcDbEntity
  8
0
  6
ByBlock
347
ED
 62
     0
440
 16777216
370
    -2
380
     1
100
AcDbBlockReference
  2
*U38
 10
2233.664717572747
 20
2161.678822645766
 30
0.0
 50
90.0
  0
INSERT
  5
7F6
330
7EE
100
AcDbEntity
  8
0
  6
ByBlock
347
ED
 62
     0
440
 16777216
370
    -2
380
     1
100
AcDbBlockReference
  2
*U38
 10
2233.664717572747
 20
2167.278822645767
 30
0.0
 50
90.0
  0
INSERT
  5
7F7
330
7EE
100
AcDbEntity
  8
0
  6
ByBlock
347
ED
 62
     0
440
 16777216
370
    -2
380
     1
100
AcDbBlockReference
  2
*U38
 10
2233.664717572747
 20
2172.878822645767
 30
0.0
 50
90.0
  0
INSERT
  5
7F8
330
7EE
100
AcDbEntity
  8
0
  6
ByBlock
347
ED
 62
     0
440
 16777216
370
    -2
380
     1
100
AcDbBlockReference
  2
*U38
 10
2233.664717572747
 20
2178.478822645767
 30
0.0
 50
90.0
  0
INSERT
  5
7F9
330
7EE
100
AcDbEntity
  8
0
  6
ByBlock
347
ED
 62
     0
440
 16777216
370
    -2
380
     1
100
AcDbBlockReference
  2
*U38
 10
2233.664717572747
 20
2184.078822645767
 30
0.0
 50
90.0
  0
INSERT
  5
7FA
330
7EE
100
AcDbEntity
  8
0
  6
ByBlock
347
ED
 62
     0
440
 16777216
370
    -2
380
     1
100
AcDbBlockReference
  2
*U38
 10
2233.664717572747
 20
2189.678822645767
 30
0.0
 50
90.0
  0
INSERT
  5
7FB
330
7EE
100
AcDbEntity
  8
0
  6
ByBlock
347
ED
 62
     0
440
 16777216
370
    -2
380
     1
100
AcDbBlockReference
  2
*U38
 10
2233.664717572747
 20
2195.278822645767
 30
0.0
 50
90.0
  0
INSERT
  5
7FC
330
7EE
100
AcDbEntity
  8
0
  6
ByBlock
347
ED
 62
     0
440
 16777216
370
    -2
380
     1
100
AcDbBlockReference
  2
*U38
 10
2233.664717572747
 20
2200.878822645767
 30
0.0
 50
90.0
  0
INSERT
  5
7FD
330
7EE
100
AcDbEntity
  8
0
  6
ByBlock
347
ED
 62
     0
440
 16777216
370
    -2
380
     1
100
AcDbBlockReference
  2
*U38
 10
2233.664717572747
 20
2206.478822645767
 30
0.0
 50
90.0
  0
INSERT
  5
7FE
330
7EE
100
AcDbEntity
  8
0
  6
ByBlock
347
ED
 62
     0
440
 16777216
370
    -2
380
     1
100
AcDbBlockReference
  2
*U38
 10
2233.664717572747
 20
2212.078822645767
 30
0.0
 50
90.0
  0
INSERT
  5
7FF
330
7EE
100
AcDbEntity
  8
0
  6
ByBlock
347
ED
 62
     0
440
 16777216
370
    -2
380
     1
100
AcDbBlockReference
  2
*U38
 10
2233.664717572747
 20
2217.678822645767
 30
0.0
 50
90.0
  0
INSERT
  5
800
330
7EE
100
AcDbEntity
  8
0
  6
ByBlock
347
ED
 62
     0
440
 16777216
370
    -2
380
     1
100
AcDbBlockReference
  2
*U38
 10
2233.664717572747
 20
2223.278822645767
 30
0.0
 50
90.0
  0
INSERT
  5
801
330
7EE
100
AcDbEntity
  8
0
  6
ByBlock
347
ED
 62
     0
440
 16777216
370
    -2
380
     1
100
AcDbBlockReference
  2
*U38
 10
2233.664717572747
 20
2228.878822645767
 30
0.0
 50
90.0
  0
INSERT
  5
802
330
7EE
100
AcDbEntity
  8
0
  6
ByBlock
347
ED
 62
     0
440
 16777216
370
    -2
380
     1
100
AcDbBlockReference
  2
*U38
 10
2233.664717572747
 20
2234.478822645767
 30
0.0
 50
90.0
  0
ENDBLK
  5
803
330
7EE
100
AcDbEntity
  8
0
100
AcDbBlockEnd
  0
BLOCK
  5
819
330
818
100
AcDbEntity
  8
0
100
AcDbBlockBegin
  2
*D40
 70
     1
 10
0.0
 20
0.0
 30
0.0
  3
*D40
  1

  0
LINE
  5
81B
330
818
100
AcDbEntity
  8
0
 62
     0
440
 16777216
370
    -2
100
AcDbLine
 10
2456.001111746476
 20
2192.478822645767
 30
0.0
 11
2451.376111746478
 21
2192.478822645767
 31
0.0
  0
LINE
  5
81C
330
818
100
AcDbEntity
  8
0
 62
     0
440
 16777216
370
    -2
100
AcDbLine
 10
2456.001111746476
 20
2129.928822645767
 30
0.0
 11
2451.376111746478
 21
2129.928822645767
 31
0.0
  0
LINE
  5
81D
330
818
100
AcDbEntity
  8
0
 62
     0
440
 16777216
370
    -2
100
AcDbLine
 10
2452.626111746478
 20
2189.978822645767
 30
0.0
 11
2452.626111746478
 21
2132.428822645767
 31
0.0
  0
SOLID
  5
81E
330
818
100
AcDbEntity
  8
0
 62
     0
440
 16777216
100
AcDbTrace
 10
2452.209445079811
 20
2189.978822645767
 30
0.0
 11
2453.042778413144
 21
2189.978822645767
 31
0.0
 12
2452.626111746478
 22
2192.478822645767
 32
0.0
 13
2452.626111746478
 23
2192.478822645767
 33
0.0
  0
SOLID
  5
81F
330
818
100
AcDbEntity
  8
0
 62
     0
440
 16777216
100
AcDbTrace
 10
2452.209445079811
 20
2132.428822645767
 30
0.0
 11
2453.042778413144
 21
2132.428822645767
 31
0.0
 12
2452.626111746478
 22
2129.928822645767
 32
0.0
 13
2452.626111746478
 23
2129.928822645767
 33
0.0
  0
MTEXT
  5
820
330
818
100
AcDbEntity
  8
0
 62
     0
440
 16777216
100
AcDbMText
 10
2450.498724297638
 20
2161.203822645767
 30
0.0
 40
2.5
 41
0.0
 46
0.0
 71
     5
 72
     1
  1
62,55
 11
0.0000000000000001
 21
1.0
 31
0.0
 73
     1
 44
1.0
  0
POINT
  5
821
330
818
100
AcDbEntity
  8
Defpoints
 62
     0
440
 16777216
100
AcDbPoint
 10
2456.626111746476
 20
2192.478822645767
 30
0.0
  0
POINT
  5
822
330
818
100
AcDbEntity
  8
Defpoints
 62
     0
440
 16777216
100
AcDbPoint
 10
2456.626111746476
 20
2129.928822645767
 30
0.0
  0
POINT
  5
823
330
818
100
AcDbEntity
  8
Defpoints
 62
     0
440
 16777216
100
AcDbPoint
 10
2452.626111746478
 20
2129.928822645767
 30
0.0
  0
ENDBLK
  5
81A
330
818
100
AcDbEntity
  8
0
100
AcDbBlockEnd
  0
BLOCK
  5
825
330
824
100
AcDbEntity
  8
0
100
AcDbBlockBegin
  2
*D41
 70
     1
 10
0.0
 20
0.0
 30
0.0
  3
*D41
  1

  0
LINE
  5
827
330
824
100
AcDbEntity
  8
0
 62
     0
440
 16777216
370
    -2
100
AcDbLine
 10
2457.251111746476
 20
2223.176344590159
 30
0.0
 11
2457.876111746478
 21
2223.176344590159
 31
0.0
  0
LINE
  5
828
330
824
100
AcDbEntity
  8
0
 62
     0
440
 16777216
370
    -2
100
AcDbLine
 10
2457.251111746476
 20
2192.478822645767
 30
0.0
 11
2457.876111746478
 21
2192.478822645767
 31
0.0
  0
LINE
  5
829
330
824
100
AcDbEntity
  8
0
 62
     0
440
 16777216
370
    -2
100
AcDbLine
 10
2456.626111746478
 20
2220.67634459016
 30
0.0
 11
2456.626111746478
 21
2194.978822645767
 31
0.0
  0
SOLID
  5
82A
330
824
100
AcDbEntity
  8
0
 62
     0
440
 16777216
100
AcDbTrace
 10
2456.209445079811
 20
2220.67634459016
 30
0.0
 11
2457.042778413145
 21
2220.67634459016
 31
0.0
 12
2456.626111746478
 22
2223.176344590159
 32
0.0
 13
2456.626111746478
 23
2223.176344590159
 33
0.0
  0
SOLID
  5
82B
330
824
100
AcDbEntity
  8
0
 62
     0
440
 16777216
100
AcDbTrace
 10
2456.209445079811
 20
2194.978822645767
 30
0.0
 11
2457.042778413145
 21
2194.978822645767
 31
0.0
 12
2456.626111746478
 22
2192.478822645767
 32
0.0
 13
2456.626111746478
 23
2192.478822645767
 33
0.0
  0
MTEXT
  5
82C
330
824
100
AcDbEntity
  8
0
 62
     0
440
 16777216
100
AcDbMText
 10
2454.498724297638
 20
2207.827583617962
 30
0.0
 40
2.5
 41
0.0
 46
0.0
 71
     5
 72
     1
  1
30,7
 11
0.0000000000000001
 21
1.0
 31
0.0
 73
     1
 44
1.0
  0
POINT
  5
82D
330
824
100
AcDbEntity
  8
Defpoints
 62
     0
440
 16777216
100
AcDbPoint
 10
2456.626111746476
 20
2223.176344590159
 30
0.0
  0
POINT
  5
82E
330
824
100
AcDbEntity
  8
Defpoints
 62
     0
440
 16777216
100
AcDbPoint
 10
2456.626111746476
 20
2192.478822645767
 30
0.0
  0
POINT
  5
82F
330
824
100
AcDbEntity
  8
Defpoints
 62
     0
440
 16777216
100
AcDbPoint
 10
2456.626111746478
 20
2192.478822645767
 30
0.0
  0
ENDBLK
  5
826
330
824
100
AcDbEntity
  8
0
100
AcDbBlockEnd
  0
BLOCK
  5
831
330
830
100
AcDbEntity
  8
0
100
AcDbBlockBegin
  2
*D42
 70
     1
 10
0.0
 20
0.0
 30
0.0
  3
*D42
  1

  0
LINE
  5
833
330
830
100
AcDbEntity
  8
0
 62
     0
440
 16777216
370
    -2
100
AcDbLine
 10
2453.251111746476
 20
2238.228822645768
 30
0.0
 11
2457.876111746478
 21
2238.228822645768
 31
0.0
  0
LINE
  5
834
330
830
100
AcDbEntity
  8
0
 62
     0
440
 16777216
370
    -2
100
AcDbLine
 10
2453.251111746476
 20
2223.188996201963
 30
0.0
 11
2457.876111746478
 21
2223.188996201963
 31
0.0
  0
LINE
  5
835
330
830
100
AcDbEntity
  8
0
 62
     0
440
 16777216
370
    -2
100
AcDbLine
 10
2456.626111746478
 20
2235.728822645768
 30
0.0
 11
2456.626111746478
 21
2225.688996201963
 31
0.0
  0
SOLID
  5
836
330
830
100
AcDbEntity
  8
0
 62
     0
440
 16777216
100
AcDbTrace
 10
2456.209445079811
 20
2235.728822645768
 30
0.0
 11
2457.042778413145
 21
2235.728822645768
 31
0.0
 12
2456.626111746478
 22
2238.228822645768
 32
0.0
 13
2456.626111746478
 23
2238.228822645768
 33
0.0
  0
SOLID
  5
837
330
830
100
AcDbEntity
  8
0
 62
     0
440
 16777216
100
AcDbTrace
 10
2456.209445079811
 20
2225.688996201963
 30
0.0
 11
2457.042778413145
 21
2225.688996201963
 31
0.0
 12
2456.626111746478
 22
2223.188996201963
 32
0.0
 13
2456.626111746478
 23
2223.188996201963
 33
0.0
  0
MTEXT
  5
838
330
830
100
AcDbEntity
  8
0
 62
     0
440
 16777216
100
AcDbMText
 10
2454.498724297638
 20
2230.708909423865
 30
0.0
 40
2.5
 41
0.0
 46
0.0
 71
     5
 72
     1
  1
15,04
 11
0.0000000000000001
 21
1.0
 31
0.0
 73
     1
 44
1.0
  0
POINT
  5
839
330
830
100
AcDbEntity
  8
Defpoints
 62
     0
440
 16777216
100
AcDbPoint
 10
2452.626111746476
 20
2238.228822645768
 30
0.0
  0
POINT
  5
83A
330
830
100
AcDbEntity
  8
Defpoints
 62
     0
440
 16777216
100
AcDbPoint
 10
2452.626111746476
 20
2223.188996201963
 30
0.0
  0
POINT
  5
83B
330
830
100
AcDbEntity
  8
Defpoints
 62
     0
440
 16777216
100
AcDbPoint
 10
2456.626111746478
 20
2223.188996201963
 30
0.0
  0
ENDBLK
  5
832
330
830
100
AcDbEntity
  8
0
100
AcDbBlockEnd
  0
BLOCK
  5
841
330
840
100
AcDbEntity
  8
0
100
AcDbBlockBegin
  2
*U43
 70
     1
 10
0.0
 20
0.0
 30
0.0
  3
*U43
  1

  0
CIRCLE
  5
847
330
840
100
AcDbEntity
  8
0
100
AcDbCircle
 10
0.0
 20
0.0
 30
0.0
 40
0.75
  0
ENDBLK
  5
842
330
840
100
AcDbEntity
  8
0
100
AcDbBlockEnd
  0
BLOCK
  5
844
330
843
100
AcDbEntity
  8
0
100
AcDbBlockBegin
  2
*U44
 70
     1
 10
0.0
 20
0.0
 30
0.0
  3
*U44
  1

  0
INSERT
  5
854
330
843
100
AcDbEntity
  8
0
  6
ByBlock
347
ED
 62
     0
440
 16777216
370
    -2
380
     1
100
AcDbBlockReference
  2
*U43
 10
2198.864717572748
 20
2234.478822645767
 30
0.0
 50
180.0
  0
INSERT
  5
855
330
843
100
AcDbEntity
  8
0
  6
ByBlock
347
ED
 62
     0
440
 16777216
370
    -2
380
     1
100
AcDbBlockReference
  2
*U43
 10
2193.217372470646
 20
2234.478822645767
 30
0.0
 50
180.0
  0
INSERT
  5
856
330
843
100
AcDbEntity
  8
0
  6
ByBlock
347
ED
 62
     0
440
 16777216
370
    -2
380
     1
100
AcDbBlockReference
  2
*U43
 10
2187.570027368545
 20
2234.478822645767
 30
0.0
 50
180.0
  0
INSERT
  5
857
330
843
100
AcDbEntity
  8
0
  6
ByBlock
347
ED
 62
     0
440
 16777216
370
    -2
380
     1
100
AcDbBlockReference
  2
*U43
 10
2181.922682266443
 20
2234.478822645767
 30
0.0
 50
180.0
  0
INSERT
  5
858
330
843
100
AcDbEntity
  8
0
  6
ByBlock
347
ED
 62
     0
440
 16777216
370
    -2
380
     1
100
AcDbBlockReference
  2
*U43
 10
2176.275337164342
 20
2234.478822645767
 30
0.0
 50
180.0
  0
INSERT
  5
859
330
843
100
AcDbEntity
  8
0
  6
ByBlock
347
ED
 62
     0
440
 16777216
370
    -2
380
     1
100
AcDbBlockReference
  2
*U43
 10
2170.62799206224
 20
2234.478822645767
 30
0.0
 50
180.0
  0
INSERT
  5
85A
330
843
100
AcDbEntity
  8
0
  6
ByBlock
347
ED
 62
     0
440
 16777216
370
    -2
380
     1
100
AcDbBlockReference
  2
*U43
 10
2164.980646960139
 20
2234.478822645767
 30
0.0
 50
180.0
  0
INSERT
  5
85B
330
843
100
AcDbEntity
  8
0
  6
ByBlock
347
ED
 62
     0
440
 16777216
370
    -2
380
     1
100
AcDbBlockReference
  2
*U43
 10
2159.333301858037
 20
2234.478822645767
 30
0.0
 50
180.0
  0
INSERT
  5
85C
330
843
100
AcDbEntity
  8
0
  6
ByBlock
347
ED
 62
     0
440
 16777216
370
    -2
380
     1
100
AcDbBlockReference
  2
*U43
 10
2153.685956755936
 20
2234.478822645767
 30
0.0
 50
180.0
  0
INSERT
  5
85D
330
843
100
AcDbEntity
  8
0
  6
ByBlock
347
ED
 62
     0
440
 16777216
370
    -2
380
     1
100
AcDbBlockReference
  2
*U43
 10
2148.038611653834
 20
2234.478822645767
 30
0.0
 50
180.0
  0
INSERT
  5
85E
330
843
100
AcDbEntity
  8
0
  6
ByBlock
347
ED
 62
     0
440
 16777216
370
    -2
380
     1
100
AcDbBlockReference
  2
*U43
 10
2143.362073549803
 20
2232.023156514497
 30
0.0
 41
0.9999999999999998
 42
0.9999999999999998
 43
0.9999999999999998
 50
245.0266791040576
  0
INSERT
  5
85F
330
843
100
AcDbEntity
  8
0
  6
ByBlock
347
ED
 62
     0
440
 16777216
370
    -2
380
     1
100
AcDbBlockReference
  2
*U43
 10
2142.964717572748
 20
2226.433910911528
 30
0.0
 50
269.9999999999999
  0
INSERT
  5
860
330
843
100
AcDbEntity
  8
0
  6
ByBlock
347
ED
 62
     0
440
 16777216
370
    -2
380
     1
100
AcDbBlockReference
  2
*U43
 10
2142.964717572748
 20
2220.786565809427
 30
0.0
 50
269.9999999999999
  0
INSERT
  5
861
330
843
100
AcDbEntity
  8
0
  6
ByBlock
347
ED
 62
     0
440
 16777216
370
    -2
380
     1
100
AcDbBlockReference
  2
*U43
 10
2142.964717572748
 20
2215.139220707325
 30
0.0
 50
269.9999999999999
  0
INSERT
  5
862
330
843
100
AcDbEntity
  8
0
  6
ByBlock
347
ED
 62
     0
440
 16777216
370
    -2
380
     1
100
AcDbBlockReference
  2
*U43
 10
2142.964717572748
 20
2209.491875605223
 30
0.0
 50
269.9999999999999
  0
INSERT
  5
863
330
843
100
AcDbEntity
  8
0
  6
ByBlock
347
ED
 62
     0
440
 16777216
370
    -2
380
     1
100
AcDbBlockReference
  2
*U43
 10
2142.964717572748
 20
2203.844530503122
 30
0.0
 50
269.9999999999999
  0
INSERT
  5
864
330
843
100
AcDbEntity
  8
0
  6
ByBlock
347
ED
 62
     0
440
 16777216
370
    -2
380
     1
100
AcDbBlockReference
  2
*U43
 10
2142.964717572748
 20
2198.197185401021
 30
0.0
 50
269.9999999999999
  0
INSERT
  5
865
330
843
100
AcDbEntity
  8
0
  6
ByBlock
347
ED
 62
     0
440
 16777216
370
    -2
380
     1
100
AcDbBlockReference
  2
*U43
 10
2142.964717572748
 20
2192.549840298919
 30
0.0
 50
269.9999999999999
  0
INSERT
  5
866
330
843
100
AcDbEntity
  8
0
  6
ByBlock
347
ED
 62
     0
440
 16777216
370
    -2
380
     1
100
AcDbBlockReference
  2
*U43
 10
2142.964717572748
 20
2186.902495196818
 30
0.0
 50
269.9999999999999
  0
INSERT
  5
867
330
843
100
AcDbEntity
  8
0
  6
ByBlock
347
ED
 62
     0
440
 16777216
370
    -2
380
     1
100
AcDbBlockReference
  2
*U43
 10
2142.964717572748
 20
2181.255150094716
 30
0.0
 50
269.9999999999999
  0
INSERT
  5
868
330
843
100
AcDbEntity
  8
0
  6
ByBlock
347
ED
 62
     0
440
 16777216
370
    -2
380
     1
100
AcDbBlockReference
  2
*U43
 10
2142.964717572748
 20
2175.607804992615
 30
0.0
 50
269.9999999999999
  0
INSERT
  5
869
330
843
100
AcDbEntity
  8
0
  6
ByBlock
347
ED
 62
     0
440
 16777216
370
    -2
380
     1
100
AcDbBlockReference
  2
*U43
 10
2142.964717572748
 20
2169.960459890513
 30
0.0
 50
269.9999999999999
  0
INSERT
  5
86A
330
843
100
AcDbEntity
  8
0
  6
ByBlock
347
ED
 62
     0
440
 16777216
370
    -2
380
     1
100
AcDbBlockReference
  2
*U43
 10
2142.964717572748
 20
2164.313114788412
 30
0.0
 50
269.9999999999999
  0
INSERT
  5
86B
330
843
100
AcDbEntity
  8
0
  6
ByBlock
347
ED
 62
     0
440
 16777216
370
    -2
380
     1
100
AcDbBlockReference
  2
*U43
 10
2142.964717572748
 20
2158.66576968631
 30
0.0
 50
269.9999999999999
  0
INSERT
  5
86C
330
843
100
AcDbEntity
  8
0
  6
ByBlock
347
ED
 62
     0
440
 16777216
370
    -2
380
     1
100
AcDbBlockReference
  2
*U43
 10
2142.964717572748
 20
2153.018424584209
 30
0.0
 50
269.9999999999999
  0
INSERT
  5
86D
330
843
100
AcDbEntity
  8
0
  6
ByBlock
347
ED
 62
     0
440
 16777216
370
    -2
380
     1
100
AcDbBlockReference
  2
*U43
 10
2142.964717572748
 20
2147.371079482107
 30
0.0
 50
269.9999999999999
  0
INSERT
  5
86E
330
843
100
AcDbEntity
  8
0
  6
ByBlock
347
ED
 62
     0
440
 16777216
370
    -2
380
     1
100
AcDbBlockReference
  2
*U43
 10
2142.964717572748
 20
2141.723734380005
 30
0.0
 50
269.9999999999999
  0
INSERT
  5
86F
330
843
100
AcDbEntity
  8
0
  6
ByBlock
347
ED
 62
     0
440
 16777216
370
    -2
380
     1
100
AcDbBlockReference
  2
*U43
 10
2143.362073549803
 20
2136.134488777038
 30
0.0
 50
294.9733208959417
  0
INSERT
  5
870
330
843
100
AcDbEntity
  8
0
  6
ByBlock
347
ED
 62
     0
440
 16777216
370
    -2
380
     1
100
AcDbBlockReference
  2
*U43
 10
2148.038611653834
 20
2133.678822645767
 30
0.0
  0
INSERT
  5
871
330
843
100
AcDbEntity
  8
0
  6
ByBlock
347
ED
 62
     0
440
 16777216
370
    -2
380
     1
100
AcDbBlockReference
  2
*U43
 10
2153.685956755936
 20
2133.678822645767
 30
0.0
  0
INSERT
  5
872
330
843
100
AcDbEntity
  8
0
  6
ByBlock
347
ED
 62
     0
440
 16777216
370
    -2
380
     1
100
AcDbBlockReference
  2
*U43
 10
2159.333301858037
 20
2133.678822645767
 30
0.0
  0
INSERT
  5
873
330
843
100
AcDbEntity
  8
0
  6
ByBlock
347
ED
 62
     0
440
 16777216
370
    -2
380
     1
100
AcDbBlockReference
  2
*U43
 10
2164.980646960139
 20
2133.678822645767
 30
0.0
  0
INSERT
  5
874
330
843
100
AcDbEntity
  8
0
  6
ByBlock
347
ED
 62
     0
440
 16777216
370
    -2
380
     1
100
AcDbBlockReference
  2
*U43
 10
2170.62799206224
 20
2133.678822645767
 30
0.0
  0
INSERT
  5
875
330
843
100
AcDbEntity
  8
0
  6
ByBlock
347
ED
 62
     0
440
 16777216
370
    -2
380
     1
100
AcDbBlockReference
  2
*U43
 10
2176.275337164342
 20
2133.678822645767
 30
0.0
  0
INSERT
  5
876
330
843
100
AcDbEntity
  8
0
  6
ByBlock
347
ED
 62
     0
440
 16777216
370
    -2
380
     1
100
AcDbBlockReference
  2
*U43
 10
2181.922682266443
 20
2133.678822645767
 30
0.0
  0
INSERT
  5
877
330
843
100
AcDbEntity
  8
0
  6
ByBlock
347
ED
 62
     0
440
 16777216
370
    -2
380
     1
100
AcDbBlockReference
  2
*U43
 10
2187.570027368545
 20
2133.678822645767
 30
0.0
  0
INSERT
  5
878
330
843
100
AcDbEntity
  8
0
  6
ByBlock
347
ED
 62
     0
440
 16777216
370
    -2
380
     1
100
AcDbBlockReference
  2
*U43
 10
2193.217372470646
 20
2133.678822645767
 30
0.0
  0
INSERT
  5
879
330
843
100
AcDbEntity
  8
0
  6
ByBlock
347
ED
 62
     0
440
 16777216
370
    -2
380
     1
100
AcDbBlockReference
  2
*U43
 10
2198.864717572748
 20
2133.678822645767
 30
0.0
  0
ENDBLK
  5
845
330
843
100
AcDbEntity
  8
0
100
AcDbBlockEnd
  0
BLOCK
  5
87F
330
87E
100
AcDbEntity
  8
0
100
AcDbBlockBegin
  2
*U45
 70
     1
 10
0.0
 20
0.0
 30
0.0
  3
*U45
  1

  0
CIRCLE
  5
880
330
87E
100
AcDbEntity
  8
0
100
AcDbCircle
 10
0.0
 20
0.0
 30
0.0
 40
0.75
  0
ENDBLK
  5
881
330
87E
100
AcDbEntity
  8
0
100
AcDbBlockEnd
  0
BLOCK
  5
883
330
882
100
AcDbEntity
  8
0
100
AcDbBlockBegin
  2
*U46
 70
     1
 10
0.0
 20
0.0
 30
0.0
  3
*U46
  1

  0
INSERT
  5
884
330
882
100
AcDbEntity
  8
0
  6
ByBlock
347
ED
 62
     0
440
 16777216
370
    -2
380
     1
100
AcDbBlockReference
  2
*U45
 10
2198.864717572748
 20
2234.478822645767
 30
0.0
 50
180.0
  0
INSERT
  5
885
330
882
100
AcDbEntity
  8
0
  6
ByBlock
347
ED
 62
     0
440
 16777216
370
    -2
380
     1
100
AcDbBlockReference
  2
*U45
 10
2193.217372470646
 20
2234.478822645767
 30
0.0
 50
180.0
  0
INSERT
  5
886
330
882
100
AcDbEntity
  8
0
  6
ByBlock
347
ED
 62
     0
440
 16777216
370
    -2
380
     1
100
AcDbBlockReference
  2
*U45
 10
2187.570027368545
 20
2234.478822645767
 30
0.0
 50
180.0
  0
INSERT
  5
887
330
882
100
AcDbEntity
  8
0
  6
ByBlock
347
ED
 62
     0
440
 16777216
370
    -2
380
     1
100
AcDbBlockReference
  2
*U45
 10
2181.922682266443
 20
2234.478822645767
 30
0.0
 50
180.0
  0
INSERT
  5
888
330
882
100
AcDbEntity
  8
0
  6
ByBlock
347
ED
 62
     0
440
 16777216
370
    -2
380
     1
100
AcDbBlockReference
  2
*U45
 10
2176.275337164342
 20
2234.478822645767
 30
0.0
 50
180.0
  0
INSERT
  5
889
330
882
100
AcDbEntity
  8
0
  6
ByBlock
347
ED
 62
     0
440
 16777216
370
    -2
380
     1
100
AcDbBlockReference
  2
*U45
 10
2170.62799206224
 20
2234.478822645767
 30
0.0
 50
180.0
  0
INSERT
  5
88A
330
882
100
AcDbEntity
  8
0
  6
ByBlock
347
ED
 62
     0
440
 16777216
370
    -2
380
     1
100
AcDbBlockReference
  2
*U45
 10
2164.980646960139
 20
2234.478822645767
 30
0.0
 50
180.0
  0
INSERT
  5
88B
330
882
100
AcDbEntity
  8
0
  6
ByBlock
347
ED
 62
     0
440
 16777216
370
    -2
380
     1
100
AcDbBlockReference
  2
*U45
 10
2159.333301858037
 20
2234.478822645767
 30
0.0
 50
180.0
  0
INSERT
  5
88C
330
882
100
AcDbEntity
  8
0
  6
ByBlock
347
ED
 62
     0
440
 16777216
370
    -2
380
     1
100
AcDbBlockReference
  2
*U45
 10
2153.685956755936
 20
2234.478822645767
 30
0.0
 50
180.0
  0
INSERT
  5
88D
330
882
100
AcDbEntity
  8
0
  6
ByBlock
347
ED
 62
     0
440
 16777216
370
    -2
380
     1
100
AcDbBlockReference
  2
*U45
 10
2148.038611653834
 20
2234.478822645767
 30
0.0
 50
180.0
  0
INSERT
  5
88E
330
882
100
AcDbEntity
  8
0
  6
ByBlock
347
ED
 62
     0
440
 16777216
370
    -2
380
     1
100
AcDbBlockReference
  2
*U45
 10
2143.362073549803
 20
2232.023156514497
 30
0.0
 41
0.9999999999999998
 42
0.9999999999999998
 43
0.9999999999999998
 50
245.0266791040576
  0
INSERT
  5
88F
330
882
100
AcDbEntity
  8
0
  6
ByBlock
347
ED
 62
     0
440
 16777216
370
    -2
380
     1
100
AcDbBlockReference
  2
*U45
 10
2142.964717572748
 20
2226.433910911528
 30
0.0
 50
269.9999999999999
  0
INSERT
  5
890
330
882
100
AcDbEntity
  8
0
  6
ByBlock
347
ED
 62
     0
440
 16777216
370
    -2
380
     1
100
AcDbBlockReference
  2
*U45
 10
2142.964717572748
 20
2220.786565809427
 30
0.0
 50
269.9999999999999
  0
INSERT
  5
891
330
882
100
AcDbEntity
  8
0
  6
ByBlock
347
ED
 62
     0
440
 16777216
370
    -2
380
     1
100
AcDbBlockReference
  2
*U45
 10
2142.964717572748
 20
2215.139220707325
 30
0.0
 50
269.9999999999999
  0
INSERT
  5
892
330
882
100
AcDbEntity
  8
0
  6
ByBlock
347
ED
 62
     0
440
 16777216
370
    -2
380
     1
100
AcDbBlockReference
  2
*U45
 10
2142.964717572748
 20
2209.491875605223
 30
0.0
 50
269.9999999999999
  0
INSERT
  5
893
330
882
100
AcDbEntity
  8
0
  6
ByBlock
347
ED
 62
     0
440
 16777216
370
    -2
380
     1
100
AcDbBlockReference
  2
*U45
 10
2142.964717572748
 20
2203.844530503122
 30
0.0
 50
269.9999999999999
  0
INSERT
  5
894
330
882
100
AcDbEntity
  8
0
  6
ByBlock
347
ED
 62
     0
440
 16777216
370
    -2
380
     1
100
AcDbBlockReference
  2
*U45
 10
2142.964717572748
 20
2198.197185401021
 30
0.0
 50
269.9999999999999
  0
INSERT
  5
895
330
882
100
AcDbEntity
  8
0
  6
ByBlock
347
ED
 62
     0
440
 16777216
370
    -2
380
     1
100
AcDbBlockReference
  2
*U45
 10
2142.964717572748
 20
2192.549840298919
 30
0.0
 50
269.9999999999999
  0
INSERT
  5
896
330
882
100
AcDbEntity
  8
0
  6
ByBlock
347
ED
 62
     0
440
 16777216
370
    -2
380
     1
100
AcDbBlockReference
  2
*U45
 10
2142.964717572748
 20
2186.902495196818
 30
0.0
 50
269.9999999999999
  0
INSERT
  5
897
330
882
100
AcDbEntity
  8
0
  6
ByBlock
347
ED
 62
     0
440
 16777216
370
    -2
380
     1
100
AcDbBlockReference
  2
*U45
 10
2142.964717572748
 20
2181.255150094716
 30
0.0
 50
269.9999999999999
  0
INSERT
  5
898
330
882
100
AcDbEntity
  8
0
  6
ByBlock
347
ED
 62
     0
440
 16777216
370
    -2
380
     1
100
AcDbBlockReference
  2
*U45
 10
2142.964717572748
 20
2175.607804992615
 30
0.0
 50
269.9999999999999
  0
INSERT
  5
899
330
882
100
AcDbEntity
  8
0
  6
ByBlock
347
ED
 62
     0
440
 16777216
370
    -2
380
     1
100
AcDbBlockReference
  2
*U45
 10
2142.964717572748
 20
2169.960459890513
 30
0.0
 50
269.9999999999999
  0
INSERT
  5
89A
330
882
100
AcDbEntity
  8
0
  6
ByBlock
347
ED
 62
     0
440
 16777216
370
    -2
380
     1
100
AcDbBlockReference
  2
*U45
 10
2142.964717572748
 20
2164.313114788412
 30
0.0
 50
269.9999999999999
  0
INSERT
  5
89B
330
882
100
AcDbEntity
  8
0
  6
ByBlock
347
ED
 62
     0
440
 16777216
370
    -2
380
     1
100
AcDbBlockReference
  2
*U45
 10
2142.964717572748
 20
2158.66576968631
 30
0.0
 50
269.9999999999999
  0
INSERT
  5
89C
330
882
100
AcDbEntity
  8
0
  6
ByBlock
347
ED
 62
     0
440
 16777216
370
    -2
380
     1
100
AcDbBlockReference
  2
*U45
 10
2142.964717572748
 20
2153.018424584209
 30
0.0
 50
269.9999999999999
  0
INSERT
  5
89D
330
882
100
AcDbEntity
  8
0
  6
ByBlock
347
ED
 62
     0
440
 16777216
370
    -2
380
     1
100
AcDbBlockReference
  2
*U45
 10
2142.964717572748
 20
2147.371079482107
 30
0.0
 50
269.9999999999999
  0
INSERT
  5
89E
330
882
100
AcDbEntity
  8
0
  6
ByBlock
347
ED
 62
     0
440
 16777216
370
    -2
380
     1
100
AcDbBlockReference
  2
*U45
 10
2142.964717572748
 20
2141.723734380005
 30
0.0
 50
269.9999999999999
  0
INSERT
  5
89F
330
882
100
AcDbEntity
  8
0
  6
ByBlock
347
ED
 62
     0
440
 16777216
370
    -2
380
     1
100
AcDbBlockReference
  2
*U45
 10
2143.362073549803
 20
2136.134488777038
 30
0.0
 50
294.9733208959417
  0
INSERT
  5
8A0
330
882
100
AcDbEntity
  8
0
  6
ByBlock
347
ED
 62
     0
440
 16777216
370
    -2
380
     1
100
AcDbBlockReference
  2
*U45
 10
2148.038611653834
 20
2133.678822645767
 30
0.0
  0
INSERT
  5
8A1
330
882
100
AcDbEntity
  8
0
  6
ByBlock
347
ED
 62
     0
440
 16777216
370
    -2
380
     1
100
AcDbBlockReference
  2
*U45
 10
2153.685956755936
 20
2133.678822645767
 30
0.0
  0
INSERT
  5
8A2
330
882
100
AcDbEntity
  8
0
  6
ByBlock
347
ED
 62
     0
440
 16777216
370
    -2
380
     1
100
AcDbBlockReference
  2
*U45
 10
2159.333301858037
 20
2133.678822645767
 30
0.0
  0
INSERT
  5
8A3
330
882
100
AcDbEntity
  8
0
  6
ByBlock
347
ED
 62
     0
440
 16777216
370
    -2
380
     1
100
AcDbBlockReference
  2
*U45
 10
2164.980646960139
 20
2133.678822645767
 30
0.0
  0
INSERT
  5
8A4
330
882
100
AcDbEntity
  8
0
  6
ByBlock
347
ED
 62
     0
440
 16777216
370
    -2
380
     1
100
AcDbBlockReference
  2
*U45
 10
2170.62799206224
 20
2133.678822645767
 30
0.0
  0
INSERT
  5
8A5
330
882
100
AcDbEntity
  8
0
  6
ByBlock
347
ED
 62
     0
440
 16777216
370
    -2
380
     1
100
AcDbBlockReference
  2
*U45
 10
2176.275337164342
 20
2133.678822645767
 30
0.0
  0
INSERT
  5
8A6
330
882
100
AcDbEntity
  8
0
  6
ByBlock
347
ED
 62
     0
440
 16777216
370
    -2
380
     1
100
AcDbBlockReference
  2
*U45
 10
2181.922682266443
 20
2133.678822645767
 30
0.0
  0
INSERT
  5
8A7
330
882
100
AcDbEntity
  8
0
  6
ByBlock
347
ED
 62
     0
440
 16777216
370
    -2
380
     1
100
AcDbBlockReference
  2
*U45
 10
2187.570027368545
 20
2133.678822645767
 30
0.0
  0
INSERT
  5
8A8
330
882
100
AcDbEntity
  8
0
  6
ByBlock
347
ED
 62
     0
440
 16777216
370
    -2
380
     1
100
AcDbBlockReference
  2
*U45
 10
2193.217372470646
 20
2133.678822645767
 30
0.0
  0
INSERT
  5
8A9
330
882
100
AcDbEntity
  8
0
  6
ByBlock
347
ED
 62
     0
440
 16777216
370
    -2
380
     1
100
AcDbBlockReference
  2
*U45
 10
2198.864717572748
 20
2133.678822645767
 30
0.0
  0
ENDBLK
  5
8AA
330
882
100
AcDbEntity
  8
0
100
AcDbBlockEnd
  0
BLOCK
  5
8C5
330
8C4
100
AcDbEntity
  8
0
100
AcDbBlockBegin
  2
*U47
 70
     1
 10
0.0
 20
0.0
 30
0.0
  3
*U47
  1

  0
CIRCLE
  5
8C6
330
8C4
100
AcDbEntity
  8
0
100
AcDbCircle
 10
0.0
 20
0.0
 30
0.0
 40
0.75
  0
ENDBLK
  5
8C7
330
8C4
100
AcDbEntity
  8
0
100
AcDbBlockEnd
  0
BLOCK
  5
8CB
330
8CA
100
AcDbEntity
  8
0
100
AcDbBlockBegin
  2
*U48
 70
     1
 10
0.0
 20
0.0
 30
0.0
  3
*U48
  1

  0
INSERT
  5
8CC
330
8CA
100
AcDbEntity
  8
0
  6
ByBlock
347
ED
 62
     0
440
 16777216
370
    -2
380
     1
100
AcDbBlockReference
  2
*U47
 10
2198.864717572748
 20
2234.478822645767
 30
0.0
 50
180.0
  0
INSERT
  5
8CD
330
8CA
100
AcDbEntity
  8
0
  6
ByBlock
347
ED
 62
     0
440
 16777216
370
    -2
380
     1
100
AcDbBlockReference
  2
*U47
 10
2193.217372470646
 20
2234.478822645767
 30
0.0
 50
180.0
  0
INSERT
  5
8CE
330
8CA
100
AcDbEntity
  8
0
  6
ByBlock
347
ED
 62
     0
440
 16777216
370
    -2
380
     1
100
AcDbBlockReference
  2
*U47
 10
2187.570027368545
 20
2234.478822645767
 30
0.0
 50
180.0
  0
INSERT
  5
8CF
330
8CA
100
AcDbEntity
  8
0
  6
ByBlock
347
ED
 62
     0
440
 16777216
370
    -2
380
     1
100
AcDbBlockReference
  2
*U47
 10
2181.922682266443
 20
2234.478822645767
 30
0.0
 50
180.0
  0
INSERT
  5
8D0
330
8CA
100
AcDbEntity
  8
0
  6
ByBlock
347
ED
 62
     0
440
 16777216
370
    -2
380
     1
100
AcDbBlockReference
  2
*U47
 10
2176.275337164342
 20
2234.478822645767
 30
0.0
 50
180.0
  0
INSERT
  5
8D1
330
8CA
100
AcDbEntity
  8
0
  6
ByBlock
347
ED
 62
     0
440
 16777216
370
    -2
380
     1
100
AcDbBlockReference
  2
*U47
 10
2170.62799206224
 20
2234.478822645767
 30
0.0
 50
180.0
  0
INSERT
  5
8D2
330
8CA
100
AcDbEntity
  8
0
  6
ByBlock
347
ED
 62
     0
440
 16777216
370
    -2
380
     1
100
AcDbBlockReference
  2
*U47
 10
2164.980646960139
 20
2234.478822645767
 30
0.0
 50
180.0
  0
INSERT
  5
8D3
330
8CA
100
AcDbEntity
  8
0
  6
ByBlock
347
ED
 62
     0
440
 16777216
370
    -2
380
     1
100
AcDbBlockReference
  2
*U47
 10
2159.333301858037
 20
2234.478822645767
 30
0.0
 50
180.0
  0
INSERT
  5
8D4
330
8CA
100
AcDbEntity
  8
0
  6
ByBlock
347
ED
 62
     0
440
 16777216
370
    -2
380
     1
100
AcDbBlockReference
  2
*U47
 10
2153.685956755936
 20
2234.478822645767
 30
0.0
 50
180.0
  0
INSERT
  5
8D5
330
8CA
100
AcDbEntity
  8
0
  6
ByBlock
347
ED
 62
     0
440
 16777216
370
    -2
380
     1
100
AcDbBlockReference
  2
*U47
 10
2148.038611653834
 20
2234.478822645767
 30
0.0
 50
180.0
  0
INSERT
  5
8D6
330
8CA
100
AcDbEntity
  8
0
  6
ByBlock
347
ED
 62
     0
440
 16777216
370
    -2
380
     1
100
AcDbBlockReference
  2
*U47
 10
2143.362073549803
 20
2232.023156514497
 30
0.0
 41
0.9999999999999998
 42
0.9999999999999998
 43
0.9999999999999998
 50
245.0266791040576
  0
INSERT
  5
8D7
330
8CA
100
AcDbEntity
  8
0
  6
ByBlock
347
ED
 62
     0
440
 16777216
370
    -2
380
     1
100
AcDbBlockReference
  2
*U47
 10
2142.964717572748
 20
2226.433910911528
 30
0.0
 50
269.9999999999999
  0
INSERT
  5
8D8
330
8CA
100
AcDbEntity
  8
0
  6
ByBlock
347
ED
 62
     0
440
 16777216
370
    -2
380
     1
100
AcDbBlockReference
  2
*U47
 10
2142.964717572748
 20
2220.786565809427
 30
0.0
 50
269.9999999999999
  0
INSERT
  5
8D9
330
8CA
100
AcDbEntity
  8
0
  6
ByBlock
347
ED
 62
     0
440
 16777216
370
    -2
380
     1
100
AcDbBlockReference
  2
*U47
 10
2142.964717572748
 20
2215.139220707325
 30
0.0
 50
269.9999999999999
  0
INSERT
  5
8DA
330
8CA
100
AcDbEntity
  8
0
  6
ByBlock
347
ED
 62
     0
440
 16777216
370
    -2
380
     1
100
AcDbBlockReference
  2
*U47
 10
2142.964717572748
 20
2209.491875605223
 30
0.0
 50
269.9999999999999
  0
INSERT
  5
8DB
330
8CA
100
AcDbEntity
  8
0
  6
ByBlock
347
ED
 62
     0
440
 16777216
370
    -2
380
     1
100
AcDbBlockReference
  2
*U47
 10
2142.964717572748
 20
2203.844530503122
 30
0.0
 50
269.9999999999999
  0
INSERT
  5
8DC
330
8CA
100
AcDbEntity
  8
0
  6
ByBlock
347
ED
 62
     0
440
 16777216
370
    -2
380
     1
100
AcDbBlockReference
  2
*U47
 10
2142.964717572748
 20
2198.197185401021
 30
0.0
 50
269.9999999999999
  0
INSERT
  5
8DD
330
8CA
100
AcDbEntity
  8
0
  6
ByBlock
347
ED
 62
     0
440
 16777216
370
    -2
380
     1
100
AcDbBlockReference
  2
*U47
 10
2142.964717572748
 20
2192.549840298919
 30
0.0
 50
269.9999999999999
  0
INSERT
  5
8DE
330
8CA
100
AcDbEntity
  8
0
  6
ByBlock
347
ED
 62
     0
440
 16777216
370
    -2
380
     1
100
AcDbBlockReference
  2
*U47
 10
2142.964717572748
 20
2186.902495196818
 30
0.0
 50
269.9999999999999
  0
INSERT
  5
8DF
330
8CA
100
AcDbEntity
  8
0
  6
ByBlock
347
ED
 62
     0
440
 16777216
370
    -2
380
     1
100
AcDbBlockReference
  2
*U47
 10
2142.964717572748
 20
2181.255150094716
 30
0.0
 50
269.9999999999999
  0
INSERT
  5
8E0
330
8CA
100
AcDbEntity
  8
0
  6
ByBlock
347
ED
 62
     0
440
 16777216
370
    -2
380
     1
100
AcDbBlockReference
  2
*U47
 10
2142.964717572748
 20
2175.607804992615
 30
0.0
 50
269.9999999999999
  0
INSERT
  5
8E1
330
8CA
100
AcDbEntity
  8
0
  6
ByBlock
347
ED
 62
     0
440
 16777216
370
    -2
380
     1
100
AcDbBlockReference
  2
*U47
 10
2142.964717572748
 20
2169.960459890513
 30
0.0
 50
269.9999999999999
  0
INSERT
  5
8E2
330
8CA
100
AcDbEntity
  8
0
  6
ByBlock
347
ED
 62
     0
440
 16777216
370
    -2
380
     1
100
AcDbBlockReference
  2
*U47
 10
2142.964717572748
 20
2164.313114788412
 30
0.0
 50
269.9999999999999
  0
INSERT
  5
8E3
330
8CA
100
AcDbEntity
  8
0
  6
ByBlock
347
ED
 62
     0
440
 16777216
370
    -2
380
     1
100
AcDbBlockReference
  2
*U47
 10
2142.964717572748
 20
2158.66576968631
 30
0.0
 50
269.9999999999999
  0
INSERT
  5
8E4
330
8CA
100
AcDbEntity
  8
0
  6
ByBlock
347
ED
 62
     0
440
 16777216
370
    -2
380
     1
100
AcDbBlockReference
  2
*U47
 10
2142.964717572748
 20
2153.018424584209
 30
0.0
 50
269.9999999999999
  0
INSERT
  5
8E5
330
8CA
100
AcDbEntity
  8
0
  6
ByBlock
347
ED
 62
     0
440
 16777216
370
    -2
380
     1
100
AcDbBlockReference
  2
*U47
 10
2142.964717572748
 20
2147.371079482107
 30
0.0
 50
269.9999999999999
  0
INSERT
  5
8E6
330
8CA
100
AcDbEntity
  8
0
  6
ByBlock
347
ED
 62
     0
440
 16777216
370
    -2
380
     1
100
AcDbBlockReference
  2
*U47
 10
2142.964717572748
 20
2141.723734380005
 30
0.0
 50
269.9999999999999
  0
INSERT
  5
8E7
330
8CA
100
AcDbEntity
  8
0
  6
ByBlock
347
ED
 62
     0
440
 16777216
370
    -2
380
     1
100
AcDbBlockReference
  2
*U47
 10
2143.362073549803
 20
2136.134488777038
 30
0.0
 50
294.9733208959417
  0
INSERT
  5
8E8
330
8CA
100
AcDbEntity
  8
0
  6
ByBlock
347
ED
 62
     0
440
 16777216
370
    -2
380
     1
100
AcDbBlockReference
  2
*U47
 10
2148.038611653834
 20
2133.678822645767
 30
0.0
  0
INSERT
  5
8E9
330
8CA
100
AcDbEntity
  8
0
  6
ByBlock
347
ED
 62
     0
440
 16777216
370
    -2
380
     1
100
AcDbBlockReference
  2
*U47
 10
2153.685956755936
 20
2133.678822645767
 30
0.0
  0
INSERT
  5
8EA
330
8CA
100
AcDbEntity
  8
0
  6
ByBlock
347
ED
 62
     0
440
 16777216
370
    -2
380
     1
100
AcDbBlockReference
  2
*U47
 10
2159.333301858037
 20
2133.678822645767
 30
0.0
  0
INSERT
  5
8EB
330
8CA
100
AcDbEntity
  8
0
  6
ByBlock
347
ED
 62
     0
440
 16777216
370
    -2
380
     1
100
AcDbBlockReference
  2
*U47
 10
2164.980646960139
 20
2133.678822645767
 30
0.0
  0
INSERT
  5
8EC
330
8CA
100
AcDbEntity
  8
0
  6
ByBlock
347
ED
 62
     0
440
 16777216
370
    -2
380
     1
100
AcDbBlockReference
  2
*U47
 10
2170.62799206224
 20
2133.678822645767
 30
0.0
  0
INSERT
  5
8ED
330
8CA
100
AcDbEntity
  8
0
  6
ByBlock
347
ED
 62
     0
440
 16777216
370
    -2
380
     1
100
AcDbBlockReference
  2
*U47
 10
2176.275337164342
 20
2133.678822645767
 30
0.0
  0
INSERT
  5
8EE
330
8CA
100
AcDbEntity
  8
0
  6
ByBlock
347
ED
 62
     0
440
 16777216
370
    -2
380
     1
100
AcDbBlockReference
  2
*U47
 10
2181.922682266443
 20
2133.678822645767
 30
0.0
  0
INSERT
  5
8EF
330
8CA
100
AcDbEntity
  8
0
  6
ByBlock
347
ED
 62
     0
440
 16777216
370
    -2
380
     1
100
AcDbBlockReference
  2
*U47
 10
2187.570027368545
 20
2133.678822645767
 30
0.0
  0
INSERT
  5
8F0
330
8CA
100
AcDbEntity
  8
0
  6
ByBlock
347
ED
 62
     0
440
 16777216
370
    -2
380
     1
100
AcDbBlockReference
  2
*U47
 10
2193.217372470646
 20
2133.678822645767
 30
0.0
  0
INSERT
  5
8F1
330
8CA
100
AcDbEntity
  8
0
  6
ByBlock
347
ED
 62
     0
440
 16777216
370
    -2
380
     1
100
AcDbBlockReference
  2
*U47
 10
2198.864717572748
 20
2133.678822645767
 30
0.0
  0
ENDBLK
  5
8F2
330
8CA
100
AcDbEntity
  8
0
100
AcDbBlockEnd
  0
BLOCK
  5
928
330
927
100
AcDbEntity
  8
0
100
AcDbBlockBegin
  2
*U49
 70
     1
 10
0.0
 20
0.0
 30
0.0
  3
*U49
  1

  0
CIRCLE
  5
929
330
927
100
AcDbEntity
  8
0
100
AcDbCircle
 10
0.0
 20
0.0
 30
0.0
 40
0.75
  0
ENDBLK
  5
92A
330
927
100
AcDbEntity
  8
0
100
AcDbBlockEnd
  0
BLOCK
  5
92C
330
92B
100
AcDbEntity
  8
0
100
AcDbBlockBegin
  2
*U50
 70
     1
 10
0.0
 20
0.0
 30
0.0
  3
*U50
  1

  0
INSERT
  5
92D
330
92B
100
AcDbEntity
  8
0
  6
ByBlock
347
ED
 62
     0
440
 16777216
370
    -2
380
     1
100
AcDbBlockReference
  2
*U49
 10
2198.864717572748
 20
2234.478822645767
 30
0.0
 50
180.0
  0
INSERT
  5
92E
330
92B
100
AcDbEntity
  8
0
  6
ByBlock
347
ED
 62
     0
440
 16777216
370
    -2
380
     1
100
AcDbBlockReference
  2
*U49
 10
2193.217372470646
 20
2234.478822645767
 30
0.0
 50
180.0
  0
INSERT
  5
92F
330
92B
100
AcDbEntity
  8
0
  6
ByBlock
347
ED
 62
     0
440
 16777216
370
    -2
380
     1
100
AcDbBlockReference
  2
*U49
 10
2187.570027368545
 20
2234.478822645767
 30
0.0
 50
180.0
  0
INSERT
  5
930
330
92B
100
AcDbEntity
  8
0
  6
ByBlock
347
ED
 62
     0
440
 16777216
370
    -2
380
     1
100
AcDbBlockReference
  2
*U49
 10
2181.922682266443
 20
2234.478822645767
 30
0.0
 50
180.0
  0
INSERT
  5
931
330
92B
100
AcDbEntity
  8
0
  6
ByBlock
347
ED
 62
     0
440
 16777216
370
    -2
380
     1
100
AcDbBlockReference
  2
*U49
 10
2176.275337164342
 20
2234.478822645767
 30
0.0
 50
180.0
  0
INSERT
  5
932
330
92B
100
AcDbEntity
  8
0
  6
ByBlock
347
ED
 62
     0
440
 16777216
370
    -2
380
     1
100
AcDbBlockReference
  2
*U49
 10
2170.62799206224
 20
2234.478822645767
 30
0.0
 50
180.0
  0
INSERT
  5
933
330
92B
100
AcDbEntity
  8
0
  6
ByBlock
347
ED
 62
     0
440
 16777216
370
    -2
380
     1
100
AcDbBlockReference
  2
*U49
 10
2164.980646960139
 20
2234.478822645767
 30
0.0
 50
180.0
  0
INSERT
  5
934
330
92B
100
AcDbEntity
  8
0
  6
ByBlock
347
ED
 62
     0
440
 16777216
370
    -2
380
     1
100
AcDbBlockReference
  2
*U49
 10
2159.333301858037
 20
2234.478822645767
 30
0.0
 50
180.0
  0
INSERT
  5
935
330
92B
100
AcDbEntity
  8
0
  6
ByBlock
347
ED
 62
     0
440
 16777216
370
    -2
380
     1
100
AcDbBlockReference
  2
*U49
 10
2153.685956755936
 20
2234.478822645767
 30
0.0
 50
180.0
  0
INSERT
  5
936
330
92B
100
AcDbEntity
  8
0
  6
ByBlock
347
ED
 62
     0
440
 16777216
370
    -2
380
     1
100
AcDbBlockReference
  2
*U49
 10
2148.038611653834
 20
2234.478822645767
 30
0.0
 50
180.0
  0
INSERT
  5
937
330
92B
100
AcDbEntity
  8
0
  6
ByBlock
347
ED
 62
     0
440
 16777216
370
    -2
380
     1
100
AcDbBlockReference
  2
*U49
 10
2143.362073549803
 20
2232.023156514497
 30
0.0
 41
0.9999999999999998
 42
0.9999999999999998
 43
0.9999999999999998
 50
245.0266791040576
  0
INSERT
  5
938
330
92B
100
AcDbEntity
  8
0
  6
ByBlock
347
ED
 62
     0
440
 16777216
370
    -2
380
     1
100
AcDbBlockReference
  2
*U49
 10
2142.964717572748
 20
2226.433910911528
 30
0.0
 50
269.9999999999999
  0
INSERT
  5
939
330
92B
100
AcDbEntity
  8
0
  6
ByBlock
347
ED
 62
     0
440
 16777216
370
    -2
380
     1
100
AcDbBlockReference
  2
*U49
 10
2142.964717572748
 20
2220.786565809427
 30
0.0
 50
269.9999999999999
  0
INSERT
  5
93A
330
92B
100
AcDbEntity
  8
0
  6
ByBlock
347
ED
 62
     0
440
 16777216
370
    -2
380
     1
100
AcDbBlockReference
  2
*U49
 10
2142.964717572748
 20
2215.139220707325
 30
0.0
 50
269.9999999999999
  0
INSERT
  5
93B
330
92B
100
AcDbEntity
  8
0
  6
ByBlock
347
ED
 62
     0
440
 16777216
370
    -2
380
     1
100
AcDbBlockReference
  2
*U49
 10
2142.964717572748
 20
2209.491875605223
 30
0.0
 50
269.9999999999999
  0
INSERT
  5
93C
330
92B
100
AcDbEntity
  8
0
  6
ByBlock
347
ED
 62
     0
440
 16777216
370
    -2
380
     1
100
AcDbBlockReference
  2
*U49
 10
2142.964717572748
 20
2203.844530503122
 30
0.0
 50
269.9999999999999
  0
INSERT
  5
93D
330
92B
100
AcDbEntity
  8
0
  6
ByBlock
347
ED
 62
     0
440
 16777216
370
    -2
380
     1
100
AcDbBlockReference
  2
*U49
 10
2142.964717572748
 20
2198.197185401021
 30
0.0
 50
269.9999999999999
  0
INSERT
  5
93E
330
92B
100
AcDbEntity
  8
0
  6
ByBlock
347
ED
 62
     0
440
 16777216
370
    -2
380
     1
100
AcDbBlockReference
  2
*U49
 10
2142.964717572748
 20
2192.549840298919
 30
0.0
 50
269.9999999999999
  0
INSERT
  5
93F
330
92B
100
AcDbEntity
  8
0
  6
ByBlock
347
ED
 62
     0
440
 16777216
370
    -2
380
     1
100
AcDbBlockReference
  2
*U49
 10
2142.964717572748
 20
2186.902495196818
 30
0.0
 50
269.9999999999999
  0
INSERT
  5
940
330
92B
100
AcDbEntity
  8
0
  6
ByBlock
347
ED
 62
     0
440
 16777216
370
    -2
380
     1
100
AcDbBlockReference
  2
*U49
 10
2142.964717572748
 20
2181.255150094716
 30
0.0
 50
269.9999999999999
  0
INSERT
  5
941
330
92B
100
AcDbEntity
  8
0
  6
ByBlock
347
ED
 62
     0
440
 16777216
370
    -2
380
     1
100
AcDbBlockReference
  2
*U49
 10
2142.964717572748
 20
2175.607804992615
 30
0.0
 50
269.9999999999999
  0
INSERT
  5
942
330
92B
100
AcDbEntity
  8
0
  6
ByBlock
347
ED
 62
     0
440
 16777216
370
    -2
380
     1
100
AcDbBlockReference
  2
*U49
 10
2142.964717572748
 20
2169.960459890513
 30
0.0
 50
269.9999999999999
  0
INSERT
  5
943
330
92B
100
AcDbEntity
  8
0
  6
ByBlock
347
ED
 62
     0
440
 16777216
370
    -2
380
     1
100
AcDbBlockReference
  2
*U49
 10
2142.964717572748
 20
2164.313114788412
 30
0.0
 50
269.9999999999999
  0
INSERT
  5
944
330
92B
100
AcDbEntity
  8
0
  6
ByBlock
347
ED
 62
     0
440
 16777216
370
    -2
380
     1
100
AcDbBlockReference
  2
*U49
 10
2142.964717572748
 20
2158.66576968631
 30
0.0
 50
269.9999999999999
  0
INSERT
  5
945
330
92B
100
AcDbEntity
  8
0
  6
ByBlock
347
ED
 62
     0
440
 16777216
370
    -2
380
     1
100
AcDbBlockReference
  2
*U49
 10
2142.964717572748
 20
2153.018424584209
 30
0.0
 50
269.9999999999999
  0
INSERT
  5
946
330
92B
100
AcDbEntity
  8
0
  6
ByBlock
347
ED
 62
     0
440
 16777216
370
    -2
380
     1
100
AcDbBlockReference
  2
*U49
 10
2142.964717572748
 20
2147.371079482107
 30
0.0
 50
269.9999999999999
  0
INSERT
  5
947
330
92B
100
AcDbEntity
  8
0
  6
ByBlock
347
ED
 62
     0
440
 16777216
370
    -2
380
     1
100
AcDbBlockReference
  2
*U49
 10
2142.964717572748
 20
2141.723734380005
 30
0.0
 50
269.9999999999999
  0
INSERT
  5
948
330
92B
100
AcDbEntity
  8
0
  6
ByBlock
347
ED
 62
     0
440
 16777216
370
    -2
380
     1
100
AcDbBlockReference
  2
*U49
 10
2143.362073549803
 20
2136.134488777038
 30
0.0
 50
294.9733208959417
  0
INSERT
  5
949
330
92B
100
AcDbEntity
  8
0
  6
ByBlock
347
ED
 62
     0
440
 16777216
370
    -2
380
     1
100
AcDbBlockReference
  2
*U49
 10
2148.038611653834
 20
2133.678822645767
 30
0.0
  0
INSERT
  5
94A
330
92B
100
AcDbEntity
  8
0
  6
ByBlock
347
ED
 62
     0
440
 16777216
370
    -2
380
     1
100
AcDbBlockReference
  2
*U49
 10
2153.685956755936
 20
2133.678822645767
 30
0.0
  0
INSERT
  5
94B
330
92B
100
AcDbEntity
  8
0
  6
ByBlock
347
ED
 62
     0
440
 16777216
370
    -2
380
     1
100
AcDbBlockReference
  2
*U49
 10
2159.333301858037
 20
2133.678822645767
 30
0.0
  0
INSERT
  5
94C
330
92B
100
AcDbEntity
  8
0
  6
ByBlock
347
ED
 62
     0
440
 16777216
370
    -2
380
     1
100
AcDbBlockReference
  2
*U49
 10
2164.980646960139
 20
2133.678822645767
 30
0.0
  0
INSERT
  5
94D
330
92B
100
AcDbEntity
  8
0
  6
ByBlock
347
ED
 62
     0
440
 16777216
370
    -2
380
     1
100
AcDbBlockReference
  2
*U49
 10
2170.62799206224
 20
2133.678822645767
 30
0.0
  0
INSERT
  5
94E
330
92B
100
AcDbEntity
  8
0
  6
ByBlock
347
ED
 62
     0
440
 16777216
370
    -2
380
     1
100
AcDbBlockReference
  2
*U49
 10
2176.275337164342
 20
2133.678822645767
 30
0.0
  0
INSERT
  5
94F
330
92B
100
AcDbEntity
  8
0
  6
ByBlock
347
ED
 62
     0
440
 16777216
370
    -2
380
     1
100
AcDbBlockReference
  2
*U49
 10
2181.922682266443
 20
2133.678822645767
 30
0.0
  0
INSERT
  5
950
330
92B
100
AcDbEntity
  8
0
  6
ByBlock
347
ED
 62
     0
440
 16777216
370
    -2
380
     1
100
AcDbBlockReference
  2
*U49
 10
2187.570027368545
 20
2133.678822645767
 30
0.0
  0
INSERT
  5
951
330
92B
100
AcDbEntity
  8
0
  6
ByBlock
347
ED
 62
     0
440
 16777216
370
    -2
380
     1
100
AcDbBlockReference
  2
*U49
 10
2193.217372470646
 20
2133.678822645767
 30
0.0
  0
INSERT
  5
952
330
92B
100
AcDbEntity
  8
0
  6
ByBlock
347
ED
 62
     0
440
 16777216
370
    -2
380
     1
100
AcDbBlockReference
  2
*U49
 10
2198.864717572748
 20
2133.678822645767
 30
0.0
  0
ENDBLK
  5
953
330
92B
100
AcDbEntity
  8
0
100
AcDbBlockEnd
  0
BLOCK
  5
96C
330
96B
100
AcDbEntity
  8
0
100
AcDbBlockBegin
  2
*U51
 70
     1
 10
0.0
 20
0.0
 30
0.0
  3
*U51
  1

  0
CIRCLE
  5
96D
330
96B
100
AcDbEntity
  8
0
100
AcDbCircle
 10
0.0
 20
0.0
 30
0.0
 40
0.75
  0
ENDBLK
  5
96E
330
96B
100
AcDbEntity
  8
0
100
AcDbBlockEnd
  0
BLOCK
  5
972
330
971
100
AcDbEntity
  8
0
100
AcDbBlockBegin
  2
*U52
 70
     1
 10
0.0
 20
0.0
 30
0.0
  3
*U52
  1

  0
INSERT
  5
973
330
971
100
AcDbEntity
  8
0
  6
ByBlock
347
ED
 62
     0
440
 16777216
370
    -2
380
     1
100
AcDbBlockReference
  2
*U51
 10
2198.864717572748
 20
2234.478822645767
 30
0.0
 50
180.0
  0
INSERT
  5
974
330
971
100
AcDbEntity
  8
0
  6
ByBlock
347
ED
 62
     0
440
 16777216
370
    -2
380
     1
100
AcDbBlockReference
  2
*U51
 10
2193.217372470646
 20
2234.478822645767
 30
0.0
 50
180.0
  0
INSERT
  5
975
330
971
100
AcDbEntity
  8
0
  6
ByBlock
347
ED
 62
     0
440
 16777216
370
    -2
380
     1
100
AcDbBlockReference
  2
*U51
 10
2187.570027368545
 20
2234.478822645767
 30
0.0
 50
180.0
  0
INSERT
  5
976
330
971
100
AcDbEntity
  8
0
  6
ByBlock
347
ED
 62
     0
440
 16777216
370
    -2
380
     1
100
AcDbBlockReference
  2
*U51
 10
2181.922682266443
 20
2234.478822645767
 30
0.0
 50
180.0
  0
INSERT
  5
977
330
971
100
AcDbEntity
  8
0
  6
ByBlock
347
ED
 62
     0
440
 16777216
370
    -2
380
     1
100
AcDbBlockReference
  2
*U51
 10
2176.275337164342
 20
2234.478822645767
 30
0.0
 50
180.0
  0
INSERT
  5
978
330
971
100
AcDbEntity
  8
0
  6
ByBlock
347
ED
 62
     0
440
 16777216
370
    -2
380
     1
100
AcDbBlockReference
  2
*U51
 10
2170.62799206224
 20
2234.478822645767
 30
0.0
 50
180.0
  0
INSERT
  5
979
330
971
100
AcDbEntity
  8
0
  6
ByBlock
347
ED
 62
     0
440
 16777216
370
    -2
380
     1
100
AcDbBlockReference
  2
*U51
 10
2164.980646960139
 20
2234.478822645767
 30
0.0
 50
180.0
  0
INSERT
  5
97A
330
971
100
AcDbEntity
  8
0
  6
ByBlock
347
ED
 62
     0
440
 16777216
370
    -2
380
     1
100
AcDbBlockReference
  2
*U51
 10
2159.333301858037
 20
2234.478822645767
 30
0.0
 50
180.0
  0
INSERT
  5
97B
330
971
100
AcDbEntity
  8
0
  6
ByBlock
347
ED
 62
     0
440
 16777216
370
    -2
380
     1
100
AcDbBlockReference
  2
*U51
 10
2153.685956755936
 20
2234.478822645767
 30
0.0
 50
180.0
  0
INSERT
  5
97C
330
971
100
AcDbEntity
  8
0
  6
ByBlock
347
ED
 62
     0
440
 16777216
370
    -2
380
     1
100
AcDbBlockReference
  2
*U51
 10
2148.038611653834
 20
2234.478822645767
 30
0.0
 50
180.0
  0
INSERT
  5
97D
330
971
100
AcDbEntity
  8
0
  6
ByBlock
347
ED
 62
     0
440
 16777216
370
    -2
380
     1
100
AcDbBlockReference
  2
*U51
 10
2143.362073549803
 20
2232.023156514497
 30
0.0
 41
0.9999999999999998
 42
0.9999999999999998
 43
0.9999999999999998
 50
245.0266791040576
  0
INSERT
  5
97E
330
971
100
AcDbEntity
  8
0
  6
ByBlock
347
ED
 62
     0
440
 16777216
370
    -2
380
     1
100
AcDbBlockReference
  2
*U51
 10
2142.964717572748
 20
2226.433910911528
 30
0.0
 50
269.9999999999999
  0
INSERT
  5
97F
330
971
100
AcDbEntity
  8
0
  6
ByBlock
347
ED
 62
     0
440
 16777216
370
    -2
380
     1
100
AcDbBlockReference
  2
*U51
 10
2142.964717572748
 20
2220.786565809427
 30
0.0
 50
269.9999999999999
  0
INSERT
  5
980
330
971
100
AcDbEntity
  8
0
  6
ByBlock
347
ED
 62
     0
440
 16777216
370
    -2
380
     1
100
AcDbBlockReference
  2
*U51
 10
2142.964717572748
 20
2215.139220707325
 30
0.0
 50
269.9999999999999
  0
INSERT
  5
981
330
971
100
AcDbEntity
  8
0
  6
ByBlock
347
ED
 62
     0
440
 16777216
370
    -2
380
     1
100
AcDbBlockReference
  2
*U51
 10
2142.964717572748
 20
2209.491875605223
 30
0.0
 50
269.9999999999999
  0
INSERT
  5
982
330
971
100
AcDbEntity
  8
0
  6
ByBlock
347
ED
 62
     0
440
 16777216
370
    -2
380
     1
100
AcDbBlockReference
  2
*U51
 10
2142.964717572748
 20
2203.844530503122
 30
0.0
 50
269.9999999999999
  0
INSERT
  5
983
330
971
100
AcDbEntity
  8
0
  6
ByBlock
347
ED
 62
     0
440
 16777216
370
    -2
380
     1
100
AcDbBlockReference
  2
*U51
 10
2142.964717572748
 20
2198.197185401021
 30
0.0
 50
269.9999999999999
  0
INSERT
  5
984
330
971
100
AcDbEntity
  8
0
  6
ByBlock
347
ED
 62
     0
440
 16777216
370
    -2
380
     1
100
AcDbBlockReference
  2
*U51
 10
2142.964717572748
 20
2192.549840298919
 30
0.0
 50
269.9999999999999
  0
INSERT
  5
985
330
971
100
AcDbEntity
  8
0
  6
ByBlock
347
ED
 62
     0
440
 16777216
370
    -2
380
     1
100
AcDbBlockReference
  2
*U51
 10
2142.964717572748
 20
2186.902495196818
 30
0.0
 50
269.9999999999999
  0
INSERT
  5
986
330
971
100
AcDbEntity
  8
0
  6
ByBlock
347
ED
 62
     0
440
 16777216
370
    -2
380
     1
100
AcDbBlockReference
  2
*U51
 10
2142.964717572748
 20
2181.255150094716
 30
0.0
 50
269.9999999999999
  0
INSERT
  5
987
330
971
100
AcDbEntity
  8
0
  6
ByBlock
347
ED
 62
     0
440
 16777216
370
    -2
380
     1
100
AcDbBlockReference
  2
*U51
 10
2142.964717572748
 20
2175.607804992615
 30
0.0
 50
269.9999999999999
  0
INSERT
  5
988
330
971
100
AcDbEntity
  8
0
  6
ByBlock
347
ED
 62
     0
440
 16777216
370
    -2
380
     1
100
AcDbBlockReference
  2
*U51
 10
2142.964717572748
 20
2169.960459890513
 30
0.0
 50
269.9999999999999
  0
INSERT
  5
989
330
971
100
AcDbEntity
  8
0
  6
ByBlock
347
ED
 62
     0
440
 16777216
370
    -2
380
     1
100
AcDbBlockReference
  2
*U51
 10
2142.964717572748
 20
2164.313114788412
 30
0.0
 50
269.9999999999999
  0
INSERT
  5
98A
330
971
100
AcDbEntity
  8
0
  6
ByBlock
347
ED
 62
     0
440
 16777216
370
    -2
380
     1
100
AcDbBlockReference
  2
*U51
 10
2142.964717572748
 20
2158.66576968631
 30
0.0
 50
269.9999999999999
  0
INSERT
  5
98B
330
971
100
AcDbEntity
  8
0
  6
ByBlock
347
ED
 62
     0
440
 16777216
370
    -2
380
     1
100
AcDbBlockReference
  2
*U51
 10
2142.964717572748
 20
2153.018424584209
 30
0.0
 50
269.9999999999999
  0
INSERT
  5
98C
330
971
100
AcDbEntity
  8
0
  6
ByBlock
347
ED
 62
     0
440
 16777216
370
    -2
380
     1
100
AcDbBlockReference
  2
*U51
 10
2142.964717572748
 20
2147.371079482107
 30
0.0
 50
269.9999999999999
  0
INSERT
  5
98D
330
971
100
AcDbEntity
  8
0
  6
ByBlock
347
ED
 62
     0
440
 16777216
370
    -2
380
     1
100
AcDbBlockReference
  2
*U51
 10
2142.964717572748
 20
2141.723734380005
 30
0.0
 50
269.9999999999999
  0
INSERT
  5
98E
330
971
100
AcDbEntity
  8
0
  6
ByBlock
347
ED
 62
     0
440
 16777216
370
    -2
380
     1
100
AcDbBlockReference
  2
*U51
 10
2143.362073549803
 20
2136.134488777038
 30
0.0
 50
294.9733208959417
  0
INSERT
  5
98F
330
971
100
AcDbEntity
  8
0
  6
ByBlock
347
ED
 62
     0
440
 16777216
370
    -2
380
     1
100
AcDbBlockReference
  2
*U51
 10
2148.038611653834
 20
2133.678822645767
 30
0.0
  0
INSERT
  5
990
330
971
100
AcDbEntity
  8
0
  6
ByBlock
347
ED
 62
     0
440
 16777216
370
    -2
380
     1
100
AcDbBlockReference
  2
*U51
 10
2153.685956755936
 20
2133.678822645767
 30
0.0
  0
INSERT
  5
991
330
971
100
AcDbEntity
  8
0
  6
ByBlock
347
ED
 62
     0
440
 16777216
370
    -2
380
     1
100
AcDbBlockReference
  2
*U51
 10
2159.333301858037
 20
2133.678822645767
 30
0.0
  0
INSERT
  5
992
330
971
100
AcDbEntity
  8
0
  6
ByBlock
347
ED
 62
     0
440
 16777216
370
    -2
380
     1
100
AcDbBlockReference
  2
*U51
 10
2164.980646960139
 20
2133.678822645767
 30
0.0
  0
INSERT
  5
993
330
971
100
AcDbEntity
  8
0
  6
ByBlock
347
ED
 62
     0
440
 16777216
370
    -2
380
     1
100
AcDbBlockReference
  2
*U51
 10
2170.62799206224
 20
2133.678822645767
 30
0.0
  0
INSERT
  5
994
330
971
100
AcDbEntity
  8
0
  6
ByBlock
347
ED
 62
     0
440
 16777216
370
    -2
380
     1
100
AcDbBlockReference
  2
*U51
 10
2176.275337164342
 20
2133.678822645767
 30
0.0
  0
INSERT
  5
995
330
971
100
AcDbEntity
  8
0
  6
ByBlock
347
ED
 62
     0
440
 16777216
370
    -2
380
     1
100
AcDbBlockReference
  2
*U51
 10
2181.922682266443
 20
2133.678822645767
 30
0.0
  0
INSERT
  5
996
330
971
100
AcDbEntity
  8
0
  6
ByBlock
347
ED
 62
     0
440
 16777216
370
    -2
380
     1
100
AcDbBlockReference
  2
*U51
 10
2187.570027368545
 20
2133.678822645767
 30
0.0
  0
INSERT
  5
997
330
971
100
AcDbEntity
  8
0
  6
ByBlock
347
ED
 62
     0
440
 16777216
370
    -2
380
     1
100
AcDbBlockReference
  2
*U51
 10
2193.217372470646
 20
2133.678822645767
 30
0.0
  0
INSERT
  5
998
330
971
100
AcDbEntity
  8
0
  6
ByBlock
347
ED
 62
     0
440
 16777216
370
    -2
380
     1
100
AcDbBlockReference
  2
*U51
 10
2198.864717572748
 20
2133.678822645767
 30
0.0
  0
ENDBLK
  5
999
330
971
100
AcDbEntity
  8
0
100
AcDbBlockEnd
  0
BLOCK
  5
B9C
330
B70
100
AcDbEntity
  8
0
100
AcDbBlockBegin
  2
A$C1c5e0a9e
 70
     0
 10
0.0
 20
0.0
 30
0.0
  3
A$C1c5e0a9e
  1

  0
CIRCLE
  5
B71
330
B70
100
AcDbEntity
  8
0
100
AcDbCircle
 10
3.749999999998635
 20
3.75
 30
0.0
 40
0.75
  0
CIRCLE
  5
B72
330
B70
100
AcDbEntity
  8
0
100
AcDbCircle
 10
9.322414967834902
 20
3.75
 30
0.0
 40
0.75
  0
CIRCLE
  5
B73
330
B70
100
AcDbEntity
  8
0
100
AcDbCircle
 10
14.89482993567071
 20
3.75
 30
0.0
 40
0.75
  0
CIRCLE
  5
B74
330
B70
100
AcDbEntity
  8
0
100
AcDbCircle
 10
20.46724490350607
 20
3.75
 30
0.0
 40
0.75
  0
CIRCLE
  5
B75
330
B70
100
AcDbEntity
  8
0
100
AcDbCircle
 10
26.03965987134188
 20
3.75
 30
0.0
 40
0.75
  0
CIRCLE
  5
B76
330
B70
100
AcDbEntity
  8
0
100
AcDbCircle
 10
31.61207483917815
 20
3.75
 30
0.0
 40
0.75
  0
CIRCLE
  5
B77
330
B70
100
AcDbEntity
  8
0
100
AcDbCircle
 10
37.18448980701396
 20
3.75
 30
0.0
 40
0.75
  0
CIRCLE
  5
B78
330
B70
100
AcDbEntity
  8
0
100
AcDbCircle
 10
42.75690477484977
 20
3.75
 30
0.0
 40
0.75
  0
CIRCLE
  5
B79
330
B70
100
AcDbEntity
  8
0
100
AcDbCircle
 10
48.32931974268513
 20
3.75
 30
0.0
 40
0.75
  0
CIRCLE
  5
B7A
330
B70
100
AcDbEntity
  8
0
100
AcDbCircle
 10
53.90173471052003
 20
3.75
 30
0.0
 40
0.75
  0
CIRCLE
  5
B7B
330
B70
100
AcDbEntity
  8
0
100
AcDbCircle
 10
59.30115729149156
 20
4.563910332482919
 30
0.0
 40
0.75
  0
CIRCLE
  5
B7C
330
B70
100
AcDbEntity
  8
0
100
AcDbCircle
 10
61.05000000000018
 20
9.570680257314052
 30
0.0
 40
0.75
  0
CIRCLE
  5
B7D
330
B70
100
AcDbEntity
  8
0
100
AcDbCircle
 10
61.05000000000018
 20
15.14309522515032
 30
0.0
 40
0.75
  0
CIRCLE
  5
B7E
330
B70
100
AcDbEntity
  8
0
100
AcDbCircle
 10
61.05000000000018
 20
20.71551019298613
 30
0.0
 40
0.75
  0
CIRCLE
  5
B7F
330
B70
100
AcDbEntity
  8
0
100
AcDbCircle
 10
61.05000000000018
 20
26.28792516082103
 30
0.0
 40
0.75
  0
CIRCLE
  5
B80
330
B70
100
AcDbEntity
  8
0
100
AcDbCircle
 10
61.05000000000018
 20
31.86034012865685
 30
0.0
 40
0.75
  0
CIRCLE
  5
B81
330
B70
100
AcDbEntity
  8
0
100
AcDbCircle
 10
61.05000000000018
 20
37.43275509649311
 30
0.0
 40
0.75
  0
CIRCLE
  5
B82
330
B70
100
AcDbEntity
  8
0
100
AcDbCircle
 10
61.05000000000018
 20
43.00517006432801
 30
0.0
 40
0.75
  0
CIRCLE
  5
B83
330
B70
100
AcDbEntity
  8
0
100
AcDbCircle
 10
61.05000000000018
 20
48.57758503216428
 30
0.0
 40
0.75
  0
CIRCLE
  5
B84
330
B70
100
AcDbEntity
  8
0
100
AcDbCircle
 10
61.05000000000018
 20
54.15000000000009
 30
0.0
 40
0.75
  0
CIRCLE
  5
B85
330
B70
100
AcDbEntity
  8
0
100
AcDbCircle
 10
61.05000000000018
 20
59.7224149678359
 30
0.0
 40
0.75
  0
CIRCLE
  5
B86
330
B70
100
AcDbEntity
  8
0
100
AcDbCircle
 10
3.749999999998635
 20
59.75
 30
0.0
 40
0.75
  0
CIRCLE
  5
B87
330
B70
100
AcDbEntity
  8
0
100
AcDbCircle
 10
3.749999999998635
 20
54.15000000000009
 30
0.0
 40
0.75
  0
CIRCLE
  5
B88
330
B70
100
AcDbEntity
  8
0
100
AcDbCircle
 10
3.749999999998635
 20
48.55000000000018
 30
0.0
 40
0.75
  0
CIRCLE
  5
B89
330
B70
100
AcDbEntity
  8
0
100
AcDbCircle
 10
3.749999999998635
 20
42.95000000000027
 30
0.0
 40
0.75
  0
CIRCLE
  5
B8A
330
B70
100
AcDbEntity
  8
0
100
AcDbCircle
 10
3.749999999998635
 20
37.34999999999991
 30
0.0
 40
0.75
  0
CIRCLE
  5
B8B
330
B70
100
AcDbEntity
  8
0
100
AcDbCircle
 10
3.749999999998635
 20
31.75
 30
0.0
 40
0.75
  0
CIRCLE
  5
B8C
330
B70
100
AcDbEntity
  8
0
100
AcDbCircle
 10
3.749999999998635
 20
26.15000000000009
 30
0.0
 40
0.75
  0
CIRCLE
  5
B8D
330
B70
100
AcDbEntity
  8
0
100
AcDbCircle
 10
3.749999999998635
 20
20.55000000000018
 30
0.0
 40
0.75
  0
CIRCLE
  5
B8E
330
B70
100
AcDbEntity
  8
0
100
AcDbCircle
 10
3.749999999998635
 20
14.95000000000027
 30
0.0
 40
0.75
  0
CIRCLE
  5
B8F
330
B70
100
AcDbEntity
  8
0
100
AcDbCircle
 10
3.749999999998635
 20
9.349999999999909
 30
0.0
 40
0.75
  0
CIRCLE
  5
B90
330
B70
100
AcDbEntity
  8
0
100
AcDbCircle
 10
3.749999999998635
 20
3.75
 30
0.0
 40
0.75
  0
ARC
  5
B91
330
B70
100
AcDbEntity
  8
0
100
AcDbCircle
 10
56.80000000000018
 20
8.0
 30
0.0
 40
8.0
100
AcDbArc
 50
270.0
 51
0.0
  0
LINE
  5
B92
330
B70
100
AcDbEntity
  8
0
100
AcDbLine
 10
56.80000000000018
 20
0.0
 30
0.0
 11
0.0
 21
0.0
 31
0.0
  0
LINE
  5
B93
330
B70
100
AcDbEntity
  8
0
100
AcDbLine
 10
0.0
 20
0.0
 30
0.0
 11
0.0
 21
62.55000000000018
 31
0.0
  0
LINE
  5
B94
330
B70
100
AcDbEntity
  8
0
100
AcDbLine
 10
64.80000000000018
 20
62.55000000000018
 30
0.0
 11
64.80000000000018
 21
8.0
 31
0.0
  0
LINE
  5
B95
330
B70
100
AcDbEntity
  8
0
100
AcDbLine
 10
0.0
 20
62.55000000000018
 30
0.0
 11
5.5
 21
62.55000000000018
 31
0.0
  0
LINE
  5
B96
330
B70
100
AcDbEntity
  8
0
100
AcDbLine
 10
5.5
 20
62.55000000000018
 30
0.0
 11
30.38531169919361
 21
56.07426833106501
 31
0.0
  0
LINE
  5
B97
330
B70
100
AcDbEntity
  8
0
100
AcDbLine
 10
34.41468830080612
 20
56.07426833106501
 30
0.0
 11
59.30000000000018
 21
62.55000000000018
 31
0.0
  0
ARC
  5
B98
330
B70
100
AcDbEntity
  8
0
100
AcDbCircle
 10
32.40000000000009
 20
63.8164276584489
 30
0.0
 40
8.0
100
AcDbArc
 50
255.4138139317664
 51
284.5861860682337
  0
LINE
  5
B99
330
B70
100
AcDbEntity
  8
0
100
AcDbLine
 10
59.30000000000018
 20
62.55000000000018
 30
0.0
 11
64.80000000000018
 21
62.55000000000018
 31
0.0
  0
ENDBLK
  5
B9D
330
B70
100
AcDbEntity
  8
0
100
AcDbBlockEnd
  0
BLOCK
  5
B9F
330
B9E
100
AcDbEntity
  8
0
100
AcDbBlockBegin
  2
*U57
 70
     1
 10
0.0
 20
0.0
 30
0.0
  3
*U57
  1

  0
CIRCLE
  5
BA0
330
B9E
100
AcDbEntity
  8
0
100
AcDbCircle
 10
0.0
 20
0.0
 30
0.0
 40
0.75
  0
ENDBLK
  5
BA1
330
B9E
100
AcDbEntity
  8
0
100
AcDbBlockEnd
  0
BLOCK
  5
BA3
330
BA2
100
AcDbEntity
  8
0
100
AcDbBlockBegin
  2
*U58
 70
     1
 10
0.0
 20
0.0
 30
0.0
  3
*U58
  1

  0
INSERT
  5
BA4
330
BA2
100
AcDbEntity
  8
0
  6
ByBlock
347
ED
 62
     0
440
 16777216
370
    -2
380
     1
100
AcDbBlockReference
  2
*U57
 10
2233.664717572747
 20
2234.478822645767
 30
0.0
  0
INSERT
  5
BA5
330
BA2
100
AcDbEntity
  8
0
  6
ByBlock
347
ED
 62
     0
440
 16777216
370
    -2
380
     1
100
AcDbBlockReference
  2
*U57
 10
2239.237132540583
 20
2234.478822645767
 30
0.0
  0
INSERT
  5
BA6
330
BA2
100
AcDbEntity
  8
0
  6
ByBlock
347
ED
 62
     0
440
 16777216
370
    -2
380
     1
100
AcDbBlockReference
  2
*U57
 10
2244.809547508419
 20
2234.478822645767
 30
0.0
  0
INSERT
  5
BA7
330
BA2
100
AcDbEntity
  8
0
  6
ByBlock
347
ED
 62
     0
440
 16777216
370
    -2
380
     1
100
AcDbBlockReference
  2
*U57
 10
2250.381962476255
 20
2234.478822645767
 30
0.0
  0
INSERT
  5
BA8
330
BA2
100
AcDbEntity
  8
0
  6
ByBlock
347
ED
 62
     0
440
 16777216
370
    -2
380
     1
100
AcDbBlockReference
  2
*U57
 10
2255.954377444091
 20
2234.478822645767
 30
0.0
  0
INSERT
  5
BA9
330
BA2
100
AcDbEntity
  8
0
  6
ByBlock
347
ED
 62
     0
440
 16777216
370
    -2
380
     1
100
AcDbBlockReference
  2
*U57
 10
2261.526792411926
 20
2234.478822645767
 30
0.0
  0
INSERT
  5
BAA
330
BA2
100
AcDbEntity
  8
0
  6
ByBlock
347
ED
 62
     0
440
 16777216
370
    -2
380
     1
100
AcDbBlockReference
  2
*U57
 10
2267.099207379762
 20
2234.478822645767
 30
0.0
  0
INSERT
  5
BAB
330
BA2
100
AcDbEntity
  8
0
  6
ByBlock
347
ED
 62
     0
440
 16777216
370
    -2
380
     1
100
AcDbBlockReference
  2
*U57
 10
2272.671622347598
 20
2234.478822645767
 30
0.0
  0
INSERT
  5
BAC
330
BA2
100
AcDbEntity
  8
0
  6
ByBlock
347
ED
 62
     0
440
 16777216
370
    -2
380
     1
100
AcDbBlockReference
  2
*U57
 10
2278.244037315433
 20
2234.478822645767
 30
0.0
  0
INSERT
  5
BAD
330
BA2
100
AcDbEntity
  8
0
  6
ByBlock
347
ED
 62
     0
440
 16777216
370
    -2
380
     1
100
AcDbBlockReference
  2
*U57
 10
2283.816452283269
 20
2234.478822645767
 30
0.0
  0
INSERT
  5
BAE
330
BA2
100
AcDbEntity
  8
0
  6
ByBlock
347
ED
 62
     0
440
 16777216
370
    -2
380
     1
100
AcDbBlockReference
  2
*U57
 10
2289.21587486424
 20
2233.664912313283
 30
0.0
 50
323.9488257985598
  0
INSERT
  5
BAF
330
BA2
100
AcDbEntity
  8
0
  6
ByBlock
347
ED
 62
     0
440
 16777216
370
    -2
380
     1
100
AcDbBlockReference
  2
*U57
 10
2290.964717572748
 20
2228.658142388452
 30
0.0
 50
270.0
  0
INSERT
  5
BB0
330
BA2
100
AcDbEntity
  8
0
  6
ByBlock
347
ED
 62
     0
440
 16777216
370
    -2
380
     1
100
AcDbBlockReference
  2
*U57
 10
2290.964717572748
 20
2223.085727420617
 30
0.0
 50
270.0
  0
INSERT
  5
BB1
330
BA2
100
AcDbEntity
  8
0
  6
ByBlock
347
ED
 62
     0
440
 16777216
370
    -2
380
     1
100
AcDbBlockReference
  2
*U57
 10
2290.964717572748
 20
2217.513312452781
 30
0.0
 50
270.0
  0
INSERT
  5
BB2
330
BA2
100
AcDbEntity
  8
0
  6
ByBlock
347
ED
 62
     0
440
 16777216
370
    -2
380
     1
100
AcDbBlockReference
  2
*U57
 10
2290.964717572748
 20
2211.940897484945
 30
0.0
 50
270.0
  0
INSERT
  5
BB3
330
BA2
100
AcDbEntity
  8
0
  6
ByBlock
347
ED
 62
     0
440
 16777216
370
    -2
380
     1
100
AcDbBlockReference
  2
*U57
 10
2290.964717572748
 20
2206.368482517111
 30
0.0
 50
270.0
  0
INSERT
  5
BB4
330
BA2
100
AcDbEntity
  8
0
  6
ByBlock
347
ED
 62
     0
440
 16777216
370
    -2
380
     1
100
AcDbBlockReference
  2
*U57
 10
2290.964717572748
 20
2200.796067549274
 30
0.0
 50
270.0
  0
INSERT
  5
BB5
330
BA2
100
AcDbEntity
  8
0
  6
ByBlock
347
ED
 62
     0
440
 16777216
370
    -2
380
     1
100
AcDbBlockReference
  2
*U57
 10
2290.964717572748
 20
2195.223652581438
 30
0.0
 50
270.0
  0
INSERT
  5
BB6
330
BA2
100
AcDbEntity
  8
0
  6
ByBlock
347
ED
 62
     0
440
 16777216
370
    -2
380
     1
100
AcDbBlockReference
  2
*U57
 10
2290.964717572748
 20
2189.651237613603
 30
0.0
 50
270.0
  0
INSERT
  5
BB7
330
BA2
100
AcDbEntity
  8
0
  6
ByBlock
347
ED
 62
     0
440
 16777216
370
    -2
380
     1
100
AcDbBlockReference
  2
*U57
 10
2290.964717572748
 20
2184.078822645767
 30
0.0
 50
270.0
  0
INSERT
  5
BB8
330
BA2
100
AcDbEntity
  8
0
  6
ByBlock
347
ED
 62
     0
440
 16777216
370
    -2
380
     1
100
AcDbBlockReference
  2
*U57
 10
2290.964717572748
 20
2178.506407677931
 30
0.0
 50
270.0
  0
INSERT
  5
BB9
330
BA2
100
AcDbEntity
  8
0
  6
ByBlock
347
ED
 62
     0
440
 16777216
370
    -2
380
     1
100
AcDbBlockReference
  2
*U57
 10
2290.964717572748
 20
2172.933992710095
 30
0.0
 50
270.0
  0
INSERT
  5
BBA
330
BA2
100
AcDbEntity
  8
0
  6
ByBlock
347
ED
 62
     0
440
 16777216
370
    -2
380
     1
100
AcDbBlockReference
  2
*U57
 10
2290.964717572748
 20
2167.36157774226
 30
0.0
 50
270.0
  0
INSERT
  5
BBB
330
BA2
100
AcDbEntity
  8
0
  6
ByBlock
347
ED
 62
     0
440
 16777216
370
    -2
380
     1
100
AcDbBlockReference
  2
*U57
 10
2290.964717572748
 20
2161.789162774424
 30
0.0
 50
270.0
  0
INSERT
  5
BBC
330
BA2
100
AcDbEntity
  8
0
  6
ByBlock
347
ED
 62
     0
440
 16777216
370
    -2
380
     1
100
AcDbBlockReference
  2
*U57
 10
2290.964717572748
 20
2156.216747806588
 30
0.0
 50
270.0
  0
INSERT
  5
BBD
330
BA2
100
AcDbEntity
  8
0
  6
ByBlock
347
ED
 62
     0
440
 16777216
370
    -2
380
     1
100
AcDbBlockReference
  2
*U57
 10
2290.964717572748
 20
2150.644332838752
 30
0.0
 50
270.0
  0
INSERT
  5
BBE
330
BA2
100
AcDbEntity
  8
0
  6
ByBlock
347
ED
 62
     0
440
 16777216
370
    -2
380
     1
100
AcDbBlockReference
  2
*U57
 10
2290.964717572748
 20
2145.071917870917
 30
0.0
 50
270.0
  0
INSERT
  5
BBF
330
BA2
100
AcDbEntity
  8
0
  6
ByBlock
347
ED
 62
     0
440
 16777216
370
    -2
380
     1
100
AcDbBlockReference
  2
*U57
 10
2290.964717572748
 20
2139.499502903081
 30
0.0
 50
270.0
  0
INSERT
  5
BC0
330
BA2
100
AcDbEntity
  8
0
  6
ByBlock
347
ED
 62
     0
440
 16777216
370
    -2
380
     1
100
AcDbBlockReference
  2
*U57
 10
2289.21587486424
 20
2134.49273297825
 30
0.0
 50
216.0511742014403
  0
INSERT
  5
BC1
330
BA2
100
AcDbEntity
  8
0
  6
ByBlock
347
ED
 62
     0
440
 16777216
370
    -2
380
     1
100
AcDbBlockReference
  2
*U57
 10
2283.816452283269
 20
2133.678822645767
 30
0.0
 50
180.0
  0
INSERT
  5
BC2
330
BA2
100
AcDbEntity
  8
0
  6
ByBlock
347
ED
 62
     0
440
 16777216
370
    -2
380
     1
100
AcDbBlockReference
  2
*U57
 10
2278.244037315433
 20
2133.678822645767
 30
0.0
 50
180.0
  0
INSERT
  5
BC3
330
BA2
100
AcDbEntity
  8
0
  6
ByBlock
347
ED
 62
     0
440
 16777216
370
    -2
380
     1
100
AcDbBlockReference
  2
*U57
 10
2272.671622347598
 20
2133.678822645767
 30
0.0
 50
180.0
  0
INSERT
  5
BC4
330
BA2
100
AcDbEntity
  8
0
  6
ByBlock
347
ED
 62
     0
440
 16777216
370
    -2
380
     1
100
AcDbBlockReference
  2
*U57
 10
2267.099207379762
 20
2133.678822645767
 30
0.0
 50
180.0
  0
INSERT
  5
BC5
330
BA2
100
AcDbEntity
  8
0
  6
ByBlock
347
ED
 62
     0
440
 16777216
370
    -2
380
     1
100
AcDbBlockReference
  2
*U57
 10
2261.526792411926
 20
2133.678822645767
 30
0.0
 50
180.0
  0
INSERT
  5
BC6
330
BA2
100
AcDbEntity
  8
0
  6
ByBlock
347
ED
 62
     0
440
 16777216
370
    -2
380
     1
100
AcDbBlockReference
  2
*U57
 10
2255.954377444091
 20
2133.678822645767
 30
0.0
 50
180.0
  0
INSERT
  5
BC7
330
BA2
100
AcDbEntity
  8
0
  6
ByBlock
347
ED
 62
     0
440
 16777216
370
    -2
380
     1
100
AcDbBlockReference
  2
*U57
 10
2250.381962476255
 20
2133.678822645767
 30
0.0
 50
180.0
  0
INSERT
  5
BC8
330
BA2
100
AcDbEntity
  8
0
  6
ByBlock
347
ED
 62
     0
440
 16777216
370
    -2
380
     1
100
AcDbBlockReference
  2
*U57
 10
2244.809547508419
 20
2133.678822645767
 30
0.0
 50
180.0
  0
INSERT
  5
BC9
330
BA2
100
AcDbEntity
  8
0
  6
ByBlock
347
ED
 62
     0
440
 16777216
370
    -2
380
     1
100
AcDbBlockReference
  2
*U57
 10
2239.237132540583
 20
2133.678822645767
 30
0.0
 50
180.0
  0
INSERT
  5
BCA
330
BA2
100
AcDbEntity
  8
0
  6
ByBlock
347
ED
 62
     0
440
 16777216
370
    -2
380
     1
100
AcDbBlockReference
  2
*U57
 10
2233.664717572747
 20
2133.678822645767
 30
0.0
 50
180.0
  0
ENDBLK
  5
BCB
330
BA2
100
AcDbEntity
  8
0
100
AcDbBlockEnd
  0
BLOCK
  5
BCD
330
BCC
100
AcDbEntity
  8
0
100
AcDbBlockBegin
  2
*U59
 70
     1
 10
0.0
 20
0.0
 30
0.0
  3
*U59
  1

  0
CIRCLE
  5
BCE
330
BCC
100
AcDbEntity
  8
0
100
AcDbCircle
 10
0.0
 20
0.0
 30
0.0
 40
0.75
  0
ENDBLK
  5
BCF
330
BCC
100
AcDbEntity
  8
0
100
AcDbBlockEnd
  0
BLOCK
  5
BD1
330
BD0
100
AcDbEntity
  8
0
100
AcDbBlockBegin
  2
*U60
 70
     1
 10
0.0
 20
0.0
 30
0.0
  3
*U60
  1

  0
INSERT
  5
BD2
330
BD0
100
AcDbEntity
  8
0
  6
ByBlock
347
ED
 62
     0
440
 16777216
370
    -2
380
     1
100
AcDbBlockReference
  2
*U59
 10
2233.664717572747
 20
2133.678822645767
 30
0.0
 50
90.0
  0
INSERT
  5
BD3
330
BD0
100
AcDbEntity
  8
0
  6
ByBlock
347
ED
 62
     0
440
 16777216
370
    -2
380
     1
100
AcDbBlockReference
  2
*U59
 10
2233.664717572747
 20
2139.278822645767
 30
0.0
 50
90.0
  0
INSERT
  5
BD4
330
BD0
100
AcDbEntity
  8
0
  6
ByBlock
347
ED
 62
     0
440
 16777216
370
    -2
380
     1
100
AcDbBlockReference
  2
*U59
 10
2233.664717572747
 20
2144.878822645766
 30
0.0
 50
90.0
  0
INSERT
  5
BD5
330
BD0
100
AcDbEntity
  8
0
  6
ByBlock
347
ED
 62
     0
440
 16777216
370
    -2
380
     1
100
AcDbBlockReference
  2
*U59
 10
2233.664717572747
 20
2150.478822645767
 30
0.0
 50
90.0
  0
INSERT
  5
BD6
330
BD0
100
AcDbEntity
  8
0
  6
ByBlock
347
ED
 62
     0
440
 16777216
370
    -2
380
     1
100
AcDbBlockReference
  2
*U59
 10
2233.664717572747
 20
2156.078822645767
 30
0.0
 50
90.0
  0
INSERT
  5
BD7
330
BD0
100
AcDbEntity
  8
0
  6
ByBlock
347
ED
 62
     0
440
 16777216
370
    -2
380
     1
100
AcDbBlockReference
  2
*U59
 10
2233.664717572747
 20
2161.678822645766
 30
0.0
 50
90.0
  0
INSERT
  5
BD8
330
BD0
100
AcDbEntity
  8
0
  6
ByBlock
347
ED
 62
     0
440
 16777216
370
    -2
380
     1
100
AcDbBlockReference
  2
*U59
 10
2233.664717572747
 20
2167.278822645767
 30
0.0
 50
90.0
  0
INSERT
  5
BD9
330
BD0
100
AcDbEntity
  8
0
  6
ByBlock
347
ED
 62
     0
440
 16777216
370
    -2
380
     1
100
AcDbBlockReference
  2
*U59
 10
2233.664717572747
 20
2172.878822645767
 30
0.0
 50
90.0
  0
INSERT
  5
BDA
330
BD0
100
AcDbEntity
  8
0
  6
ByBlock
347
ED
 62
     0
440
 16777216
370
    -2
380
     1
100
AcDbBlockReference
  2
*U59
 10
2233.664717572747
 20
2178.478822645767
 30
0.0
 50
90.0
  0
INSERT
  5
BDB
330
BD0
100
AcDbEntity
  8
0
  6
ByBlock
347
ED
 62
     0
440
 16777216
370
    -2
380
     1
100
AcDbBlockReference
  2
*U59
 10
2233.664717572747
 20
2184.078822645767
 30
0.0
 50
90.0
  0
INSERT
  5
BDC
330
BD0
100
AcDbEntity
  8
0
  6
ByBlock
347
ED
 62
     0
440
 16777216
370
    -2
380
     1
100
AcDbBlockReference
  2
*U59
 10
2233.664717572747
 20
2189.678822645767
 30
0.0
 50
90.0
  0
INSERT
  5
BDD
330
BD0
100
AcDbEntity
  8
0
  6
ByBlock
347
ED
 62
     0
440
 16777216
370
    -2
380
     1
100
AcDbBlockReference
  2
*U59
 10
2233.664717572747
 20
2195.278822645767
 30
0.0
 50
90.0
  0
INSERT
  5
BDE
330
BD0
100
AcDbEntity
  8
0
  6
ByBlock
347
ED
 62
     0
440
 16777216
370
    -2
380
     1
100
AcDbBlockReference
  2
*U59
 10
2233.664717572747
 20
2200.878822645767
 30
0.0
 50
90.0
  0
INSERT
  5
BDF
330
BD0
100
AcDbEntity
  8
0
  6
ByBlock
347
ED
 62
     0
440
 16777216
370
    -2
380
     1
100
AcDbBlockReference
  2
*U59
 10
2233.664717572747
 20
2206.478822645767
 30
0.0
 50
90.0
  0
INSERT
  5
BE0
330
BD0
100
AcDbEntity
  8
0
  6
ByBlock
347
ED
 62
     0
440
 16777216
370
    -2
380
     1
100
AcDbBlockReference
  2
*U59
 10
2233.664717572747
 20
2212.078822645767
 30
0.0
 50
90.0
  0
INSERT
  5
BE1
330
BD0
100
AcDbEntity
  8
0
  6
ByBlock
347
ED
 62
     0
440
 16777216
370
    -2
380
     1
100
AcDbBlockReference
  2
*U59
 10
2233.664717572747
 20
2217.678822645767
 30
0.0
 50
90.0
  0
INSERT
  5
BE2
330
BD0
100
AcDbEntity
  8
0
  6
ByBlock
347
ED
 62
     0
440
 16777216
370
    -2
380
     1
100
AcDbBlockReference
  2
*U59
 10
2233.664717572747
 20
2223.278822645767
 30
0.0
 50
90.0
  0
INSERT
  5
BE3
330
BD0
100
AcDbEntity
  8
0
  6
ByBlock
347
ED
 62
     0
440
 16777216
370
    -2
380
     1
100
AcDbBlockReference
  2
*U59
 10
2233.664717572747
 20
2228.878822645767
 30
0.0
 50
90.0
  0
INSERT
  5
BE4
330
BD0
100
AcDbEntity
  8
0
  6
ByBlock
347
ED
 62
     0
440
 16777216
370
    -2
380
     1
100
AcDbBlockReference
  2
*U59
 10
2233.664717572747
 20
2234.478822645767
 30
0.0
 50
90.0
  0
ENDBLK
  5
BE5
330
BD0
100
AcDbEntity
  8
0
100
AcDbBlockEnd
  0
BLOCK
  5
C13
330
C12
100
AcDbEntity
  8
0
100
AcDbBlockBegin
  2
*U63
 70
     1
 10
0.0
 20
0.0
 30
0.0
  3
*U63
  1

  0
CIRCLE
  5
C14
330
C12
100
AcDbEntity
  8
0
100
AcDbCircle
 10
0.0
 20
0.0
 30
0.0
 40
0.75
  0
ENDBLK
  5
C15
330
C12
100
AcDbEntity
  8
0
100
AcDbBlockEnd
  0
BLOCK
  5
C19
330
C18
100
AcDbEntity
  8
0
100
AcDbBlockBegin
  2
*U65
 70
     1
 10
0.0
 20
0.0
 30
0.0
  3
*U65
  1

  0
INSERT
  5
C1A
330
C18
100
AcDbEntity
  8
0
  6
ByBlock
347
ED
 62
     0
440
 16777216
370
    -2
380
     1
100
AcDbBlockReference
  2
*U63
 10
2233.664717572747
 20
2234.478822645767
 30
0.0
  0
INSERT
  5
C1B
330
C18
100
AcDbEntity
  8
0
  6
ByBlock
347
ED
 62
     0
440
 16777216
370
    -2
380
     1
100
AcDbBlockReference
  2
*U63
 10
2239.237132540583
 20
2234.478822645767
 30
0.0
  0
INSERT
  5
C1C
330
C18
100
AcDbEntity
  8
0
  6
ByBlock
347
ED
 62
     0
440
 16777216
370
    -2
380
     1
100
AcDbBlockReference
  2
*U63
 10
2244.809547508419
 20
2234.478822645767
 30
0.0
  0
INSERT
  5
C1D
330
C18
100
AcDbEntity
  8
0
  6
ByBlock
347
ED
 62
     0
440
 16777216
370
    -2
380
     1
100
AcDbBlockReference
  2
*U63
 10
2250.381962476255
 20
2234.478822645767
 30
0.0
  0
INSERT
  5
C1E
330
C18
100
AcDbEntity
  8
0
  6
ByBlock
347
ED
 62
     0
440
 16777216
370
    -2
380
     1
100
AcDbBlockReference
  2
*U63
 10
2255.954377444091
 20
2234.478822645767
 30
0.0
  0
INSERT
  5
C1F
330
C18
100
AcDbEntity
  8
0
  6
ByBlock
347
ED
 62
     0
440
 16777216
370
    -2
380
     1
100
AcDbBlockReference
  2
*U63
 10
2261.526792411926
 20
2234.478822645767
 30
0.0
  0
INSERT
  5
C20
330
C18
100
AcDbEntity
  8
0
  6
ByBlock
347
ED
 62
     0
440
 16777216
370
    -2
380
     1
100
AcDbBlockReference
  2
*U63
 10
2267.099207379762
 20
2234.478822645767
 30
0.0
  0
INSERT
  5
C21
330
C18
100
AcDbEntity
  8
0
  6
ByBlock
347
ED
 62
     0
440
 16777216
370
    -2
380
     1
100
AcDbBlockReference
  2
*U63
 10
2272.671622347598
 20
2234.478822645767
 30
0.0
  0
INSERT
  5
C22
330
C18
100
AcDbEntity
  8
0
  6
ByBlock
347
ED
 62
     0
440
 16777216
370
    -2
380
     1
100
AcDbBlockReference
  2
*U63
 10
2278.244037315433
 20
2234.478822645767
 30
0.0
  0
INSERT
  5
C23
330
C18
100
AcDbEntity
  8
0
  6
ByBlock
347
ED
 62
     0
440
 16777216
370
    -2
380
     1
100
AcDbBlockReference
  2
*U63
 10
2283.816452283269
 20
2234.478822645767
 30
0.0
  0
INSERT
  5
C24
330
C18
100
AcDbEntity
  8
0
  6
ByBlock
347
ED
 62
     0
440
 16777216
370
    -2
380
     1
100
AcDbBlockReference
  2
*U63
 10
2289.21587486424
 20
2233.664912313283
 30
0.0
 50
323.9488257985598
  0
INSERT
  5
C25
330
C18
100
AcDbEntity
  8
0
  6
ByBlock
347
ED
 62
     0
440
 16777216
370
    -2
380
     1
100
AcDbBlockReference
  2
*U63
 10
2290.964717572748
 20
2228.658142388452
 30
0.0
 50
270.0
  0
INSERT
  5
C26
330
C18
100
AcDbEntity
  8
0
  6
ByBlock
347
ED
 62
     0
440
 16777216
370
    -2
380
     1
100
AcDbBlockReference
  2
*U63
 10
2290.964717572748
 20
2223.085727420617
 30
0.0
 50
270.0
  0
INSERT
  5
C27
330
C18
100
AcDbEntity
  8
0
  6
ByBlock
347
ED
 62
     0
440
 16777216
370
    -2
380
     1
100
AcDbBlockReference
  2
*U63
 10
2290.964717572748
 20
2217.513312452781
 30
0.0
 50
270.0
  0
INSERT
  5
C28
330
C18
100
AcDbEntity
  8
0
  6
ByBlock
347
ED
 62
     0
440
 16777216
370
    -2
380
     1
100
AcDbBlockReference
  2
*U63
 10
2290.964717572748
 20
2211.940897484945
 30
0.0
 50
270.0
  0
INSERT
  5
C29
330
C18
100
AcDbEntity
  8
0
  6
ByBlock
347
ED
 62
     0
440
 16777216
370
    -2
380
     1
100
AcDbBlockReference
  2
*U63
 10
2290.964717572748
 20
2206.368482517111
 30
0.0
 50
270.0
  0
INSERT
  5
C2A
330
C18
100
AcDbEntity
  8
0
  6
ByBlock
347
ED
 62
     0
440
 16777216
370
    -2
380
     1
100
AcDbBlockReference
  2
*U63
 10
2290.964717572748
 20
2200.796067549274
 30
0.0
 50
270.0
  0
INSERT
  5
C2B
330
C18
100
AcDbEntity
  8
0
  6
ByBlock
347
ED
 62
     0
440
 16777216
370
    -2
380
     1
100
AcDbBlockReference
  2
*U63
 10
2290.964717572748
 20
2195.223652581438
 30
0.0
 50
270.0
  0
INSERT
  5
C2C
330
C18
100
AcDbEntity
  8
0
  6
ByBlock
347
ED
 62
     0
440
 16777216
370
    -2
380
     1
100
AcDbBlockReference
  2
*U63
 10
2290.964717572748
 20
2189.651237613603
 30
0.0
 50
270.0
  0
INSERT
  5
C2D
330
C18
100
AcDbEntity
  8
0
  6
ByBlock
347
ED
 62
     0
440
 16777216
370
    -2
380
     1
100
AcDbBlockReference
  2
*U63
 10
2290.964717572748
 20
2184.078822645767
 30
0.0
 50
270.0
  0
INSERT
  5
C2E
330
C18
100
AcDbEntity
  8
0
  6
ByBlock
347
ED
 62
     0
440
 16777216
370
    -2
380
     1
100
AcDbBlockReference
  2
*U63
 10
2290.964717572748
 20
2178.506407677931
 30
0.0
 50
270.0
  0
INSERT
  5
C2F
330
C18
100
AcDbEntity
  8
0
  6
ByBlock
347
ED
 62
     0
440
 16777216
370
    -2
380
     1
100
AcDbBlockReference
  2
*U63
 10
2290.964717572748
 20
2172.933992710095
 30
0.0
 50
270.0
  0
INSERT
  5
C30
330
C18
100
AcDbEntity
  8
0
  6
ByBlock
347
ED
 62
     0
440
 16777216
370
    -2
380
     1
100
AcDbBlockReference
  2
*U63
 10
2290.964717572748
 20
2167.36157774226
 30
0.0
 50
270.0
  0
INSERT
  5
C31
330
C18
100
AcDbEntity
  8
0
  6
ByBlock
347
ED
 62
     0
440
 16777216
370
    -2
380
     1
100
AcDbBlockReference
  2
*U63
 10
2290.964717572748
 20
2161.789162774424
 30
0.0
 50
270.0
  0
INSERT
  5
C32
330
C18
100
AcDbEntity
  8
0
  6
ByBlock
347
ED
 62
     0
440
 16777216
370
    -2
380
     1
100
AcDbBlockReference
  2
*U63
 10
2290.964717572748
 20
2156.216747806588
 30
0.0
 50
270.0
  0
INSERT
  5
C33
330
C18
100
AcDbEntity
  8
0
  6
ByBlock
347
ED
 62
     0
440
 16777216
370
    -2
380
     1
100
AcDbBlockReference
  2
*U63
 10
2290.964717572748
 20
2150.644332838752
 30
0.0
 50
270.0
  0
INSERT
  5
C34
330
C18
100
AcDbEntity
  8
0
  6
ByBlock
347
ED
 62
     0
440
 16777216
370
    -2
380
     1
100
AcDbBlockReference
  2
*U63
 10
2290.964717572748
 20
2145.071917870917
 30
0.0
 50
270.0
  0
INSERT
  5
C35
330
C18
100
AcDbEntity
  8
0
  6
ByBlock
347
ED
 62
     0
440
 16777216
370
    -2
380
     1
100
AcDbBlockReference
  2
*U63
 10
2290.964717572748
 20
2139.499502903081
 30
0.0
 50
270.0
  0
INSERT
  5
C36
330
C18
100
AcDbEntity
  8
0
  6
ByBlock
347
ED
 62
     0
440
 16777216
370
    -2
380
     1
100
AcDbBlockReference
  2
*U63
 10
2289.21587486424
 20
2134.49273297825
 30
0.0
 50
216.0511742014403
  0
INSERT
  5
C37
330
C18
100
AcDbEntity
  8
0
  6
ByBlock
347
ED
 62
     0
440
 16777216
370
    -2
380
     1
100
AcDbBlockReference
  2
*U63
 10
2283.816452283269
 20
2133.678822645767
 30
0.0
 50
180.0
  0
INSERT
  5
C38
330
C18
100
AcDbEntity
  8
0
  6
ByBlock
347
ED
 62
     0
440
 16777216
370
    -2
380
     1
100
AcDbBlockReference
  2
*U63
 10
2278.244037315433
 20
2133.678822645767
 30
0.0
 50
180.0
  0
INSERT
  5
C39
330
C18
100
AcDbEntity
  8
0
  6
ByBlock
347
ED
 62
     0
440
 16777216
370
    -2
380
     1
100
AcDbBlockReference
  2
*U63
 10
2272.671622347598
 20
2133.678822645767
 30
0.0
 50
180.0
  0
INSERT
  5
C3A
330
C18
100
AcDbEntity
  8
0
  6
ByBlock
347
ED
 62
     0
440
 16777216
370
    -2
380
     1
100
AcDbBlockReference
  2
*U63
 10
2267.099207379762
 20
2133.678822645767
 30
0.0
 50
180.0
  0
INSERT
  5
C3B
330
C18
100
AcDbEntity
  8
0
  6
ByBlock
347
ED
 62
     0
440
 16777216
370
    -2
380
     1
100
AcDbBlockReference
  2
*U63
 10
2261.526792411926
 20
2133.678822645767
 30
0.0
 50
180.0
  0
INSERT
  5
C3C
330
C18
100
AcDbEntity
  8
0
  6
ByBlock
347
ED
 62
     0
440
 16777216
370
    -2
380
     1
100
AcDbBlockReference
  2
*U63
 10
2255.954377444091
 20
2133.678822645767
 30
0.0
 50
180.0
  0
INSERT
  5
C3D
330
C18
100
AcDbEntity
  8
0
  6
ByBlock
347
ED
 62
     0
440
 16777216
370
    -2
380
     1
100
AcDbBlockReference
  2
*U63
 10
2250.381962476255
 20
2133.678822645767
 30
0.0
 50
180.0
  0
INSERT
  5
C3E
330
C18
100
AcDbEntity
  8
0
  6
ByBlock
347
ED
 62
     0
440
 16777216
370
    -2
380
     1
100
AcDbBlockReference
  2
*U63
 10
2244.809547508419
 20
2133.678822645767
 30
0.0
 50
180.0
  0
INSERT
  5
C3F
330
C18
100
AcDbEntity
  8
0
  6
ByBlock
347
ED
 62
     0
440
 16777216
370
    -2
380
     1
100
AcDbBlockReference
  2
*U63
 10
2239.237132540583
 20
2133.678822645767
 30
0.0
 50
180.0
  0
INSERT
  5
C40
330
C18
100
AcDbEntity
  8
0
  6
ByBlock
347
ED
 62
     0
440
 16777216
370
    -2
380
     1
100
AcDbBlockReference
  2
*U63
 10
2233.664717572747
 20
2133.678822645767
 30
0.0
 50
180.0
  0
ENDBLK
  5
C41
330
C18
100
AcDbEntity
  8
0
100
AcDbBlockEnd
  0
BLOCK
  5
C43
330
C42
100
AcDbEntity
  8
0
100
AcDbBlockBegin
  2
*U66
 70
     1
 10
0.0
 20
0.0
 30
0.0
  3
*U66
  1

  0
CIRCLE
  5
C44
330
C42
100
AcDbEntity
  8
0
100
AcDbCircle
 10
0.0
 20
0.0
 30
0.0
 40
0.75
  0
ENDBLK
  5
C45
330
C42
100
AcDbEntity
  8
0
100
AcDbBlockEnd
  0
BLOCK
  5
C47
330
C46
100
AcDbEntity
  8
0
100
AcDbBlockBegin
  2
*U67
 70
     1
 10
0.0
 20
0.0
 30
0.0
  3
*U67
  1

  0
INSERT
  5
C48
330
C46
100
AcDbEntity
  8
0
  6
ByBlock
347
ED
 62
     0
440
 16777216
370
    -2
380
     1
100
AcDbBlockReference
  2
*U66
 10
2233.664717572747
 20
2133.678822645767
 30
0.0
 50
90.0
  0
INSERT
  5
C49
330
C46
100
AcDbEntity
  8
0
  6
ByBlock
347
ED
 62
     0
440
 16777216
370
    -2
380
     1
100
AcDbBlockReference
  2
*U66
 10
2233.664717572747
 20
2139.278822645767
 30
0.0
 50
90.0
  0
INSERT
  5
C4A
330
C46
100
AcDbEntity
  8
0
  6
ByBlock
347
ED
 62
     0
440
 16777216
370
    -2
380
     1
100
AcDbBlockReference
  2
*U66
 10
2233.664717572747
 20
2144.878822645766
 30
0.0
 50
90.0
  0
INSERT
  5
C4B
330
C46
100
AcDbEntity
  8
0
  6
ByBlock
347
ED
 62
     0
440
 16777216
370
    -2
380
     1
100
AcDbBlockReference
  2
*U66
 10
2233.664717572747
 20
2150.478822645767
 30
0.0
 50
90.0
  0
INSERT
  5
C4C
330
C46
100
AcDbEntity
  8
0
  6
ByBlock
347
ED
 62
     0
440
 16777216
370
    -2
380
     1
100
AcDbBlockReference
  2
*U66
 10
2233.664717572747
 20
2156.078822645767
 30
0.0
 50
90.0
  0
INSERT
  5
C4D
330
C46
100
AcDbEntity
  8
0
  6
ByBlock
347
ED
 62
     0
440
 16777216
370
    -2
380
     1
100
AcDbBlockReference
  2
*U66
 10
2233.664717572747
 20
2161.678822645766
 30
0.0
 50
90.0
  0
INSERT
  5
C4E
330
C46
100
AcDbEntity
  8
0
  6
ByBlock
347
ED
 62
     0
440
 16777216
370
    -2
380
     1
100
AcDbBlockReference
  2
*U66
 10
2233.664717572747
 20
2167.278822645767
 30
0.0
 50
90.0
  0
INSERT
  5
C4F
330
C46
100
AcDbEntity
  8
0
  6
ByBlock
347
ED
 62
     0
440
 16777216
370
    -2
380
     1
100
AcDbBlockReference
  2
*U66
 10
2233.664717572747
 20
2172.878822645767
 30
0.0
 50
90.0
  0
INSERT
  5
C50
330
C46
100
AcDbEntity
  8
0
  6
ByBlock
347
ED
 62
     0
440
 16777216
370
    -2
380
     1
100
AcDbBlockReference
  2
*U66
 10
2233.664717572747
 20
2178.478822645767
 30
0.0
 50
90.0
  0
INSERT
  5
C51
330
C46
100
AcDbEntity
  8
0
  6
ByBlock
347
ED
 62
     0
440
 16777216
370
    -2
380
     1
100
AcDbBlockReference
  2
*U66
 10
2233.664717572747
 20
2184.078822645767
 30
0.0
 50
90.0
  0
INSERT
  5
C52
330
C46
100
AcDbEntity
  8
0
  6
ByBlock
347
ED
 62
     0
440
 16777216
370
    -2
380
     1
100
AcDbBlockReference
  2
*U66
 10
2233.664717572747
 20
2189.678822645767
 30
0.0
 50
90.0
  0
INSERT
  5
C53
330
C46
100
AcDbEntity
  8
0
  6
ByBlock
347
ED
 62
     0
440
 16777216
370
    -2
380
     1
100
AcDbBlockReference
  2
*U66
 10
2233.664717572747
 20
2195.278822645767
 30
0.0
 50
90.0
  0
INSERT
  5
C54
330
C46
100
AcDbEntity
  8
0
  6
ByBlock
347
ED
 62
     0
440
 16777216
370
    -2
380
     1
100
AcDbBlockReference
  2
*U66
 10
2233.664717572747
 20
2200.878822645767
 30
0.0
 50
90.0
  0
INSERT
  5
C55
330
C46
100
AcDbEntity
  8
0
  6
ByBlock
347
ED
 62
     0
440
 16777216
370
    -2
380
     1
100
AcDbBlockReference
  2
*U66
 10
2233.664717572747
 20
2206.478822645767
 30
0.0
 50
90.0
  0
INSERT
  5
C56
330
C46
100
AcDbEntity
  8
0
  6
ByBlock
347
ED
 62
     0
440
 16777216
370
    -2
380
     1
100
AcDbBlockReference
  2
*U66
 10
2233.664717572747
 20
2212.078822645767
 30
0.0
 50
90.0
  0
INSERT
  5
C57
330
C46
100
AcDbEntity
  8
0
  6
ByBlock
347
ED
 62
     0
440
 16777216
370
    -2
380
     1
100
AcDbBlockReference
  2
*U66
 10
2233.664717572747
 20
2217.678822645767
 30
0.0
 50
90.0
  0
INSERT
  5
C58
330
C46
100
AcDbEntity
  8
0
  6
ByBlock
347
ED
 62
     0
440
 16777216
370
    -2
380
     1
100
AcDbBlockReference
  2
*U66
 10
2233.664717572747
 20
2223.278822645767
 30
0.0
 50
90.0
  0
INSERT
  5
C59
330
C46
100
AcDbEntity
  8
0
  6
ByBlock
347
ED
 62
     0
440
 16777216
370
    -2
380
     1
100
AcDbBlockReference
  2
*U66
 10
2233.664717572747
 20
2228.878822645767
 30
0.0
 50
90.0
  0
INSERT
  5
C5A
330
C46
100
AcDbEntity
  8
0
  6
ByBlock
347
ED
 62
     0
440
 16777216
370
    -2
380
     1
100
AcDbBlockReference
  2
*U66
 10
2233.664717572747
 20
2234.478822645767
 30
0.0
 50
90.0
  0
ENDBLK
  5
C5B
330
C46
100
AcDbEntity
  8
0
100
AcDbBlockEnd
  0
BLOCK
  5
CBE
330
CBD
100
AcDbEntity
  8
0
100
AcDbBlockBegin
  2
*U68
 70
     1
 10
0.0
 20
0.0
 30
0.0
  3
*U68
  1

  0
CIRCLE
  5
CBF
330
CBD
100
AcDbEntity
  8
0
100
AcDbCircle
 10
0.0
 20
0.0
 30
0.0
 40
0.75
  0
ENDBLK
  5
CC0
330
CBD
100
AcDbEntity
  8
0
100
AcDbBlockEnd
  0
BLOCK
  5
CC2
330
CC1
100
AcDbEntity
  8
0
100
AcDbBlockBegin
  2
*U69
 70
     1
 10
0.0
 20
0.0
 30
0.0
  3
*U69
  1

  0
INSERT
  5
CC3
330
CC1
100
AcDbEntity
  8
0
  6
ByBlock
347
ED
 62
     0
440
 16777216
370
    -2
380
     1
100
AcDbBlockReference
  2
*U68
 10
2233.664717572747
 20
2234.478822645767
 30
0.0
  0
INSERT
  5
CC4
330
CC1
100
AcDbEntity
  8
0
  6
ByBlock
347
ED
 62
     0
440
 16777216
370
    -2
380
     1
100
AcDbBlockReference
  2
*U68
 10
2239.237132540583
 20
2234.478822645767
 30
0.0
  0
INSERT
  5
CC5
330
CC1
100
AcDbEntity
  8
0
  6
ByBlock
347
ED
 62
     0
440
 16777216
370
    -2
380
     1
100
AcDbBlockReference
  2
*U68
 10
2244.809547508419
 20
2234.478822645767
 30
0.0
  0
INSERT
  5
CC6
330
CC1
100
AcDbEntity
  8
0
  6
ByBlock
347
ED
 62
     0
440
 16777216
370
    -2
380
     1
100
AcDbBlockReference
  2
*U68
 10
2250.381962476255
 20
2234.478822645767
 30
0.0
  0
INSERT
  5
CC7
330
CC1
100
AcDbEntity
  8
0
  6
ByBlock
347
ED
 62
     0
440
 16777216
370
    -2
380
     1
100
AcDbBlockReference
  2
*U68
 10
2255.954377444091
 20
2234.478822645767
 30
0.0
  0
INSERT
  5
CC8
330
CC1
100
AcDbEntity
  8
0
  6
ByBlock
347
ED
 62
     0
440
 16777216
370
    -2
380
     1
100
AcDbBlockReference
  2
*U68
 10
2261.526792411926
 20
2234.478822645767
 30
0.0
  0
INSERT
  5
CC9
330
CC1
100
AcDbEntity
  8
0
  6
ByBlock
347
ED
 62
     0
440
 16777216
370
    -2
380
     1
100
AcDbBlockReference
  2
*U68
 10
2267.099207379762
 20
2234.478822645767
 30
0.0
  0
INSERT
  5
CCA
330
CC1
100
AcDbEntity
  8
0
  6
ByBlock
347
ED
 62
     0
440
 16777216
370
    -2
380
     1
100
AcDbBlockReference
  2
*U68
 10
2272.671622347598
 20
2234.478822645767
 30
0.0
  0
INSERT
  5
CCB
330
CC1
100
AcDbEntity
  8
0
  6
ByBlock
347
ED
 62
     0
440
 16777216
370
    -2
380
     1
100
AcDbBlockReference
  2
*U68
 10
2278.244037315433
 20
2234.478822645767
 30
0.0
  0
INSERT
  5
CCC
330
CC1
100
AcDbEntity
  8
0
  6
ByBlock
347
ED
 62
     0
440
 16777216
370
    -2
380
     1
100
AcDbBlockReference
  2
*U68
 10
2283.816452283269
 20
2234.478822645767
 30
0.0
  0
INSERT
  5
CCD
330
CC1
100
AcDbEntity
  8
0
  6
ByBlock
347
ED
 62
     0
440
 16777216
370
    -2
380
     1
100
AcDbBlockReference
  2
*U68
 10
2289.21587486424
 20
2233.664912313283
 30
0.0
 50
323.9488257985598
  0
INSERT
  5
CCE
330
CC1
100
AcDbEntity
  8
0
  6
ByBlock
347
ED
 62
     0
440
 16777216
370
    -2
380
     1
100
AcDbBlockReference
  2
*U68
 10
2290.964717572748
 20
2228.658142388452
 30
0.0
 50
270.0
  0
INSERT
  5
CCF
330
CC1
100
AcDbEntity
  8
0
  6
ByBlock
347
ED
 62
     0
440
 16777216
370
    -2
380
     1
100
AcDbBlockReference
  2
*U68
 10
2290.964717572748
 20
2223.085727420617
 30
0.0
 50
270.0
  0
INSERT
  5
CD0
330
CC1
100
AcDbEntity
  8
0
  6
ByBlock
347
ED
 62
     0
440
 16777216
370
    -2
380
     1
100
AcDbBlockReference
  2
*U68
 10
2290.964717572748
 20
2217.513312452781
 30
0.0
 50
270.0
  0
INSERT
  5
CD1
330
CC1
100
AcDbEntity
  8
0
  6
ByBlock
347
ED
 62
     0
440
 16777216
370
    -2
380
     1
100
AcDbBlockReference
  2
*U68
 10
2290.964717572748
 20
2211.940897484945
 30
0.0
 50
270.0
  0
INSERT
  5
CD2
330
CC1
100
AcDbEntity
  8
0
  6
ByBlock
347
ED
 62
     0
440
 16777216
370
    -2
380
     1
100
AcDbBlockReference
  2
*U68
 10
2290.964717572748
 20
2206.368482517111
 30
0.0
 50
270.0
  0
INSERT
  5
CD3
330
CC1
100
AcDbEntity
  8
0
  6
ByBlock
347
ED
 62
     0
440
 16777216
370
    -2
380
     1
100
AcDbBlockReference
  2
*U68
 10
2290.964717572748
 20
2200.796067549274
 30
0.0
 50
270.0
  0
INSERT
  5
CD4
330
CC1
100
AcDbEntity
  8
0
  6
ByBlock
347
ED
 62
     0
440
 16777216
370
    -2
380
     1
100
AcDbBlockReference
  2
*U68
 10
2290.964717572748
 20
2195.223652581438
 30
0.0
 50
270.0
  0
INSERT
  5
CD5
330
CC1
100
AcDbEntity
  8
0
  6
ByBlock
347
ED
 62
     0
440
 16777216
370
    -2
380
     1
100
AcDbBlockReference
  2
*U68
 10
2290.964717572748
 20
2189.651237613603
 30
0.0
 50
270.0
  0
INSERT
  5
CD6
330
CC1
100
AcDbEntity
  8
0
  6
ByBlock
347
ED
 62
     0
440
 16777216
370
    -2
380
     1
100
AcDbBlockReference
  2
*U68
 10
2290.964717572748
 20
2184.078822645767
 30
0.0
 50
270.0
  0
INSERT
  5
CD7
330
CC1
100
AcDbEntity
  8
0
  6
ByBlock
347
ED
 62
     0
440
 16777216
370
    -2
380
     1
100
AcDbBlockReference
  2
*U68
 10
2290.964717572748
 20
2178.506407677931
 30
0.0
 50
270.0
  0
INSERT
  5
CD8
330
CC1
100
AcDbEntity
  8
0
  6
ByBlock
347
ED
 62
     0
440
 16777216
370
    -2
380
     1
100
AcDbBlockReference
  2
*U68
 10
2290.964717572748
 20
2172.933992710095
 30
0.0
 50
270.0
  0
INSERT
  5
CD9
330
CC1
100
AcDbEntity
  8
0
  6
ByBlock
347
ED
 62
     0
440
 16777216
370
    -2
380
     1
100
AcDbBlockReference
  2
*U68
 10
2290.964717572748
 20
2167.36157774226
 30
0.0
 50
270.0
  0
INSERT
  5
CDA
330
CC1
100
AcDbEntity
  8
0
  6
ByBlock
347
ED
 62
     0
440
 16777216
370
    -2
380
     1
100
AcDbBlockReference
  2
*U68
 10
2290.964717572748
 20
2161.789162774424
 30
0.0
 50
270.0
  0
INSERT
  5
CDB
330
CC1
100
AcDbEntity
  8
0
  6
ByBlock
347
ED
 62
     0
440
 16777216
370
    -2
380
     1
100
AcDbBlockReference
  2
*U68
 10
2290.964717572748
 20
2156.216747806588
 30
0.0
 50
270.0
  0
INSERT
  5
CDC
330
CC1
100
AcDbEntity
  8
0
  6
ByBlock
347
ED
 62
     0
440
 16777216
370
    -2
380
     1
100
AcDbBlockReference
  2
*U68
 10
2290.964717572748
 20
2150.644332838752
 30
0.0
 50
270.0
  0
INSERT
  5
CDD
330
CC1
100
AcDbEntity
  8
0
  6
ByBlock
347
ED
 62
     0
440
 16777216
370
    -2
380
     1
100
AcDbBlockReference
  2
*U68
 10
2290.964717572748
 20
2145.071917870917
 30
0.0
 50
270.0
  0
INSERT
  5
CDE
330
CC1
100
AcDbEntity
  8
0
  6
ByBlock
347
ED
 62
     0
440
 16777216
370
    -2
380
     1
100
AcDbBlockReference
  2
*U68
 10
2290.964717572748
 20
2139.499502903081
 30
0.0
 50
270.0
  0
INSERT
  5
CDF
330
CC1
100
AcDbEntity
  8
0
  6
ByBlock
347
ED
 62
     0
440
 16777216
370
    -2
380
     1
100
AcDbBlockReference
  2
*U68
 10
2289.21587486424
 20
2134.49273297825
 30
0.0
 50
216.0511742014403
  0
INSERT
  5
CE0
330
CC1
100
AcDbEntity
  8
0
  6
ByBlock
347
ED
 62
     0
440
 16777216
370
    -2
380
     1
100
AcDbBlockReference
  2
*U68
 10
2283.816452283269
 20
2133.678822645767
 30
0.0
 50
180.0
  0
INSERT
  5
CE1
330
CC1
100
AcDbEntity
  8
0
  6
ByBlock
347
ED
 62
     0
440
 16777216
370
    -2
380
     1
100
AcDbBlockReference
  2
*U68
 10
2278.244037315433
 20
2133.678822645767
 30
0.0
 50
180.0
  0
INSERT
  5
CE2
330
CC1
100
AcDbEntity
  8
0
  6
ByBlock
347
ED
 62
     0
440
 16777216
370
    -2
380
     1
100
AcDbBlockReference
  2
*U68
 10
2272.671622347598
 20
2133.678822645767
 30
0.0
 50
180.0
  0
INSERT
  5
CE3
330
CC1
100
AcDbEntity
  8
0
  6
ByBlock
347
ED
 62
     0
440
 16777216
370
    -2
380
     1
100
AcDbBlockReference
  2
*U68
 10
2267.099207379762
 20
2133.678822645767
 30
0.0
 50
180.0
  0
INSERT
  5
CE4
330
CC1
100
AcDbEntity
  8
0
  6
ByBlock
347
ED
 62
     0
440
 16777216
370
    -2
380
     1
100
AcDbBlockReference
  2
*U68
 10
2261.526792411926
 20
2133.678822645767
 30
0.0
 50
180.0
  0
INSERT
  5
CE5
330
CC1
100
AcDbEntity
  8
0
  6
ByBlock
347
ED
 62
     0
440
 16777216
370
    -2
380
     1
100
AcDbBlockReference
  2
*U68
 10
2255.954377444091
 20
2133.678822645767
 30
0.0
 50
180.0
  0
INSERT
  5
CE6
330
CC1
100
AcDbEntity
  8
0
  6
ByBlock
347
ED
 62
     0
440
 16777216
370
    -2
380
     1
100
AcDbBlockReference
  2
*U68
 10
2250.381962476255
 20
2133.678822645767
 30
0.0
 50
180.0
  0
INSERT
  5
CE7
330
CC1
100
AcDbEntity
  8
0
  6
ByBlock
347
ED
 62
     0
440
 16777216
370
    -2
380
     1
100
AcDbBlockReference
  2
*U68
 10
2244.809547508419
 20
2133.678822645767
 30
0.0
 50
180.0
  0
INSERT
  5
CE8
330
CC1
100
AcDbEntity
  8
0
  6
ByBlock
347
ED
 62
     0
440
 16777216
370
    -2
380
     1
100
AcDbBlockReference
  2
*U68
 10
2239.237132540583
 20
2133.678822645767
 30
0.0
 50
180.0
  0
INSERT
  5
CE9
330
CC1
100
AcDbEntity
  8
0
  6
ByBlock
347
ED
 62
     0
440
 16777216
370
    -2
380
     1
100
AcDbBlockReference
  2
*U68
 10
2233.664717572747
 20
2133.678822645767
 30
0.0
 50
180.0
  0
ENDBLK
  5
CEA
330
CC1
100
AcDbEntity
  8
0
100
AcDbBlockEnd
  0
BLOCK
  5
CEC
330
CEB
100
AcDbEntity
  8
0
100
AcDbBlockBegin
  2
*U70
 70
     1
 10
0.0
 20
0.0
 30
0.0
  3
*U70
  1

  0
CIRCLE
  5
CED
330
CEB
100
AcDbEntity
  8
0
100
AcDbCircle
 10
0.0
 20
0.0
 30
0.0
 40
0.75
  0
ENDBLK
  5
CEE
330
CEB
100
AcDbEntity
  8
0
100
AcDbBlockEnd
  0
BLOCK
  5
CF0
330
CEF
100
AcDbEntity
  8
0
100
AcDbBlockBegin
  2
*U71
 70
     1
 10
0.0
 20
0.0
 30
0.0
  3
*U71
  1

  0
INSERT
  5
CF1
330
CEF
100
AcDbEntity
  8
0
  6
ByBlock
347
ED
 62
     0
440
 16777216
370
    -2
380
     1
100
AcDbBlockReference
  2
*U70
 10
2233.664717572747
 20
2133.678822645767
 30
0.0
 50
90.0
  0
INSERT
  5
CF2
330
CEF
100
AcDbEntity
  8
0
  6
ByBlock
347
ED
 62
     0
440
 16777216
370
    -2
380
     1
100
AcDbBlockReference
  2
*U70
 10
2233.664717572747
 20
2139.278822645767
 30
0.0
 50
90.0
  0
INSERT
  5
CF3
330
CEF
100
AcDbEntity
  8
0
  6
ByBlock
347
ED
 62
     0
440
 16777216
370
    -2
380
     1
100
AcDbBlockReference
  2
*U70
 10
2233.664717572747
 20
2144.878822645766
 30
0.0
 50
90.0
  0
INSERT
  5
CF4
330
CEF
100
AcDbEntity
  8
0
  6
ByBlock
347
ED
 62
     0
440
 16777216
370
    -2
380
     1
100
AcDbBlockReference
  2
*U70
 10
2233.664717572747
 20
2150.478822645767
 30
0.0
 50
90.0
  0
INSERT
  5
CF5
330
CEF
100
AcDbEntity
  8
0
  6
ByBlock
347
ED
 62
     0
440
 16777216
370
    -2
380
     1
100
AcDbBlockReference
  2
*U70
 10
2233.664717572747
 20
2156.078822645767
 30
0.0
 50
90.0
  0
INSERT
  5
CF6
330
CEF
100
AcDbEntity
  8
0
  6
ByBlock
347
ED
 62
     0
440
 16777216
370
    -2
380
     1
100
AcDbBlockReference
  2
*U70
 10
2233.664717572747
 20
2161.678822645766
 30
0.0
 50
90.0
  0
INSERT
  5
CF7
330
CEF
100
AcDbEntity
  8
0
  6
ByBlock
347
ED
 62
     0
440
 16777216
370
    -2
380
     1
100
AcDbBlockReference
  2
*U70
 10
2233.664717572747
 20
2167.278822645767
 30
0.0
 50
90.0
  0
INSERT
  5
CF8
330
CEF
100
AcDbEntity
  8
0
  6
ByBlock
347
ED
 62
     0
440
 16777216
370
    -2
380
     1
100
AcDbBlockReference
  2
*U70
 10
2233.664717572747
 20
2172.878822645767
 30
0.0
 50
90.0
  0
INSERT
  5
CF9
330
CEF
100
AcDbEntity
  8
0
  6
ByBlock
347
ED
 62
     0
440
 16777216
370
    -2
380
     1
100
AcDbBlockReference
  2
*U70
 10
2233.664717572747
 20
2178.478822645767
 30
0.0
 50
90.0
  0
INSERT
  5
CFA
330
CEF
100
AcDbEntity
  8
0
  6
ByBlock
347
ED
 62
     0
440
 16777216
370
    -2
380
     1
100
AcDbBlockReference
  2
*U70
 10
2233.664717572747
 20
2184.078822645767
 30
0.0
 50
90.0
  0
INSERT
  5
CFB
330
CEF
100
AcDbEntity
  8
0
  6
ByBlock
347
ED
 62
     0
440
 16777216
370
    -2
380
     1
100
AcDbBlockReference
  2
*U70
 10
2233.664717572747
 20
2189.678822645767
 30
0.0
 50
90.0
  0
INSERT
  5
CFC
330
CEF
100
AcDbEntity
  8
0
  6
ByBlock
347
ED
 62
     0
440
 16777216
370
    -2
380
     1
100
AcDbBlockReference
  2
*U70
 10
2233.664717572747
 20
2195.278822645767
 30
0.0
 50
90.0
  0
INSERT
  5
CFD
330
CEF
100
AcDbEntity
  8
0
  6
ByBlock
347
ED
 62
     0
440
 16777216
370
    -2
380
     1
100
AcDbBlockReference
  2
*U70
 10
2233.664717572747
 20
2200.878822645767
 30
0.0
 50
90.0
  0
INSERT
  5
CFE
330
CEF
100
AcDbEntity
  8
0
  6
ByBlock
347
ED
 62
     0
440
 16777216
370
    -2
380
     1
100
AcDbBlockReference
  2
*U70
 10
2233.664717572747
 20
2206.478822645767
 30
0.0
 50
90.0
  0
INSERT
  5
CFF
330
CEF
100
AcDbEntity
  8
0
  6
ByBlock
347
ED
 62
     0
440
 16777216
370
    -2
380
     1
100
AcDbBlockReference
  2
*U70
 10
2233.664717572747
 20
2212.078822645767
 30
0.0
 50
90.0
  0
INSERT
  5
D00
330
CEF
100
AcDbEntity
  8
0
  6
ByBlock
347
ED
 62
     0
440
 16777216
370
    -2
380
     1
100
AcDbBlockReference
  2
*U70
 10
2233.664717572747
 20
2217.678822645767
 30
0.0
 50
90.0
  0
INSERT
  5
D01
330
CEF
100
AcDbEntity
  8
0
  6
ByBlock
347
ED
 62
     0
440
 16777216
370
    -2
380
     1
100
AcDbBlockReference
  2
*U70
 10
2233.664717572747
 20
2223.278822645767
 30
0.0
 50
90.0
  0
INSERT
  5
D02
330
CEF
100
AcDbEntity
  8
0
  6
ByBlock
347
ED
 62
     0
440
 16777216
370
    -2
380
     1
100
AcDbBlockReference
  2
*U70
 10
2233.664717572747
 20
2228.878822645767
 30
0.0
 50
90.0
  0
INSERT
  5
D03
330
CEF
100
AcDbEntity
  8
0
  6
ByBlock
347
ED
 62
     0
440
 16777216
370
    -2
380
     1
100
AcDbBlockReference
  2
*U70
 10
2233.664717572747
 20
2234.478822645767
 30
0.0
 50
90.0
  0
ENDBLK
  5
D04
330
CEF
100
AcDbEntity
  8
0
100
AcDbBlockEnd
  0
BLOCK
  5
D0F
330
D05
100
AcDbEntity
  8
0
100
AcDbBlockBegin
  2
A$C4fa4de40
 70
     0
 10
0.0
 20
0.0
 30
0.0
  3
A$C4fa4de40
  1

  0
LWPOLYLINE
  5
D06
330
D05
100
AcDbEntity
  8
0
100
AcDbPolyline
 90
        6
 70
     1
 43
0.0
 10
0.0
 20
108.2999999999993
 10
56.80000000000109
 20
108.2999999999993
 42
-0.4142135623730951
 10
64.80000000000109
 20
100.3000000000002
 10
64.80000000000109
 20
8.0
 42
-0.4142135623730951
 10
56.80000000000109
 20
0.0
 10
0.0
 20
0.0
  0
INSERT
  5
D07
102
{ACAD_REACTORS
330
D17
102
}
330
D05
100
AcDbEntity
  8
0
100
AcDbBlockReference
  2
*U69
 10
-2229.914717572747
 20
-2129.928822645767
 30
0.0
  0
INSERT
  5
D08
102
{ACAD_REACTORS
330
D20
102
}
330
D05
100
AcDbEntity
  8
0
100
AcDbBlockReference
  2
*U71
 10
-2229.914717572747
 20
-2129.928822645767
 30
0.0
  0
CIRCLE
  5
D09
330
D05
100
AcDbEntity
  8
0
100
AcDbCircle
 10
20.87142857142908
 20
20.29999999999927
 30
0.0
 40
0.75
  0
CIRCLE
  5
D0A
330
D05
100
AcDbEntity
  8
0
100
AcDbCircle
 10
28.55714285714294
 20
20.29999999999927
 30
0.0
 40
0.75
  0
CIRCLE
  5
D0B
330
D05
100
AcDbEntity
  8
0
100
AcDbCircle
 10
36.24285714285725
 20
20.29999999999927
 30
0.0
 40
0.75
  0
CIRCLE
  5
D0C
330
D05
100
AcDbEntity
  8
0
100
AcDbCircle
 10
43.92857142857201
 20
20.29999999999927
 30
0.0
 40
0.75
  0
ENDBLK
  5
D10
330
D05
100
AcDbEntity
  8
0
100
AcDbBlockEnd
  0
BLOCK
  5
E4C
330
E4B
100
AcDbEntity
  8
0
100
AcDbBlockBegin
  2
*U75
 70
     1
 10
0.0
 20
0.0
 30
0.0
  3
*U75
  1

  0
CIRCLE
  5
E4D
330
E4B
100
AcDbEntity
  8
0
100
AcDbCircle
 10
0.0
 20
0.0
 30
0.0
 40
0.75
  0
ENDBLK
  5
E4E
330
E4B
100
AcDbEntity
  8
0
100
AcDbBlockEnd
  0
BLOCK
  5
E50
330
E4F
100
AcDbEntity
  8
0
100
AcDbBlockBegin
  2
*U76
 70
     1
 10
0.0
 20
0.0
 30
0.0
  3
*U76
  1

  0
INSERT
  5
E51
330
E4F
100
AcDbEntity
  8
0
  6
ByBlock
347
ED
 62
     0
440
 16777216
370
    -2
380
     1
100
AcDbBlockReference
  2
*U75
 10
2233.664717572747
 20
2234.478822645767
 30
0.0
  0
INSERT
  5
E52
330
E4F
100
AcDbEntity
  8
0
  6
ByBlock
347
ED
 62
     0
440
 16777216
370
    -2
380
     1
100
AcDbBlockReference
  2
*U75
 10
2239.237132540583
 20
2234.478822645767
 30
0.0
  0
INSERT
  5
E53
330
E4F
100
AcDbEntity
  8
0
  6
ByBlock
347
ED
 62
     0
440
 16777216
370
    -2
380
     1
100
AcDbBlockReference
  2
*U75
 10
2244.809547508419
 20
2234.478822645767
 30
0.0
  0
INSERT
  5
E54
330
E4F
100
AcDbEntity
  8
0
  6
ByBlock
347
ED
 62
     0
440
 16777216
370
    -2
380
     1
100
AcDbBlockReference
  2
*U75
 10
2250.381962476255
 20
2234.478822645767
 30
0.0
  0
INSERT
  5
E55
330
E4F
100
AcDbEntity
  8
0
  6
ByBlock
347
ED
 62
     0
440
 16777216
370
    -2
380
     1
100
AcDbBlockReference
  2
*U75
 10
2255.954377444091
 20
2234.478822645767
 30
0.0
  0
INSERT
  5
E56
330
E4F
100
AcDbEntity
  8
0
  6
ByBlock
347
ED
 62
     0
440
 16777216
370
    -2
380
     1
100
AcDbBlockReference
  2
*U75
 10
2261.526792411926
 20
2234.478822645767
 30
0.0
  0
INSERT
  5
E57
330
E4F
100
AcDbEntity
  8
0
  6
ByBlock
347
ED
 62
     0
440
 16777216
370
    -2
380
     1
100
AcDbBlockReference
  2
*U75
 10
2267.099207379762
 20
2234.478822645767
 30
0.0
  0
INSERT
  5
E58
330
E4F
100
AcDbEntity
  8
0
  6
ByBlock
347
ED
 62
     0
440
 16777216
370
    -2
380
     1
100
AcDbBlockReference
  2
*U75
 10
2272.671622347598
 20
2234.478822645767
 30
0.0
  0
INSERT
  5
E59
330
E4F
100
AcDbEntity
  8
0
  6
ByBlock
347
ED
 62
     0
440
 16777216
370
    -2
380
     1
100
AcDbBlockReference
  2
*U75
 10
2278.244037315433
 20
2234.478822645767
 30
0.0
  0
INSERT
  5
E5A
330
E4F
100
AcDbEntity
  8
0
  6
ByBlock
347
ED
 62
     0
440
 16777216
370
    -2
380
     1
100
AcDbBlockReference
  2
*U75
 10
2283.816452283269
 20
2234.478822645767
 30
0.0
  0
INSERT
  5
E5B
330
E4F
100
AcDbEntity
  8
0
  6
ByBlock
347
ED
 62
     0
440
 16777216
370
    -2
380
     1
100
AcDbBlockReference
  2
*U75
 10
2289.21587486424
 20
2233.664912313283
 30
0.0
 50
323.9488257985598
  0
INSERT
  5
E5C
330
E4F
100
AcDbEntity
  8
0
  6
ByBlock
347
ED
 62
     0
440
 16777216
370
    -2
380
     1
100
AcDbBlockReference
  2
*U75
 10
2290.964717572748
 20
2228.658142388452
 30
0.0
 50
270.0
  0
INSERT
  5
E5D
330
E4F
100
AcDbEntity
  8
0
  6
ByBlock
347
ED
 62
     0
440
 16777216
370
    -2
380
     1
100
AcDbBlockReference
  2
*U75
 10
2290.964717572748
 20
2223.085727420617
 30
0.0
 50
270.0
  0
INSERT
  5
E5E
330
E4F
100
AcDbEntity
  8
0
  6
ByBlock
347
ED
 62
     0
440
 16777216
370
    -2
380
     1
100
AcDbBlockReference
  2
*U75
 10
2290.964717572748
 20
2217.513312452781
 30
0.0
 50
270.0
  0
INSERT
  5
E5F
330
E4F
100
AcDbEntity
  8
0
  6
ByBlock
347
ED
 62
     0
440
 16777216
370
    -2
380
     1
100
AcDbBlockReference
  2
*U75
 10
2290.964717572748
 20
2211.940897484945
 30
0.0
 50
270.0
  0
INSERT
  5
E60
330
E4F
100
AcDbEntity
  8
0
  6
ByBlock
347
ED
 62
     0
440
 16777216
370
    -2
380
     1
100
AcDbBlockReference
  2
*U75
 10
2290.964717572748
 20
2206.368482517111
 30
0.0
 50
270.0
  0
INSERT
  5
E61
330
E4F
100
AcDbEntity
  8
0
  6
ByBlock
347
ED
 62
     0
440
 16777216
370
    -2
380
     1
100
AcDbBlockReference
  2
*U75
 10
2290.964717572748
 20
2200.796067549274
 30
0.0
 50
270.0
  0
INSERT
  5
E62
330
E4F
100
AcDbEntity
  8
0
  6
ByBlock
347
ED
 62
     0
440
 16777216
370
    -2
380
     1
100
AcDbBlockReference
  2
*U75
 10
2290.964717572748
 20
2195.223652581438
 30
0.0
 50
270.0
  0
INSERT
  5
E63
330
E4F
100
AcDbEntity
  8
0
  6
ByBlock
347
ED
 62
     0
440
 16777216
370
    -2
380
     1
100
AcDbBlockReference
  2
*U75
 10
2290.964717572748
 20
2189.651237613603
 30
0.0
 50
270.0
  0
INSERT
  5
E64
330
E4F
100
AcDbEntity
  8
0
  6
ByBlock
347
ED
 62
     0
440
 16777216
370
    -2
380
     1
100
AcDbBlockReference
  2
*U75
 10
2290.964717572748
 20
2184.078822645767
 30
0.0
 50
270.0
  0
INSERT
  5
E65
330
E4F
100
AcDbEntity
  8
0
  6
ByBlock
347
ED
 62
     0
440
 16777216
370
    -2
380
     1
100
AcDbBlockReference
  2
*U75
 10
2290.964717572748
 20
2178.506407677931
 30
0.0
 50
270.0
  0
INSERT
  5
E66
330
E4F
100
AcDbEntity
  8
0
  6
ByBlock
347
ED
 62
     0
440
 16777216
370
    -2
380
     1
100
AcDbBlockReference
  2
*U75
 10
2290.964717572748
 20
2172.933992710095
 30
0.0
 50
270.0
  0
INSERT
  5
E67
330
E4F
100
AcDbEntity
  8
0
  6
ByBlock
347
ED
 62
     0
440
 16777216
370
    -2
380
     1
100
AcDbBlockReference
  2
*U75
 10
2290.964717572748
 20
2167.36157774226
 30
0.0
 50
270.0
  0
INSERT
  5
E68
330
E4F
100
AcDbEntity
  8
0
  6
ByBlock
347
ED
 62
     0
440
 16777216
370
    -2
380
     1
100
AcDbBlockReference
  2
*U75
 10
2290.964717572748
 20
2161.789162774424
 30
0.0
 50
270.0
  0
INSERT
  5
E69
330
E4F
100
AcDbEntity
  8
0
  6
ByBlock
347
ED
 62
     0
440
 16777216
370
    -2
380
     1
100
AcDbBlockReference
  2
*U75
 10
2290.964717572748
 20
2156.216747806588
 30
0.0
 50
270.0
  0
INSERT
  5
E6A
330
E4F
100
AcDbEntity
  8
0
  6
ByBlock
347
ED
 62
     0
440
 16777216
370
    -2
380
     1
100
AcDbBlockReference
  2
*U75
 10
2290.964717572748
 20
2150.644332838752
 30
0.0
 50
270.0
  0
INSERT
  5
E6B
330
E4F
100
AcDbEntity
  8
0
  6
ByBlock
347
ED
 62
     0
440
 16777216
370
    -2
380
     1
100
AcDbBlockReference
  2
*U75
 10
2290.964717572748
 20
2145.071917870917
 30
0.0
 50
270.0
  0
INSERT
  5
E6C
330
E4F
100
AcDbEntity
  8
0
  6
ByBlock
347
ED
 62
     0
440
 16777216
370
    -2
380
     1
100
AcDbBlockReference
  2
*U75
 10
2290.964717572748
 20
2139.499502903081
 30
0.0
 50
270.0
  0
INSERT
  5
E6D
330
E4F
100
AcDbEntity
  8
0
  6
ByBlock
347
ED
 62
     0
440
 16777216
370
    -2
380
     1
100
AcDbBlockReference
  2
*U75
 10
2289.21587486424
 20
2134.49273297825
 30
0.0
 50
216.0511742014403
  0
INSERT
  5
E6E
330
E4F
100
AcDbEntity
  8
0
  6
ByBlock
347
ED
 62
     0
440
 16777216
370
    -2
380
     1
100
AcDbBlockReference
  2
*U75
 10
2283.816452283269
 20
2133.678822645767
 30
0.0
 50
180.0
  0
INSERT
  5
E6F
330
E4F
100
AcDbEntity
  8
0
  6
ByBlock
347
ED
 62
     0
440
 16777216
370
    -2
380
     1
100
AcDbBlockReference
  2
*U75
 10
2278.244037315433
 20
2133.678822645767
 30
0.0
 50
180.0
  0
INSERT
  5
E70
330
E4F
100
AcDbEntity
  8
0
  6
ByBlock
347
ED
 62
     0
440
 16777216
370
    -2
380
     1
100
AcDbBlockReference
  2
*U75
 10
2272.671622347598
 20
2133.678822645767
 30
0.0
 50
180.0
  0
INSERT
  5
E71
330
E4F
100
AcDbEntity
  8
0
  6
ByBlock
347
ED
 62
     0
440
 16777216
370
    -2
380
     1
100
AcDbBlockReference
  2
*U75
 10
2267.099207379762
 20
2133.678822645767
 30
0.0
 50
180.0
  0
INSERT
  5
E72
330
E4F
100
AcDbEntity
  8
0
  6
ByBlock
347
ED
 62
     0
440
 16777216
370
    -2
380
     1
100
AcDbBlockReference
  2
*U75
 10
2261.526792411926
 20
2133.678822645767
 30
0.0
 50
180.0
  0
INSERT
  5
E73
330
E4F
100
AcDbEntity
  8
0
  6
ByBlock
347
ED
 62
     0
440
 16777216
370
    -2
380
     1
100
AcDbBlockReference
  2
*U75
 10
2255.954377444091
 20
2133.678822645767
 30
0.0
 50
180.0
  0
INSERT
  5
E74
330
E4F
100
AcDbEntity
  8
0
  6
ByBlock
347
ED
 62
     0
440
 16777216
370
    -2
380
     1
100
AcDbBlockReference
  2
*U75
 10
2250.381962476255
 20
2133.678822645767
 30
0.0
 50
180.0
  0
INSERT
  5
E75
330
E4F
100
AcDbEntity
  8
0
  6
ByBlock
347
ED
 62
     0
440
 16777216
370
    -2
380
     1
100
AcDbBlockReference
  2
*U75
 10
2244.809547508419
 20
2133.678822645767
 30
0.0
 50
180.0
  0
INSERT
  5
E76
330
E4F
100
AcDbEntity
  8
0
  6
ByBlock
347
ED
 62
     0
440
 16777216
370
    -2
380
     1
100
AcDbBlockReference
  2
*U75
 10
2239.237132540583
 20
2133.678822645767
 30
0.0
 50
180.0
  0
INSERT
  5
E77
330
E4F
100
AcDbEntity
  8
0
  6
ByBlock
347
ED
 62
     0
440
 16777216
370
    -2
380
     1
100
AcDbBlockReference
  2
*U75
 10
2233.664717572747
 20
2133.678822645767
 30
0.0
 50
180.0
  0
ENDBLK
  5
E78
330
E4F
100
AcDbEntity
  8
0
100
AcDbBlockEnd
  0
BLOCK
  5
EE7
330
EE6
100
AcDbEntity
  8
0
100
AcDbBlockBegin
  2
*U79
 70
     1
 10
0.0
 20
0.0
 30
0.0
  3
*U79
  1

  0
CIRCLE
  5
EE8
330
EE6
100
AcDbEntity
  8
0
100
AcDbCircle
 10
0.0
 20
0.0
 30
0.0
 40
0.75
  0
ENDBLK
  5
EE9
330
EE6
100
AcDbEntity
  8
0
100
AcDbBlockEnd
  0
BLOCK
  5
EED
330
EEC
100
AcDbEntity
  8
0
100
AcDbBlockBegin
  2
*U81
 70
     1
 10
0.0
 20
0.0
 30
0.0
  3
*U81
  1

  0
INSERT
  5
EEE
330
EEC
100
AcDbEntity
  8
0
  6
ByBlock
347
ED
 62
     0
440
 16777216
370
    -2
380
     1
100
AcDbBlockReference
  2
*U79
 10
2233.664717572747
 20
2234.478822645767
 30
0.0
  0
INSERT
  5
EEF
330
EEC
100
AcDbEntity
  8
0
  6
ByBlock
347
ED
 62
     0
440
 16777216
370
    -2
380
     1
100
AcDbBlockReference
  2
*U79
 10
2239.237132540583
 20
2234.478822645767
 30
0.0
  0
INSERT
  5
EF0
330
EEC
100
AcDbEntity
  8
0
  6
ByBlock
347
ED
 62
     0
440
 16777216
370
    -2
380
     1
100
AcDbBlockReference
  2
*U79
 10
2244.809547508419
 20
2234.478822645767
 30
0.0
  0
INSERT
  5
EF1
330
EEC
100
AcDbEntity
  8
0
  6
ByBlock
347
ED
 62
     0
440
 16777216
370
    -2
380
     1
100
AcDbBlockReference
  2
*U79
 10
2250.381962476255
 20
2234.478822645767
 30
0.0
  0
INSERT
  5
EF2
330
EEC
100
AcDbEntity
  8
0
  6
ByBlock
347
ED
 62
     0
440
 16777216
370
    -2
380
     1
100
AcDbBlockReference
  2
*U79
 10
2255.954377444091
 20
2234.478822645767
 30
0.0
  0
INSERT
  5
EF3
330
EEC
100
AcDbEntity
  8
0
  6
ByBlock
347
ED
 62
     0
440
 16777216
370
    -2
380
     1
100
AcDbBlockReference
  2
*U79
 10
2261.526792411926
 20
2234.478822645767
 30
0.0
  0
INSERT
  5
EF4
330
EEC
100
AcDbEntity
  8
0
  6
ByBlock
347
ED
 62
     0
440
 16777216
370
    -2
380
     1
100
AcDbBlockReference
  2
*U79
 10
2267.099207379762
 20
2234.478822645767
 30
0.0
  0
INSERT
  5
EF5
330
EEC
100
AcDbEntity
  8
0
  6
ByBlock
347
ED
 62
     0
440
 16777216
370
    -2
380
     1
100
AcDbBlockReference
  2
*U79
 10
2272.671622347598
 20
2234.478822645767
 30
0.0
  0
INSERT
  5
EF6
330
EEC
100
AcDbEntity
  8
0
  6
ByBlock
347
ED
 62
     0
440
 16777216
370
    -2
380
     1
100
AcDbBlockReference
  2
*U79
 10
2278.244037315433
 20
2234.478822645767
 30
0.0
  0
INSERT
  5
EF7
330
EEC
100
AcDbEntity
  8
0
  6
ByBlock
347
ED
 62
     0
440
 16777216
370
    -2
380
     1
100
AcDbBlockReference
  2
*U79
 10
2283.816452283269
 20
2234.478822645767
 30
0.0
  0
INSERT
  5
EF8
330
EEC
100
AcDbEntity
  8
0
  6
ByBlock
347
ED
 62
     0
440
 16777216
370
    -2
380
     1
100
AcDbBlockReference
  2
*U79
 10
2289.21587486424
 20
2233.664912313283
 30
0.0
 50
323.9488257985598
  0
INSERT
  5
EF9
330
EEC
100
AcDbEntity
  8
0
  6
ByBlock
347
ED
 62
     0
440
 16777216
370
    -2
380
     1
100
AcDbBlockReference
  2
*U79
 10
2290.964717572748
 20
2228.658142388452
 30
0.0
 50
270.0
  0
INSERT
  5
EFA
330
EEC
100
AcDbEntity
  8
0
  6
ByBlock
347
ED
 62
     0
440
 16777216
370
    -2
380
     1
100
AcDbBlockReference
  2
*U79
 10
2290.964717572748
 20
2223.085727420617
 30
0.0
 50
270.0
  0
INSERT
  5
EFB
330
EEC
100
AcDbEntity
  8
0
  6
ByBlock
347
ED
 62
     0
440
 16777216
370
    -2
380
     1
100
AcDbBlockReference
  2
*U79
 10
2290.964717572748
 20
2217.513312452781
 30
0.0
 50
270.0
  0
INSERT
  5
EFC
330
EEC
100
AcDbEntity
  8
0
  6
ByBlock
347
ED
 62
     0
440
 16777216
370
    -2
380
     1
100
AcDbBlockReference
  2
*U79
 10
2290.964717572748
 20
2211.940897484945
 30
0.0
 50
270.0
  0
INSERT
  5
EFD
330
EEC
100
AcDbEntity
  8
0
  6
ByBlock
347
ED
 62
     0
440
 16777216
370
    -2
380
     1
100
AcDbBlockReference
  2
*U79
 10
2290.964717572748
 20
2206.368482517111
 30
0.0
 50
270.0
  0
INSERT
  5
EFE
330
EEC
100
AcDbEntity
  8
0
  6
ByBlock
347
ED
 62
     0
440
 16777216
370
    -2
380
     1
100
AcDbBlockReference
  2
*U79
 10
2290.964717572748
 20
2200.796067549274
 30
0.0
 50
270.0
  0
INSERT
  5
EFF
330
EEC
100
AcDbEntity
  8
0
  6
ByBlock
347
ED
 62
     0
440
 16777216
370
    -2
380
     1
100
AcDbBlockReference
  2
*U79
 10
2290.964717572748
 20
2195.223652581438
 30
0.0
 50
270.0
  0
INSERT
  5
F00
330
EEC
100
AcDbEntity
  8
0
  6
ByBlock
347
ED
 62
     0
440
 16777216
370
    -2
380
     1
100
AcDbBlockReference
  2
*U79
 10
2290.964717572748
 20
2189.651237613603
 30
0.0
 50
270.0
  0
INSERT
  5
F01
330
EEC
100
AcDbEntity
  8
0
  6
ByBlock
347
ED
 62
     0
440
 16777216
370
    -2
380
     1
100
AcDbBlockReference
  2
*U79
 10
2290.964717572748
 20
2184.078822645767
 30
0.0
 50
270.0
  0
INSERT
  5
F02
330
EEC
100
AcDbEntity
  8
0
  6
ByBlock
347
ED
 62
     0
440
 16777216
370
    -2
380
     1
100
AcDbBlockReference
  2
*U79
 10
2290.964717572748
 20
2178.506407677931
 30
0.0
 50
270.0
  0
INSERT
  5
F03
330
EEC
100
AcDbEntity
  8
0
  6
ByBlock
347
ED
 62
     0
440
 16777216
370
    -2
380
     1
100
AcDbBlockReference
  2
*U79
 10
2290.964717572748
 20
2172.933992710095
 30
0.0
 50
270.0
  0
INSERT
  5
F04
330
EEC
100
AcDbEntity
  8
0
  6
ByBlock
347
ED
 62
     0
440
 16777216
370
    -2
380
     1
100
AcDbBlockReference
  2
*U79
 10
2290.964717572748
 20
2167.36157774226
 30
0.0
 50
270.0
  0
INSERT
  5
F05
330
EEC
100
AcDbEntity
  8
0
  6
ByBlock
347
ED
 62
     0
440
 16777216
370
    -2
380
     1
100
AcDbBlockReference
  2
*U79
 10
2290.964717572748
 20
2161.789162774424
 30
0.0
 50
270.0
  0
INSERT
  5
F06
330
EEC
100
AcDbEntity
  8
0
  6
ByBlock
347
ED
 62
     0
440
 16777216
370
    -2
380
     1
100
AcDbBlockReference
  2
*U79
 10
2290.964717572748
 20
2156.216747806588
 30
0.0
 50
270.0
  0
INSERT
  5
F07
330
EEC
100
AcDbEntity
  8
0
  6
ByBlock
347
ED
 62
     0
440
 16777216
370
    -2
380
     1
100
AcDbBlockReference
  2
*U79
 10
2290.964717572748
 20
2150.644332838752
 30
0.0
 50
270.0
  0
INSERT
  5
F08
330
EEC
100
AcDbEntity
  8
0
  6
ByBlock
347
ED
 62
     0
440
 16777216
370
    -2
380
     1
100
AcDbBlockReference
  2
*U79
 10
2290.964717572748
 20
2145.071917870917
 30
0.0
 50
270.0
  0
INSERT
  5
F09
330
EEC
100
AcDbEntity
  8
0
  6
ByBlock
347
ED
 62
     0
440
 16777216
370
    -2
380
     1
100
AcDbBlockReference
  2
*U79
 10
2290.964717572748
 20
2139.499502903081
 30
0.0
 50
270.0
  0
INSERT
  5
F0A
330
EEC
100
AcDbEntity
  8
0
  6
ByBlock
347
ED
 62
     0
440
 16777216
370
    -2
380
     1
100
AcDbBlockReference
  2
*U79
 10
2289.21587486424
 20
2134.49273297825
 30
0.0
 50
216.0511742014403
  0
INSERT
  5
F0B
330
EEC
100
AcDbEntity
  8
0
  6
ByBlock
347
ED
 62
     0
440
 16777216
370
    -2
380
     1
100
AcDbBlockReference
  2
*U79
 10
2283.816452283269
 20
2133.678822645767
 30
0.0
 50
180.0
  0
INSERT
  5
F0C
330
EEC
100
AcDbEntity
  8
0
  6
ByBlock
347
ED
 62
     0
440
 16777216
370
    -2
380
     1
100
AcDbBlockReference
  2
*U79
 10
2278.244037315433
 20
2133.678822645767
 30
0.0
 50
180.0
  0
INSERT
  5
F0D
330
EEC
100
AcDbEntity
  8
0
  6
ByBlock
347
ED
 62
     0
440
 16777216
370
    -2
380
     1
100
AcDbBlockReference
  2
*U79
 10
2272.671622347598
 20
2133.678822645767
 30
0.0
 50
180.0
  0
INSERT
  5
F0E
330
EEC
100
AcDbEntity
  8
0
  6
ByBlock
347
ED
 62
     0
440
 16777216
370
    -2
380
     1
100
AcDbBlockReference
  2
*U79
 10
2267.099207379762
 20
2133.678822645767
 30
0.0
 50
180.0
  0
INSERT
  5
F0F
330
EEC
100
AcDbEntity
  8
0
  6
ByBlock
347
ED
 62
     0
440
 16777216
370
    -2
380
     1
100
AcDbBlockReference
  2
*U79
 10
2261.526792411926
 20
2133.678822645767
 30
0.0
 50
180.0
  0
INSERT
  5
F10
330
EEC
100
AcDbEntity
  8
0
  6
ByBlock
347
ED
 62
     0
440
 16777216
370
    -2
380
     1
100
AcDbBlockReference
  2
*U79
 10
2255.954377444091
 20
2133.678822645767
 30
0.0
 50
180.0
  0
INSERT
  5
F11
330
EEC
100
AcDbEntity
  8
0
  6
ByBlock
347
ED
 62
     0
440
 16777216
370
    -2
380
     1
100
AcDbBlockReference
  2
*U79
 10
2250.381962476255
 20
2133.678822645767
 30
0.0
 50
180.0
  0
INSERT
  5
F12
330
EEC
100
AcDbEntity
  8
0
  6
ByBlock
347
ED
 62
     0
440
 16777216
370
    -2
380
     1
100
AcDbBlockReference
  2
*U79
 10
2244.809547508419
 20
2133.678822645767
 30
0.0
 50
180.0
  0
INSERT
  5
F13
330
EEC
100
AcDbEntity
  8
0
  6
ByBlock
347
ED
 62
     0
440
 16777216
370
    -2
380
     1
100
AcDbBlockReference
  2
*U79
 10
2239.237132540583
 20
2133.678822645767
 30
0.0
 50
180.0
  0
INSERT
  5
F14
330
EEC
100
AcDbEntity
  8
0
  6
ByBlock
347
ED
 62
     0
440
 16777216
370
    -2
380
     1
100
AcDbBlockReference
  2
*U79
 10
2233.664717572747
 20
2133.678822645767
 30
0.0
 50
180.0
  0
ENDBLK
  5
F15
330
EEC
100
AcDbEntity
  8
0
100
AcDbBlockEnd
  0
BLOCK
  5
F22
330
F21
100
AcDbEntity
  8
0
100
AcDbBlockBegin
  2
*U82
 70
     1
 10
0.0
 20
0.0
 30
0.0
  3
*U82
  1

  0
CIRCLE
  5
F23
330
F21
100
AcDbEntity
  8
0
100
AcDbCircle
 10
0.0
 20
0.0
 30
0.0
 40
0.75
  0
ENDBLK
  5
F24
330
F21
100
AcDbEntity
  8
0
100
AcDbBlockEnd
  0
BLOCK
  5
F26
330
F25
100
AcDbEntity
  8
0
100
AcDbBlockBegin
  2
*U83
 70
     1
 10
0.0
 20
0.0
 30
0.0
  3
*U83
  1

  0
INSERT
  5
F27
330
F25
100
AcDbEntity
  8
0
  6
ByBlock
347
ED
 62
     0
440
 16777216
370
    -2
380
     1
100
AcDbBlockReference
  2
*U82
 10
2198.864717572748
 20
2234.478822645767
 30
0.0
 50
180.0
  0
INSERT
  5
F28
330
F25
100
AcDbEntity
  8
0
  6
ByBlock
347
ED
 62
     0
440
 16777216
370
    -2
380
     1
100
AcDbBlockReference
  2
*U82
 10
2193.217372470646
 20
2234.478822645767
 30
0.0
 50
180.0
  0
INSERT
  5
F29
330
F25
100
AcDbEntity
  8
0
  6
ByBlock
347
ED
 62
     0
440
 16777216
370
    -2
380
     1
100
AcDbBlockReference
  2
*U82
 10
2187.570027368545
 20
2234.478822645767
 30
0.0
 50
180.0
  0
INSERT
  5
F2A
330
F25
100
AcDbEntity
  8
0
  6
ByBlock
347
ED
 62
     0
440
 16777216
370
    -2
380
     1
100
AcDbBlockReference
  2
*U82
 10
2181.922682266443
 20
2234.478822645767
 30
0.0
 50
180.0
  0
INSERT
  5
F2B
330
F25
100
AcDbEntity
  8
0
  6
ByBlock
347
ED
 62
     0
440
 16777216
370
    -2
380
     1
100
AcDbBlockReference
  2
*U82
 10
2176.275337164342
 20
2234.478822645767
 30
0.0
 50
180.0
  0
INSERT
  5
F2C
330
F25
100
AcDbEntity
  8
0
  6
ByBlock
347
ED
 62
     0
440
 16777216
370
    -2
380
     1
100
AcDbBlockReference
  2
*U82
 10
2170.62799206224
 20
2234.478822645767
 30
0.0
 50
180.0
  0
INSERT
  5
F2D
330
F25
100
AcDbEntity
  8
0
  6
ByBlock
347
ED
 62
     0
440
 16777216
370
    -2
380
     1
100
AcDbBlockReference
  2
*U82
 10
2164.980646960139
 20
2234.478822645767
 30
0.0
 50
180.0
  0
INSERT
  5
F2E
330
F25
100
AcDbEntity
  8
0
  6
ByBlock
347
ED
 62
     0
440
 16777216
370
    -2
380
     1
100
AcDbBlockReference
  2
*U82
 10
2159.333301858037
 20
2234.478822645767
 30
0.0
 50
180.0
  0
INSERT
  5
F2F
330
F25
100
AcDbEntity
  8
0
  6
ByBlock
347
ED
 62
     0
440
 16777216
370
    -2
380
     1
100
AcDbBlockReference
  2
*U82
 10
2153.685956755936
 20
2234.478822645767
 30
0.0
 50
180.0
  0
INSERT
  5
F30
330
F25
100
AcDbEntity
  8
0
  6
ByBlock
347
ED
 62
     0
440
 16777216
370
    -2
380
     1
100
AcDbBlockReference
  2
*U82
 10
2148.038611653834
 20
2234.478822645767
 30
0.0
 50
180.0
  0
INSERT
  5
F31
330
F25
100
AcDbEntity
  8
0
  6
ByBlock
347
ED
 62
     0
440
 16777216
370
    -2
380
     1
100
AcDbBlockReference
  2
*U82
 10
2143.362073549803
 20
2232.023156514497
 30
0.0
 41
0.9999999999999998
 42
0.9999999999999998
 43
0.9999999999999998
 50
245.0266791040576
  0
INSERT
  5
F32
330
F25
100
AcDbEntity
  8
0
  6
ByBlock
347
ED
 62
     0
440
 16777216
370
    -2
380
     1
100
AcDbBlockReference
  2
*U82
 10
2142.964717572748
 20
2226.433910911528
 30
0.0
 50
269.9999999999999
  0
INSERT
  5
F33
330
F25
100
AcDbEntity
  8
0
  6
ByBlock
347
ED
 62
     0
440
 16777216
370
    -2
380
     1
100
AcDbBlockReference
  2
*U82
 10
2142.964717572748
 20
2220.786565809427
 30
0.0
 50
269.9999999999999
  0
INSERT
  5
F34
330
F25
100
AcDbEntity
  8
0
  6
ByBlock
347
ED
 62
     0
440
 16777216
370
    -2
380
     1
100
AcDbBlockReference
  2
*U82
 10
2142.964717572748
 20
2215.139220707325
 30
0.0
 50
269.9999999999999
  0
INSERT
  5
F35
330
F25
100
AcDbEntity
  8
0
  6
ByBlock
347
ED
 62
     0
440
 16777216
370
    -2
380
     1
100
AcDbBlockReference
  2
*U82
 10
2142.964717572748
 20
2209.491875605223
 30
0.0
 50
269.9999999999999
  0
INSERT
  5
F36
330
F25
100
AcDbEntity
  8
0
  6
ByBlock
347
ED
 62
     0
440
 16777216
370
    -2
380
     1
100
AcDbBlockReference
  2
*U82
 10
2142.964717572748
 20
2203.844530503122
 30
0.0
 50
269.9999999999999
  0
INSERT
  5
F37
330
F25
100
AcDbEntity
  8
0
  6
ByBlock
347
ED
 62
     0
440
 16777216
370
    -2
380
     1
100
AcDbBlockReference
  2
*U82
 10
2142.964717572748
 20
2198.197185401021
 30
0.0
 50
269.9999999999999
  0
INSERT
  5
F38
330
F25
100
AcDbEntity
  8
0
  6
ByBlock
347
ED
 62
     0
440
 16777216
370
    -2
380
     1
100
AcDbBlockReference
  2
*U82
 10
2142.964717572748
 20
2192.549840298919
 30
0.0
 50
269.9999999999999
  0
INSERT
  5
F39
330
F25
100
AcDbEntity
  8
0
  6
ByBlock
347
ED
 62
     0
440
 16777216
370
    -2
380
     1
100
AcDbBlockReference
  2
*U82
 10
2142.964717572748
 20
2186.902495196818
 30
0.0
 50
269.9999999999999
  0
INSERT
  5
F3A
330
F25
100
AcDbEntity
  8
0
  6
ByBlock
347
ED
 62
     0
440
 16777216
370
    -2
380
     1
100
AcDbBlockReference
  2
*U82
 10
2142.964717572748
 20
2181.255150094716
 30
0.0
 50
269.9999999999999
  0
INSERT
  5
F3B
330
F25
100
AcDbEntity
  8
0
  6
ByBlock
347
ED
 62
     0
440
 16777216
370
    -2
380
     1
100
AcDbBlockReference
  2
*U82
 10
2142.964717572748
 20
2175.607804992615
 30
0.0
 50
269.9999999999999
  0
INSERT
  5
F3C
330
F25
100
AcDbEntity
  8
0
  6
ByBlock
347
ED
 62
     0
440
 16777216
370
    -2
380
     1
100
AcDbBlockReference
  2
*U82
 10
2142.964717572748
 20
2169.960459890513
 30
0.0
 50
269.9999999999999
  0
INSERT
  5
F3D
330
F25
100
AcDbEntity
  8
0
  6
ByBlock
347
ED
 62
     0
440
 16777216
370
    -2
380
     1
100
AcDbBlockReference
  2
*U82
 10
2142.964717572748
 20
2164.313114788412
 30
0.0
 50
269.9999999999999
  0
INSERT
  5
F3E
330
F25
100
AcDbEntity
  8
0
  6
ByBlock
347
ED
 62
     0
440
 16777216
370
    -2
380
     1
100
AcDbBlockReference
  2
*U82
 10
2142.964717572748
 20
2158.66576968631
 30
0.0
 50
269.9999999999999
  0
INSERT
  5
F3F
330
F25
100
AcDbEntity
  8
0
  6
ByBlock
347
ED
 62
     0
440
 16777216
370
    -2
380
     1
100
AcDbBlockReference
  2
*U82
 10
2142.964717572748
 20
2153.018424584209
 30
0.0
 50
269.9999999999999
  0
INSERT
  5
F40
330
F25
100
AcDbEntity
  8
0
  6
ByBlock
347
ED
 62
     0
440
 16777216
370
    -2
380
     1
100
AcDbBlockReference
  2
*U82
 10
2142.964717572748
 20
2147.371079482107
 30
0.0
 50
269.9999999999999
  0
INSERT
  5
F41
330
F25
100
AcDbEntity
  8
0
  6
ByBlock
347
ED
 62
     0
440
 16777216
370
    -2
380
     1
100
AcDbBlockReference
  2
*U82
 10
2142.964717572748
 20
2141.723734380005
 30
0.0
 50
269.9999999999999
  0
INSERT
  5
F42
330
F25
100
AcDbEntity
  8
0
  6
ByBlock
347
ED
 62
     0
440
 16777216
370
    -2
380
     1
100
AcDbBlockReference
  2
*U82
 10
2143.362073549803
 20
2136.134488777038
 30
0.0
 50
294.9733208959417
  0
INSERT
  5
F43
330
F25
100
AcDbEntity
  8
0
  6
ByBlock
347
ED
 62
     0
440
 16777216
370
    -2
380
     1
100
AcDbBlockReference
  2
*U82
 10
2148.038611653834
 20
2133.678822645767
 30
0.0
  0
INSERT
  5
F44
330
F25
100
AcDbEntity
  8
0
  6
ByBlock
347
ED
 62
     0
440
 16777216
370
    -2
380
     1
100
AcDbBlockReference
  2
*U82
 10
2153.685956755936
 20
2133.678822645767
 30
0.0
  0
INSERT
  5
F45
330
F25
100
AcDbEntity
  8
0
  6
ByBlock
347
ED
 62
     0
440
 16777216
370
    -2
380
     1
100
AcDbBlockReference
  2
*U82
 10
2159.333301858037
 20
2133.678822645767
 30
0.0
  0
INSERT
  5
F46
330
F25
100
AcDbEntity
  8
0
  6
ByBlock
347
ED
 62
     0
440
 16777216
370
    -2
380
     1
100
AcDbBlockReference
  2
*U82
 10
2164.980646960139
 20
2133.678822645767
 30
0.0
  0
INSERT
  5
F47
330
F25
100
AcDbEntity
  8
0
  6
ByBlock
347
ED
 62
     0
440
 16777216
370
    -2
380
     1
100
AcDbBlockReference
  2
*U82
 10
2170.62799206224
 20
2133.678822645767
 30
0.0
  0
INSERT
  5
F48
330
F25
100
AcDbEntity
  8
0
  6
ByBlock
347
ED
 62
     0
440
 16777216
370
    -2
380
     1
100
AcDbBlockReference
  2
*U82
 10
2176.275337164342
 20
2133.678822645767
 30
0.0
  0
INSERT
  5
F49
330
F25
100
AcDbEntity
  8
0
  6
ByBlock
347
ED
 62
     0
440
 16777216
370
    -2
380
     1
100
AcDbBlockReference
  2
*U82
 10
2181.922682266443
 20
2133.678822645767
 30
0.0
  0
INSERT
  5
F4A
330
F25
100
AcDbEntity
  8
0
  6
ByBlock
347
ED
 62
     0
440
 16777216
370
    -2
380
     1
100
AcDbBlockReference
  2
*U82
 10
2187.570027368545
 20
2133.678822645767
 30
0.0
  0
INSERT
  5
F4B
330
F25
100
AcDbEntity
  8
0
  6
ByBlock
347
ED
 62
     0
440
 16777216
370
    -2
380
     1
100
AcDbBlockReference
  2
*U82
 10
2193.217372470646
 20
2133.678822645767
 30
0.0
  0
INSERT
  5
F4C
330
F25
100
AcDbEntity
  8
0
  6
ByBlock
347
ED
 62
     0
440
 16777216
370
    -2
380
     1
100
AcDbBlockReference
  2
*U82
 10
2198.864717572748
 20
2133.678822645767
 30
0.0
  0
ENDBLK
  5
F4D
330
F25
100
AcDbEntity
  8
0
100
AcDbBlockEnd
  0
BLOCK
  5
F68
330
F67
100
AcDbEntity
  8
0
100
AcDbBlockBegin
  2
*U86
 70
     1
 10
0.0
 20
0.0
 30
0.0
  3
*U86
  1

  0
CIRCLE
  5
F69
330
F67
100
AcDbEntity
  8
0
100
AcDbCircle
 10
0.0
 20
0.0
 30
0.0
 40
0.75
  0
ENDBLK
  5
F6A
330
F67
100
AcDbEntity
  8
0
100
AcDbBlockEnd
  0
BLOCK
  5
F6E
330
F6D
100
AcDbEntity
  8
0
100
AcDbBlockBegin
  2
*U88
 70
     1
 10
0.0
 20
0.0
 30
0.0
  3
*U88
  1

  0
INSERT
  5
F6F
330
F6D
100
AcDbEntity
  8
0
  6
ByBlock
347
ED
 62
     0
440
 16777216
370
    -2
380
     1
100
AcDbBlockReference
  2
*U86
 10
2198.864717572748
 20
2234.478822645767
 30
0.0
 50
180.0
  0
INSERT
  5
F70
330
F6D
100
AcDbEntity
  8
0
  6
ByBlock
347
ED
 62
     0
440
 16777216
370
    -2
380
     1
100
AcDbBlockReference
  2
*U86
 10
2193.217372470646
 20
2234.478822645767
 30
0.0
 50
180.0
  0
INSERT
  5
F71
330
F6D
100
AcDbEntity
  8
0
  6
ByBlock
347
ED
 62
     0
440
 16777216
370
    -2
380
     1
100
AcDbBlockReference
  2
*U86
 10
2187.570027368545
 20
2234.478822645767
 30
0.0
 50
180.0
  0
INSERT
  5
F72
330
F6D
100
AcDbEntity
  8
0
  6
ByBlock
347
ED
 62
     0
440
 16777216
370
    -2
380
     1
100
AcDbBlockReference
  2
*U86
 10
2181.922682266443
 20
2234.478822645767
 30
0.0
 50
180.0
  0
INSERT
  5
F73
330
F6D
100
AcDbEntity
  8
0
  6
ByBlock
347
ED
 62
     0
440
 16777216
370
    -2
380
     1
100
AcDbBlockReference
  2
*U86
 10
2176.275337164342
 20
2234.478822645767
 30
0.0
 50
180.0
  0
INSERT
  5
F74
330
F6D
100
AcDbEntity
  8
0
  6
ByBlock
347
ED
 62
     0
440
 16777216
370
    -2
380
     1
100
AcDbBlockReference
  2
*U86
 10
2170.62799206224
 20
2234.478822645767
 30
0.0
 50
180.0
  0
INSERT
  5
F75
330
F6D
100
AcDbEntity
  8
0
  6
ByBlock
347
ED
 62
     0
440
 16777216
370
    -2
380
     1
100
AcDbBlockReference
  2
*U86
 10
2164.980646960139
 20
2234.478822645767
 30
0.0
 50
180.0
  0
INSERT
  5
F76
330
F6D
100
AcDbEntity
  8
0
  6
ByBlock
347
ED
 62
     0
440
 16777216
370
    -2
380
     1
100
AcDbBlockReference
  2
*U86
 10
2159.333301858037
 20
2234.478822645767
 30
0.0
 50
180.0
  0
INSERT
  5
F77
330
F6D
100
AcDbEntity
  8
0
  6
ByBlock
347
ED
 62
     0
440
 16777216
370
    -2
380
     1
100
AcDbBlockReference
  2
*U86
 10
2153.685956755936
 20
2234.478822645767
 30
0.0
 50
180.0
  0
INSERT
  5
F78
330
F6D
100
AcDbEntity
  8
0
  6
ByBlock
347
ED
 62
     0
440
 16777216
370
    -2
380
     1
100
AcDbBlockReference
  2
*U86
 10
2148.038611653834
 20
2234.478822645767
 30
0.0
 50
180.0
  0
INSERT
  5
F79
330
F6D
100
AcDbEntity
  8
0
  6
ByBlock
347
ED
 62
     0
440
 16777216
370
    -2
380
     1
100
AcDbBlockReference
  2
*U86
 10
2143.362073549803
 20
2232.023156514497
 30
0.0
 41
0.9999999999999998
 42
0.9999999999999998
 43
0.9999999999999998
 50
245.0266791040576
  0
INSERT
  5
F7A
330
F6D
100
AcDbEntity
  8
0
  6
ByBlock
347
ED
 62
     0
440
 16777216
370
    -2
380
     1
100
AcDbBlockReference
  2
*U86
 10
2142.964717572748
 20
2226.433910911528
 30
0.0
 50
269.9999999999999
  0
INSERT
  5
F7B
330
F6D
100
AcDbEntity
  8
0
  6
ByBlock
347
ED
 62
     0
440
 16777216
370
    -2
380
     1
100
AcDbBlockReference
  2
*U86
 10
2142.964717572748
 20
2220.786565809427
 30
0.0
 50
269.9999999999999
  0
INSERT
  5
F7C
330
F6D
100
AcDbEntity
  8
0
  6
ByBlock
347
ED
 62
     0
440
 16777216
370
    -2
380
     1
100
AcDbBlockReference
  2
*U86
 10
2142.964717572748
 20
2215.139220707325
 30
0.0
 50
269.9999999999999
  0
INSERT
  5
F7D
330
F6D
100
AcDbEntity
  8
0
  6
ByBlock
347
ED
 62
     0
440
 16777216
370
    -2
380
     1
100
AcDbBlockReference
  2
*U86
 10
2142.964717572748
 20
2209.491875605223
 30
0.0
 50
269.9999999999999
  0
INSERT
  5
F7E
330
F6D
100
AcDbEntity
  8
0
  6
ByBlock
347
ED
 62
     0
440
 16777216
370
    -2
380
     1
100
AcDbBlockReference
  2
*U86
 10
2142.964717572748
 20
2203.844530503122
 30
0.0
 50
269.9999999999999
  0
INSERT
  5
F7F
330
F6D
100
AcDbEntity
  8
0
  6
ByBlock
347
ED
 62
     0
440
 16777216
370
    -2
380
     1
100
AcDbBlockReference
  2
*U86
 10
2142.964717572748
 20
2198.197185401021
 30
0.0
 50
269.9999999999999
  0
INSERT
  5
F80
330
F6D
100
AcDbEntity
  8
0
  6
ByBlock
347
ED
 62
     0
440
 16777216
370
    -2
380
     1
100
AcDbBlockReference
  2
*U86
 10
2142.964717572748
 20
2192.549840298919
 30
0.0
 50
269.9999999999999
  0
INSERT
  5
F81
330
F6D
100
AcDbEntity
  8
0
  6
ByBlock
347
ED
 62
     0
440
 16777216
370
    -2
380
     1
100
AcDbBlockReference
  2
*U86
 10
2142.964717572748
 20
2186.902495196818
 30
0.0
 50
269.9999999999999
  0
INSERT
  5
F82
330
F6D
100
AcDbEntity
  8
0
  6
ByBlock
347
ED
 62
     0
440
 16777216
370
    -2
380
     1
100
AcDbBlockReference
  2
*U86
 10
2142.964717572748
 20
2181.255150094716
 30
0.0
 50
269.9999999999999
  0
INSERT
  5
F83
330
F6D
100
AcDbEntity
  8
0
  6
ByBlock
347
ED
 62
     0
440
 16777216
370
    -2
380
     1
100
AcDbBlockReference
  2
*U86
 10
2142.964717572748
 20
2175.607804992615
 30
0.0
 50
269.9999999999999
  0
INSERT
  5
F84
330
F6D
100
AcDbEntity
  8
0
  6
ByBlock
347
ED
 62
     0
440
 16777216
370
    -2
380
     1
100
AcDbBlockReference
  2
*U86
 10
2142.964717572748
 20
2169.960459890513
 30
0.0
 50
269.9999999999999
  0
INSERT
  5
F85
330
F6D
100
AcDbEntity
  8
0
  6
ByBlock
347
ED
 62
     0
440
 16777216
370
    -2
380
     1
100
AcDbBlockReference
  2
*U86
 10
2142.964717572748
 20
2164.313114788412
 30
0.0
 50
269.9999999999999
  0
INSERT
  5
F86
330
F6D
100
AcDbEntity
  8
0
  6
ByBlock
347
ED
 62
     0
440
 16777216
370
    -2
380
     1
100
AcDbBlockReference
  2
*U86
 10
2142.964717572748
 20
2158.66576968631
 30
0.0
 50
269.9999999999999
  0
INSERT
  5
F87
330
F6D
100
AcDbEntity
  8
0
  6
ByBlock
347
ED
 62
     0
440
 16777216
370
    -2
380
     1
100
AcDbBlockReference
  2
*U86
 10
2142.964717572748
 20
2153.018424584209
 30
0.0
 50
269.9999999999999
  0
INSERT
  5
F88
330
F6D
100
AcDbEntity
  8
0
  6
ByBlock
347
ED
 62
     0
440
 16777216
370
    -2
380
     1
100
AcDbBlockReference
  2
*U86
 10
2142.964717572748
 20
2147.371079482107
 30
0.0
 50
269.9999999999999
  0
INSERT
  5
F89
330
F6D
100
AcDbEntity
  8
0
  6
ByBlock
347
ED
 62
     0
440
 16777216
370
    -2
380
     1
100
AcDbBlockReference
  2
*U86
 10
2142.964717572748
 20
2141.723734380005
 30
0.0
 50
269.9999999999999
  0
INSERT
  5
F8A
330
F6D
100
AcDbEntity
  8
0
  6
ByBlock
347
ED
 62
     0
440
 16777216
370
    -2
380
     1
100
AcDbBlockReference
  2
*U86
 10
2143.362073549803
 20
2136.134488777038
 30
0.0
 50
294.9733208959417
  0
INSERT
  5
F8B
330
F6D
100
AcDbEntity
  8
0
  6
ByBlock
347
ED
 62
     0
440
 16777216
370
    -2
380
     1
100
AcDbBlockReference
  2
*U86
 10
2148.038611653834
 20
2133.678822645767
 30
0.0
  0
INSERT
  5
F8C
330
F6D
100
AcDbEntity
  8
0
  6
ByBlock
347
ED
 62
     0
440
 16777216
370
    -2
380
     1
100
AcDbBlockReference
  2
*U86
 10
2153.685956755936
 20
2133.678822645767
 30
0.0
  0
INSERT
  5
F8D
330
F6D
100
AcDbEntity
  8
0
  6
ByBlock
347
ED
 62
     0
440
 16777216
370
    -2
380
     1
100
AcDbBlockReference
  2
*U86
 10
2159.333301858037
 20
2133.678822645767
 30
0.0
  0
INSERT
  5
F8E
330
F6D
100
AcDbEntity
  8
0
  6
ByBlock
347
ED
 62
     0
440
 16777216
370
    -2
380
     1
100
AcDbBlockReference
  2
*U86
 10
2164.980646960139
 20
2133.678822645767
 30
0.0
  0
INSERT
  5
F8F
330
F6D
100
AcDbEntity
  8
0
  6
ByBlock
347
ED
 62
     0
440
 16777216
370
    -2
380
     1
100
AcDbBlockReference
  2
*U86
 10
2170.62799206224
 20
2133.678822645767
 30
0.0
  0
INSERT
  5
F90
330
F6D
100
AcDbEntity
  8
0
  6
ByBlock
347
ED
 62
     0
440
 16777216
370
    -2
380
     1
100
AcDbBlockReference
  2
*U86
 10
2176.275337164342
 20
2133.678822645767
 30
0.0
  0
INSERT
  5
F91
330
F6D
100
AcDbEntity
  8
0
  6
ByBlock
347
ED
 62
     0
440
 16777216
370
    -2
380
     1
100
AcDbBlockReference
  2
*U86
 10
2181.922682266443
 20
2133.678822645767
 30
0.0
  0
INSERT
  5
F92
330
F6D
100
AcDbEntity
  8
0
  6
ByBlock
347
ED
 62
     0
440
 16777216
370
    -2
380
     1
100
AcDbBlockReference
  2
*U86
 10
2187.570027368545
 20
2133.678822645767
 30
0.0
  0
INSERT
  5
F93
330
F6D
100
AcDbEntity
  8
0
  6
ByBlock
347
ED
 62
     0
440
 16777216
370
    -2
380
     1
100
AcDbBlockReference
  2
*U86
 10
2193.217372470646
 20
2133.678822645767
 30
0.0
  0
INSERT
  5
F94
330
F6D
100
AcDbEntity
  8
0
  6
ByBlock
347
ED
 62
     0
440
 16777216
370
    -2
380
     1
100
AcDbBlockReference
  2
*U86
 10
2198.864717572748
 20
2133.678822645767
 30
0.0
  0
ENDBLK
  5
F95
330
F6D
100
AcDbEntity
  8
0
100
AcDbBlockEnd
  0
BLOCK
  5
1179
330
1178
100
AcDbEntity
  8
0
100
AcDbBlockBegin
  2
*D93
 70
     1
 10
0.0
 20
0.0
 30
0.0
  3
*D93
  1

  0
LINE
  5
1185
330
1178
100
AcDbEntity
  8
0
 62
     0
440
 16777216
370
    -2
100
AcDbLine
 10
1979.19900535994
 20
2069.395746850223
 30
0.0
 11
1969.600503845436
 21
2069.395746850223
 31
0.0
  0
LINE
  5
1186
330
1178
100
AcDbEntity
  8
0
 62
     0
440
 16777216
370
    -2
100
AcDbLine
 10
1979.19900535994
 20
2010.595746850222
 30
0.0
 11
1969.600503845436
 21
2010.595746850222
 31
0.0
  0
LINE
  5
1187
330
1178
100
AcDbEntity
  8
0
 62
     0
440
 16777216
370
    -2
100
AcDbLine
 10
1970.850503845436
 20
2066.895746850223
 30
0.0
 11
1970.850503845436
 21
2013.095746850222
 31
0.0
  0
SOLID
  5
1188
330
1178
100
AcDbEntity
  8
0
 62
     0
440
 16777216
100
AcDbTrace
 10
1970.433837178769
 20
2066.895746850223
 30
0.0
 11
1971.267170512103
 21
2066.895746850223
 31
0.0
 12
1970.850503845436
 22
2069.395746850223
 32
0.0
 13
1970.850503845436
 23
2069.395746850223
 33
0.0
  0
SOLID
  5
1189
330
1178
100
AcDbEntity
  8
0
 62
     0
440
 16777216
100
AcDbTrace
 10
1970.433837178769
 20
2013.095746850222
 30
0.0
 11
1971.267170512103
 21
2013.095746850222
 31
0.0
 12
1970.850503845436
 22
2010.595746850222
 32
0.0
 13
1970.850503845436
 23
2010.595746850222
 33
0.0
  0
MTEXT
  5
118A
330
1178
100
AcDbEntity
  8
0
 62
     0
440
 16777216
100
AcDbMText
 10
1968.723116396596
 20
2039.995746850221
 30
0.0
 40
2.5
 41
0.0
 46
0.0
 71
     5
 72
     1
  1
58,8
 11
0.0000000000000001
 21
1.0
 31
0.0
 73
     1
 44
1.0
  0
POINT
  5
118B
330
1178
100
AcDbEntity
  8
Defpoints
 62
     0
440
 16777216
100
AcDbPoint
 10
1979.82400535994
 20
2069.395746850223
 30
0.0
  0
POINT
  5
118C
330
1178
100
AcDbEntity
  8
Defpoints
 62
     0
440
 16777216
100
AcDbPoint
 10
1979.82400535994
 20
2010.595746850222
 30
0.0
  0
POINT
  5
118D
330
1178
100
AcDbEntity
  8
Defpoints
 62
     0
440
 16777216
100
AcDbPoint
 10
1970.850503845436
 20
2010.595746850222
 30
0.0
  0
ENDBLK
  5
117A
330
1178
100
AcDbEntity
  8
0
100
AcDbBlockEnd
  0
BLOCK
  5
1191
330
1190
100
AcDbEntity
  8
0
100
AcDbBlockBegin
  2
*D94
 70
     1
 10
0.0
 20
0.0
 30
0.0
  3
*D94
  1

  0
LINE
  5
11B7
330
1190
100
AcDbEntity
  8
0
 62
     0
440
 16777216
370
    -2
100
AcDbLine
 10
1994.570433931368
 20
2027.145746850222
 30
0.0
 11
1988.217136952024
 21
2027.145746850222
 31
0.0
  0
LINE
  5
11B8
330
1190
100
AcDbEntity
  8
0
 62
     0
440
 16777216
370
    -2
100
AcDbLine
 10
1994.570433931368
 20
2100.195746850222
 30
0.0
 11
1988.217136952024
 21
2100.195746850222
 31
0.0
  0
LINE
  5
11B9
330
1190
100
AcDbEntity
  8
0
 62
     0
440
 16777216
370
    -2
100
AcDbLine
 10
1989.467136952024
 20
2029.645746850222
 30
0.0
 11
1989.467136952024
 21
2097.695746850222
 31
0.0
  0
SOLID
  5
11BA
330
1190
100
AcDbEntity
  8
0
 62
     0
440
 16777216
100
AcDbTrace
 10
1989.050470285357
 20
2029.645746850222
 30
0.0
 11
1989.88380361869
 21
2029.645746850222
 31
0.0
 12
1989.467136952024
 22
2027.145746850222
 32
0.0
 13
1989.467136952024
 23
2027.145746850222
 33
0.0
  0
SOLID
  5
11BB
330
1190
100
AcDbEntity
  8
0
 62
     0
440
 16777216
100
AcDbTrace
 10
1989.050470285357
 20
2097.695746850222
 30
0.0
 11
1989.88380361869
 21
2097.695746850222
 31
0.0
 12
1989.467136952024
 22
2100.195746850222
 32
0.0
 13
1989.467136952024
 23
2100.195746850222
 33
0.0
  0
MTEXT
  5
11BC
330
1190
100
AcDbEntity
  8
0
 62
     0
440
 16777216
100
AcDbMText
 10
1987.339749503183
 20
2063.670746850221
 30
0.0
 40
2.5
 41
0.0
 46
0.0
 71
     5
 72
     1
  1
73,05
 11
0.0000000000000001
 21
1.0
 31
0.0
 73
     1
 44
1.0
  0
POINT
  5
11BD
330
1190
100
AcDbEntity
  8
Defpoints
 62
     0
440
 16777216
100
AcDbPoint
 10
1995.195433931368
 20
2027.145746850222
 30
0.0
  0
POINT
  5
11BE
330
1190
100
AcDbEntity
  8
Defpoints
 62
     0
440
 16777216
100
AcDbPoint
 10
1995.195433931368
 20
2100.195746850222
 30
0.0
  0
POINT
  5
11BF
330
1190
100
AcDbEntity
  8
Defpoints
 62
     0
440
 16777216
100
AcDbPoint
 10
1989.467136952024
 20
2100.195746850222
 30
0.0
  0
ENDBLK
  5
1192
330
1190
100
AcDbEntity
  8
0
100
AcDbBlockEnd
  0
BLOCK
  5
11C2
330
11C1
100
AcDbEntity
  8
0
100
AcDbBlockBegin
  2
*D95
 70
     1
 10
0.0
 20
0.0
 30
0.0
  3
*D95
  1

  0
LINE
  5
11CE
330
11C1
100
AcDbEntity
  8
0
 62
     0
440
 16777216
370
    -2
100
AcDbLine
 10
1995.416250263447
 20
2111.395746850222
 30
0.0
 11
1998.262448680347
 21
2111.395746850222
 31
0.0
  0
LINE
  5
11CF
330
11C1
100
AcDbEntity
  8
0
 62
     0
440
 16777216
370
    -2
100
AcDbLine
 10
1995.416250263447
 20
2094.595746850222
 30
0.0
 11
1998.262448680347
 21
2094.595746850222
 31
0.0
  0
LINE
  5
11D0
330
11C1
100
AcDbEntity
  8
0
 62
     0
440
 16777216
370
    -2
100
AcDbLine
 10
1997.012448680347
 20
2108.895746850222
 30
0.0
 11
1997.012448680347
 21
2097.095746850222
 31
0.0
  0
SOLID
  5
11D1
330
11C1
100
AcDbEntity
  8
0
 62
     0
440
 16777216
100
AcDbTrace
 10
1996.59578201368
 20
2108.895746850222
 30
0.0
 11
1997.429115347014
 21
2108.895746850222
 31
0.0
 12
1997.012448680347
 22
2111.395746850222
 32
0.0
 13
1997.012448680347
 23
2111.395746850222
 33
0.0
  0
SOLID
  5
11D2
330
11C1
100
AcDbEntity
  8
0
 62
     0
440
 16777216
100
AcDbTrace
 10
1996.59578201368
 20
2097.095746850222
 30
0.0
 11
1997.429115347014
 21
2097.095746850222
 31
0.0
 12
1997.012448680347
 22
2094.595746850222
 32
0.0
 13
1997.012448680347
 23
2094.595746850222
 33
0.0
  0
MTEXT
  5
11D3
330
11C1
100
AcDbEntity
  8
0
 62
     0
440
 16777216
100
AcDbMText
 10
1994.885061231507
 20
2102.995746850221
 30
0.0
 40
2.5
 41
0.0
 46
0.0
 71
     5
 72
     1
  1
16,8
 11
0.0000000000000001
 21
1.0
 31
0.0
 73
     1
 44
1.0
  0
POINT
  5
11D4
330
11C1
100
AcDbEntity
  8
Defpoints
 62
     0
440
 16777216
100
AcDbPoint
 10
1994.791250263446
 20
2111.395746850222
 30
0.0
  0
POINT
  5
11D5
330
11C1
100
AcDbEntity
  8
Defpoints
 62
     0
440
 16777216
100
AcDbPoint
 10
1994.791250263446
 20
2094.595746850222
 30
0.0
  0
POINT
  5
11D6
330
11C1
100
AcDbEntity
  8
Defpoints
 62
     0
440
 16777216
100
AcDbPoint
 10
1997.012448680347
 20
2094.595746850222
 30
0.0
  0
ENDBLK
  5
11C3
330
11C1
100
AcDbEntity
  8
0
100
AcDbBlockEnd
  0
BLOCK
  5
11DA
330
11D9
100
AcDbEntity
  8
0
100
AcDbBlockBegin
  2
*D96
 70
     1
 10
0.0
 20
0.0
 30
0.0
  3
*D96
  1

  0
LINE
  5
11DC
330
11D9
100
AcDbEntity
  8
0
 62
     0
440
 16777216
370
    -2
100
AcDbLine
 10
1995.416250263447
 20
2094.595746850222
 30
0.0
 11
2007.974005359939
 21
2094.595746850222
 31
0.0
  0
LINE
  5
11DD
330
11D9
100
AcDbEntity
  8
0
 62
     0
440
 16777216
370
    -2
100
AcDbLine
 10
1995.416250263447
 20
2098.345746850222
 30
0.0
 11
2007.974005359939
 21
2098.345746850222
 31
0.0
  0
LINE
  5
11DE
330
11D9
100
AcDbEntity
  8
0
 62
     0
440
 16777216
370
    -2
100
AcDbLine
 10
2006.72400535994
 20
2092.095746850222
 30
0.0
 11
2006.72400535994
 21
2089.595746850221
 31
0.0
  0
LINE
  5
11DF
330
11D9
100
AcDbEntity
  8
0
 62
     0
440
 16777216
370
    -2
100
AcDbLine
 10
2006.72400535994
 20
2100.845746850222
 30
0.0
 11
2006.72400535994
 21
2111.106660902063
 31
0.0
  0
LINE
  5
11E0
330
11D9
100
AcDbEntity
  8
0
 62
     0
440
 16777216
370
    -2
100
AcDbLine
 10
2006.72400535994
 20
2094.595746850222
 30
0.0
 11
2006.72400535994
 21
2098.345746850222
 31
0.0
  0
SOLID
  5
11E1
330
11D9
100
AcDbEntity
  8
0
 62
     0
440
 16777216
100
AcDbTrace
 10
2006.307338693273
 20
2092.095746850222
 30
0.0
 11
2007.140672026606
 21
2092.095746850222
 31
0.0
 12
2006.72400535994
 22
2094.595746850222
 32
0.0
 13
2006.72400535994
 23
2094.595746850222
 33
0.0
  0
SOLID
  5
11E2
330
11D9
100
AcDbEntity
  8
0
 62
     0
440
 16777216
100
AcDbTrace
 10
2006.307338693273
 20
2100.845746850222
 30
0.0
 11
2007.140672026606
 21
2100.845746850222
 31
0.0
 12
2006.72400535994
 22
2098.345746850222
 32
0.0
 13
2006.72400535994
 23
2098.345746850222
 33
0.0
  0
MTEXT
  5
11E3
330
11D9
100
AcDbEntity
  8
0
 62
     0
440
 16777216
100
AcDbMText
 10
2004.596617911099
 20
2107.226203876142
 30
0.0
 40
2.5
 41
0.0
 46
0.0
 71
     5
 72
     1
  1
3,75
 11
0.0000000000000001
 21
1.0
 31
0.0
 73
     1
 44
1.0
  0
POINT
  5
11E4
330
11D9
100
AcDbEntity
  8
Defpoints
 62
     0
440
 16777216
100
AcDbPoint
 10
1994.791250263446
 20
2094.595746850222
 30
0.0
  0
POINT
  5
11E5
330
11D9
100
AcDbEntity
  8
Defpoints
 62
     0
440
 16777216
100
AcDbPoint
 10
1994.791250263446
 20
2098.345746850222
 30
0.0
  0
POINT
  5
11E6
330
11D9
100
AcDbEntity
  8
Defpoints
 62
     0
440
 16777216
100
AcDbPoint
 10
2006.72400535994
 20
2098.345746850222
 30
0.0
  0
ENDBLK
  5
11DB
330
11D9
100
AcDbEntity
  8
0
100
AcDbBlockEnd
  0
BLOCK
  5
11E9
330
11E8
100
AcDbEntity
  8
0
100
AcDbBlockBegin
  2
*D97
 70
     1
 10
0.0
 20
0.0
 30
0.0
  3
*D97
  1

  0
LINE
  5
11EB
330
11E8
100
AcDbEntity
  8
0
 62
     0
440
 16777216
370
    -2
100
AcDbLine
 10
1994.570433931368
 20
2100.195746850222
 30
0.0
 11
1981.31951550513
 21
2100.195746850222
 31
0.0
  0
LINE
  5
11EC
330
11E8
100
AcDbEntity
  8
0
 62
     0
440
 16777216
370
    -2
100
AcDbLine
 10
1994.570433931367
 20
2098.345746850221
 30
0.0
 11
1981.31951550513
 21
2098.345746850221
 31
0.0
  0
LINE
  5
11ED
330
11E8
100
AcDbEntity
  8
0
 62
     0
440
 16777216
370
    -2
100
AcDbLine
 10
1982.56951550513
 20
2102.695746850223
 30
0.0
 11
1982.56951550513
 21
2105.195746850222
 31
0.0
  0
LINE
  5
11EE
330
11E8
100
AcDbEntity
  8
0
 62
     0
440
 16777216
370
    -2
100
AcDbLine
 10
1982.56951550513
 20
2095.845746850221
 30
0.0
 11
1982.56951550513
 21
2085.818461720617
 31
0.0
  0
LINE
  5
11EF
330
11E8
100
AcDbEntity
  8
0
 62
     0
440
 16777216
370
    -2
100
AcDbLine
 10
1982.56951550513
 20
2100.195746850222
 30
0.0
 11
1982.56951550513
 21
2098.345746850221
 31
0.0
  0
SOLID
  5
11F0
330
11E8
100
AcDbEntity
  8
0
 62
     0
440
 16777216
100
AcDbTrace
 10
1982.152848838463
 20
2102.695746850223
 30
0.0
 11
1982.986182171796
 21
2102.695746850223
 31
0.0
 12
1982.56951550513
 22
2100.195746850222
 32
0.0
 13
1982.56951550513
 23
2100.195746850222
 33
0.0
  0
SOLID
  5
11F1
330
11E8
100
AcDbEntity
  8
0
 62
     0
440
 16777216
100
AcDbTrace
 10
1982.152848838463
 20
2095.845746850221
 30
0.0
 11
1982.986182171796
 21
2095.845746850221
 31
0.0
 12
1982.56951550513
 22
2098.345746850221
 32
0.0
 13
1982.56951550513
 23
2098.345746850221
 33
0.0
  0
MTEXT
  5
11F2
330
11E8
100
AcDbEntity
  8
0
 62
     0
440
 16777216
100
AcDbMText
 10
1980.44212805629
 20
2089.582104285418
 30
0.0
 40
2.5
 41
0.0
 46
0.0
 71
     5
 72
     1
  1
1,85
 11
0.0000000000000001
 21
1.0
 31
0.0
 73
     1
 44
1.0
  0
POINT
  5
11F3
330
11E8
100
AcDbEntity
  8
Defpoints
 62
     0
440
 16777216
100
AcDbPoint
 10
1995.195433931368
 20
2100.195746850222
 30
0.0
  0
POINT
  5
11F4
330
11E8
100
AcDbEntity
  8
Defpoints
 62
     0
440
 16777216
100
AcDbPoint
 10
1995.195433931368
 20
2098.345746850221
 30
0.0
  0
POINT
  5
11F5
330
11E8
100
AcDbEntity
  8
Defpoints
 62
     0
440
 16777216
100
AcDbPoint
 10
1982.56951550513
 20
2098.345746850221
 30
0.0
  0
ENDBLK
  5
11EA
330
11E8
100
AcDbEntity
  8
0
100
AcDbBlockEnd
  0
BLOCK
  5
11F9
330
11F8
100
AcDbEntity
  8
0
100
AcDbBlockBegin
  2
*D98
 70
     1
 10
0.0
 20
0.0
 30
0.0
  3
*D98
  1

  0
LINE
  5
1205
330
11F8
100
AcDbEntity
  8
0
 62
     0
440
 16777216
370
    -2
100
AcDbLine
 10
2038.49900535994
 20
2098.345746850222
 30
0.0
 11
2017.959074974468
 21
2098.345746850222
 31
0.0
  0
LINE
  5
1206
330
11F8
100
AcDbEntity
  8
0
 62
     0
440
 16777216
370
    -2
100
AcDbLine
 10
2038.49900535994
 20
2077.712991753729
 30
0.0
 11
2017.959074974468
 21
2077.712991753729
 31
0.0
  0
LINE
  5
1207
330
11F8
100
AcDbEntity
  8
0
 62
     0
440
 16777216
370
    -2
100
AcDbLine
 10
2019.209074974467
 20
2095.845746850221
 30
0.0
 11
2019.209074974467
 21
2080.212991753729
 31
0.0
  0
SOLID
  5
1208
330
11F8
100
AcDbEntity
  8
0
 62
     0
440
 16777216
100
AcDbTrace
 10
2018.792408307801
 20
2095.845746850221
 30
0.0
 11
2019.625741641134
 21
2095.845746850221
 31
0.0
 12
2019.209074974467
 22
2098.345746850222
 32
0.0
 13
2019.209074974467
 23
2098.345746850222
 33
0.0
  0
SOLID
  5
1209
330
11F8
100
AcDbEntity
  8
0
 62
     0
440
 16777216
100
AcDbTrace
 10
2018.792408307801
 20
2080.212991753729
 30
0.0
 11
2019.625741641134
 21
2080.212991753729
 31
0.0
 12
2019.209074974467
 22
2077.712991753729
 32
0.0
 13
2019.209074974467
 23
2077.712991753729
 33
0.0
  0
MTEXT
  5
120A
330
11F8
100
AcDbEntity
  8
0
 62
     0
440
 16777216
100
AcDbMText
 10
2017.081687525628
 20
2088.029369301974
 30
0.0
 40
2.5
 41
0.0
 46
0.0
 71
     5
 72
     1
  1
20,63
 11
0.0000000000000001
 21
1.0
 31
0.0
 73
     1
 44
1.0
  0
POINT
  5
120B
330
11F8
100
AcDbEntity
  8
Defpoints
 62
     0
440
 16777216
100
AcDbPoint
 10
2039.12400535994
 20
2098.345746850222
 30
0.0
  0
POINT
  5
120C
330
11F8
100
AcDbEntity
  8
Defpoints
 62
     0
440
 16777216
100
AcDbPoint
 10
2039.12400535994
 20
2077.712991753729
 30
0.0
  0
POINT
  5
120D
330
11F8
100
AcDbEntity
  8
Defpoints
 62
     0
440
 16777216
100
AcDbPoint
 10
2019.209074974467
 20
2077.712991753729
 30
0.0
  0
ENDBLK
  5
11FA
330
11F8
100
AcDbEntity
  8
0
100
AcDbBlockEnd
  0
BLOCK
  5
1211
330
1210
100
AcDbEntity
  8
0
100
AcDbBlockBegin
  2
*D99
 70
     1
 10
0.0
 20
0.0
 30
0.0
  3
*D99
  1

  0
LINE
  5
1235
330
1210
100
AcDbEntity
  8
0
 62
     0
440
 16777216
370
    -2
100
AcDbLine
 10
1958.582170122213
 20
2075.007221746465
 30
0.0
 11
1971.820009471098
 21
2075.007221746465
 31
0.0
  0
LINE
  5
1236
330
1210
100
AcDbEntity
  8
0
 62
     0
440
 16777216
370
    -2
100
AcDbLine
 10
1958.582170122213
 20
2083.324466649972
 30
0.0
 11
1971.820009471098
 21
2083.324466649972
 31
0.0
  0
LINE
  5
1237
330
1210
100
AcDbEntity
  8
0
 62
     0
440
 16777216
370
    -2
100
AcDbLine
 10
1970.570009471098
 20
2077.507221746465
 30
0.0
 11
1970.570009471098
 21
2080.824466649972
 31
0.0
  0
SOLID
  5
1238
330
1210
100
AcDbEntity
  8
0
 62
     0
440
 16777216
100
AcDbTrace
 10
1970.153342804431
 20
2077.507221746465
 30
0.0
 11
1970.986676137765
 21
2077.507221746465
 31
0.0
 12
1970.570009471098
 22
2075.007221746465
 32
0.0
 13
1970.570009471098
 23
2075.007221746465
 33
0.0
  0
SOLID
  5
1239
330
1210
100
AcDbEntity
  8
0
 62
     0
440
 16777216
100
AcDbTrace
 10
1970.153342804431
 20
2080.824466649972
 30
0.0
 11
1970.986676137765
 21
2080.824466649972
 31
0.0
 12
1970.570009471098
 22
2083.324466649972
 32
0.0
 13
1970.570009471098
 23
2083.324466649972
 33
0.0
  0
MTEXT
  5
123A
330
1210
100
AcDbEntity
  8
0
 62
     0
440
 16777216
100
AcDbMText
 10
1968.442622022258
 20
2079.165844198218
 30
0.0
 40
2.5
 41
0.0
 46
0.0
 71
     5
 72
     1
  1
8,32
 11
0.0000000000000001
 21
1.0
 31
0.0
 73
     1
 44
1.0
  0
POINT
  5
123B
330
1210
100
AcDbEntity
  8
Defpoints
 62
     0
440
 16777216
100
AcDbPoint
 10
1957.957170122213
 20
2075.007221746465
 30
0.0
  0
POINT
  5
123C
330
1210
100
AcDbEntity
  8
Defpoints
 62
     0
440
 16777216
100
AcDbPoint
 10
1957.957170122212
 20
2083.324466649972
 30
0.0
  0
POINT
  5
123D
330
1210
100
AcDbEntity
  8
Defpoints
 62
     0
440
 16777216
100
AcDbPoint
 10
1970.570009471098
 20
2083.324466649972
 30
0.0
  0
ENDBLK
  5
1212
330
1210
100
AcDbEntity
  8
0
100
AcDbBlockEnd
  0
BLOCK
  5
1240
330
123F
100
AcDbEntity
  8
0
100
AcDbBlockBegin
  2
*D100
 70
     1
 10
0.0
 20
0.0
 30
0.0
  3
*D100
  1

  0
LINE
  5
124C
330
123F
100
AcDbEntity
  8
0
 62
     0
440
 16777216
370
    -2
100
AcDbLine
 10
1988.593835295611
 20
2111.395746850222
 30
0.0
 11
1986.542069432821
 21
2111.395746850222
 31
0.0
  0
LINE
  5
124D
330
123F
100
AcDbEntity
  8
0
 62
     0
440
 16777216
370
    -2
100
AcDbLine
 10
1988.593835295611
 20
2100.195746850223
 30
0.0
 11
1986.542069432821
 21
2100.195746850223
 31
0.0
  0
LINE
  5
124E
330
123F
100
AcDbEntity
  8
0
 62
     0
440
 16777216
370
    -2
100
AcDbLine
 10
1987.792069432821
 20
2108.895746850221
 30
0.0
 11
1987.792069432821
 21
2102.695746850223
 31
0.0
  0
SOLID
  5
124F
330
123F
100
AcDbEntity
  8
0
 62
     0
440
 16777216
100
AcDbTrace
 10
1987.375402766154
 20
2108.895746850221
 30
0.0
 11
1988.208736099488
 21
2108.895746850221
 31
0.0
 12
1987.792069432821
 22
2111.395746850222
 32
0.0
 13
1987.792069432821
 23
2111.395746850222
 33
0.0
  0
SOLID
  5
1250
330
123F
100
AcDbEntity
  8
0
 62
     0
440
 16777216
100
AcDbTrace
 10
1987.375402766154
 20
2102.695746850223
 30
0.0
 11
1988.208736099488
 21
2102.695746850223
 31
0.0
 12
1987.792069432821
 22
2100.195746850223
 32
0.0
 13
1987.792069432821
 23
2100.195746850223
 33
0.0
  0
MTEXT
  5
1251
330
123F
100
AcDbEntity
  8
0
 62
     0
440
 16777216
100
AcDbMText
 10
1985.664681983981
 20
2105.795746850221
 30
0.0
 40
2.5
 41
0.0
 46
0.0
 71
     5
 72
     1
  1
11,2
 11
0.0000000000000001
 21
1.0
 31
0.0
 73
     1
 44
1.0
  0
POINT
  5
1252
330
123F
100
AcDbEntity
  8
Defpoints
 62
     0
440
 16777216
100
AcDbPoint
 10
1989.21883529561
 20
2111.395746850222
 30
0.0
  0
POINT
  5
1253
330
123F
100
AcDbEntity
  8
Defpoints
 62
     0
440
 16777216
100
AcDbPoint
 10
1989.21883529561
 20
2100.195746850223
 30
0.0
  0
POINT
  5
1254
330
123F
100
AcDbEntity
  8
Defpoints
 62
     0
440
 16777216
100
AcDbPoint
 10
1987.792069432821
 20
2100.195746850223
 30
0.0
  0
ENDBLK
  5
1241
330
123F
100
AcDbEntity
  8
0
100
AcDbBlockEnd
  0
BLOCK
  5
12AB
330
12AA
100
AcDbEntity
  8
0
100
AcDbBlockBegin
  2
*D103
 70
     1
 10
0.0
 20
0.0
 30
0.0
  3
*D103
  1

  0
LINE
  5
12B9
330
12AA
100
AcDbEntity
  8
0
 62
     0
440
 16777216
370
    -2
100
AcDbLine
 10
1977.449005359938
 20
2094.595746850222
 30
0.0
 11
1969.48611318543
 21
2094.595746850222
 31
0.0
  0
LINE
  5
12BA
330
12AA
100
AcDbEntity
  8
0
 62
     0
440
 16777216
370
    -2
100
AcDbLine
 10
1977.449005359938
 20
2100.195746850222
 30
0.0
 11
1969.48611318543
 21
2100.195746850222
 31
0.0
  0
LINE
  5
12BB
330
12AA
100
AcDbEntity
  8
0
 62
     0
440
 16777216
370
    -2
100
AcDbLine
 10
1970.73611318543
 20
2092.095746850223
 30
0.0
 11
1970.73611318543
 21
2089.595746850223
 31
0.0
  0
LINE
  5
12BC
330
12AA
100
AcDbEntity
  8
0
 62
     0
440
 16777216
370
    -2
100
AcDbLine
 10
1970.73611318543
 20
2102.695746850223
 30
0.0
 11
1970.73611318543
 21
2110.995542211751
 31
0.0
  0
LINE
  5
12BD
330
12AA
100
AcDbEntity
  8
0
 62
     0
440
 16777216
370
    -2
100
AcDbLine
 10
1970.73611318543
 20
2094.595746850222
 30
0.0
 11
1970.73611318543
 21
2100.195746850222
 31
0.0
  0
SOLID
  5
12BE
330
12AA
100
AcDbEntity
  8
0
 62
     0
440
 16777216
100
AcDbTrace
 10
1970.319446518763
 20
2092.095746850223
 30
0.0
 11
1971.152779852097
 21
2092.095746850223
 31
0.0
 12
1970.73611318543
 22
2094.595746850222
 32
0.0
 13
1970.73611318543
 23
2094.595746850222
 33
0.0
  0
SOLID
  5
12BF
330
12AA
100
AcDbEntity
  8
0
 62
     0
440
 16777216
100
AcDbTrace
 10
1970.319446518763
 20
2102.695746850223
 30
0.0
 11
1971.152779852097
 21
2102.695746850223
 31
0.0
 12
1970.73611318543
 22
2100.195746850222
 32
0.0
 13
1970.73611318543
 23
2100.195746850222
 33
0.0
  0
MTEXT
  5
12C0
330
12AA
100
AcDbEntity
  8
0
 62
     0
440
 16777216
100
AcDbMText
 10
1968.60872573659
 20
2108.095644530985
 30
0.0
 40
2.5
 41
0.0
 46
0.0
 71
     5
 72
     1
  1
5,6
 11
0.0000000000000001
 21
1.0
 31
0.0
 73
     1
 44
1.0
  0
POINT
  5
12C1
330
12AA
100
AcDbEntity
  8
Defpoints
 62
     0
440
 16777216
100
AcDbPoint
 10
1978.074005359938
 20
2094.595746850222
 30
0.0
  0
POINT
  5
12C2
330
12AA
100
AcDbEntity
  8
Defpoints
 62
     0
440
 16777216
100
AcDbPoint
 10
1978.074005359938
 20
2100.195746850222
 30
0.0
  0
POINT
  5
12C3
330
12AA
100
AcDbEntity
  8
Defpoints
 62
     0
440
 16777216
100
AcDbPoint
 10
1970.73611318543
 20
2100.195746850222
 30
0.0
  0
ENDBLK
  5
12AC
330
12AA
100
AcDbEntity
  8
0
100
AcDbBlockEnd
  0
BLOCK
  5
12F1
330
12F0
100
AcDbEntity
  8
0
100
AcDbBlockBegin
  2
*U104
 70
     1
 10
0.0
 20
0.0
 30
0.0
  3
*U104
  1

  0
CIRCLE
  5
12F2
330
12F0
100
AcDbEntity
  8
0
100
AcDbCircle
 10
0.0
 20
0.0
 30
0.0
 40
0.75
  0
ENDBLK
  5
12F3
330
12F0
100
AcDbEntity
  8
0
100
AcDbBlockEnd
  0
BLOCK
  5
12F5
330
12F4
100
AcDbEntity
  8
0
100
AcDbBlockBegin
  2
*U105
 70
     1
 10
0.0
 20
0.0
 30
0.0
  3
*U105
  1

  0
INSERT
  5
12F6
330
12F4
100
AcDbEntity
  8
0
  6
ByBlock
347
ED
 62
     0
440
 16777216
370
    -2
380
     1
100
AcDbBlockReference
  2
*U104
 10
2233.664717572747
 20
2234.478822645767
 30
0.0
  0
INSERT
  5
12F7
330
12F4
100
AcDbEntity
  8
0
  6
ByBlock
347
ED
 62
     0
440
 16777216
370
    -2
380
     1
100
AcDbBlockReference
  2
*U104
 10
2239.237132540583
 20
2234.478822645767
 30
0.0
  0
INSERT
  5
12F8
330
12F4
100
AcDbEntity
  8
0
  6
ByBlock
347
ED
 62
     0
440
 16777216
370
    -2
380
     1
100
AcDbBlockReference
  2
*U104
 10
2244.809547508419
 20
2234.478822645767
 30
0.0
  0
INSERT
  5
12F9
330
12F4
100
AcDbEntity
  8
0
  6
ByBlock
347
ED
 62
     0
440
 16777216
370
    -2
380
     1
100
AcDbBlockReference
  2
*U104
 10
2250.381962476255
 20
2234.478822645767
 30
0.0
  0
INSERT
  5
12FA
330
12F4
100
AcDbEntity
  8
0
  6
ByBlock
347
ED
 62
     0
440
 16777216
370
    -2
380
     1
100
AcDbBlockReference
  2
*U104
 10
2255.954377444091
 20
2234.478822645767
 30
0.0
  0
INSERT
  5
12FB
330
12F4
100
AcDbEntity
  8
0
  6
ByBlock
347
ED
 62
     0
440
 16777216
370
    -2
380
     1
100
AcDbBlockReference
  2
*U104
 10
2261.526792411926
 20
2234.478822645767
 30
0.0
  0
INSERT
  5
12FC
330
12F4
100
AcDbEntity
  8
0
  6
ByBlock
347
ED
 62
     0
440
 16777216
370
    -2
380
     1
100
AcDbBlockReference
  2
*U104
 10
2267.099207379762
 20
2234.478822645767
 30
0.0
  0
INSERT
  5
12FD
330
12F4
100
AcDbEntity
  8
0
  6
ByBlock
347
ED
 62
     0
440
 16777216
370
    -2
380
     1
100
AcDbBlockReference
  2
*U104
 10
2272.671622347598
 20
2234.478822645767
 30
0.0
  0
INSERT
  5
12FE
330
12F4
100
AcDbEntity
  8
0
  6
ByBlock
347
ED
 62
     0
440
 16777216
370
    -2
380
     1
100
AcDbBlockReference
  2
*U104
 10
2278.244037315433
 20
2234.478822645767
 30
0.0
  0
INSERT
  5
12FF
330
12F4
100
AcDbEntity
  8
0
  6
ByBlock
347
ED
 62
     0
440
 16777216
370
    -2
380
     1
100
AcDbBlockReference
  2
*U104
 10
2283.816452283269
 20
2234.478822645767
 30
0.0
  0
INSERT
  5
1300
330
12F4
100
AcDbEntity
  8
0
  6
ByBlock
347
ED
 62
     0
440
 16777216
370
    -2
380
     1
100
AcDbBlockReference
  2
*U104
 10
2289.21587486424
 20
2233.664912313283
 30
0.0
 50
323.9488257985598
  0
INSERT
  5
1301
330
12F4
100
AcDbEntity
  8
0
  6
ByBlock
347
ED
 62
     0
440
 16777216
370
    -2
380
     1
100
AcDbBlockReference
  2
*U104
 10
2290.964717572748
 20
2228.658142388452
 30
0.0
 50
270.0
  0
INSERT
  5
1302
330
12F4
100
AcDbEntity
  8
0
  6
ByBlock
347
ED
 62
     0
440
 16777216
370
    -2
380
     1
100
AcDbBlockReference
  2
*U104
 10
2290.964717572748
 20
2223.085727420617
 30
0.0
 50
270.0
  0
INSERT
  5
1303
330
12F4
100
AcDbEntity
  8
0
  6
ByBlock
347
ED
 62
     0
440
 16777216
370
    -2
380
     1
100
AcDbBlockReference
  2
*U104
 10
2290.964717572748
 20
2217.513312452781
 30
0.0
 50
270.0
  0
INSERT
  5
1304
330
12F4
100
AcDbEntity
  8
0
  6
ByBlock
347
ED
 62
     0
440
 16777216
370
    -2
380
     1
100
AcDbBlockReference
  2
*U104
 10
2290.964717572748
 20
2211.940897484945
 30
0.0
 50
270.0
  0
INSERT
  5
1305
330
12F4
100
AcDbEntity
  8
0
  6
ByBlock
347
ED
 62
     0
440
 16777216
370
    -2
380
     1
100
AcDbBlockReference
  2
*U104
 10
2290.964717572748
 20
2206.368482517111
 30
0.0
 50
270.0
  0
INSERT
  5
1306
330
12F4
100
AcDbEntity
  8
0
  6
ByBlock
347
ED
 62
     0
440
 16777216
370
    -2
380
     1
100
AcDbBlockReference
  2
*U104
 10
2290.964717572748
 20
2200.796067549274
 30
0.0
 50
270.0
  0
INSERT
  5
1307
330
12F4
100
AcDbEntity
  8
0
  6
ByBlock
347
ED
 62
     0
440
 16777216
370
    -2
380
     1
100
AcDbBlockReference
  2
*U104
 10
2290.964717572748
 20
2195.223652581438
 30
0.0
 50
270.0
  0
INSERT
  5
1308
330
12F4
100
AcDbEntity
  8
0
  6
ByBlock
347
ED
 62
     0
440
 16777216
370
    -2
380
     1
100
AcDbBlockReference
  2
*U104
 10
2290.964717572748
 20
2189.651237613603
 30
0.0
 50
270.0
  0
INSERT
  5
1309
330
12F4
100
AcDbEntity
  8
0
  6
ByBlock
347
ED
 62
     0
440
 16777216
370
    -2
380
     1
100
AcDbBlockReference
  2
*U104
 10
2290.964717572748
 20
2184.078822645767
 30
0.0
 50
270.0
  0
INSERT
  5
130A
330
12F4
100
AcDbEntity
  8
0
  6
ByBlock
347
ED
 62
     0
440
 16777216
370
    -2
380
     1
100
AcDbBlockReference
  2
*U104
 10
2290.964717572748
 20
2178.506407677931
 30
0.0
 50
270.0
  0
INSERT
  5
130B
330
12F4
100
AcDbEntity
  8
0
  6
ByBlock
347
ED
 62
     0
440
 16777216
370
    -2
380
     1
100
AcDbBlockReference
  2
*U104
 10
2290.964717572748
 20
2172.933992710095
 30
0.0
 50
270.0
  0
INSERT
  5
130C
330
12F4
100
AcDbEntity
  8
0
  6
ByBlock
347
ED
 62
     0
440
 16777216
370
    -2
380
     1
100
AcDbBlockReference
  2
*U104
 10
2290.964717572748
 20
2167.36157774226
 30
0.0
 50
270.0
  0
INSERT
  5
130D
330
12F4
100
AcDbEntity
  8
0
  6
ByBlock
347
ED
 62
     0
440
 16777216
370
    -2
380
     1
100
AcDbBlockReference
  2
*U104
 10
2290.964717572748
 20
2161.789162774424
 30
0.0
 50
270.0
  0
INSERT
  5
130E
330
12F4
100
AcDbEntity
  8
0
  6
ByBlock
347
ED
 62
     0
440
 16777216
370
    -2
380
     1
100
AcDbBlockReference
  2
*U104
 10
2290.964717572748
 20
2156.216747806588
 30
0.0
 50
270.0
  0
INSERT
  5
130F
330
12F4
100
AcDbEntity
  8
0
  6
ByBlock
347
ED
 62
     0
440
 16777216
370
    -2
380
     1
100
AcDbBlockReference
  2
*U104
 10
2290.964717572748
 20
2150.644332838752
 30
0.0
 50
270.0
  0
INSERT
  5
1310
330
12F4
100
AcDbEntity
  8
0
  6
ByBlock
347
ED
 62
     0
440
 16777216
370
    -2
380
     1
100
AcDbBlockReference
  2
*U104
 10
2290.964717572748
 20
2145.071917870917
 30
0.0
 50
270.0
  0
INSERT
  5
1311
330
12F4
100
AcDbEntity
  8
0
  6
ByBlock
347
ED
 62
     0
440
 16777216
370
    -2
380
     1
100
AcDbBlockReference
  2
*U104
 10
2290.964717572748
 20
2139.499502903081
 30
0.0
 50
270.0
  0
INSERT
  5
1312
330
12F4
100
AcDbEntity
  8
0
  6
ByBlock
347
ED
 62
     0
440
 16777216
370
    -2
380
     1
100
AcDbBlockReference
  2
*U104
 10
2289.21587486424
 20
2134.49273297825
 30
0.0
 50
216.0511742014403
  0
INSERT
  5
1313
330
12F4
100
AcDbEntity
  8
0
  6
ByBlock
347
ED
 62
     0
440
 16777216
370
    -2
380
     1
100
AcDbBlockReference
  2
*U104
 10
2283.816452283269
 20
2133.678822645767
 30
0.0
 50
180.0
  0
INSERT
  5
1314
330
12F4
100
AcDbEntity
  8
0
  6
ByBlock
347
ED
 62
     0
440
 16777216
370
    -2
380
     1
100
AcDbBlockReference
  2
*U104
 10
2278.244037315433
 20
2133.678822645767
 30
0.0
 50
180.0
  0
INSERT
  5
1315
330
12F4
100
AcDbEntity
  8
0
  6
ByBlock
347
ED
 62
     0
440
 16777216
370
    -2
380
     1
100
AcDbBlockReference
  2
*U104
 10
2272.671622347598
 20
2133.678822645767
 30
0.0
 50
180.0
  0
INSERT
  5
1316
330
12F4
100
AcDbEntity
  8
0
  6
ByBlock
347
ED
 62
     0
440
 16777216
370
    -2
380
     1
100
AcDbBlockReference
  2
*U104
 10
2267.099207379762
 20
2133.678822645767
 30
0.0
 50
180.0
  0
INSERT
  5
1317
330
12F4
100
AcDbEntity
  8
0
  6
ByBlock
347
ED
 62
     0
440
 16777216
370
    -2
380
     1
100
AcDbBlockReference
  2
*U104
 10
2261.526792411926
 20
2133.678822645767
 30
0.0
 50
180.0
  0
INSERT
  5
1318
330
12F4
100
AcDbEntity
  8
0
  6
ByBlock
347
ED
 62
     0
440
 16777216
370
    -2
380
     1
100
AcDbBlockReference
  2
*U104
 10
2255.954377444091
 20
2133.678822645767
 30
0.0
 50
180.0
  0
INSERT
  5
1319
330
12F4
100
AcDbEntity
  8
0
  6
ByBlock
347
ED
 62
     0
440
 16777216
370
    -2
380
     1
100
AcDbBlockReference
  2
*U104
 10
2250.381962476255
 20
2133.678822645767
 30
0.0
 50
180.0
  0
INSERT
  5
131A
330
12F4
100
AcDbEntity
  8
0
  6
ByBlock
347
ED
 62
     0
440
 16777216
370
    -2
380
     1
100
AcDbBlockReference
  2
*U104
 10
2244.809547508419
 20
2133.678822645767
 30
0.0
 50
180.0
  0
INSERT
  5
131B
330
12F4
100
AcDbEntity
  8
0
  6
ByBlock
347
ED
 62
     0
440
 16777216
370
    -2
380
     1
100
AcDbBlockReference
  2
*U104
 10
2239.237132540583
 20
2133.678822645767
 30
0.0
 50
180.0
  0
INSERT
  5
131C
330
12F4
100
AcDbEntity
  8
0
  6
ByBlock
347
ED
 62
     0
440
 16777216
370
    -2
380
     1
100
AcDbBlockReference
  2
*U104
 10
2233.664717572747
 20
2133.678822645767
 30
0.0
 50
180.0
  0
ENDBLK
  5
131D
330
12F4
100
AcDbEntity
  8
0
100
AcDbBlockEnd
  0
BLOCK
  5
138C
330
138B
100
AcDbEntity
  8
0
100
AcDbBlockBegin
  2
*U108
 70
     1
 10
0.0
 20
0.0
 30
0.0
  3
*U108
  1

  0
CIRCLE
  5
138D
330
138B
100
AcDbEntity
  8
0
100
AcDbCircle
 10
0.0
 20
0.0
 30
0.0
 40
0.75
  0
ENDBLK
  5
138E
330
138B
100
AcDbEntity
  8
0
100
AcDbBlockEnd
  0
BLOCK
  5
1392
330
1391
100
AcDbEntity
  8
0
100
AcDbBlockBegin
  2
*U110
 70
     1
 10
0.0
 20
0.0
 30
0.0
  3
*U110
  1

  0
INSERT
  5
1393
330
1391
100
AcDbEntity
  8
0
  6
ByBlock
347
ED
 62
     0
440
 16777216
370
    -2
380
     1
100
AcDbBlockReference
  2
*U108
 10
2233.664717572747
 20
2234.478822645767
 30
0.0
  0
INSERT
  5
1394
330
1391
100
AcDbEntity
  8
0
  6
ByBlock
347
ED
 62
     0
440
 16777216
370
    -2
380
     1
100
AcDbBlockReference
  2
*U108
 10
2239.237132540583
 20
2234.478822645767
 30
0.0
  0
INSERT
  5
1395
330
1391
100
AcDbEntity
  8
0
  6
ByBlock
347
ED
 62
     0
440
 16777216
370
    -2
380
     1
100
AcDbBlockReference
  2
*U108
 10
2244.809547508419
 20
2234.478822645767
 30
0.0
  0
INSERT
  5
1396
330
1391
100
AcDbEntity
  8
0
  6
ByBlock
347
ED
 62
     0
440
 16777216
370
    -2
380
     1
100
AcDbBlockReference
  2
*U108
 10
2250.381962476255
 20
2234.478822645767
 30
0.0
  0
INSERT
  5
1397
330
1391
100
AcDbEntity
  8
0
  6
ByBlock
347
ED
 62
     0
440
 16777216
370
    -2
380
     1
100
AcDbBlockReference
  2
*U108
 10
2255.954377444091
 20
2234.478822645767
 30
0.0
  0
INSERT
  5
1398
330
1391
100
AcDbEntity
  8
0
  6
ByBlock
347
ED
 62
     0
440
 16777216
370
    -2
380
     1
100
AcDbBlockReference
  2
*U108
 10
2261.526792411926
 20
2234.478822645767
 30
0.0
  0
INSERT
  5
1399
330
1391
100
AcDbEntity
  8
0
  6
ByBlock
347
ED
 62
     0
440
 16777216
370
    -2
380
     1
100
AcDbBlockReference
  2
*U108
 10
2267.099207379762
 20
2234.478822645767
 30
0.0
  0
INSERT
  5
139A
330
1391
100
AcDbEntity
  8
0
  6
ByBlock
347
ED
 62
     0
440
 16777216
370
    -2
380
     1
100
AcDbBlockReference
  2
*U108
 10
2272.671622347598
 20
2234.478822645767
 30
0.0
  0
INSERT
  5
139B
330
1391
100
AcDbEntity
  8
0
  6
ByBlock
347
ED
 62
     0
440
 16777216
370
    -2
380
     1
100
AcDbBlockReference
  2
*U108
 10
2278.244037315433
 20
2234.478822645767
 30
0.0
  0
INSERT
  5
139C
330
1391
100
AcDbEntity
  8
0
  6
ByBlock
347
ED
 62
     0
440
 16777216
370
    -2
380
     1
100
AcDbBlockReference
  2
*U108
 10
2283.816452283269
 20
2234.478822645767
 30
0.0
  0
INSERT
  5
139D
330
1391
100
AcDbEntity
  8
0
  6
ByBlock
347
ED
 62
     0
440
 16777216
370
    -2
380
     1
100
AcDbBlockReference
  2
*U108
 10
2289.21587486424
 20
2233.664912313283
 30
0.0
 50
323.9488257985598
  0
INSERT
  5
139E
330
1391
100
AcDbEntity
  8
0
  6
ByBlock
347
ED
 62
     0
440
 16777216
370
    -2
380
     1
100
AcDbBlockReference
  2
*U108
 10
2290.964717572748
 20
2228.658142388452
 30
0.0
 50
270.0
  0
INSERT
  5
139F
330
1391
100
AcDbEntity
  8
0
  6
ByBlock
347
ED
 62
     0
440
 16777216
370
    -2
380
     1
100
AcDbBlockReference
  2
*U108
 10
2290.964717572748
 20
2223.085727420617
 30
0.0
 50
270.0
  0
INSERT
  5
13A0
330
1391
100
AcDbEntity
  8
0
  6
ByBlock
347
ED
 62
     0
440
 16777216
370
    -2
380
     1
100
AcDbBlockReference
  2
*U108
 10
2290.964717572748
 20
2217.513312452781
 30
0.0
 50
270.0
  0
INSERT
  5
13A1
330
1391
100
AcDbEntity
  8
0
  6
ByBlock
347
ED
 62
     0
440
 16777216
370
    -2
380
     1
100
AcDbBlockReference
  2
*U108
 10
2290.964717572748
 20
2211.940897484945
 30
0.0
 50
270.0
  0
INSERT
  5
13A2
330
1391
100
AcDbEntity
  8
0
  6
ByBlock
347
ED
 62
     0
440
 16777216
370
    -2
380
     1
100
AcDbBlockReference
  2
*U108
 10
2290.964717572748
 20
2206.368482517111
 30
0.0
 50
270.0
  0
INSERT
  5
13A3
330
1391
100
AcDbEntity
  8
0
  6
ByBlock
347
ED
 62
     0
440
 16777216
370
    -2
380
     1
100
AcDbBlockReference
  2
*U108
 10
2290.964717572748
 20
2200.796067549274
 30
0.0
 50
270.0
  0
INSERT
  5
13A4
330
1391
100
AcDbEntity
  8
0
  6
ByBlock
347
ED
 62
     0
440
 16777216
370
    -2
380
     1
100
AcDbBlockReference
  2
*U108
 10
2290.964717572748
 20
2195.223652581438
 30
0.0
 50
270.0
  0
INSERT
  5
13A5
330
1391
100
AcDbEntity
  8
0
  6
ByBlock
347
ED
 62
     0
440
 16777216
370
    -2
380
     1
100
AcDbBlockReference
  2
*U108
 10
2290.964717572748
 20
2189.651237613603
 30
0.0
 50
270.0
  0
INSERT
  5
13A6
330
1391
100
AcDbEntity
  8
0
  6
ByBlock
347
ED
 62
     0
440
 16777216
370
    -2
380
     1
100
AcDbBlockReference
  2
*U108
 10
2290.964717572748
 20
2184.078822645767
 30
0.0
 50
270.0
  0
INSERT
  5
13A7
330
1391
100
AcDbEntity
  8
0
  6
ByBlock
347
ED
 62
     0
440
 16777216
370
    -2
380
     1
100
AcDbBlockReference
  2
*U108
 10
2290.964717572748
 20
2178.506407677931
 30
0.0
 50
270.0
  0
INSERT
  5
13A8
330
1391
100
AcDbEntity
  8
0
  6
ByBlock
347
ED
 62
     0
440
 16777216
370
    -2
380
     1
100
AcDbBlockReference
  2
*U108
 10
2290.964717572748
 20
2172.933992710095
 30
0.0
 50
270.0
  0
INSERT
  5
13A9
330
1391
100
AcDbEntity
  8
0
  6
ByBlock
347
ED
 62
     0
440
 16777216
370
    -2
380
     1
100
AcDbBlockReference
  2
*U108
 10
2290.964717572748
 20
2167.36157774226
 30
0.0
 50
270.0
  0
INSERT
  5
13AA
330
1391
100
AcDbEntity
  8
0
  6
ByBlock
347
ED
 62
     0
440
 16777216
370
    -2
380
     1
100
AcDbBlockReference
  2
*U108
 10
2290.964717572748
 20
2161.789162774424
 30
0.0
 50
270.0
  0
INSERT
  5
13AB
330
1391
100
AcDbEntity
  8
0
  6
ByBlock
347
ED
 62
     0
440
 16777216
370
    -2
380
     1
100
AcDbBlockReference
  2
*U108
 10
2290.964717572748
 20
2156.216747806588
 30
0.0
 50
270.0
  0
INSERT
  5
13AC
330
1391
100
AcDbEntity
  8
0
  6
ByBlock
347
ED
 62
     0
440
 16777216
370
    -2
380
     1
100
AcDbBlockReference
  2
*U108
 10
2290.964717572748
 20
2150.644332838752
 30
0.0
 50
270.0
  0
INSERT
  5
13AD
330
1391
100
AcDbEntity
  8
0
  6
ByBlock
347
ED
 62
     0
440
 16777216
370
    -2
380
     1
100
AcDbBlockReference
  2
*U108
 10
2290.964717572748
 20
2145.071917870917
 30
0.0
 50
270.0
  0
INSERT
  5
13AE
330
1391
100
AcDbEntity
  8
0
  6
ByBlock
347
ED
 62
     0
440
 16777216
370
    -2
380
     1
100
AcDbBlockReference
  2
*U108
 10
2290.964717572748
 20
2139.499502903081
 30
0.0
 50
270.0
  0
INSERT
  5
13AF
330
1391
100
AcDbEntity
  8
0
  6
ByBlock
347
ED
 62
     0
440
 16777216
370
    -2
380
     1
100
AcDbBlockReference
  2
*U108
 10
2289.21587486424
 20
2134.49273297825
 30
0.0
 50
216.0511742014403
  0
INSERT
  5
13B0
330
1391
100
AcDbEntity
  8
0
  6
ByBlock
347
ED
 62
     0
440
 16777216
370
    -2
380
     1
100
AcDbBlockReference
  2
*U108
 10
2283.816452283269
 20
2133.678822645767
 30
0.0
 50
180.0
  0
INSERT
  5
13B1
330
1391
100
AcDbEntity
  8
0
  6
ByBlock
347
ED
 62
     0
440
 16777216
370
    -2
380
     1
100
AcDbBlockReference
  2
*U108
 10
2278.244037315433
 20
2133.678822645767
 30
0.0
 50
180.0
  0
INSERT
  5
13B2
330
1391
100
AcDbEntity
  8
0
  6
ByBlock
347
ED
 62
     0
440
 16777216
370
    -2
380
     1
100
AcDbBlockReference
  2
*U108
 10
2272.671622347598
 20
2133.678822645767
 30
0.0
 50
180.0
  0
INSERT
  5
13B3
330
1391
100
AcDbEntity
  8
0
  6
ByBlock
347
ED
 62
     0
440
 16777216
370
    -2
380
     1
100
AcDbBlockReference
  2
*U108
 10
2267.099207379762
 20
2133.678822645767
 30
0.0
 50
180.0
  0
INSERT
  5
13B4
330
1391
100
AcDbEntity
  8
0
  6
ByBlock
347
ED
 62
     0
440
 16777216
370
    -2
380
     1
100
AcDbBlockReference
  2
*U108
 10
2261.526792411926
 20
2133.678822645767
 30
0.0
 50
180.0
  0
INSERT
  5
13B5
330
1391
100
AcDbEntity
  8
0
  6
ByBlock
347
ED
 62
     0
440
 16777216
370
    -2
380
     1
100
AcDbBlockReference
  2
*U108
 10
2255.954377444091
 20
2133.678822645767
 30
0.0
 50
180.0
  0
INSERT
  5
13B6
330
1391
100
AcDbEntity
  8
0
  6
ByBlock
347
ED
 62
     0
440
 16777216
370
    -2
380
     1
100
AcDbBlockReference
  2
*U108
 10
2250.381962476255
 20
2133.678822645767
 30
0.0
 50
180.0
  0
INSERT
  5
13B7
330
1391
100
AcDbEntity
  8
0
  6
ByBlock
347
ED
 62
     0
440
 16777216
370
    -2
380
     1
100
AcDbBlockReference
  2
*U108
 10
2244.809547508419
 20
2133.678822645767
 30
0.0
 50
180.0
  0
INSERT
  5
13B8
330
1391
100
AcDbEntity
  8
0
  6
ByBlock
347
ED
 62
     0
440
 16777216
370
    -2
380
     1
100
AcDbBlockReference
  2
*U108
 10
2239.237132540583
 20
2133.678822645767
 30
0.0
 50
180.0
  0
INSERT
  5
13B9
330
1391
100
AcDbEntity
  8
0
  6
ByBlock
347
ED
 62
     0
440
 16777216
370
    -2
380
     1
100
AcDbBlockReference
  2
*U108
 10
2233.664717572747
 20
2133.678822645767
 30
0.0
 50
180.0
  0
ENDBLK
  5
13BA
330
1391
100
AcDbEntity
  8
0
100
AcDbBlockEnd
  0
BLOCK
  5
1429
330
1428
100
AcDbEntity
  8
0
100
AcDbBlockBegin
  2
*U112
 70
     1
 10
0.0
 20
0.0
 30
0.0
  3
*U112
  1

  0
CIRCLE
  5
142A
330
1428
100
AcDbEntity
  8
0
100
AcDbCircle
 10
0.0
 20
0.0
 30
0.0
 40
0.75
  0
ENDBLK
  5
142B
330
1428
100
AcDbEntity
  8
0
100
AcDbBlockEnd
  0
BLOCK
  5
142D
330
142C
100
AcDbEntity
  8
0
100
AcDbBlockBegin
  2
*U113
 70
     1
 10
0.0
 20
0.0
 30
0.0
  3
*U113
  1

  0
INSERT
  5
142E
330
142C
100
AcDbEntity
  8
0
  6
ByBlock
347
ED
 62
     0
440
 16777216
370
    -2
380
     1
100
AcDbBlockReference
  2
*U112
 10
2198.864717572748
 20
2234.478822645767
 30
0.0
 50
180.0
  0
INSERT
  5
142F
330
142C
100
AcDbEntity
  8
0
  6
ByBlock
347
ED
 62
     0
440
 16777216
370
    -2
380
     1
100
AcDbBlockReference
  2
*U112
 10
2193.217372470646
 20
2234.478822645767
 30
0.0
 50
180.0
  0
INSERT
  5
1430
330
142C
100
AcDbEntity
  8
0
  6
ByBlock
347
ED
 62
     0
440
 16777216
370
    -2
380
     1
100
AcDbBlockReference
  2
*U112
 10
2187.570027368545
 20
2234.478822645767
 30
0.0
 50
180.0
  0
INSERT
  5
1431
330
142C
100
AcDbEntity
  8
0
  6
ByBlock
347
ED
 62
     0
440
 16777216
370
    -2
380
     1
100
AcDbBlockReference
  2
*U112
 10
2181.922682266443
 20
2234.478822645767
 30
0.0
 50
180.0
  0
INSERT
  5
1432
330
142C
100
AcDbEntity
  8
0
  6
ByBlock
347
ED
 62
     0
440
 16777216
370
    -2
380
     1
100
AcDbBlockReference
  2
*U112
 10
2176.275337164342
 20
2234.478822645767
 30
0.0
 50
180.0
  0
INSERT
  5
1433
330
142C
100
AcDbEntity
  8
0
  6
ByBlock
347
ED
 62
     0
440
 16777216
370
    -2
380
     1
100
AcDbBlockReference
  2
*U112
 10
2170.62799206224
 20
2234.478822645767
 30
0.0
 50
180.0
  0
INSERT
  5
1434
330
142C
100
AcDbEntity
  8
0
  6
ByBlock
347
ED
 62
     0
440
 16777216
370
    -2
380
     1
100
AcDbBlockReference
  2
*U112
 10
2164.980646960139
 20
2234.478822645767
 30
0.0
 50
180.0
  0
INSERT
  5
1435
330
142C
100
AcDbEntity
  8
0
  6
ByBlock
347
ED
 62
     0
440
 16777216
370
    -2
380
     1
100
AcDbBlockReference
  2
*U112
 10
2159.333301858037
 20
2234.478822645767
 30
0.0
 50
180.0
  0
INSERT
  5
1436
330
142C
100
AcDbEntity
  8
0
  6
ByBlock
347
ED
 62
     0
440
 16777216
370
    -2
380
     1
100
AcDbBlockReference
  2
*U112
 10
2153.685956755936
 20
2234.478822645767
 30
0.0
 50
180.0
  0
INSERT
  5
1437
330
142C
100
AcDbEntity
  8
0
  6
ByBlock
347
ED
 62
     0
440
 16777216
370
    -2
380
     1
100
AcDbBlockReference
  2
*U112
 10
2148.038611653834
 20
2234.478822645767
 30
0.0
 50
180.0
  0
INSERT
  5
1438
330
142C
100
AcDbEntity
  8
0
  6
ByBlock
347
ED
 62
     0
440
 16777216
370
    -2
380
     1
100
AcDbBlockReference
  2
*U112
 10
2143.362073549803
 20
2232.023156514497
 30
0.0
 41
0.9999999999999998
 42
0.9999999999999998
 43
0.9999999999999998
 50
245.0266791040576
  0
INSERT
  5
1439
330
142C
100
AcDbEntity
  8
0
  6
ByBlock
347
ED
 62
     0
440
 16777216
370
    -2
380
     1
100
AcDbBlockReference
  2
*U112
 10
2142.964717572748
 20
2226.433910911528
 30
0.0
 50
269.9999999999999
  0
INSERT
  5
143A
330
142C
100
AcDbEntity
  8
0
  6
ByBlock
347
ED
 62
     0
440
 16777216
370
    -2
380
     1
100
AcDbBlockReference
  2
*U112
 10
2142.964717572748
 20
2220.786565809427
 30
0.0
 50
269.9999999999999
  0
INSERT
  5
143B
330
142C
100
AcDbEntity
  8
0
  6
ByBlock
347
ED
 62
     0
440
 16777216
370
    -2
380
     1
100
AcDbBlockReference
  2
*U112
 10
2142.964717572748
 20
2215.139220707325
 30
0.0
 50
269.9999999999999
  0
INSERT
  5
143C
330
142C
100
AcDbEntity
  8
0
  6
ByBlock
347
ED
 62
     0
440
 16777216
370
    -2
380
     1
100
AcDbBlockReference
  2
*U112
 10
2142.964717572748
 20
2209.491875605223
 30
0.0
 50
269.9999999999999
  0
INSERT
  5
143D
330
142C
100
AcDbEntity
  8
0
  6
ByBlock
347
ED
 62
     0
440
 16777216
370
    -2
380
     1
100
AcDbBlockReference
  2
*U112
 10
2142.964717572748
 20
2203.844530503122
 30
0.0
 50
269.9999999999999
  0
INSERT
  5
143E
330
142C
100
AcDbEntity
  8
0
  6
ByBlock
347
ED
 62
     0
440
 16777216
370
    -2
380
     1
100
AcDbBlockReference
  2
*U112
 10
2142.964717572748
 20
2198.197185401021
 30
0.0
 50
269.9999999999999
  0
INSERT
  5
143F
330
142C
100
AcDbEntity
  8
0
  6
ByBlock
347
ED
 62
     0
440
 16777216
370
    -2
380
     1
100
AcDbBlockReference
  2
*U112
 10
2142.964717572748
 20
2192.549840298919
 30
0.0
 50
269.9999999999999
  0
INSERT
  5
1440
330
142C
100
AcDbEntity
  8
0
  6
ByBlock
347
ED
 62
     0
440
 16777216
370
    -2
380
     1
100
AcDbBlockReference
  2
*U112
 10
2142.964717572748
 20
2186.902495196818
 30
0.0
 50
269.9999999999999
  0
INSERT
  5
1441
330
142C
100
AcDbEntity
  8
0
  6
ByBlock
347
ED
 62
     0
440
 16777216
370
    -2
380
     1
100
AcDbBlockReference
  2
*U112
 10
2142.964717572748
 20
2181.255150094716
 30
0.0
 50
269.9999999999999
  0
INSERT
  5
1442
330
142C
100
AcDbEntity
  8
0
  6
ByBlock
347
ED
 62
     0
440
 16777216
370
    -2
380
     1
100
AcDbBlockReference
  2
*U112
 10
2142.964717572748
 20
2175.607804992615
 30
0.0
 50
269.9999999999999
  0
INSERT
  5
1443
330
142C
100
AcDbEntity
  8
0
  6
ByBlock
347
ED
 62
     0
440
 16777216
370
    -2
380
     1
100
AcDbBlockReference
  2
*U112
 10
2142.964717572748
 20
2169.960459890513
 30
0.0
 50
269.9999999999999
  0
INSERT
  5
1444
330
142C
100
AcDbEntity
  8
0
  6
ByBlock
347
ED
 62
     0
440
 16777216
370
    -2
380
     1
100
AcDbBlockReference
  2
*U112
 10
2142.964717572748
 20
2164.313114788412
 30
0.0
 50
269.9999999999999
  0
INSERT
  5
1445
330
142C
100
AcDbEntity
  8
0
  6
ByBlock
347
ED
 62
     0
440
 16777216
370
    -2
380
     1
100
AcDbBlockReference
  2
*U112
 10
2142.964717572748
 20
2158.66576968631
 30
0.0
 50
269.9999999999999
  0
INSERT
  5
1446
330
142C
100
AcDbEntity
  8
0
  6
ByBlock
347
ED
 62
     0
440
 16777216
370
    -2
380
     1
100
AcDbBlockReference
  2
*U112
 10
2142.964717572748
 20
2153.018424584209
 30
0.0
 50
269.9999999999999
  0
INSERT
  5
1447
330
142C
100
AcDbEntity
  8
0
  6
ByBlock
347
ED
 62
     0
440
 16777216
370
    -2
380
     1
100
AcDbBlockReference
  2
*U112
 10
2142.964717572748
 20
2147.371079482107
 30
0.0
 50
269.9999999999999
  0
INSERT
  5
1448
330
142C
100
AcDbEntity
  8
0
  6
ByBlock
347
ED
 62
     0
440
 16777216
370
    -2
380
     1
100
AcDbBlockReference
  2
*U112
 10
2142.964717572748
 20
2141.723734380005
 30
0.0
 50
269.9999999999999
  0
INSERT
  5
1449
330
142C
100
AcDbEntity
  8
0
  6
ByBlock
347
ED
 62
     0
440
 16777216
370
    -2
380
     1
100
AcDbBlockReference
  2
*U112
 10
2143.362073549803
 20
2136.134488777038
 30
0.0
 50
294.9733208959417
  0
INSERT
  5
144A
330
142C
100
AcDbEntity
  8
0
  6
ByBlock
347
ED
 62
     0
440
 16777216
370
    -2
380
     1
100
AcDbBlockReference
  2
*U112
 10
2148.038611653834
 20
2133.678822645767
 30
0.0
  0
INSERT
  5
144B
330
142C
100
AcDbEntity
  8
0
  6
ByBlock
347
ED
 62
     0
440
 16777216
370
    -2
380
     1
100
AcDbBlockReference
  2
*U112
 10
2153.685956755936
 20
2133.678822645767
 30
0.0
  0
INSERT
  5
144C
330
142C
100
AcDbEntity
  8
0
  6
ByBlock
347
ED
 62
     0
440
 16777216
370
    -2
380
     1
100
AcDbBlockReference
  2
*U112
 10
2159.333301858037
 20
2133.678822645767
 30
0.0
  0
INSERT
  5
144D
330
142C
100
AcDbEntity
  8
0
  6
ByBlock
347
ED
 62
     0
440
 16777216
370
    -2
380
     1
100
AcDbBlockReference
  2
*U112
 10
2164.980646960139
 20
2133.678822645767
 30
0.0
  0
INSERT
  5
144E
330
142C
100
AcDbEntity
  8
0
  6
ByBlock
347
ED
 62
     0
440
 16777216
370
    -2
380
     1
100
AcDbBlockReference
  2
*U112
 10
2170.62799206224
 20
2133.678822645767
 30
0.0
  0
INSERT
  5
144F
330
142C
100
AcDbEntity
  8
0
  6
ByBlock
347
ED
 62
     0
440
 16777216
370
    -2
380
     1
100
AcDbBlockReference
  2
*U112
 10
2176.275337164342
 20
2133.678822645767
 30
0.0
  0
INSERT
  5
1450
330
142C
100
AcDbEntity
  8
0
  6
ByBlock
347
ED
 62
     0
440
 16777216
370
    -2
380
     1
100
AcDbBlockReference
  2
*U112
 10
2181.922682266443
 20
2133.678822645767
 30
0.0
  0
INSERT
  5
1451
330
142C
100
AcDbEntity
  8
0
  6
ByBlock
347
ED
 62
     0
440
 16777216
370
    -2
380
     1
100
AcDbBlockReference
  2
*U112
 10
2187.570027368545
 20
2133.678822645767
 30
0.0
  0
INSERT
  5
1452
330
142C
100
AcDbEntity
  8
0
  6
ByBlock
347
ED
 62
     0
440
 16777216
370
    -2
380
     1
100
AcDbBlockReference
  2
*U112
 10
2193.217372470646
 20
2133.678822645767
 30
0.0
  0
INSERT
  5
1453
330
142C
100
AcDbEntity
  8
0
  6
ByBlock
347
ED
 62
     0
440
 16777216
370
    -2
380
     1
100
AcDbBlockReference
  2
*U112
 10
2198.864717572748
 20
2133.678822645767
 30
0.0
  0
ENDBLK
  5
1454
330
142C
100
AcDbEntity
  8
0
100
AcDbBlockEnd
  0
BLOCK
  5
146F
330
146E
100
AcDbEntity
  8
0
100
AcDbBlockBegin
  2
*U116
 70
     1
 10
0.0
 20
0.0
 30
0.0
  3
*U116
  1

  0
CIRCLE
  5
1470
330
146E
100
AcDbEntity
  8
0
100
AcDbCircle
 10
0.0
 20
0.0
 30
0.0
 40
0.75
  0
ENDBLK
  5
1471
330
146E
100
AcDbEntity
  8
0
100
AcDbBlockEnd
  0
BLOCK
  5
1475
330
1474
100
AcDbEntity
  8
0
100
AcDbBlockBegin
  2
*U118
 70
     1
 10
0.0
 20
0.0
 30
0.0
  3
*U118
  1

  0
INSERT
  5
1476
330
1474
100
AcDbEntity
  8
0
  6
ByBlock
347
ED
 62
     0
440
 16777216
370
    -2
380
     1
100
AcDbBlockReference
  2
*U116
 10
2198.864717572748
 20
2234.478822645767
 30
0.0
 50
180.0
  0
INSERT
  5
1477
330
1474
100
AcDbEntity
  8
0
  6
ByBlock
347
ED
 62
     0
440
 16777216
370
    -2
380
     1
100
AcDbBlockReference
  2
*U116
 10
2193.217372470646
 20
2234.478822645767
 30
0.0
 50
180.0
  0
INSERT
  5
1478
330
1474
100
AcDbEntity
  8
0
  6
ByBlock
347
ED
 62
     0
440
 16777216
370
    -2
380
     1
100
AcDbBlockReference
  2
*U116
 10
2187.570027368545
 20
2234.478822645767
 30
0.0
 50
180.0
  0
INSERT
  5
1479
330
1474
100
AcDbEntity
  8
0
  6
ByBlock
347
ED
 62
     0
440
 16777216
370
    -2
380
     1
100
AcDbBlockReference
  2
*U116
 10
2181.922682266443
 20
2234.478822645767
 30
0.0
 50
180.0
  0
INSERT
  5
147A
330
1474
100
AcDbEntity
  8
0
  6
ByBlock
347
ED
 62
     0
440
 16777216
370
    -2
380
     1
100
AcDbBlockReference
  2
*U116
 10
2176.275337164342
 20
2234.478822645767
 30
0.0
 50
180.0
  0
INSERT
  5
147B
330
1474
100
AcDbEntity
  8
0
  6
ByBlock
347
ED
 62
     0
440
 16777216
370
    -2
380
     1
100
AcDbBlockReference
  2
*U116
 10
2170.62799206224
 20
2234.478822645767
 30
0.0
 50
180.0
  0
INSERT
  5
147C
330
1474
100
AcDbEntity
  8
0
  6
ByBlock
347
ED
 62
     0
440
 16777216
370
    -2
380
     1
100
AcDbBlockReference
  2
*U116
 10
2164.980646960139
 20
2234.478822645767
 30
0.0
 50
180.0
  0
INSERT
  5
147D
330
1474
100
AcDbEntity
  8
0
  6
ByBlock
347
ED
 62
     0
440
 16777216
370
    -2
380
     1
100
AcDbBlockReference
  2
*U116
 10
2159.333301858037
 20
2234.478822645767
 30
0.0
 50
180.0
  0
INSERT
  5
147E
330
1474
100
AcDbEntity
  8
0
  6
ByBlock
347
ED
 62
     0
440
 16777216
370
    -2
380
     1
100
AcDbBlockReference
  2
*U116
 10
2153.685956755936
 20
2234.478822645767
 30
0.0
 50
180.0
  0
INSERT
  5
147F
330
1474
100
AcDbEntity
  8
0
  6
ByBlock
347
ED
 62
     0
440
 16777216
370
    -2
380
     1
100
AcDbBlockReference
  2
*U116
 10
2148.038611653834
 20
2234.478822645767
 30
0.0
 50
180.0
  0
INSERT
  5
1480
330
1474
100
AcDbEntity
  8
0
  6
ByBlock
347
ED
 62
     0
440
 16777216
370
    -2
380
     1
100
AcDbBlockReference
  2
*U116
 10
2143.362073549803
 20
2232.023156514497
 30
0.0
 41
0.9999999999999998
 42
0.9999999999999998
 43
0.9999999999999998
 50
245.0266791040576
  0
INSERT
  5
1481
330
1474
100
AcDbEntity
  8
0
  6
ByBlock
347
ED
 62
     0
440
 16777216
370
    -2
380
     1
100
AcDbBlockReference
  2
*U116
 10
2142.964717572748
 20
2226.433910911528
 30
0.0
 50
269.9999999999999
  0
INSERT
  5
1482
330
1474
100
AcDbEntity
  8
0
  6
ByBlock
347
ED
 62
     0
440
 16777216
370
    -2
380
     1
100
AcDbBlockReference
  2
*U116
 10
2142.964717572748
 20
2220.786565809427
 30
0.0
 50
269.9999999999999
  0
INSERT
  5
1483
330
1474
100
AcDbEntity
  8
0
  6
ByBlock
347
ED
 62
     0
440
 16777216
370
    -2
380
     1
100
AcDbBlockReference
  2
*U116
 10
2142.964717572748
 20
2215.139220707325
 30
0.0
 50
269.9999999999999
  0
INSERT
  5
1484
330
1474
100
AcDbEntity
  8
0
  6
ByBlock
347
ED
 62
     0
440
 16777216
370
    -2
380
     1
100
AcDbBlockReference
  2
*U116
 10
2142.964717572748
 20
2209.491875605223
 30
0.0
 50
269.9999999999999
  0
INSERT
  5
1485
330
1474
100
AcDbEntity
  8
0
  6
ByBlock
347
ED
 62
     0
440
 16777216
370
    -2
380
     1
100
AcDbBlockReference
  2
*U116
 10
2142.964717572748
 20
2203.844530503122
 30
0.0
 50
269.9999999999999
  0
INSERT
  5
1486
330
1474
100
AcDbEntity
  8
0
  6
ByBlock
347
ED
 62
     0
440
 16777216
370
    -2
380
     1
100
AcDbBlockReference
  2
*U116
 10
2142.964717572748
 20
2198.197185401021
 30
0.0
 50
269.9999999999999
  0
INSERT
  5
1487
330
1474
100
AcDbEntity
  8
0
  6
ByBlock
347
ED
 62
     0
440
 16777216
370
    -2
380
     1
100
AcDbBlockReference
  2
*U116
 10
2142.964717572748
 20
2192.549840298919
 30
0.0
 50
269.9999999999999
  0
INSERT
  5
1488
330
1474
100
AcDbEntity
  8
0
  6
ByBlock
347
ED
 62
     0
440
 16777216
370
    -2
380
     1
100
AcDbBlockReference
  2
*U116
 10
2142.964717572748
 20
2186.902495196818
 30
0.0
 50
269.9999999999999
  0
INSERT
  5
1489
330
1474
100
AcDbEntity
  8
0
  6
ByBlock
347
ED
 62
     0
440
 16777216
370
    -2
380
     1
100
AcDbBlockReference
  2
*U116
 10
2142.964717572748
 20
2181.255150094716
 30
0.0
 50
269.9999999999999
  0
INSERT
  5
148A
330
1474
100
AcDbEntity
  8
0
  6
ByBlock
347
ED
 62
     0
440
 16777216
370
    -2
380
     1
100
AcDbBlockReference
  2
*U116
 10
2142.964717572748
 20
2175.607804992615
 30
0.0
 50
269.9999999999999
  0
INSERT
  5
148B
330
1474
100
AcDbEntity
  8
0
  6
ByBlock
347
ED
 62
     0
440
 16777216
370
    -2
380
     1
100
AcDbBlockReference
  2
*U116
 10
2142.964717572748
 20
2169.960459890513
 30
0.0
 50
269.9999999999999
  0
INSERT
  5
148C
330
1474
100
AcDbEntity
  8
0
  6
ByBlock
347
ED
 62
     0
440
 16777216
370
    -2
380
     1
100
AcDbBlockReference
  2
*U116
 10
2142.964717572748
 20
2164.313114788412
 30
0.0
 50
269.9999999999999
  0
INSERT
  5
148D
330
1474
100
AcDbEntity
  8
0
  6
ByBlock
347
ED
 62
     0
440
 16777216
370
    -2
380
     1
100
AcDbBlockReference
  2
*U116
 10
2142.964717572748
 20
2158.66576968631
 30
0.0
 50
269.9999999999999
  0
INSERT
  5
148E
330
1474
100
AcDbEntity
  8
0
  6
ByBlock
347
ED
 62
     0
440
 16777216
370
    -2
380
     1
100
AcDbBlockReference
  2
*U116
 10
2142.964717572748
 20
2153.018424584209
 30
0.0
 50
269.9999999999999
  0
INSERT
  5
148F
330
1474
100
AcDbEntity
  8
0
  6
ByBlock
347
ED
 62
     0
440
 16777216
370
    -2
380
     1
100
AcDbBlockReference
  2
*U116
 10
2142.964717572748
 20
2147.371079482107
 30
0.0
 50
269.9999999999999
  0
INSERT
  5
1490
330
1474
100
AcDbEntity
  8
0
  6
ByBlock
347
ED
 62
     0
440
 16777216
370
    -2
380
     1
100
AcDbBlockReference
  2
*U116
 10
2142.964717572748
 20
2141.723734380005
 30
0.0
 50
269.9999999999999
  0
INSERT
  5
1491
330
1474
100
AcDbEntity
  8
0
  6
ByBlock
347
ED
 62
     0
440
 16777216
370
    -2
380
     1
100
AcDbBlockReference
  2
*U116
 10
2143.362073549803
 20
2136.134488777038
 30
0.0
 50
294.9733208959417
  0
INSERT
  5
1492
330
1474
100
AcDbEntity
  8
0
  6
ByBlock
347
ED
 62
     0
440
 16777216
370
    -2
380
     1
100
AcDbBlockReference
  2
*U116
 10
2148.038611653834
 20
2133.678822645767
 30
0.0
  0
INSERT
  5
1493
330
1474
100
AcDbEntity
  8
0
  6
ByBlock
347
ED
 62
     0
440
 16777216
370
    -2
380
     1
100
AcDbBlockReference
  2
*U116
 10
2153.685956755936
 20
2133.678822645767
 30
0.0
  0
INSERT
  5
1494
330
1474
100
AcDbEntity
  8
0
  6
ByBlock
347
ED
 62
     0
440
 16777216
370
    -2
380
     1
100
AcDbBlockReference
  2
*U116
 10
2159.333301858037
 20
2133.678822645767
 30
0.0
  0
INSERT
  5
1495
330
1474
100
AcDbEntity
  8
0
  6
ByBlock
347
ED
 62
     0
440
 16777216
370
    -2
380
     1
100
AcDbBlockReference
  2
*U116
 10
2164.980646960139
 20
2133.678822645767
 30
0.0
  0
INSERT
  5
1496
330
1474
100
AcDbEntity
  8
0
  6
ByBlock
347
ED
 62
     0
440
 16777216
370
    -2
380
     1
100
AcDbBlockReference
  2
*U116
 10
2170.62799206224
 20
2133.678822645767
 30
0.0
  0
INSERT
  5
1497
330
1474
100
AcDbEntity
  8
0
  6
ByBlock
347
ED
 62
     0
440
 16777216
370
    -2
380
     1
100
AcDbBlockReference
  2
*U116
 10
2176.275337164342
 20
2133.678822645767
 30
0.0
  0
INSERT
  5
1498
330
1474
100
AcDbEntity
  8
0
  6
ByBlock
347
ED
 62
     0
440
 16777216
370
    -2
380
     1
100
AcDbBlockReference
  2
*U116
 10
2181.922682266443
 20
2133.678822645767
 30
0.0
  0
INSERT
  5
1499
330
1474
100
AcDbEntity
  8
0
  6
ByBlock
347
ED
 62
     0
440
 16777216
370
    -2
380
     1
100
AcDbBlockReference
  2
*U116
 10
2187.570027368545
 20
2133.678822645767
 30
0.0
  0
INSERT
  5
149A
330
1474
100
AcDbEntity
  8
0
  6
ByBlock
347
ED
 62
     0
440
 16777216
370
    -2
380
     1
100
AcDbBlockReference
  2
*U116
 10
2193.217372470646
 20
2133.678822645767
 30
0.0
  0
INSERT
  5
149B
330
1474
100
AcDbEntity
  8
0
  6
ByBlock
347
ED
 62
     0
440
 16777216
370
    -2
380
     1
100
AcDbBlockReference
  2
*U116
 10
2198.864717572748
 20
2133.678822645767
 30
0.0
  0
ENDBLK
  5
149C
330
1474
100
AcDbEntity
  8
0
100
AcDbBlockEnd
  0
BLOCK
  5
15D8
330
15D7
100
AcDbEntity
  8
0
100
AcDbBlockBegin
  2
*D122
 70
     1
 10
0.0
 20
0.0
 30
0.0
  3
*D122
  1

  0
LINE
  5
15E4
330
15D7
100
AcDbEntity
  8
0
 62
     0
440
 16777216
370
    -2
100
AcDbLine
 10
2110.195777355086
 20
2355.240202044027
 30
0.0
 11
2110.195777355086
 21
2357.471234998907
 31
0.0
  0
LINE
  5
15E5
330
15D7
100
AcDbEntity
  8
0
 62
     0
440
 16777216
370
    -2
100
AcDbLine
 10
2160.374627668041
 20
2355.193045703299
 30
0.0
 11
2160.374627668041
 21
2357.471234998907
 31
0.0
  0
LINE
  5
15E6
330
15D7
100
AcDbEntity
  8
0
 62
     0
440
 16777216
370
    -2
100
AcDbLine
 10
2112.695777355086
 20
2356.221234998907
 30
0.0
 11
2157.874627668041
 21
2356.221234998907
 31
0.0
  0
SOLID
  5
15E7
330
15D7
100
AcDbEntity
  8
0
 62
     0
440
 16777216
100
AcDbTrace
 10
2112.695777355086
 20
2356.637901665573
 30
0.0
 11
2112.695777355086
 21
2355.80456833224
 31
0.0
 12
2110.195777355086
 22
2356.221234998907
 32
0.0
 13
2110.195777355086
 23
2356.221234998907
 33
0.0
  0
SOLID
  5
15E8
330
15D7
100
AcDbEntity
  8
0
 62
     0
440
 16777216
100
AcDbTrace
 10
2157.874627668041
 20
2356.637901665573
 30
0.0
 11
2157.874627668041
 21
2355.80456833224
 31
0.0
 12
2160.374627668041
 22
2356.221234998907
 32
0.0
 13
2160.374627668041
 23
2356.221234998907
 33
0.0
  0
MTEXT
  5
15E9
330
15D7
100
AcDbEntity
  8
0
 62
     0
440
 16777216
100
AcDbMText
 10
2135.285202511564
 20
2358.348622447747
 30
0.0
 40
2.5
 41
0.0
 46
0.0
 71
     5
 72
     1
  1
50,18
 73
     1
 44
1.0
  0
POINT
  5
15EA
330
15D7
100
AcDbEntity
  8
Defpoints
 62
     0
440
 16777216
100
AcDbPoint
 10
2110.195777355086
 20
2354.615202044026
 30
0.0
  0
POINT
  5
15EB
330
15D7
100
AcDbEntity
  8
Defpoints
 62
     0
440
 16777216
100
AcDbPoint
 10
2160.374627668041
 20
2354.568045703299
 30
0.0
  0
POINT
  5
15EC
330
15D7
100
AcDbEntity
  8
Defpoints
 62
     0
440
 16777216
100
AcDbPoint
 10
2160.374627668041
 20
2356.221234998907
 30
0.0
  0
ENDBLK
  5
15D9
330
15D7
100
AcDbEntity
  8
0
100
AcDbBlockEnd
  0
BLOCK
  5
15F1
330
15F0
100
AcDbEntity
  8
0
100
AcDbBlockBegin
  2
*U123
 70
     1
 10
0.0
 20
0.0
 30
0.0
  3
*U123
  1

  0
CIRCLE
  5
15F2
330
15F0
100
AcDbEntity
  8
0
100
AcDbCircle
 10
0.0
 20
0.0
 30
0.0
 40
0.75
  0
ENDBLK
  5
15F3
330
15F0
100
AcDbEntity
  8
0
100
AcDbBlockEnd
  0
BLOCK
  5
15F5
330
15F4
100
AcDbEntity
  8
0
100
AcDbBlockBegin
  2
*U124
 70
     1
 10
0.0
 20
0.0
 30
0.0
  3
*U124
  1

  0
INSERT
  5
15F6
330
15F4
100
AcDbEntity
  8
0
  6
ByBlock
347
ED
 62
     0
440
 16777216
370
    -2
380
     1
100
AcDbBlockReference
  2
*U123
 10
2198.864717572748
 20
2234.478822645767
 30
0.0
 50
180.0
  0
INSERT
  5
15F7
330
15F4
100
AcDbEntity
  8
0
  6
ByBlock
347
ED
 62
     0
440
 16777216
370
    -2
380
     1
100
AcDbBlockReference
  2
*U123
 10
2193.217372470646
 20
2234.478822645767
 30
0.0
 50
180.0
  0
INSERT
  5
15F8
330
15F4
100
AcDbEntity
  8
0
  6
ByBlock
347
ED
 62
     0
440
 16777216
370
    -2
380
     1
100
AcDbBlockReference
  2
*U123
 10
2187.570027368545
 20
2234.478822645767
 30
0.0
 50
180.0
  0
INSERT
  5
15F9
330
15F4
100
AcDbEntity
  8
0
  6
ByBlock
347
ED
 62
     0
440
 16777216
370
    -2
380
     1
100
AcDbBlockReference
  2
*U123
 10
2181.922682266443
 20
2234.478822645767
 30
0.0
 50
180.0
  0
INSERT
  5
15FA
330
15F4
100
AcDbEntity
  8
0
  6
ByBlock
347
ED
 62
     0
440
 16777216
370
    -2
380
     1
100
AcDbBlockReference
  2
*U123
 10
2176.275337164342
 20
2234.478822645767
 30
0.0
 50
180.0
  0
INSERT
  5
15FB
330
15F4
100
AcDbEntity
  8
0
  6
ByBlock
347
ED
 62
     0
440
 16777216
370
    -2
380
     1
100
AcDbBlockReference
  2
*U123
 10
2170.62799206224
 20
2234.478822645767
 30
0.0
 50
180.0
  0
INSERT
  5
15FC
330
15F4
100
AcDbEntity
  8
0
  6
ByBlock
347
ED
 62
     0
440
 16777216
370
    -2
380
     1
100
AcDbBlockReference
  2
*U123
 10
2164.980646960139
 20
2234.478822645767
 30
0.0
 50
180.0
  0
INSERT
  5
15FD
330
15F4
100
AcDbEntity
  8
0
  6
ByBlock
347
ED
 62
     0
440
 16777216
370
    -2
380
     1
100
AcDbBlockReference
  2
*U123
 10
2159.333301858037
 20
2234.478822645767
 30
0.0
 50
180.0
  0
INSERT
  5
15FE
330
15F4
100
AcDbEntity
  8
0
  6
ByBlock
347
ED
 62
     0
440
 16777216
370
    -2
380
     1
100
AcDbBlockReference
  2
*U123
 10
2153.685956755936
 20
2234.478822645767
 30
0.0
 50
180.0
  0
INSERT
  5
15FF
330
15F4
100
AcDbEntity
  8
0
  6
ByBlock
347
ED
 62
     0
440
 16777216
370
    -2
380
     1
100
AcDbBlockReference
  2
*U123
 10
2148.038611653834
 20
2234.478822645767
 30
0.0
 50
180.0
  0
INSERT
  5
1600
330
15F4
100
AcDbEntity
  8
0
  6
ByBlock
347
ED
 62
     0
440
 16777216
370
    -2
380
     1
100
AcDbBlockReference
  2
*U123
 10
2143.362073549803
 20
2232.023156514497
 30
0.0
 41
0.9999999999999998
 42
0.9999999999999998
 43
0.9999999999999998
 50
245.0266791040576
  0
INSERT
  5
1601
330
15F4
100
AcDbEntity
  8
0
  6
ByBlock
347
ED
 62
     0
440
 16777216
370
    -2
380
     1
100
AcDbBlockReference
  2
*U123
 10
2142.964717572748
 20
2226.433910911528
 30
0.0
 50
269.9999999999999
  0
INSERT
  5
1602
330
15F4
100
AcDbEntity
  8
0
  6
ByBlock
347
ED
 62
     0
440
 16777216
370
    -2
380
     1
100
AcDbBlockReference
  2
*U123
 10
2142.964717572748
 20
2220.786565809427
 30
0.0
 50
269.9999999999999
  0
INSERT
  5
1603
330
15F4
100
AcDbEntity
  8
0
  6
ByBlock
347
ED
 62
     0
440
 16777216
370
    -2
380
     1
100
AcDbBlockReference
  2
*U123
 10
2142.964717572748
 20
2215.139220707325
 30
0.0
 50
269.9999999999999
  0
INSERT
  5
1604
330
15F4
100
AcDbEntity
  8
0
  6
ByBlock
347
ED
 62
     0
440
 16777216
370
    -2
380
     1
100
AcDbBlockReference
  2
*U123
 10
2142.964717572748
 20
2209.491875605223
 30
0.0
 50
269.9999999999999
  0
INSERT
  5
1605
330
15F4
100
AcDbEntity
  8
0
  6
ByBlock
347
ED
 62
     0
440
 16777216
370
    -2
380
     1
100
AcDbBlockReference
  2
*U123
 10
2142.964717572748
 20
2203.844530503122
 30
0.0
 50
269.9999999999999
  0
INSERT
  5
1606
330
15F4
100
AcDbEntity
  8
0
  6
ByBlock
347
ED
 62
     0
440
 16777216
370
    -2
380
     1
100
AcDbBlockReference
  2
*U123
 10
2142.964717572748
 20
2198.197185401021
 30
0.0
 50
269.9999999999999
  0
INSERT
  5
1607
330
15F4
100
AcDbEntity
  8
0
  6
ByBlock
347
ED
 62
     0
440
 16777216
370
    -2
380
     1
100
AcDbBlockReference
  2
*U123
 10
2142.964717572748
 20
2192.549840298919
 30
0.0
 50
269.9999999999999
  0
INSERT
  5
1608
330
15F4
100
AcDbEntity
  8
0
  6
ByBlock
347
ED
 62
     0
440
 16777216
370
    -2
380
     1
100
AcDbBlockReference
  2
*U123
 10
2142.964717572748
 20
2186.902495196818
 30
0.0
 50
269.9999999999999
  0
INSERT
  5
1609
330
15F4
100
AcDbEntity
  8
0
  6
ByBlock
347
ED
 62
     0
440
 16777216
370
    -2
380
     1
100
AcDbBlockReference
  2
*U123
 10
2142.964717572748
 20
2181.255150094716
 30
0.0
 50
269.9999999999999
  0
INSERT
  5
160A
330
15F4
100
AcDbEntity
  8
0
  6
ByBlock
347
ED
 62
     0
440
 16777216
370
    -2
380
     1
100
AcDbBlockReference
  2
*U123
 10
2142.964717572748
 20
2175.607804992615
 30
0.0
 50
269.9999999999999
  0
INSERT
  5
160B
330
15F4
100
AcDbEntity
  8
0
  6
ByBlock
347
ED
 62
     0
440
 16777216
370
    -2
380
     1
100
AcDbBlockReference
  2
*U123
 10
2142.964717572748
 20
2169.960459890513
 30
0.0
 50
269.9999999999999
  0
INSERT
  5
160C
330
15F4
100
AcDbEntity
  8
0
  6
ByBlock
347
ED
 62
     0
440
 16777216
370
    -2
380
     1
100
AcDbBlockReference
  2
*U123
 10
2142.964717572748
 20
2164.313114788412
 30
0.0
 50
269.9999999999999
  0
INSERT
  5
160D
330
15F4
100
AcDbEntity
  8
0
  6
ByBlock
347
ED
 62
     0
440
 16777216
370
    -2
380
     1
100
AcDbBlockReference
  2
*U123
 10
2142.964717572748
 20
2158.66576968631
 30
0.0
 50
269.9999999999999
  0
INSERT
  5
160E
330
15F4
100
AcDbEntity
  8
0
  6
ByBlock
347
ED
 62
     0
440
 16777216
370
    -2
380
     1
100
AcDbBlockReference
  2
*U123
 10
2142.964717572748
 20
2153.018424584209
 30
0.0
 50
269.9999999999999
  0
INSERT
  5
160F
330
15F4
100
AcDbEntity
  8
0
  6
ByBlock
347
ED
 62
     0
440
 16777216
370
    -2
380
     1
100
AcDbBlockReference
  2
*U123
 10
2142.964717572748
 20
2147.371079482107
 30
0.0
 50
269.9999999999999
  0
INSERT
  5
1610
330
15F4
100
AcDbEntity
  8
0
  6
ByBlock
347
ED
 62
     0
440
 16777216
370
    -2
380
     1
100
AcDbBlockReference
  2
*U123
 10
2142.964717572748
 20
2141.723734380005
 30
0.0
 50
269.9999999999999
  0
INSERT
  5
1611
330
15F4
100
AcDbEntity
  8
0
  6
ByBlock
347
ED
 62
     0
440
 16777216
370
    -2
380
     1
100
AcDbBlockReference
  2
*U123
 10
2143.362073549803
 20
2136.134488777038
 30
0.0
 50
294.9733208959417
  0
INSERT
  5
1612
330
15F4
100
AcDbEntity
  8
0
  6
ByBlock
347
ED
 62
     0
440
 16777216
370
    -2
380
     1
100
AcDbBlockReference
  2
*U123
 10
2148.038611653834
 20
2133.678822645767
 30
0.0
  0
INSERT
  5
1613
330
15F4
100
AcDbEntity
  8
0
  6
ByBlock
347
ED
 62
     0
440
 16777216
370
    -2
380
     1
100
AcDbBlockReference
  2
*U123
 10
2153.685956755936
 20
2133.678822645767
 30
0.0
  0
INSERT
  5
1614
330
15F4
100
AcDbEntity
  8
0
  6
ByBlock
347
ED
 62
     0
440
 16777216
370
    -2
380
     1
100
AcDbBlockReference
  2
*U123
 10
2159.333301858037
 20
2133.678822645767
 30
0.0
  0
INSERT
  5
1615
330
15F4
100
AcDbEntity
  8
0
  6
ByBlock
347
ED
 62
     0
440
 16777216
370
    -2
380
     1
100
AcDbBlockReference
  2
*U123
 10
2164.980646960139
 20
2133.678822645767
 30
0.0
  0
INSERT
  5
1616
330
15F4
100
AcDbEntity
  8
0
  6
ByBlock
347
ED
 62
     0
440
 16777216
370
    -2
380
     1
100
AcDbBlockReference
  2
*U123
 10
2170.62799206224
 20
2133.678822645767
 30
0.0
  0
INSERT
  5
1617
330
15F4
100
AcDbEntity
  8
0
  6
ByBlock
347
ED
 62
     0
440
 16777216
370
    -2
380
     1
100
AcDbBlockReference
  2
*U123
 10
2176.275337164342
 20
2133.678822645767
 30
0.0
  0
INSERT
  5
1618
330
15F4
100
AcDbEntity
  8
0
  6
ByBlock
347
ED
 62
     0
440
 16777216
370
    -2
380
     1
100
AcDbBlockReference
  2
*U123
 10
2181.922682266443
 20
2133.678822645767
 30
0.0
  0
INSERT
  5
1619
330
15F4
100
AcDbEntity
  8
0
  6
ByBlock
347
ED
 62
     0
440
 16777216
370
    -2
380
     1
100
AcDbBlockReference
  2
*U123
 10
2187.570027368545
 20
2133.678822645767
 30
0.0
  0
INSERT
  5
161A
330
15F4
100
AcDbEntity
  8
0
  6
ByBlock
347
ED
 62
     0
440
 16777216
370
    -2
380
     1
100
AcDbBlockReference
  2
*U123
 10
2193.217372470646
 20
2133.678822645767
 30
0.0
  0
INSERT
  5
161B
330
15F4
100
AcDbEntity
  8
0
  6
ByBlock
347
ED
 62
     0
440
 16777216
370
    -2
380
     1
100
AcDbBlockReference
  2
*U123
 10
2198.864717572748
 20
2133.678822645767
 30
0.0
  0
ENDBLK
  5
161C
330
15F4
100
AcDbEntity
  8
0
100
AcDbBlockEnd
  0
BLOCK
  5
1639
330
1638
100
AcDbEntity
  8
0
100
AcDbBlockBegin
  2
*U127
 70
     1
 10
0.0
 20
0.0
 30
0.0
  3
*U127
  1

  0
CIRCLE
  5
163A
330
1638
100
AcDbEntity
  8
0
100
AcDbCircle
 10
0.0
 20
0.0
 30
0.0
 40
0.75
  0
ENDBLK
  5
163B
330
1638
100
AcDbEntity
  8
0
100
AcDbBlockEnd
  0
BLOCK
  5
163F
330
163E
100
AcDbEntity
  8
0
100
AcDbBlockBegin
  2
*U129
 70
     1
 10
0.0
 20
0.0
 30
0.0
  3
*U129
  1

  0
INSERT
  5
1640
330
163E
100
AcDbEntity
  8
0
  6
ByBlock
347
ED
 62
     0
440
 16777216
370
    -2
380
     1
100
AcDbBlockReference
  2
*U127
 10
2198.864717572748
 20
2234.478822645767
 30
0.0
 50
180.0
  0
INSERT
  5
1641
330
163E
100
AcDbEntity
  8
0
  6
ByBlock
347
ED
 62
     0
440
 16777216
370
    -2
380
     1
100
AcDbBlockReference
  2
*U127
 10
2193.217372470646
 20
2234.478822645767
 30
0.0
 50
180.0
  0
INSERT
  5
1642
330
163E
100
AcDbEntity
  8
0
  6
ByBlock
347
ED
 62
     0
440
 16777216
370
    -2
380
     1
100
AcDbBlockReference
  2
*U127
 10
2187.570027368545
 20
2234.478822645767
 30
0.0
 50
180.0
  0
INSERT
  5
1643
330
163E
100
AcDbEntity
  8
0
  6
ByBlock
347
ED
 62
     0
440
 16777216
370
    -2
380
     1
100
AcDbBlockReference
  2
*U127
 10
2181.922682266443
 20
2234.478822645767
 30
0.0
 50
180.0
  0
INSERT
  5
1644
330
163E
100
AcDbEntity
  8
0
  6
ByBlock
347
ED
 62
     0
440
 16777216
370
    -2
380
     1
100
AcDbBlockReference
  2
*U127
 10
2176.275337164342
 20
2234.478822645767
 30
0.0
 50
180.0
  0
INSERT
  5
1645
330
163E
100
AcDbEntity
  8
0
  6
ByBlock
347
ED
 62
     0
440
 16777216
370
    -2
380
     1
100
AcDbBlockReference
  2
*U127
 10
2170.62799206224
 20
2234.478822645767
 30
0.0
 50
180.0
  0
INSERT
  5
1646
330
163E
100
AcDbEntity
  8
0
  6
ByBlock
347
ED
 62
     0
440
 16777216
370
    -2
380
     1
100
AcDbBlockReference
  2
*U127
 10
2164.980646960139
 20
2234.478822645767
 30
0.0
 50
180.0
  0
INSERT
  5
1647
330
163E
100
AcDbEntity
  8
0
  6
ByBlock
347
ED
 62
     0
440
 16777216
370
    -2
380
     1
100
AcDbBlockReference
  2
*U127
 10
2159.333301858037
 20
2234.478822645767
 30
0.0
 50
180.0
  0
INSERT
  5
1648
330
163E
100
AcDbEntity
  8
0
  6
ByBlock
347
ED
 62
     0
440
 16777216
370
    -2
380
     1
100
AcDbBlockReference
  2
*U127
 10
2153.685956755936
 20
2234.478822645767
 30
0.0
 50
180.0
  0
INSERT
  5
1649
330
163E
100
AcDbEntity
  8
0
  6
ByBlock
347
ED
 62
     0
440
 16777216
370
    -2
380
     1
100
AcDbBlockReference
  2
*U127
 10
2148.038611653834
 20
2234.478822645767
 30
0.0
 50
180.0
  0
INSERT
  5
164A
330
163E
100
AcDbEntity
  8
0
  6
ByBlock
347
ED
 62
     0
440
 16777216
370
    -2
380
     1
100
AcDbBlockReference
  2
*U127
 10
2143.362073549803
 20
2232.023156514497
 30
0.0
 41
0.9999999999999998
 42
0.9999999999999998
 43
0.9999999999999998
 50
245.0266791040576
  0
INSERT
  5
164B
330
163E
100
AcDbEntity
  8
0
  6
ByBlock
347
ED
 62
     0
440
 16777216
370
    -2
380
     1
100
AcDbBlockReference
  2
*U127
 10
2142.964717572748
 20
2226.433910911528
 30
0.0
 50
269.9999999999999
  0
INSERT
  5
164C
330
163E
100
AcDbEntity
  8
0
  6
ByBlock
347
ED
 62
     0
440
 16777216
370
    -2
380
     1
100
AcDbBlockReference
  2
*U127
 10
2142.964717572748
 20
2220.786565809427
 30
0.0
 50
269.9999999999999
  0
INSERT
  5
164D
330
163E
100
AcDbEntity
  8
0
  6
ByBlock
347
ED
 62
     0
440
 16777216
370
    -2
380
     1
100
AcDbBlockReference
  2
*U127
 10
2142.964717572748
 20
2215.139220707325
 30
0.0
 50
269.9999999999999
  0
INSERT
  5
164E
330
163E
100
AcDbEntity
  8
0
  6
ByBlock
347
ED
 62
     0
440
 16777216
370
    -2
380
     1
100
AcDbBlockReference
  2
*U127
 10
2142.964717572748
 20
2209.491875605223
 30
0.0
 50
269.9999999999999
  0
INSERT
  5
164F
330
163E
100
AcDbEntity
  8
0
  6
ByBlock
347
ED
 62
     0
440
 16777216
370
    -2
380
     1
100
AcDbBlockReference
  2
*U127
 10
2142.964717572748
 20
2203.844530503122
 30
0.0
 50
269.9999999999999
  0
INSERT
  5
1650
330
163E
100
AcDbEntity
  8
0
  6
ByBlock
347
ED
 62
     0
440
 16777216
370
    -2
380
     1
100
AcDbBlockReference
  2
*U127
 10
2142.964717572748
 20
2198.197185401021
 30
0.0
 50
269.9999999999999
  0
INSERT
  5
1651
330
163E
100
AcDbEntity
  8
0
  6
ByBlock
347
ED
 62
     0
440
 16777216
370
    -2
380
     1
100
AcDbBlockReference
  2
*U127
 10
2142.964717572748
 20
2192.549840298919
 30
0.0
 50
269.9999999999999
  0
INSERT
  5
1652
330
163E
100
AcDbEntity
  8
0
  6
ByBlock
347
ED
 62
     0
440
 16777216
370
    -2
380
     1
100
AcDbBlockReference
  2
*U127
 10
2142.964717572748
 20
2186.902495196818
 30
0.0
 50
269.9999999999999
  0
INSERT
  5
1653
330
163E
100
AcDbEntity
  8
0
  6
ByBlock
347
ED
 62
     0
440
 16777216
370
    -2
380
     1
100
AcDbBlockReference
  2
*U127
 10
2142.964717572748
 20
2181.255150094716
 30
0.0
 50
269.9999999999999
  0
INSERT
  5
1654
330
163E
100
AcDbEntity
  8
0
  6
ByBlock
347
ED
 62
     0
440
 16777216
370
    -2
380
     1
100
AcDbBlockReference
  2
*U127
 10
2142.964717572748
 20
2175.607804992615
 30
0.0
 50
269.9999999999999
  0
INSERT
  5
1655
330
163E
100
AcDbEntity
  8
0
  6
ByBlock
347
ED
 62
     0
440
 16777216
370
    -2
380
     1
100
AcDbBlockReference
  2
*U127
 10
2142.964717572748
 20
2169.960459890513
 30
0.0
 50
269.9999999999999
  0
INSERT
  5
1656
330
163E
100
AcDbEntity
  8
0
  6
ByBlock
347
ED
 62
     0
440
 16777216
370
    -2
380
     1
100
AcDbBlockReference
  2
*U127
 10
2142.964717572748
 20
2164.313114788412
 30
0.0
 50
269.9999999999999
  0
INSERT
  5
1657
330
163E
100
AcDbEntity
  8
0
  6
ByBlock
347
ED
 62
     0
440
 16777216
370
    -2
380
     1
100
AcDbBlockReference
  2
*U127
 10
2142.964717572748
 20
2158.66576968631
 30
0.0
 50
269.9999999999999
  0
INSERT
  5
1658
330
163E
100
AcDbEntity
  8
0
  6
ByBlock
347
ED
 62
     0
440
 16777216
370
    -2
380
     1
100
AcDbBlockReference
  2
*U127
 10
2142.964717572748
 20
2153.018424584209
 30
0.0
 50
269.9999999999999
  0
INSERT
  5
1659
330
163E
100
AcDbEntity
  8
0
  6
ByBlock
347
ED
 62
     0
440
 16777216
370
    -2
380
     1
100
AcDbBlockReference
  2
*U127
 10
2142.964717572748
 20
2147.371079482107
 30
0.0
 50
269.9999999999999
  0
INSERT
  5
165A
330
163E
100
AcDbEntity
  8
0
  6
ByBlock
347
ED
 62
     0
440
 16777216
370
    -2
380
     1
100
AcDbBlockReference
  2
*U127
 10
2142.964717572748
 20
2141.723734380005
 30
0.0
 50
269.9999999999999
  0
INSERT
  5
165B
330
163E
100
AcDbEntity
  8
0
  6
ByBlock
347
ED
 62
     0
440
 16777216
370
    -2
380
     1
100
AcDbBlockReference
  2
*U127
 10
2143.362073549803
 20
2136.134488777038
 30
0.0
 50
294.9733208959417
  0
INSERT
  5
165C
330
163E
100
AcDbEntity
  8
0
  6
ByBlock
347
ED
 62
     0
440
 16777216
370
    -2
380
     1
100
AcDbBlockReference
  2
*U127
 10
2148.038611653834
 20
2133.678822645767
 30
0.0
  0
INSERT
  5
165D
330
163E
100
AcDbEntity
  8
0
  6
ByBlock
347
ED
 62
     0
440
 16777216
370
    -2
380
     1
100
AcDbBlockReference
  2
*U127
 10
2153.685956755936
 20
2133.678822645767
 30
0.0
  0
INSERT
  5
165E
330
163E
100
AcDbEntity
  8
0
  6
ByBlock
347
ED
 62
     0
440
 16777216
370
    -2
380
     1
100
AcDbBlockReference
  2
*U127
 10
2159.333301858037
 20
2133.678822645767
 30
0.0
  0
INSERT
  5
165F
330
163E
100
AcDbEntity
  8
0
  6
ByBlock
347
ED
 62
     0
440
 16777216
370
    -2
380
     1
100
AcDbBlockReference
  2
*U127
 10
2164.980646960139
 20
2133.678822645767
 30
0.0
  0
INSERT
  5
1660
330
163E
100
AcDbEntity
  8
0
  6
ByBlock
347
ED
 62
     0
440
 16777216
370
    -2
380
     1
100
AcDbBlockReference
  2
*U127
 10
2170.62799206224
 20
2133.678822645767
 30
0.0
  0
INSERT
  5
1661
330
163E
100
AcDbEntity
  8
0
  6
ByBlock
347
ED
 62
     0
440
 16777216
370
    -2
380
     1
100
AcDbBlockReference
  2
*U127
 10
2176.275337164342
 20
2133.678822645767
 30
0.0
  0
INSERT
  5
1662
330
163E
100
AcDbEntity
  8
0
  6
ByBlock
347
ED
 62
     0
440
 16777216
370
    -2
380
     1
100
AcDbBlockReference
  2
*U127
 10
2181.922682266443
 20
2133.678822645767
 30
0.0
  0
INSERT
  5
1663
330
163E
100
AcDbEntity
  8
0
  6
ByBlock
347
ED
 62
     0
440
 16777216
370
    -2
380
     1
100
AcDbBlockReference
  2
*U127
 10
2187.570027368545
 20
2133.678822645767
 30
0.0
  0
INSERT
  5
1664
330
163E
100
AcDbEntity
  8
0
  6
ByBlock
347
ED
 62
     0
440
 16777216
370
    -2
380
     1
100
AcDbBlockReference
  2
*U127
 10
2193.217372470646
 20
2133.678822645767
 30
0.0
  0
INSERT
  5
1665
330
163E
100
AcDbEntity
  8
0
  6
ByBlock
347
ED
 62
     0
440
 16777216
370
    -2
380
     1
100
AcDbBlockReference
  2
*U127
 10
2198.864717572748
 20
2133.678822645767
 30
0.0
  0
ENDBLK
  5
1666
330
163E
100
AcDbEntity
  8
0
100
AcDbBlockEnd
  0
ENDSEC
  0
SECTION
  2
ENTITIES
  0
LWPOLYLINE
  5
2E5
330
1F
100
AcDbEntity
  8
0
100
AcDbPolyline
 90
        6
 70
     1
 43
0.0
 10
2176.344940497553
 20
2139.733857702172
 10
2120.944940497553
 20
2139.733857702172
 42
-0.4142135623730951
 10
2112.944940497553
 20
2147.733857702172
 10
2112.944940497553
 20
2240.033857702172
 42
-0.4142135623730951
 10
2120.944940497553
 20
2248.033857702171
 10
2176.344940497553
 20
2248.033857702171
  0
LWPOLYLINE
  5
2FC
330
1F
100
AcDbEntity
  8
0
100
AcDbPolyline
 90
        6
 70
     1
 43
0.0
 10
2185.361353092128
 20
2248.033857702171
 10
2242.161353092129
 20
2248.033857702171
 42
-0.4142135623730951
 10
2250.161353092129
 20
2240.033857702172
 10
2250.161353092129
 20
2147.733857702172
 42
-0.4142135623730951
 10
2242.161353092129
 20
2139.733857702172
 10
2185.361353092128
 20
2139.733857702172
  0
CIRCLE
  5
677
330
1F
100
AcDbEntity
  8
0
100
AcDbCircle
 10
2329.537348652951
 20
2275.996152621651
 30
0.0
 40
0.75
  0
CIRCLE
  5
678
330
1F
100
AcDbEntity
  8
0
100
AcDbCircle
 10
2337.223062938665
 20
2275.996152621651
 30
0.0
 40
0.75
  0
CIRCLE
  5
680
330
1F
100
AcDbEntity
  8
0
100
AcDbCircle
 10
2206.232781663557
 20
2156.683857702172
 30
0.0
 40
0.75
  0
CIRCLE
  5
681
330
1F
100
AcDbEntity
  8
0
100
AcDbCircle
 10
2213.918495949271
 20
2156.683857702172
 30
0.0
 40
0.75
  0
CIRCLE
  5
682
330
1F
100
AcDbEntity
  8
0
100
AcDbCircle
 10
2221.604210234985
 20
2156.683857702172
 30
0.0
 40
0.75
  0
CIRCLE
  5
683
330
1F
100
AcDbEntity
  8
0
100
AcDbCircle
 10
2229.2899245207
 20
2156.683857702172
 30
0.0
 40
0.75
  0
CIRCLE
  5
69E
330
1F
100
AcDbEntity
  8
0
100
AcDbCircle
 10
2362.030205795807
 20
2335.485812492994
 30
0.0
 40
0.75
  0
CIRCLE
  5
69F
330
1F
100
AcDbEntity
  8
0
100
AcDbCircle
 10
2362.030205795807
 20
2341.05822746083
 30
0.0
 40
0.75
  0
CIRCLE
  5
6A0
330
1F
100
AcDbEntity
  8
0
100
AcDbCircle
 10
2362.030205795807
 20
2346.630642428666
 30
0.0
 40
0.75
  0
CIRCLE
  5
6B1
330
1F
100
AcDbEntity
  8
0
100
AcDbCircle
 10
2304.730205795808
 20
2346.796152621651
 30
0.0
 40
0.75
  0
CIRCLE
  5
6B2
330
1F
100
AcDbEntity
  8
0
100
AcDbCircle
 10
2304.730205795808
 20
2341.196152621651
 30
0.0
 40
0.75
  0
CIRCLE
  5
6B3
330
1F
100
AcDbEntity
  8
0
100
AcDbCircle
 10
2304.730205795808
 20
2335.596152621651
 30
0.0
 40
0.75
  0
CIRCLE
  5
6D0
102
{ACAD_REACTORS
330
70A
102
}
330
1F
100
AcDbEntity
  8
0
100
AcDbCircle
 10
2233.664717572747
 20
2262.796152621651
 30
0.0
 40
0.75
  0
CIRCLE
  5
6D1
102
{ACAD_REACTORS
330
70A
102
}
330
1F
100
AcDbEntity
  8
0
100
AcDbCircle
 10
2239.237132540583
 20
2262.796152621651
 30
0.0
 40
0.75
  0
CIRCLE
  5
6D2
102
{ACAD_REACTORS
330
70A
102
}
330
1F
100
AcDbEntity
  8
0
100
AcDbCircle
 10
2244.809547508419
 20
2262.796152621651
 30
0.0
 40
0.75
  0
CIRCLE
  5
6D3
102
{ACAD_REACTORS
330
70A
102
}
330
1F
100
AcDbEntity
  8
0
100
AcDbCircle
 10
2250.381962476254
 20
2262.796152621651
 30
0.0
 40
0.75
  0
CIRCLE
  5
6D4
102
{ACAD_REACTORS
330
70A
102
}
330
1F
100
AcDbEntity
  8
0
100
AcDbCircle
 10
2255.95437744409
 20
2262.796152621651
 30
0.0
 40
0.75
  0
CIRCLE
  5
6D5
102
{ACAD_REACTORS
330
70A
102
}
330
1F
100
AcDbEntity
  8
0
100
AcDbCircle
 10
2261.526792411926
 20
2262.796152621651
 30
0.0
 40
0.75
  0
CIRCLE
  5
6D6
102
{ACAD_REACTORS
330
70A
102
}
330
1F
100
AcDbEntity
  8
0
100
AcDbCircle
 10
2267.099207379762
 20
2262.796152621651
 30
0.0
 40
0.75
  0
CIRCLE
  5
6D7
102
{ACAD_REACTORS
330
70A
102
}
330
1F
100
AcDbEntity
  8
0
100
AcDbCircle
 10
2272.671622347598
 20
2262.796152621651
 30
0.0
 40
0.75
  0
CIRCLE
  5
6D8
102
{ACAD_REACTORS
330
70A
102
}
330
1F
100
AcDbEntity
  8
0
100
AcDbCircle
 10
2278.244037315433
 20
2262.796152621651
 30
0.0
 40
0.75
  0
CIRCLE
  5
6D9
102
{ACAD_REACTORS
330
70A
102
}
330
1F
100
AcDbEntity
  8
0
100
AcDbCircle
 10
2283.816452283268
 20
2262.796152621651
 30
0.0
 40
0.75
  0
CIRCLE
  5
6DA
102
{ACAD_REACTORS
330
70A
102
}
330
1F
100
AcDbEntity
  8
0
100
AcDbCircle
 10
2289.21587486424
 20
2263.610062954134
 30
0.0
 40
0.75
  0
CIRCLE
  5
6DB
102
{ACAD_REACTORS
330
70A
102
}
330
1F
100
AcDbEntity
  8
0
100
AcDbCircle
 10
2290.964717572748
 20
2268.616832878965
 30
0.0
 40
0.75
  0
CIRCLE
  5
6DC
102
{ACAD_REACTORS
330
70A
102
}
330
1F
100
AcDbEntity
  8
0
100
AcDbCircle
 10
2290.964717572748
 20
2274.189247846801
 30
0.0
 40
0.75
  0
CIRCLE
  5
6DD
102
{ACAD_REACTORS
330
70A
102
}
330
1F
100
AcDbEntity
  8
0
100
AcDbCircle
 10
2290.964717572748
 20
2279.761662814637
 30
0.0
 40
0.75
  0
CIRCLE
  5
6DE
102
{ACAD_REACTORS
330
70A
102
}
330
1F
100
AcDbEntity
  8
0
100
AcDbCircle
 10
2290.964717572748
 20
2285.334077782472
 30
0.0
 40
0.75
  0
CIRCLE
  5
6DF
102
{ACAD_REACTORS
330
70A
102
}
330
1F
100
AcDbEntity
  8
0
100
AcDbCircle
 10
2290.964717572748
 20
2290.906492750308
 30
0.0
 40
0.75
  0
CIRCLE
  5
6E0
102
{ACAD_REACTORS
330
70A
102
}
330
1F
100
AcDbEntity
  8
0
100
AcDbCircle
 10
2290.964717572748
 20
2296.478907718144
 30
0.0
 40
0.75
  0
CIRCLE
  5
6E1
102
{ACAD_REACTORS
330
70A
102
}
330
1F
100
AcDbEntity
  8
0
100
AcDbCircle
 10
2290.964717572748
 20
2302.051322685979
 30
0.0
 40
0.75
  0
CIRCLE
  5
6E2
102
{ACAD_REACTORS
330
70A
102
}
330
1F
100
AcDbEntity
  8
0
100
AcDbCircle
 10
2290.964717572748
 20
2307.623737653815
 30
0.0
 40
0.75
  0
CIRCLE
  5
6E3
102
{ACAD_REACTORS
330
70A
102
}
330
1F
100
AcDbEntity
  8
0
100
AcDbCircle
 10
2290.964717572748
 20
2313.196152621651
 30
0.0
 40
0.75
  0
CIRCLE
  5
6E4
102
{ACAD_REACTORS
330
70A
102
}
330
1F
100
AcDbEntity
  8
0
100
AcDbCircle
 10
2290.964717572748
 20
2318.768567589487
 30
0.0
 40
0.75
  0
CIRCLE
  5
6FF
102
{ACAD_REACTORS
330
70A
102
}
330
1F
100
AcDbEntity
  8
0
100
AcDbCircle
 10
2233.664717572747
 20
2318.796152621651
 30
0.0
 40
0.75
  0
CIRCLE
  5
700
102
{ACAD_REACTORS
330
70A
102
}
330
1F
100
AcDbEntity
  8
0
100
AcDbCircle
 10
2233.664717572747
 20
2313.196152621651
 30
0.0
 40
0.75
  0
CIRCLE
  5
701
102
{ACAD_REACTORS
330
70A
102
}
330
1F
100
AcDbEntity
  8
0
100
AcDbCircle
 10
2233.664717572747
 20
2307.596152621651
 30
0.0
 40
0.75
  0
CIRCLE
  5
702
102
{ACAD_REACTORS
330
70A
102
}
330
1F
100
AcDbEntity
  8
0
100
AcDbCircle
 10
2233.664717572747
 20
2301.996152621651
 30
0.0
 40
0.75
  0
CIRCLE
  5
703
102
{ACAD_REACTORS
330
70A
102
}
330
1F
100
AcDbEntity
  8
0
100
AcDbCircle
 10
2233.664717572747
 20
2296.396152621651
 30
0.0
 40
0.75
  0
CIRCLE
  5
704
102
{ACAD_REACTORS
330
70A
102
}
330
1F
100
AcDbEntity
  8
0
100
AcDbCircle
 10
2233.664717572747
 20
2290.796152621651
 30
0.0
 40
0.75
  0
CIRCLE
  5
705
102
{ACAD_REACTORS
330
70A
102
}
330
1F
100
AcDbEntity
  8
0
100
AcDbCircle
 10
2233.664717572747
 20
2285.196152621651
 30
0.0
 40
0.75
  0
CIRCLE
  5
706
102
{ACAD_REACTORS
330
70A
102
}
330
1F
100
AcDbEntity
  8
0
100
AcDbCircle
 10
2233.664717572747
 20
2279.596152621651
 30
0.0
 40
0.75
  0
CIRCLE
  5
707
102
{ACAD_REACTORS
330
70A
102
}
330
1F
100
AcDbEntity
  8
0
100
AcDbCircle
 10
2233.664717572747
 20
2273.996152621651
 30
0.0
 40
0.75
  0
CIRCLE
  5
708
102
{ACAD_REACTORS
330
70A
102
}
330
1F
100
AcDbEntity
  8
0
100
AcDbCircle
 10
2233.664717572747
 20
2268.396152621651
 30
0.0
 40
0.75
  0
CIRCLE
  5
709
102
{ACAD_REACTORS
330
70A
102
}
330
1F
100
AcDbEntity
  8
0
100
AcDbCircle
 10
2233.664717572747
 20
2262.796152621651
 30
0.0
 40
0.75
  0
INSERT
  5
7AD
102
{ACAD_REACTORS
330
808
330
12EF
102
}
330
1F
100
AcDbEntity
  8
0
100
AcDbBlockReference
  2
*U37
 10
121.2938486681946
 20
4377.962680347939
 30
0.0
 41
-1.0
 50
180.0
  0
INSERT
  5
846
102
{ACAD_REACTORS
330
851
102
}
330
1F
100
AcDbEntity
  8
0
100
AcDbBlockReference
  2
*U44
 10
-26.26977707519472
 20
9.805035056404904
 30
0.0
  0
CIRCLE
  5
87B
102
{ACAD_REACTORS
330
12EF
102
}
330
1F
100
AcDbEntity
  8
0
100
AcDbCircle
 10
2351.281944821596
 20
2244.283857702171
 30
0.0
 40
0.75
  0
CIRCLE
  5
8FE
102
{ACAD_REACTORS
330
12EF
102
}
330
1F
100
AcDbEntity
  8
0
100
AcDbCircle
 10
2319.758566240942
 20
2244.283857702172
 30
0.0
 40
0.75
  0
CIRCLE
  5
8FF
102
{ACAD_REACTORS
330
12EF
102
}
330
1F
100
AcDbEntity
  8
0
100
AcDbCircle
 10
2314.111221138841
 20
2244.283857702172
 30
0.0
 40
0.75
  0
CIRCLE
  5
900
102
{ACAD_REACTORS
330
12EF
102
}
330
1F
100
AcDbEntity
  8
0
100
AcDbCircle
 10
2308.463876036739
 20
2244.283857702172
 30
0.0
 40
0.75
  0
CIRCLE
  5
901
102
{ACAD_REACTORS
330
12EF
102
}
330
1F
100
AcDbEntity
  8
0
100
AcDbCircle
 10
2302.816530934638
 20
2244.283857702172
 30
0.0
 40
0.75
  0
CIRCLE
  5
902
102
{ACAD_REACTORS
330
12EF
102
}
330
1F
100
AcDbEntity
  8
0
100
AcDbCircle
 10
2297.169185832536
 20
2244.283857702172
 30
0.0
 40
0.75
  0
CIRCLE
  5
903
102
{ACAD_REACTORS
330
12EF
102
}
330
1F
100
AcDbEntity
  8
0
100
AcDbCircle
 10
2291.521840730435
 20
2244.283857702172
 30
0.0
 40
0.75
  0
CIRCLE
  5
904
102
{ACAD_REACTORS
330
12EF
102
}
330
1F
100
AcDbEntity
  8
0
100
AcDbCircle
 10
2285.874495628333
 20
2244.283857702172
 30
0.0
 40
0.75
  0
CIRCLE
  5
905
102
{ACAD_REACTORS
330
12EF
102
}
330
1F
100
AcDbEntity
  8
0
100
AcDbCircle
 10
2280.227150526231
 20
2244.283857702172
 30
0.0
 40
0.75
  0
CIRCLE
  5
906
102
{ACAD_REACTORS
330
12EF
102
}
330
1F
100
AcDbEntity
  8
0
100
AcDbCircle
 10
2274.57980542413
 20
2244.283857702172
 30
0.0
 40
0.75
  0
CIRCLE
  5
907
102
{ACAD_REACTORS
330
12EF
102
}
330
1F
100
AcDbEntity
  8
0
100
AcDbCircle
 10
2268.932460322028
 20
2244.283857702172
 30
0.0
 40
0.75
  0
CIRCLE
  5
908
102
{ACAD_REACTORS
330
12EF
102
}
330
1F
100
AcDbEntity
  8
0
100
AcDbCircle
 10
2264.255922217998
 20
2241.828191570901
 30
0.0
 40
0.75
  0
CIRCLE
  5
909
102
{ACAD_REACTORS
330
12EF
102
}
330
1F
100
AcDbEntity
  8
0
100
AcDbCircle
 10
2263.858566240942
 20
2236.238945967933
 30
0.0
 40
0.75
  0
CIRCLE
  5
90A
102
{ACAD_REACTORS
330
12EF
102
}
330
1F
100
AcDbEntity
  8
0
100
AcDbCircle
 10
2263.858566240942
 20
2230.591600865832
 30
0.0
 40
0.75
  0
CIRCLE
  5
90B
102
{ACAD_REACTORS
330
12EF
102
}
330
1F
100
AcDbEntity
  8
0
100
AcDbCircle
 10
2263.858566240942
 20
2224.94425576373
 30
0.0
 40
0.75
  0
CIRCLE
  5
90C
102
{ACAD_REACTORS
330
12EF
102
}
330
1F
100
AcDbEntity
  8
0
100
AcDbCircle
 10
2263.858566240942
 20
2219.296910661629
 30
0.0
 40
0.75
  0
CIRCLE
  5
90D
102
{ACAD_REACTORS
330
12EF
102
}
330
1F
100
AcDbEntity
  8
0
100
AcDbCircle
 10
2263.858566240942
 20
2213.649565559527
 30
0.0
 40
0.75
  0
CIRCLE
  5
90E
102
{ACAD_REACTORS
330
12EF
102
}
330
1F
100
AcDbEntity
  8
0
100
AcDbCircle
 10
2263.858566240942
 20
2208.002220457425
 30
0.0
 40
0.75
  0
CIRCLE
  5
90F
102
{ACAD_REACTORS
330
12EF
102
}
330
1F
100
AcDbEntity
  8
0
100
AcDbCircle
 10
2263.858566240942
 20
2202.354875355323
 30
0.0
 40
0.75
  0
CIRCLE
  5
910
102
{ACAD_REACTORS
330
12EF
102
}
330
1F
100
AcDbEntity
  8
0
100
AcDbCircle
 10
2263.858566240942
 20
2196.707530253223
 30
0.0
 40
0.75
  0
CIRCLE
  5
911
102
{ACAD_REACTORS
330
12EF
102
}
330
1F
100
AcDbEntity
  8
0
100
AcDbCircle
 10
2263.858566240942
 20
2191.060185151121
 30
0.0
 40
0.75
  0
CIRCLE
  5
912
102
{ACAD_REACTORS
330
12EF
102
}
330
1F
100
AcDbEntity
  8
0
100
AcDbCircle
 10
2263.858566240942
 20
2185.41284004902
 30
0.0
 40
0.75
  0
CIRCLE
  5
913
102
{ACAD_REACTORS
330
12EF
102
}
330
1F
100
AcDbEntity
  8
0
100
AcDbCircle
 10
2263.858566240942
 20
2179.765494946918
 30
0.0
 40
0.75
  0
CIRCLE
  5
914
102
{ACAD_REACTORS
330
12EF
102
}
330
1F
100
AcDbEntity
  8
0
100
AcDbCircle
 10
2263.858566240942
 20
2174.118149844816
 30
0.0
 40
0.75
  0
CIRCLE
  5
915
102
{ACAD_REACTORS
330
12EF
102
}
330
1F
100
AcDbEntity
  8
0
100
AcDbCircle
 10
2263.858566240942
 20
2168.470804742716
 30
0.0
 40
0.75
  0
CIRCLE
  5
916
102
{ACAD_REACTORS
330
12EF
102
}
330
1F
100
AcDbEntity
  8
0
100
AcDbCircle
 10
2263.858566240942
 20
2162.823459640613
 30
0.0
 40
0.75
  0
CIRCLE
  5
917
102
{ACAD_REACTORS
330
12EF
102
}
330
1F
100
AcDbEntity
  8
0
100
AcDbCircle
 10
2263.858566240942
 20
2157.176114538512
 30
0.0
 40
0.75
  0
CIRCLE
  5
918
102
{ACAD_REACTORS
330
12EF
102
}
330
1F
100
AcDbEntity
  8
0
100
AcDbCircle
 10
2263.858566240942
 20
2151.52876943641
 30
0.0
 40
0.75
  0
CIRCLE
  5
919
102
{ACAD_REACTORS
330
12EF
102
}
330
1F
100
AcDbEntity
  8
0
100
AcDbCircle
 10
2264.255922217998
 20
2145.939523833442
 30
0.0
 40
0.75
  0
CIRCLE
  5
91A
102
{ACAD_REACTORS
330
12EF
102
}
330
1F
100
AcDbEntity
  8
0
100
AcDbCircle
 10
2268.932460322028
 20
2143.483857702172
 30
0.0
 40
0.75
  0
CIRCLE
  5
91B
102
{ACAD_REACTORS
330
12EF
102
}
330
1F
100
AcDbEntity
  8
0
100
AcDbCircle
 10
2274.57980542413
 20
2143.483857702172
 30
0.0
 40
0.75
  0
CIRCLE
  5
91C
102
{ACAD_REACTORS
330
12EF
102
}
330
1F
100
AcDbEntity
  8
0
100
AcDbCircle
 10
2280.227150526231
 20
2143.483857702172
 30
0.0
 40
0.75
  0
CIRCLE
  5
91D
102
{ACAD_REACTORS
330
12EF
102
}
330
1F
100
AcDbEntity
  8
0
100
AcDbCircle
 10
2285.874495628333
 20
2143.483857702172
 30
0.0
 40
0.75
  0
CIRCLE
  5
91E
102
{ACAD_REACTORS
330
12EF
102
}
330
1F
100
AcDbEntity
  8
0
100
AcDbCircle
 10
2291.521840730435
 20
2143.483857702172
 30
0.0
 40
0.75
  0
CIRCLE
  5
91F
102
{ACAD_REACTORS
330
12EF
102
}
330
1F
100
AcDbEntity
  8
0
100
AcDbCircle
 10
2297.169185832536
 20
2143.483857702172
 30
0.0
 40
0.75
  0
CIRCLE
  5
920
102
{ACAD_REACTORS
330
12EF
102
}
330
1F
100
AcDbEntity
  8
0
100
AcDbCircle
 10
2302.816530934638
 20
2143.483857702172
 30
0.0
 40
0.75
  0
CIRCLE
  5
921
102
{ACAD_REACTORS
330
12EF
102
}
330
1F
100
AcDbEntity
  8
0
100
AcDbCircle
 10
2308.463876036739
 20
2143.483857702172
 30
0.0
 40
0.75
  0
CIRCLE
  5
922
102
{ACAD_REACTORS
330
12EF
102
}
330
1F
100
AcDbEntity
  8
0
100
AcDbCircle
 10
2314.111221138841
 20
2143.483857702172
 30
0.0
 40
0.75
  0
CIRCLE
  5
923
102
{ACAD_REACTORS
330
12EF
102
}
330
1F
100
AcDbEntity
  8
0
100
AcDbCircle
 10
2319.758566240942
 20
2143.483857702172
 30
0.0
 40
0.75
  0
CIRCLE
  5
925
102
{ACAD_REACTORS
330
12EF
102
}
330
1F
100
AcDbEntity
  8
0
100
AcDbCircle
 10
2323.508566240942
 20
2244.283857702172
 30
0.0
 40
0.75
  0
CIRCLE
  5
926
102
{ACAD_REACTORS
330
12EF
102
}
330
1F
100
AcDbEntity
  8
0
100
AcDbCircle
 10
2323.508566240942
 20
2143.483857702172
 30
0.0
 40
0.75
  0
CIRCLE
  5
A0C
102
{ACAD_REACTORS
330
A38
102
}
330
1F
100
AcDbEntity
  8
0
100
AcDbCircle
 10
2210.150681461032
 20
2262.345365172793
 30
0.0
 40
0.75
  0
CIRCLE
  5
A0D
102
{ACAD_REACTORS
330
A38
102
}
330
1F
100
AcDbEntity
  8
0
100
AcDbCircle
 10
2204.50333635893
 20
2262.345365172793
 30
0.0
 40
0.75
  0
CIRCLE
  5
A0E
102
{ACAD_REACTORS
330
A38
102
}
330
1F
100
AcDbEntity
  8
0
100
AcDbCircle
 10
2198.855991256829
 20
2262.345365172793
 30
0.0
 40
0.75
  0
CIRCLE
  5
A0F
102
{ACAD_REACTORS
330
A38
102
}
330
1F
100
AcDbEntity
  8
0
100
AcDbCircle
 10
2193.208646154727
 20
2262.345365172793
 30
0.0
 40
0.75
  0
CIRCLE
  5
A10
102
{ACAD_REACTORS
330
A38
102
}
330
1F
100
AcDbEntity
  8
0
100
AcDbCircle
 10
2187.561301052626
 20
2262.345365172793
 30
0.0
 40
0.75
  0
CIRCLE
  5
A11
102
{ACAD_REACTORS
330
A38
102
}
330
1F
100
AcDbEntity
  8
0
100
AcDbCircle
 10
2181.913955950524
 20
2262.345365172793
 30
0.0
 40
0.75
  0
CIRCLE
  5
A12
102
{ACAD_REACTORS
330
A38
102
}
330
1F
100
AcDbEntity
  8
0
100
AcDbCircle
 10
2176.266610848423
 20
2262.345365172793
 30
0.0
 40
0.75
  0
CIRCLE
  5
A13
102
{ACAD_REACTORS
330
A38
102
}
330
1F
100
AcDbEntity
  8
0
100
AcDbCircle
 10
2170.619265746321
 20
2262.345365172793
 30
0.0
 40
0.75
  0
CIRCLE
  5
A14
102
{ACAD_REACTORS
330
A38
102
}
330
1F
100
AcDbEntity
  8
0
100
AcDbCircle
 10
2165.94272764229
 20
2264.801031304064
 30
0.0
 40
0.75
  0
CIRCLE
  5
A15
102
{ACAD_REACTORS
330
A38
102
}
330
1F
100
AcDbEntity
  8
0
100
AcDbCircle
 10
2165.545371665235
 20
2270.390276907031
 30
0.0
 40
0.75
  0
CIRCLE
  5
A16
102
{ACAD_REACTORS
330
A38
102
}
330
1F
100
AcDbEntity
  8
0
100
AcDbCircle
 10
2165.545371665235
 20
2276.037622009133
 30
0.0
 40
0.75
  0
CIRCLE
  5
A17
102
{ACAD_REACTORS
330
A38
102
}
330
1F
100
AcDbEntity
  8
0
100
AcDbCircle
 10
2165.545371665235
 20
2281.684967111234
 30
0.0
 40
0.75
  0
CIRCLE
  5
A18
102
{ACAD_REACTORS
330
A38
102
}
330
1F
100
AcDbEntity
  8
0
100
AcDbCircle
 10
2165.545371665235
 20
2287.332312213336
 30
0.0
 40
0.75
  0
CIRCLE
  5
A19
102
{ACAD_REACTORS
330
A38
102
}
330
1F
100
AcDbEntity
  8
0
100
AcDbCircle
 10
2165.545371665235
 20
2292.979657315437
 30
0.0
 40
0.75
  0
CIRCLE
  5
A1A
102
{ACAD_REACTORS
330
A38
102
}
330
1F
100
AcDbEntity
  8
0
100
AcDbCircle
 10
2165.545371665235
 20
2298.627002417539
 30
0.0
 40
0.75
  0
CIRCLE
  5
A1B
102
{ACAD_REACTORS
330
A38
102
}
330
1F
100
AcDbEntity
  8
0
100
AcDbCircle
 10
2165.545371665235
 20
2304.27434751964
 30
0.0
 40
0.75
  0
CIRCLE
  5
A1C
102
{ACAD_REACTORS
330
A38
102
}
330
1F
100
AcDbEntity
  8
0
100
AcDbCircle
 10
2165.545371665235
 20
2309.921692621742
 30
0.0
 40
0.75
  0
CIRCLE
  5
A1D
102
{ACAD_REACTORS
330
A38
102
}
330
1F
100
AcDbEntity
  8
0
100
AcDbCircle
 10
2165.545371665235
 20
2315.569037723844
 30
0.0
 40
0.75
  0
CIRCLE
  5
A1E
102
{ACAD_REACTORS
330
A38
102
}
330
1F
100
AcDbEntity
  8
0
100
AcDbCircle
 10
2165.545371665235
 20
2321.216382825946
 30
0.0
 40
0.75
  0
CIRCLE
  5
A1F
102
{ACAD_REACTORS
330
A38
102
}
330
1F
100
AcDbEntity
  8
0
100
AcDbCircle
 10
2165.545371665235
 20
2326.863727928047
 30
0.0
 40
0.75
  0
CIRCLE
  5
A20
102
{ACAD_REACTORS
330
A38
102
}
330
1F
100
AcDbEntity
  8
0
100
AcDbCircle
 10
2165.545371665235
 20
2332.511073030149
 30
0.0
 40
0.75
  0
CIRCLE
  5
A21
102
{ACAD_REACTORS
330
A38
102
}
330
1F
100
AcDbEntity
  8
0
100
AcDbCircle
 10
2165.545371665235
 20
2338.158418132249
 30
0.0
 40
0.75
  0
CIRCLE
  5
A22
102
{ACAD_REACTORS
330
A38
102
}
330
1F
100
AcDbEntity
  8
0
100
AcDbCircle
 10
2165.545371665235
 20
2343.805763234351
 30
0.0
 40
0.75
  0
CIRCLE
  5
A23
102
{ACAD_REACTORS
330
A38
102
}
330
1F
100
AcDbEntity
  8
0
100
AcDbCircle
 10
2165.545371665235
 20
2349.453108336453
 30
0.0
 40
0.75
  0
CIRCLE
  5
A24
102
{ACAD_REACTORS
330
A38
102
}
330
1F
100
AcDbEntity
  8
0
100
AcDbCircle
 10
2165.545371665235
 20
2355.100453438554
 30
0.0
 40
0.75
  0
CIRCLE
  5
A25
102
{ACAD_REACTORS
330
A38
102
}
330
1F
100
AcDbEntity
  8
0
100
AcDbCircle
 10
2165.94272764229
 20
2360.689699041522
 30
0.0
 40
0.75
  0
CIRCLE
  5
A26
102
{ACAD_REACTORS
330
A38
102
}
330
1F
100
AcDbEntity
  8
0
100
AcDbCircle
 10
2170.619265746321
 20
2363.145365172792
 30
0.0
 40
0.75
  0
CIRCLE
  5
A27
102
{ACAD_REACTORS
330
A38
102
}
330
1F
100
AcDbEntity
  8
0
100
AcDbCircle
 10
2176.266610848423
 20
2363.145365172792
 30
0.0
 40
0.75
  0
CIRCLE
  5
A28
102
{ACAD_REACTORS
330
A38
102
}
330
1F
100
AcDbEntity
  8
0
100
AcDbCircle
 10
2181.913955950524
 20
2363.145365172792
 30
0.0
 40
0.75
  0
CIRCLE
  5
A29
102
{ACAD_REACTORS
330
A38
102
}
330
1F
100
AcDbEntity
  8
0
100
AcDbCircle
 10
2187.561301052626
 20
2363.145365172792
 30
0.0
 40
0.75
  0
CIRCLE
  5
A2A
102
{ACAD_REACTORS
330
A38
102
}
330
1F
100
AcDbEntity
  8
0
100
AcDbCircle
 10
2193.208646154727
 20
2363.145365172792
 30
0.0
 40
0.75
  0
CIRCLE
  5
A2B
102
{ACAD_REACTORS
330
A38
102
}
330
1F
100
AcDbEntity
  8
0
100
AcDbCircle
 10
2198.855991256829
 20
2363.145365172792
 30
0.0
 40
0.75
  0
CIRCLE
  5
A2C
102
{ACAD_REACTORS
330
A38
102
}
330
1F
100
AcDbEntity
  8
0
100
AcDbCircle
 10
2204.50333635893
 20
2363.145365172792
 30
0.0
 40
0.75
  0
CIRCLE
  5
A2D
102
{ACAD_REACTORS
330
A38
102
}
330
1F
100
AcDbEntity
  8
0
100
AcDbCircle
 10
2210.150681461032
 20
2363.145365172792
 30
0.0
 40
0.75
  0
CIRCLE
  5
A6C
102
{ACAD_REACTORS
330
12EF
102
}
330
1F
100
AcDbEntity
  8
0
100
AcDbCircle
 10
2351.208566240941
 20
2143.483857702172
 30
0.0
 40
0.75
  0
CIRCLE
  5
C83
330
1F
100
AcDbEntity
  8
0
100
AcDbCircle
 10
2189.111353092128
 20
2244.283857702172
 30
0.0
 40
0.75
  0
CIRCLE
  5
C84
330
1F
100
AcDbEntity
  8
0
100
AcDbCircle
 10
2194.683768059964
 20
2244.283857702172
 30
0.0
 40
0.75
  0
CIRCLE
  5
C85
330
1F
100
AcDbEntity
  8
0
100
AcDbCircle
 10
2200.2561830278
 20
2244.283857702172
 30
0.0
 40
0.75
  0
CIRCLE
  5
C86
330
1F
100
AcDbEntity
  8
0
100
AcDbCircle
 10
2205.828597995636
 20
2244.283857702172
 30
0.0
 40
0.75
  0
CIRCLE
  5
C87
330
1F
100
AcDbEntity
  8
0
100
AcDbCircle
 10
2211.401012963472
 20
2244.283857702172
 30
0.0
 40
0.75
  0
CIRCLE
  5
C88
330
1F
100
AcDbEntity
  8
0
100
AcDbCircle
 10
2216.973427931307
 20
2244.283857702172
 30
0.0
 40
0.75
  0
CIRCLE
  5
C89
330
1F
100
AcDbEntity
  8
0
100
AcDbCircle
 10
2222.545842899143
 20
2244.283857702172
 30
0.0
 40
0.75
  0
CIRCLE
  5
C8A
330
1F
100
AcDbEntity
  8
0
100
AcDbCircle
 10
2228.118257866979
 20
2244.283857702172
 30
0.0
 40
0.75
  0
CIRCLE
  5
C8B
330
1F
100
AcDbEntity
  8
0
100
AcDbCircle
 10
2233.690672834814
 20
2244.283857702172
 30
0.0
 40
0.75
  0
CIRCLE
  5
C8C
330
1F
100
AcDbEntity
  8
0
100
AcDbCircle
 10
2239.26308780265
 20
2244.283857702172
 30
0.0
 40
0.75
  0
CIRCLE
  5
C8D
330
1F
100
AcDbEntity
  8
0
100
AcDbCircle
 10
2244.662510383621
 20
2243.469947369688
 30
0.0
 40
0.75
  0
CIRCLE
  5
C8E
330
1F
100
AcDbEntity
  8
0
100
AcDbCircle
 10
2246.411353092129
 20
2238.463177444857
 30
0.0
 40
0.75
  0
CIRCLE
  5
C8F
330
1F
100
AcDbEntity
  8
0
100
AcDbCircle
 10
2246.411353092129
 20
2232.890762477022
 30
0.0
 40
0.75
  0
CIRCLE
  5
C90
330
1F
100
AcDbEntity
  8
0
100
AcDbCircle
 10
2246.411353092129
 20
2227.318347509186
 30
0.0
 40
0.75
  0
CIRCLE
  5
C91
330
1F
100
AcDbEntity
  8
0
100
AcDbCircle
 10
2246.411353092129
 20
2221.74593254135
 30
0.0
 40
0.75
  0
CIRCLE
  5
C92
330
1F
100
AcDbEntity
  8
0
100
AcDbCircle
 10
2246.411353092129
 20
2216.173517573515
 30
0.0
 40
0.75
  0
CIRCLE
  5
C93
330
1F
100
AcDbEntity
  8
0
100
AcDbCircle
 10
2246.411353092129
 20
2210.601102605679
 30
0.0
 40
0.75
  0
CIRCLE
  5
C94
330
1F
100
AcDbEntity
  8
0
100
AcDbCircle
 10
2246.411353092129
 20
2205.028687637843
 30
0.0
 40
0.75
  0
CIRCLE
  5
C95
330
1F
100
AcDbEntity
  8
0
100
AcDbCircle
 10
2246.411353092129
 20
2199.456272670008
 30
0.0
 40
0.75
  0
CIRCLE
  5
C96
330
1F
100
AcDbEntity
  8
0
100
AcDbCircle
 10
2246.411353092129
 20
2193.883857702172
 30
0.0
 40
0.75
  0
CIRCLE
  5
C97
330
1F
100
AcDbEntity
  8
0
100
AcDbCircle
 10
2246.411353092129
 20
2188.311442734336
 30
0.0
 40
0.75
  0
CIRCLE
  5
C98
330
1F
100
AcDbEntity
  8
0
100
AcDbCircle
 10
2246.411353092129
 20
2182.7390277665
 30
0.0
 40
0.75
  0
CIRCLE
  5
C99
330
1F
100
AcDbEntity
  8
0
100
AcDbCircle
 10
2246.411353092129
 20
2177.166612798665
 30
0.0
 40
0.75
  0
CIRCLE
  5
C9A
330
1F
100
AcDbEntity
  8
0
100
AcDbCircle
 10
2246.411353092129
 20
2171.594197830829
 30
0.0
 40
0.75
  0
CIRCLE
  5
C9B
330
1F
100
AcDbEntity
  8
0
100
AcDbCircle
 10
2246.411353092129
 20
2166.021782862993
 30
0.0
 40
0.75
  0
CIRCLE
  5
C9C
330
1F
100
AcDbEntity
  8
0
100
AcDbCircle
 10
2246.411353092129
 20
2160.449367895157
 30
0.0
 40
0.75
  0
CIRCLE
  5
C9D
330
1F
100
AcDbEntity
  8
0
100
AcDbCircle
 10
2246.411353092129
 20
2154.876952927322
 30
0.0
 40
0.75
  0
CIRCLE
  5
C9E
330
1F
100
AcDbEntity
  8
0
100
AcDbCircle
 10
2246.411353092129
 20
2149.304537959486
 30
0.0
 40
0.75
  0
CIRCLE
  5
C9F
330
1F
100
AcDbEntity
  8
0
100
AcDbCircle
 10
2244.662510383621
 20
2144.297768034655
 30
0.0
 40
0.75
  0
CIRCLE
  5
CA0
330
1F
100
AcDbEntity
  8
0
100
AcDbCircle
 10
2239.26308780265
 20
2143.483857702172
 30
0.0
 40
0.75
  0
CIRCLE
  5
CA1
330
1F
100
AcDbEntity
  8
0
100
AcDbCircle
 10
2233.690672834814
 20
2143.483857702172
 30
0.0
 40
0.75
  0
CIRCLE
  5
CA2
330
1F
100
AcDbEntity
  8
0
100
AcDbCircle
 10
2228.118257866979
 20
2143.483857702172
 30
0.0
 40
0.75
  0
CIRCLE
  5
CA3
330
1F
100
AcDbEntity
  8
0
100
AcDbCircle
 10
2222.545842899143
 20
2143.483857702172
 30
0.0
 40
0.75
  0
CIRCLE
  5
CA4
330
1F
100
AcDbEntity
  8
0
100
AcDbCircle
 10
2216.973427931307
 20
2143.483857702172
 30
0.0
 40
0.75
  0
CIRCLE
  5
CA5
330
1F
100
AcDbEntity
  8
0
100
AcDbCircle
 10
2211.401012963472
 20
2143.483857702172
 30
0.0
 40
0.75
  0
CIRCLE
  5
CA6
330
1F
100
AcDbEntity
  8
0
100
AcDbCircle
 10
2205.828597995636
 20
2143.483857702172
 30
0.0
 40
0.75
  0
CIRCLE
  5
CA7
330
1F
100
AcDbEntity
  8
0
100
AcDbCircle
 10
2200.2561830278
 20
2143.483857702172
 30
0.0
 40
0.75
  0
CIRCLE
  5
CA8
330
1F
100
AcDbEntity
  8
0
100
AcDbCircle
 10
2194.683768059964
 20
2143.483857702172
 30
0.0
 40
0.75
  0
CIRCLE
  5
CA9
330
1F
100
AcDbEntity
  8
0
100
AcDbCircle
 10
2189.111353092128
 20
2143.483857702172
 30
0.0
 40
0.75
  0
CIRCLE
  5
CAB
330
1F
100
AcDbEntity
  8
0
100
AcDbCircle
 10
2189.111353092128
 20
2149.083857702172
 30
0.0
 40
0.75
  0
CIRCLE
  5
CAC
330
1F
100
AcDbEntity
  8
0
100
AcDbCircle
 10
2189.111353092128
 20
2154.683857702171
 30
0.0
 40
0.75
  0
CIRCLE
  5
CAD
330
1F
100
AcDbEntity
  8
0
100
AcDbCircle
 10
2189.111353092128
 20
2160.283857702172
 30
0.0
 40
0.75
  0
CIRCLE
  5
CAE
330
1F
100
AcDbEntity
  8
0
100
AcDbCircle
 10
2189.111353092128
 20
2165.883857702172
 30
0.0
 40
0.75
  0
CIRCLE
  5
CAF
330
1F
100
AcDbEntity
  8
0
100
AcDbCircle
 10
2189.111353092128
 20
2171.483857702171
 30
0.0
 40
0.75
  0
CIRCLE
  5
CB0
330
1F
100
AcDbEntity
  8
0
100
AcDbCircle
 10
2189.111353092128
 20
2177.083857702172
 30
0.0
 40
0.75
  0
CIRCLE
  5
CB1
330
1F
100
AcDbEntity
  8
0
100
AcDbCircle
 10
2189.111353092128
 20
2182.683857702172
 30
0.0
 40
0.75
  0
CIRCLE
  5
CB2
330
1F
100
AcDbEntity
  8
0
100
AcDbCircle
 10
2189.111353092128
 20
2188.283857702172
 30
0.0
 40
0.75
  0
CIRCLE
  5
CB3
330
1F
100
AcDbEntity
  8
0
100
AcDbCircle
 10
2189.111353092128
 20
2193.883857702172
 30
0.0
 40
0.75
  0
CIRCLE
  5
CB4
330
1F
100
AcDbEntity
  8
0
100
AcDbCircle
 10
2189.111353092128
 20
2199.483857702172
 30
0.0
 40
0.75
  0
CIRCLE
  5
CB5
330
1F
100
AcDbEntity
  8
0
100
AcDbCircle
 10
2189.111353092128
 20
2205.083857702172
 30
0.0
 40
0.75
  0
CIRCLE
  5
CB6
330
1F
100
AcDbEntity
  8
0
100
AcDbCircle
 10
2189.111353092128
 20
2210.683857702172
 30
0.0
 40
0.75
  0
CIRCLE
  5
CB7
330
1F
100
AcDbEntity
  8
0
100
AcDbCircle
 10
2189.111353092128
 20
2216.283857702172
 30
0.0
 40
0.75
  0
CIRCLE
  5
CB8
330
1F
100
AcDbEntity
  8
0
100
AcDbCircle
 10
2189.111353092128
 20
2221.883857702172
 30
0.0
 40
0.75
  0
CIRCLE
  5
CB9
330
1F
100
AcDbEntity
  8
0
100
AcDbCircle
 10
2189.111353092128
 20
2227.483857702172
 30
0.0
 40
0.75
  0
CIRCLE
  5
CBA
330
1F
100
AcDbEntity
  8
0
100
AcDbCircle
 10
2189.111353092128
 20
2233.083857702172
 30
0.0
 40
0.75
  0
LWPOLYLINE
  5
1005
102
{ACAD_REACTORS
330
12EF
102
}
330
1F
100
AcDbEntity
  8
0
100
AcDbPolyline
 90
        8
 70
     1
 43
0.0
 10
2268.108566240942
 20
2139.733857702172
 42
-0.4142135623730951
 10
2260.108566240942
 20
2147.733857702172
 10
2260.108566240942
 20
2240.033857702172
 42
-0.4142135623730951
 10
2268.108566240942
 20
2248.033857702172
 10
2408.008566240941
 20
2248.033857702171
 42
-0.4142135623730951
 10
2416.008566240943
 20
2240.033857702172
 10
2416.008566240943
 20
2147.733857702172
 42
-0.4142135623730951
 10
2408.008566240941
 20
2139.733857702172
  0
CIRCLE
  5
127B
330
1F
100
AcDbEntity
  8
0
100
AcDbCircle
 10
2233.664717572747
 20
2324.396152621651
 30
0.0
 40
0.75
  0
CIRCLE
  5
129E
330
1F
100
AcDbEntity
  8
0
100
AcDbCircle
 10
2290.964717572748
 20
2324.340982557322
 30
0.0
 40
0.75
  0
CIRCLE
  5
1673
330
1F
100
AcDbEntity
  8
0
100
AcDbCircle
 10
2215.798026563133
 20
2363.145365172792
 30
0.0
 40
0.75
  0
CIRCLE
  5
1696
330
1F
100
AcDbEntity
  8
0
100
AcDbCircle
 10
2215.798026563133
 20
2262.345365172793
 30
0.0
 40
0.75
  0
CIRCLE
  5
16A4
102
{ACAD_REACTORS
330
16EB
102
}
330
1F
100
AcDbEntity
  8
0
100
AcDbCircle
 10
2103.077670878679
 20
2262.345365172793
 30
0.0
 40
0.75
  0
CIRCLE
  5
16A5
102
{ACAD_REACTORS
330
16EB
102
}
330
1F
100
AcDbEntity
  8
0
100
AcDbCircle
 10
2108.725015980781
 20
2262.345365172793
 30
0.0
 40
0.75
  0
CIRCLE
  5
16A6
102
{ACAD_REACTORS
330
16EB
102
}
330
1F
100
AcDbEntity
  8
0
100
AcDbCircle
 10
2114.372361082883
 20
2262.345365172793
 30
0.0
 40
0.75
  0
CIRCLE
  5
16A7
102
{ACAD_REACTORS
330
16EB
102
}
330
1F
100
AcDbEntity
  8
0
100
AcDbCircle
 10
2120.019706184985
 20
2262.345365172793
 30
0.0
 40
0.75
  0
CIRCLE
  5
16A8
102
{ACAD_REACTORS
330
16EB
102
}
330
1F
100
AcDbEntity
  8
0
100
AcDbCircle
 10
2125.667051287086
 20
2262.345365172793
 30
0.0
 40
0.75
  0
CIRCLE
  5
16A9
102
{ACAD_REACTORS
330
16EB
102
}
330
1F
100
AcDbEntity
  8
0
100
AcDbCircle
 10
2131.314396389187
 20
2262.345365172793
 30
0.0
 40
0.75
  0
CIRCLE
  5
16AA
102
{ACAD_REACTORS
330
16EB
102
}
330
1F
100
AcDbEntity
  8
0
100
AcDbCircle
 10
2136.961741491288
 20
2262.345365172793
 30
0.0
 40
0.75
  0
CIRCLE
  5
16AB
102
{ACAD_REACTORS
330
16EB
102
}
330
1F
100
AcDbEntity
  8
0
100
AcDbCircle
 10
2142.60908659339
 20
2262.345365172793
 30
0.0
 40
0.75
  0
CIRCLE
  5
16AC
102
{ACAD_REACTORS
330
16EB
102
}
330
1F
100
AcDbEntity
  8
0
100
AcDbCircle
 10
2147.285624697421
 20
2264.801031304064
 30
0.0
 40
0.75
  0
CIRCLE
  5
16AD
102
{ACAD_REACTORS
330
16EB
102
}
330
1F
100
AcDbEntity
  8
0
100
AcDbCircle
 10
2147.682980674476
 20
2270.390276907031
 30
0.0
 40
0.75
  0
CIRCLE
  5
16AE
102
{ACAD_REACTORS
330
16EB
102
}
330
1F
100
AcDbEntity
  8
0
100
AcDbCircle
 10
2147.682980674476
 20
2276.037622009133
 30
0.0
 40
0.75
  0
CIRCLE
  5
16AF
102
{ACAD_REACTORS
330
16EB
102
}
330
1F
100
AcDbEntity
  8
0
100
AcDbCircle
 10
2147.682980674476
 20
2281.684967111234
 30
0.0
 40
0.75
  0
CIRCLE
  5
16B0
102
{ACAD_REACTORS
330
16EB
102
}
330
1F
100
AcDbEntity
  8
0
100
AcDbCircle
 10
2147.682980674476
 20
2287.332312213336
 30
0.0
 40
0.75
  0
CIRCLE
  5
16B1
102
{ACAD_REACTORS
330
16EB
102
}
330
1F
100
AcDbEntity
  8
0
100
AcDbCircle
 10
2147.682980674476
 20
2292.979657315437
 30
0.0
 40
0.75
  0
CIRCLE
  5
16B2
102
{ACAD_REACTORS
330
16EB
102
}
330
1F
100
AcDbEntity
  8
0
100
AcDbCircle
 10
2147.682980674476
 20
2298.627002417539
 30
0.0
 40
0.75
  0
CIRCLE
  5
16B3
102
{ACAD_REACTORS
330
16EB
102
}
330
1F
100
AcDbEntity
  8
0
100
AcDbCircle
 10
2147.682980674476
 20
2304.27434751964
 30
0.0
 40
0.75
  0
CIRCLE
  5
16B4
102
{ACAD_REACTORS
330
16EB
102
}
330
1F
100
AcDbEntity
  8
0
100
AcDbCircle
 10
2147.682980674476
 20
2309.921692621742
 30
0.0
 40
0.75
  0
CIRCLE
  5
16B5
102
{ACAD_REACTORS
330
16EB
102
}
330
1F
100
AcDbEntity
  8
0
100
AcDbCircle
 10
2147.682980674476
 20
2315.569037723844
 30
0.0
 40
0.75
  0
CIRCLE
  5
16B6
102
{ACAD_REACTORS
330
16EB
102
}
330
1F
100
AcDbEntity
  8
0
100
AcDbCircle
 10
2147.682980674476
 20
2321.216382825946
 30
0.0
 40
0.75
  0
CIRCLE
  5
16B7
102
{ACAD_REACTORS
330
16EB
102
}
330
1F
100
AcDbEntity
  8
0
100
AcDbCircle
 10
2147.682980674476
 20
2326.863727928047
 30
0.0
 40
0.75
  0
CIRCLE
  5
16B8
102
{ACAD_REACTORS
330
16EB
102
}
330
1F
100
AcDbEntity
  8
0
100
AcDbCircle
 10
2147.682980674476
 20
2332.511073030149
 30
0.0
 40
0.75
  0
CIRCLE
  5
16B9
102
{ACAD_REACTORS
330
16EB
102
}
330
1F
100
AcDbEntity
  8
0
100
AcDbCircle
 10
2147.682980674476
 20
2338.158418132249
 30
0.0
 40
0.75
  0
CIRCLE
  5
16BA
102
{ACAD_REACTORS
330
16EB
102
}
330
1F
100
AcDbEntity
  8
0
100
AcDbCircle
 10
2147.682980674476
 20
2343.805763234351
 30
0.0
 40
0.75
  0
CIRCLE
  5
16BB
102
{ACAD_REACTORS
330
16EB
102
}
330
1F
100
AcDbEntity
  8
0
100
AcDbCircle
 10
2147.682980674476
 20
2349.453108336453
 30
0.0
 40
0.75
  0
CIRCLE
  5
16BC
102
{ACAD_REACTORS
330
16EB
102
}
330
1F
100
AcDbEntity
  8
0
100
AcDbCircle
 10
2147.682980674476
 20
2355.100453438554
 30
0.0
 40
0.75
  0
CIRCLE
  5
16BD
102
{ACAD_REACTORS
330
16EB
102
}
330
1F
100
AcDbEntity
  8
0
100
AcDbCircle
 10
2147.285624697421
 20
2360.689699041522
 30
0.0
 40
0.75
  0
CIRCLE
  5
16BE
102
{ACAD_REACTORS
330
16EB
102
}
330
1F
100
AcDbEntity
  8
0
100
AcDbCircle
 10
2142.60908659339
 20
2363.145365172792
 30
0.0
 40
0.75
  0
CIRCLE
  5
16BF
102
{ACAD_REACTORS
330
16EB
102
}
330
1F
100
AcDbEntity
  8
0
100
AcDbCircle
 10
2136.961741491288
 20
2363.145365172792
 30
0.0
 40
0.75
  0
CIRCLE
  5
16C0
102
{ACAD_REACTORS
330
16EB
102
}
330
1F
100
AcDbEntity
  8
0
100
AcDbCircle
 10
2131.314396389187
 20
2363.145365172792
 30
0.0
 40
0.75
  0
CIRCLE
  5
16C1
102
{ACAD_REACTORS
330
16EB
102
}
330
1F
100
AcDbEntity
  8
0
100
AcDbCircle
 10
2125.667051287086
 20
2363.145365172792
 30
0.0
 40
0.75
  0
CIRCLE
  5
16C2
102
{ACAD_REACTORS
330
16EB
102
}
330
1F
100
AcDbEntity
  8
0
100
AcDbCircle
 10
2120.019706184985
 20
2363.145365172792
 30
0.0
 40
0.75
  0
CIRCLE
  5
16C3
102
{ACAD_REACTORS
330
16EB
102
}
330
1F
100
AcDbEntity
  8
0
100
AcDbCircle
 10
2114.372361082883
 20
2363.145365172792
 30
0.0
 40
0.75
  0
CIRCLE
  5
16C4
102
{ACAD_REACTORS
330
16EB
102
}
330
1F
100
AcDbEntity
  8
0
100
AcDbCircle
 10
2108.725015980781
 20
2363.145365172792
 30
0.0
 40
0.75
  0
CIRCLE
  5
16C5
102
{ACAD_REACTORS
330
16EB
102
}
330
1F
100
AcDbEntity
  8
0
100
AcDbCircle
 10
2103.077670878679
 20
2363.145365172792
 30
0.0
 40
0.75
  0
CIRCLE
  5
16C7
330
1F
100
AcDbEntity
  8
0
100
AcDbCircle
 10
2097.430325776578
 20
2363.145365172792
 30
0.0
 40
0.75
  0
CIRCLE
  5
16EA
330
1F
100
AcDbEntity
  8
0
100
AcDbCircle
 10
2097.430325776578
 20
2262.345365172793
 30
0.0
 40
0.75
  0
LWPOLYLINE
  5
17B0
330
1F
100
AcDbEntity
  8
0
100
AcDbPolyline
 90
       12
 70
     1
 43
0.0
 10
2099.063526510302
 20
2311.43243041474
 42
0.0826185386389845
 10
2099.063526510303
 20
2314.058299930845
 10
2092.211453425514
 20
2355.243378723854
 42
-0.0412390164429476
 10
2092.102980674477
 20
2356.556313481906
 10
2092.102980674477
 20
2366.895365172794
 10
2143.432980674476
 20
2366.895365172794
 42
-0.4142135623730951
 10
2151.432980674476
 20
2358.895365172793
 10
2151.432980674476
 20
2266.595365172793
 42
-0.4142135623730951
 10
2143.432980674476
 20
2258.595365172793
 10
2092.102980674477
 20
2258.595365172793
 10
2092.102980674477
 20
2268.934416863681
 42
-0.0412390164431641
 10
2092.211453425516
 20
2270.247351621735
  0
LWPOLYLINE
  5
17B1
330
1F
100
AcDbEntity
  8
0
100
AcDbPolyline
 90
        8
 70
     1
 43
0.0
 10
2306.480205795809
 20
2329.996152621651
 10
2323.194166503656
 20
2272.246152621651
 10
2343.566245087958
 20
2272.246152621651
 10
2360.280205795806
 20
2329.996152621651
 10
2365.780205795808
 20
2329.996152621651
 10
2365.780205795808
 20
2352.396152621651
 10
2300.980205795807
 20
2352.396152621651
 10
2300.980205795807
 20
2329.996152621651
  0
LWPOLYLINE
  5
17B2
330
1F
100
AcDbEntity
  8
0
100
AcDbPolyline
 90
        9
 70
     1
 43
0.0
 10
2286.714717572748
 20
2259.046152621651
 42
0.4142135623730951
 10
2294.714717572748
 20
2267.046152621651
 10
2294.714717572748
 20
2329.996152621651
 10
2289.214717572747
 20
2329.996152621651
 10
2264.329405873553
 20
2323.520420952716
 42
-0.1279804287904545
 10
2260.300029271941
 20
2323.520420952716
 10
2235.414717572747
 20
2329.996152621651
 10
2229.914717572746
 20
2329.996152621651
 10
2229.914717572748
 20
2259.046152621651
  0
LWPOLYLINE
  5
17B3
330
1F
100
AcDbEntity
  8
0
100
AcDbPolyline
 90
       12
 70
     1
 43
0.0
 10
2214.164825829409
 20
2311.43243041474
 42
-0.0826185386389806
 10
2214.164825829409
 20
2314.058299930845
 10
2221.016898914197
 20
2355.243378723854
 42
0.0412390164429406
 10
2221.125371665235
 20
2356.556313481906
 10
2221.125371665235
 20
2366.895365172794
 10
2169.795371665235
 20
2366.895365172794
 42
0.4142135623730951
 10
2161.795371665235
 20
2358.895365172793
 10
2161.795371665235
 20
2266.595365172793
 42
0.4142135623730951
 10
2169.795371665235
 20
2258.595365172793
 10
2221.125371665235
 20
2258.595365172793
 10
2221.125371665235
 20
2268.934416863679
 42
0.0412390164431676
 10
2221.016898914196
 20
2270.247351621735
  0
VIEWPORT
  5
102F
102
{ACAD_XDICTIONARY
360
1030
102
}
330
D2
100
AcDbEntity
 67
     1
  8
0
100
AcDbViewport
 10
228.3362678532973
 20
163.4631756702095
 30
0.0
 40
794.2646411635292
 41
362.4076964914872
 68
     1
 69
     1
 12
228.3362678532973
 22
163.4631756702095
 13
0.0
 23
0.0
 14
10.0
 24
10.0
 15
10.0
 25
10.0
 16
0.0
 26
0.0
 36
1.0
 17
0.0
 27
0.0
 37
0.0
 42
50.0
 43
0.0
 44
0.0
 45
362.4076964914872
 50
0.0
 51
0.0
 72
  1000
 90
   819232
  1

281
     0
 71
     1
 74
     0
110
0.0
120
0.0
130
0.0
111
1.0
121
0.0
131
0.0
112
0.0
122
1.0
132
0.0
 79
     0
146
0.0
170
     0
 61
     5
348
F5
292
     1
282
     1
141
0.0
142
0.0
 63
   250
421
  3355443
  0
VIEWPORT
  5
1033
102
{ACAD_XDICTIONARY
360
1034
102
}
330
D2
100
AcDbEntity
 67
     1
  8
0
100
AcDbViewport
 10
128.5
 20
97.5
 30
0.0
 40
205.6
 41
156.0
 68
     2
 69
     2
 12
2149.616285800441
 22
2181.909766296705
 13
0.0
 23
0.0
 14
10.0
 24
10.0
 15
10.0
 25
10.0
 16
0.0
 26
0.0
 36
1.0
 17
0.0
 27
0.0
 37
0.0
 42
50.0
 43
0.0
 44
0.0
 45
407.7937780448797
 50
0.0
 51
0.0
 72
  1000
 90
   819808
  1

281
     0
 71
     1
 74
     0
110
0.0
120
0.0
130
0.0
111
1.0
121
0.0
131
0.0
112
0.0
122
1.0
132
0.0
 79
     0
146
0.0
170
     0
 61
     5
348
F5
292
     1
282
     1
141
0.0
142
0.0
 63
   250
421
  3355443
  0
ENDSEC
  0
SECTION
  2
OBJECTS
  0
DICTIONARY
  5
C
330
0
100
AcDbDictionary
281
     1
  3
ACAD_ASSOCNETWORK
350
3D9
  3
ACAD_CIP_PREVIOUS_PRODUCT_INFO
350
216
  3
ACAD_COLOR
350
6B
  3
ACAD_DETAILVIEWSTYLE
350
21B
  3
ACAD_GROUP
350
D
  3
ACAD_LAST_SAVED_VERSION_INFO
350
A3C
  3
ACAD_LAYOUT
350
1A
  3
ACAD_MATERIAL
350
6A
  3
ACAD_MLEADERSTYLE
350
12D
  3
ACAD_MLINESTYLE
350
17
  3
ACAD_PLOTSETTINGS
350
19
  3
ACAD_PLOTSTYLENAME
350
E
  3
ACAD_SCALELIST
350
10C
  3
ACAD_SECTIONVIEWSTYLE
350
219
  3
ACAD_TABLESTYLE
350
7E
  3
ACAD_VISUALSTYLE
350
EF
  3
ACDB_RECOMPOSE_DATA
350
17C7
  3
AcDbVariableDictionary
350
5E
  0
DICTIONARY
  5
1FF
330
2
100
AcDbDictionary
280
     1
281
     1
  3
ACAD_LAYERSTATES
360
200
  0
DICTIONARY
  5
13C
330
10
100
AcDbDictionary
280
     1
281
     1
  0
DICTIONARY
  5
1CE
330
1F
100
AcDbDictionary
280
     1
281
     1
  3
ACAD_ASSOCNETWORK
360
3D7
  3
ACAD_SORTENTS
360
2CD
  0
DICTIONARY
  5
B9A
330
B70
100
AcDbDictionary
280
     1
281
     1
  3
ACAD_SORTENTS
360
B9B
  0
DICTIONARY
  5
D0D
330
D05
100
AcDbDictionary
280
     1
281
     1
  3
ACAD_ASSOCNETWORK
360
D25
  3
ACAD_SORTENTS
360
D0E
  0
DICTIONARY
  5
1030
330
102F
100
AcDbDictionary
280
     1
281
     1
  3
ASDK_XREC_ANNOTATION_SCALE_INFO
360
1031
  0
DICTIONARY
  5
1034
330
1033
100
AcDbDictionary
280
     1
281
     1
  3
ASDK_XREC_ANNOTATION_SCALE_INFO
360
1035
  0
DICTIONARY
  5
3D9
102
{ACAD_REACTORS
330
C
102
}
330
C
100
AcDbDictionary
281
     1
  3
ACAD_ASSOCNETWORK
350
3DA
  0
XRECORD
  5
216
102
{ACAD_REACTORS
330
C
102
}
330
C
100
AcDbXrecord
280
     1
300
ACD
300
2025
300
87919ACD_2025_0F
  0
DICTIONARY
  5
6B
102
{ACAD_REACTORS
330
C
102
}
330
C
100
AcDbDictionary
281
     1
  0
DICTIONARY
  5
21B
102
{ACAD_REACTORS
330
C
102
}
330
C
100
AcDbDictionary
281
     1
  3
Metric50
350
21C
  0
DICTIONARY
  5
D
102
{ACAD_REACTORS
330
C
102
}
330
C
100
AcDbDictionary
281
     1
  3
*A11
350
122B
  3
*A12
350
12EF
  3
*A13
350
16EB
  3
*A4
350
70A
  3
*A5
350
A36
  3
*A6
350
A37
  3
*A7
350
A38
  0
XRECORD
  5
A3C
102
{ACAD_REACTORS
330
C
102
}
330
C
100
AcDbXrecord
280
     1
300
{22B0E011-F81D-5245-96E0-15FD5241396C}
301

302
{22B0E011-F81D-5245-96E0-15FD5241396C}
303
C:\Leather-Manufactory\Чертежи для кожи\1 Картхолдеры\1'1 Картхолдер Складной с внешним карманом\1'14 Картхолдер складной с внешним кармашком\1'14 Картхолдер складной с внешним кармашком.dxf
  0
DICTIONARY
  5
1A
102
{ACAD_REACTORS
330
C
102
}
330
C
100
AcDbDictionary
281
     1
  3
Model
350
22
  3
Лист1
350
D3
  3
Лист2
350
D7
  0
DICTIONARY
  5
6A
102
{ACAD_REACTORS
330
C
102
}
330
C
100
AcDbDictionary
281
     1
  3
ByBlock
350
ED
  3
ByLayer
350
EC
  3
Global
350
EE
  0
DICTIONARY
  5
12D
102
{ACAD_REACTORS
330
C
102
}
330
C
100
AcDbDictionary
281
     1
  3
Standard
350
12E
  3
Аннотативный
350
13B
  0
DICTIONARY
  5
17
102
{ACAD_REACTORS
330
C
102
}
330
C
100
AcDbDictionary
281
     1
  3
Standard
350
18
  0
DICTIONARY
  5
19
102
{ACAD_REACTORS
330
C
102
}
330
C
100
AcDbDictionary
281
     1
  0
ACDBDICTIONARYWDFLT
  5
E
102
{ACAD_REACTORS
330
C
102
}
330
C
100
AcDbDictionary
281
     1
  3
Normal
350
F
100
AcDbDictionaryWithDefault
340
F
  0
DICTIONARY
  5
10C
102
{ACAD_REACTORS
330
C
102
}
330
C
100
AcDbDictionary
281
     1
  3
A0
350
10D
  3
A1
350
1BE
  3
A2
350
1BF
  3
A3
350
1C0
  3
A4
350
1C1
  3
A5
350
1C2
  3
A6
350
1C3
  3
A7
350
1C4
  3
A8
350
1C5
  3
A9
350
1C6
  3
B0
350
1C7
  3
B1
350
1C8
  3
B2
350
1C9
  3
B3
350
1CA
  3
B4
350
1CB
  3
B5
350
1CC
  3
B6
350
1CD
  0
DICTIONARY
  5
219
102
{ACAD_REACTORS
330
C
102
}
330
C
100
AcDbDictionary
281
     1
  3
Metric50
350
21A
  0
DICTIONARY
  5
7E
102
{ACAD_REACTORS
330
C
102
}
330
C
100
AcDbDictionary
281
     1
  3
Standard
350
7F
  0
DICTIONARY
  5
EF
102
{ACAD_REACTORS
330
C
102
}
330
C
100
AcDbDictionary
281
     1
  3
2dWireframe
350
F5
  3
Basic
350
F4
  3
Brighten
350
FB
  3
ColorChange
350
FF
  3
Conceptual
350
F8
  3
Dim
350
FA
  3
EdgeColorOff
350
1E6
  3
Facepattern
350
FE
  3
Flat
350
F0
  3
FlatWithEdges
350
F1
  3
Gouraud
350
F2
  3
GouraudWithEdges
350
F3
  3
Hidden
350
F7
  3
JitterOff
350
1E4
  3
Linepattern
350
FD
  3
OverhangOff
350
1E5
  3
Realistic
350
F9
  3
Shaded
350
1F3
  3
Shaded with edges
350
1F2
  3
Shades of Gray
350
1EF
  3
Sketchy
350
1F0
  3
Thicken
350
FC
  3
Wireframe
350
F6
  3
X-Ray
350
1F1
  0
XRECORD
  5
17C7
102
{ACAD_REACTORS
330
C
102
}
330
C
100
AcDbXrecord
280
     1
 90
        1
330
7F
  0
DICTIONARY
  5
5E
102
{ACAD_REACTORS
330
C
102
}
330
C
100
AcDbDictionary
281
     1
  3
CANNOSCALE
350
146
  3
CENTEREXE
350
259
  3
CENTERLTYPEFILE
350
25A
  3
CMLEADERSTYLE
350
145
  3
CTABLESTYLE
350
84
  3
CVIEWDETAILSTYLE
350
227
  3
CVIEWSECTIONSTYLE
350
228
  3
DIMASSOC
350
5F
  3
HIDETEXT
350
63
  3
LAYEREVAL
350
1AE
  3
LAYERNOTIFY
350
1AF
  0
DICTIONARY
  5
200
102
{ACAD_REACTORS
330
1FF
102
}
330
1FF
100
AcDbDictionary
281
     1
  0
DICTIONARY
  5
3D7
102
{ACAD_REACTORS
330
1CE
102
}
330
1CE
100
AcDbDictionary
281
     1
  3
ACAD_ASSOCNETWORK
350
3D8
  0
SORTENTSTABLE
  5
2CD
102
{ACAD_REACTORS
330
1CE
102
}
330
1CE
100
AcDbSortentsTable
330
1F
331
2E5
  5
6BF
331
2FC
  5
6C0
331
677
  5
A16
331
678
  5
A17
331
680
  5
A18
331
681
  5
A19
331
682
  5
A1A
331
683
  5
A1B
331
69E
  5
A0E
331
69F
  5
A0F
331
6A0
  5
A10
331
6B1
  5
A11
331
6B2
  5
A12
331
6B3
  5
A13
331
6D0
  5
91E
331
6D1
  5
91F
331
6D2
  5
920
331
6D3
  5
921
331
6D4
  5
922
331
6D5
  5
923
331
6D6
  5
925
331
6D7
  5
926
331
6D8
  5
9A6
331
6D9
  5
9A9
331
6DA
  5
9AA
331
6DB
  5
9AB
331
6DC
  5
9AC
331
6DD
  5
9AD
331
6DE
  5
9AE
331
6DF
  5
9AF
331
6E0
  5
9B0
331
6E1
  5
9B1
331
6E2
  5
9B2
331
6E3
  5
9B4
331
6E4
  5
9B5
331
6FF
  5
9B9
331
700
  5
9BA
331
701
  5
9BB
331
702
  5
9BC
331
703
  5
9BD
331
704
  5
9BE
331
705
  5
9BF
331
706
  5
9C0
331
707
  5
9C1
331
708
  5
9C2
331
709
  5
9C3
331
7AD
  5
A1C
331
846
  5
A1D
331
87B
  5
A1E
331
8FE
  5
A1F
331
8FF
  5
A20
331
900
  5
A21
331
901
  5
A22
331
902
  5
A23
331
903
  5
A24
331
904
  5
A25
331
905
  5
A26
331
906
  5
A27
331
907
  5
A28
331
908
  5
A29
331
909
  5
A2A
331
90A
  5
A2B
331
90B
  5
A2C
331
90C
  5
A2D
331
90D
  5
A35
331
90E
  5
A54
331
90F
  5
A55
331
910
  5
A59
331
911
  5
A5A
331
912
  5
A5B
331
913
  5
A5D
331
914
  5
A5E
331
915
  5
A5F
331
916
  5
A61
331
917
  5
A65
331
918
  5
A68
331
919
  5
A69
331
91A
  5
A6A
331
91B
  5
A6B
331
91C
  5
A6C
331
91D
  5
B09
331
91E
  5
B0A
331
91F
  5
B0B
331
920
  5
B0C
331
921
  5
B0D
331
922
  5
B0E
331
923
  5
B0F
331
925
  5
B10
331
926
  5
B11
331
A0C
  5
C73
331
A0D
  5
C74
331
A0E
  5
C75
331
A0F
  5
C76
331
A10
  5
C77
331
A11
  5
C78
331
A12
  5
C79
331
A13
  5
C7A
331
A14
  5
C7B
331
A15
  5
C7C
331
A16
  5
C7E
331
A17
  5
C7F
331
A18
  5
C80
331
A19
  5
C81
331
A1A
  5
C82
331
A1B
  5
C83
331
A1C
  5
C84
331
A1D
  5
C85
331
A1E
  5
C86
331
A1F
  5
C87
331
A20
  5
C88
331
A21
  5
C89
331
A22
  5
C8A
331
A23
  5
C8B
331
A24
  5
C8C
331
A25
  5
C8D
331
A26
  5
C8E
331
A27
  5
C8F
331
A28
  5
C90
331
A29
  5
C91
331
A2A
  5
C92
331
A2B
  5
C93
331
A2C
  5
C94
331
A2D
  5
C95
331
A6C
  5
C96
331
C83
  5
6EA
331
C84
  5
6EB
331
C85
  5
6EC
331
C86
  5
6ED
331
C87
  5
6EE
331
C88
  5
6EF
331
C89
  5
6F0
331
C8A
  5
6F1
331
C8B
  5
6F3
331
C8C
  5
6F4
331
C8D
  5
6F5
331
C8E
  5
6F6
331
C8F
  5
6FD
331
C90
  5
6FE
331
C91
  5
6FF
331
C92
  5
700
331
C93
  5
701
331
C94
  5
703
331
C95
  5
704
331
C96
  5
705
331
C97
  5
706
331
C98
  5
709
331
C99
  5
7A8
331
C9A
  5
7AD
331
C9B
  5
83D
331
C9C
  5
87B
331
C9D
  5
8FF
331
C9E
  5
900
331
C9F
  5
901
331
CA0
  5
902
331
CA1
  5
903
331
CA2
  5
904
331
CA3
  5
905
331
CA4
  5
906
331
CA5
  5
908
331
CA6
  5
909
331
CA7
  5
90A
331
CA8
  5
90B
331
CA9
  5
90C
331
CAB
  5
90D
331
CAC
  5
90E
331
CAD
  5
90F
331
CAE
  5
911
331
CAF
  5
912
331
CB0
  5
913
331
CB1
  5
914
331
CB2
  5
915
331
CB3
  5
916
331
CB4
  5
917
331
CB5
  5
918
331
CB6
  5
919
331
CB7
  5
91A
331
CB8
  5
91B
331
CB9
  5
91C
331
CBA
  5
91D
331
1005
  5
1228
331
127B
  5
12D4
331
129E
  5
12D6
  0
SORTENTSTABLE
  5
B9B
102
{ACAD_REACTORS
330
B9A
102
}
330
B9A
100
AcDbSortentsTable
330
B70
  0
DICTIONARY
  5
D25
102
{ACAD_REACTORS
330
D0D
102
}
330
D0D
100
AcDbDictionary
281
     1
  3
ACAD_ASSOCNETWORK
350
D26
  0
SORTENTSTABLE
  5
D0E
102
{ACAD_REACTORS
330
D0D
102
}
330
D0D
100
AcDbSortentsTable
330
D05
  0
XRECORD
  5
1031
102
{ACAD_REACTORS
330
1030
102
}
330
1030
100
AcDbXrecord
280
     1
 90
        1
340
10D
  0
XRECORD
  5
1035
102
{ACAD_REACTORS
330
1034
102
}
330
1034
100
AcDbXrecord
280
     1
 90
        1
340
10D
  0
ACDBASSOCNETWORK
  5
3DA
102
{ACAD_REACTORS
330
3D9
102
}
330
3D9
100
AcDbAssocAction
 90
        2
 90
        0
330
0
360
0
 90
        0
 90
        0
 90
        0
 90
        0
 90
        0
 90
        0
 90
        0
100
AcDbAssocNetwork
 90
        0
 90
       12
 90
        2
330
3D8
330
D26
 90
        0
  0
ACDBDETAILVIEWSTYLE
  5
21C
102
{ACAD_REACTORS
330
21B
102
}
330
21B
100
AcDbModelDocViewStyle
 70
     0
  3
Metric50
290
     0
300
Metric50
 90
        0
100
AcDbDetailViewStyle
 70
     0
 71
     0
 90
        3
 71
     1
340
11
 62
   256
 40
5.0
340
0
 62
   256
 40
5.0
300

 40
0.0
280
     1
 71
     2
340
16
 90
       25
 62
   256
 71
     3
340
11
 62
   256
 40
5.0
 90
        0
 40
15.0
 90
        1
300
%<\AcVar ViewDetailId>% (%<\AcVar ViewScale \f "%sn">%)
 71
     4
340
16
 90
       25
 62
   256
340
16
 90
       25
 62
   256
280
     0
  0
GROUP
  5
122B
102
{ACAD_REACTORS
330
D
102
}
330
D
100
AcDbGroup
300

 70
     1
 71
     1
  0
GROUP
  5
12EF
102
{ACAD_REACTORS
330
D
102
}
330
D
100
AcDbGroup
300

 70
     1
 71
     1
340
1005
340
A6C
340
926
340
925
340
923
340
922
340
921
340
920
340
91F
340
91E
340
91D
340
91C
340
91B
340
91A
340
919
340
918
340
917
340
916
340
915
340
914
340
913
340
912
340
911
340
910
340
90F
340
90E
340
90D
340
90C
340
90B
340
90A
340
909
340
908
340
907
340
906
340
905
340
904
340
903
340
902
340
901
340
900
340
8FF
340
8FE
340
87B
340
7AD
  0
GROUP
  5
16EB
102
{ACAD_REACTORS
330
D
102
}
330
D
100
AcDbGroup
300

 70
     1
 71
     1
340
16C4
340
16C3
340
16C2
340
16C1
340
16C0
340
16BF
340
16BE
340
16BD
340
16BC
340
16BB
340
16BA
340
16B9
340
16B8
340
16B7
340
16B6
340
16B5
340
16B4
340
16B3
340
16B2
340
16B1
340
16B0
340
16AF
340
16AE
340
16AD
340
16AC
340
16AB
340
16AA
340
16A9
340
16A8
340
16A7
340
16A6
340
16A5
340
16A4
340
16C5
  0
GROUP
  5
70A
102
{ACAD_REACTORS
330
D
102
}
330
D
100
AcDbGroup
300

 70
     1
 71
     1
340
709
340
708
340
707
340
706
340
705
340
704
340
703
340
702
340
701
340
700
340
6FF
340
6E4
340
6E3
340
6E2
340
6E1
340
6E0
340
6DF
340
6DE
340
6DD
340
6DC
340
6DB
340
6DA
340
6D9
340
6D8
340
6D7
340
6D6
340
6D5
340
6D4
340
6D3
340
6D2
340
6D1
340
6D0
  0
GROUP
  5
A36
102
{ACAD_REACTORS
330
D
102
}
330
D
100
AcDbGroup
300

 70
     1
 71
     1
  0
GROUP
  5
A37
102
{ACAD_REACTORS
330
D
102
}
330
D
100
AcDbGroup
300

 70
     1
 71
     1
  0
GROUP
  5
A38
102
{ACAD_REACTORS
330
D
102
}
330
D
100
AcDbGroup
300

 70
     1
 71
     1
340
A2C
340
A2B
340
A2A
340
A29
340
A28
340
A27
340
A26
340
A25
340
A24
340
A23
340
A22
340
A21
340
A20
340
A1F
340
A1E
340
A1D
340
A1C
340
A1B
340
A1A
340
A19
340
A18
340
A17
340
A16
340
A15
340
A14
340
A13
340
A12
340
A11
340
A10
340
A0F
340
A0E
340
A0D
340
A0C
340
A2D
  0
LAYOUT
  5
22
102
{ACAD_XDICTIONARY
360
205
102
}
102
{ACAD_REACTORS
330
1A
102
}
330
1A
100
AcDbPlotSettings
  1

  2
none_device
  4
ISO_A4_(210.00_x_297.00_MM)
  6

 40
7.5
 41
20.0
 42
7.5
 43
20.0
 44
210.0
 45
297.0
 46
11.54999923706054
 47
-13.65000009536743
 48
0.0
 49
0.0
140
0.0
141
0.0
142
1.0
143
8.704084754739808
 70
 11952
 72
     1
 73
     0
 74
     0
  7

 75
     0
147
0.1148885871608098
 76
     0
 77
     2
 78
   300
148
0.0
149
0.0
100
AcDbLayout
  1
Model
 70
     1
 71
     0
 10
0.0
 20
0.0
 11
12.0
 21
9.0
 12
0.0
 22
0.0
 32
0.0
 14
0.0
 24
0.0
 34
0.0
 15
0.0
 25
0.0
 35
0.0
146
0.0
 13
0.0
 23
0.0
 33
0.0
 16
1.0
 26
0.0
 36
0.0
 17
0.0
 27
1.0
 37
0.0
 76
     0
330
1F
331
EA
1001
ACAD_PSEXT
1000
None
1000
None
1000
Not applicable
1000
The layout will not be plotted unless a new plotter configuration name is selected.
1070
     0
  0
LAYOUT
  5
D3
102
{ACAD_REACTORS
330
1A
102
}
330
1A
100
AcDbPlotSettings
  1

  2
none_device
  4
ISO_A4_(210.00_x_297.00_MM)
  6

 40
7.5
 41
20.0
 42
7.5
 43
20.0
 44
210.0
 45
297.0
 46
0.0
 47
0.0
 48
0.0
 49
0.0
140
0.0
141
0.0
142
1.0
143
1.0
 70
   688
 72
     1
 73
     1
 74
     5
  7

 75
    16
147
1.0
 76
     0
 77
     2
 78
   300
148
0.0
149
0.0
100
AcDbLayout
  1
Лист1
 70
     1
 71
     1
 10
-20.0
 20
-7.5
 11
277.0
 21
202.5
 12
0.0
 22
0.0
 32
0.0
 14
25.69999999999999
 24
19.5
 34
0.0
 15
231.3
 25
175.5
 35
0.0
146
0.0
 13
0.0
 23
0.0
 33
0.0
 16
1.0
 26
0.0
 36
0.0
 17
0.0
 27
1.0
 37
0.0
 76
     0
330
D2
331
102F
1001
ACAD_PSEXT
1000
Нет
1000
Нет
1000
Неприменимо
1000
Лист не будет напечатан, если не выбрать имя конфигурации плоттера.
1070
     0
  0
LAYOUT
  5
D7
102
{ACAD_REACTORS
330
1A
102
}
330
1A
100
AcDbPlotSettings
  1

  2
C:\Documents and Settings\basas\Application Data\Autodesk\AutoCAD 2005\R16.1\enu\plotters\Default Windows System Printer.pc3
  4

  6

 40
0.0
 41
0.0
 42
0.0
 43
0.0
 44
0.0
 45
0.0
 46
0.0
 47
0.0
 48
0.0
 49
0.0
140
0.0
141
0.0
142
1.0
143
1.0
 70
   688
 72
     0
 73
     0
 74
     5
  7

 75
    16
147
1.0
 76
     0
 77
     2
 78
   300
148
0.0
149
0.0
100
AcDbLayout
  1
Лист2
 70
     1
 71
     2
 10
0.0
 20
0.0
 11
12.0
 21
9.0
 12
0.0
 22
0.0
 32
0.0
 14
0.0
 24
0.0
 34
0.0
 15
0.0
 25
0.0
 35
0.0
146
0.0
 13
0.0
 23
0.0
 33
0.0
 16
1.0
 26
0.0
 36
0.0
 17
0.0
 27
1.0
 37
0.0
 76
     0
330
D6
  0
MATERIAL
  5
ED
102
{ACAD_XDICTIONARY
360
1F9
102
}
102
{ACAD_REACTORS
330
6A
102
}
330
6A
100
AcDbMaterial
  1
ByBlock
 94
       63
  0
MATERIAL
  5
EC
102
{ACAD_XDICTIONARY
360
1F7
102
}
102
{ACAD_REACTORS
330
6A
102
}
330
6A
100
AcDbMaterial
  1
ByLayer
 94
       63
  0
MATERIAL
  5
EE
102
{ACAD_XDICTIONARY
360
173
102
}
102
{ACAD_REACTORS
330
6A
102
}
330
6A
100
AcDbMaterial
  1
Global
 43
0.0007999999797903
 43
0.0
 43
0.0
 43
0.0
 43
0.0
 43
0.0007999999797903
 43
0.0
 43
0.0
 43
0.0
 43
0.0
 43
1.0
 43
0.0
 43
0.0
 43
0.0
 43
0.0
 43
1.0
 49
0.0007999999797903
 49
0.0
 49
0.0
 49
0.0
 49
0.0
 49
0.0007999999797903
 49
0.0
 49
0.0
 49
0.0
 49
0.0
 49
1.0
 49
0.0
 49
0.0
 49
0.0
 49
0.0
 49
1.0
142
0.0007999999797903
142
0.0
142
0.0
142
0.0
142
0.0
142
0.0007999999797903
142
0.0
142
0.0
142
0.0
142
0.0
142
1.0
142
0.0
142
0.0
142
0.0
142
0.0
142
1.0
144
0.0007999999797903
144
0.0
144
0.0
144
0.0
144
0.0
144
0.0007999999797903
144
0.0
144
0.0
144
0.0
144
0.0
144
1.0
144
0.0
144
0.0
144
0.0
144
0.0
144
1.0
 94
       63
1001
ACAD
1070
    -1
1070
     3
1070
     0
1000

1071
        0
1070
     0
  0
MLEADERSTYLE
  5
12E
102
{ACAD_REACTORS
330
12D
102
}
330
12D
100
AcDbMLeaderStyle
179
     2
170
     2
171
     1
172
     0
 90
        2
 40
0.0
 41
0.0
173
     1
 91
-1056964608
340
14
 92
       -2
290
     1
 42
2.0
291
     1
 43
8.0
  3
Standard
 44
4.0
300

342
11
174
     1
178
     1
175
     1
176
     0
 93
-1056964608
 45
4.0
292
     0
297
     0
 46
4.0
 94
-1056964608
 47
1.0
 49
1.0
140
1.0
293
     1
141
0.0
294
     1
177
     0
142
1.0
295
     0
296
     0
143
3.75
271
     0
272
     9
273
     9
298
     0
  0
MLEADERSTYLE
  5
13B
102
{ACAD_REACTORS
330
12D
102
}
330
12D
100
AcDbMLeaderStyle
179
     2
170
     2
171
     1
172
     0
 90
        2
 40
0.0
 41
0.0
173
     1
 91
-1056964608
340
14
 92
       -2
290
     1
 42
2.0
291
     1
 43
8.0
  3
Standard
 44
4.0
300

342
11
174
     1
178
     1
175
     1
176
     0
 93
-1056964608
 45
4.0
292
     0
297
     0
 46
4.0
 94
-1056964608
 47
1.0
 49
1.0
140
1.0
293
     1
141
0.0
294
     1
177
     0
142
1.0
295
     0
296
     1
143
3.75
271
     0
272
     9
273
     9
298
     0
  0
MLINESTYLE
  5
18
102
{ACAD_REACTORS
330
17
102
}
330
17
100
AcDbMlineStyle
  2
STANDARD
 70
     0
  3

 62
   256
 51
90.0
 52
90.0
 71
     2
 49
0.5
 62
   256
  6
BYLAYER
 49
-0.5
 62
   256
  6
BYLAYER
  0
ACDBPLACEHOLDER
  5
F
102
{ACAD_REACTORS
330
E
102
}
330
E
  0
SCALE
  5
10D
102
{ACAD_REACTORS
330
10C
102
}
330
10C
100
AcDbScale
 70
     0
300
1:1
140
1.0
141
1.0
290
     1
  0
SCALE
  5
1BE
102
{ACAD_REACTORS
330
10C
102
}
330
10C
100
AcDbScale
 70
     0
300
1:2
140
1.0
141
2.0
290
     0
  0
SCALE
  5
1BF
102
{ACAD_REACTORS
330
10C
102
}
330
10C
100
AcDbScale
 70
     0
300
1:4
140
1.0
141
4.0
290
     0
  0
SCALE
  5
1C0
102
{ACAD_REACTORS
330
10C
102
}
330
10C
100
AcDbScale
 70
     0
300
1:5
140
1.0
141
5.0
290
     0
  0
SCALE
  5
1C1
102
{ACAD_REACTORS
330
10C
102
}
330
10C
100
AcDbScale
 70
     0
300
1:8
140
1.0
141
8.0
290
     0
  0
SCALE
  5
1C2
102
{ACAD_REACTORS
330
10C
102
}
330
10C
100
AcDbScale
 70
     0
300
1:10
140
1.0
141
10.0
290
     0
  0
SCALE
  5
1C3
102
{ACAD_REACTORS
330
10C
102
}
330
10C
100
AcDbScale
 70
     0
300
1:16
140
1.0
141
16.0
290
     0
  0
SCALE
  5
1C4
102
{ACAD_REACTORS
330
10C
102
}
330
10C
100
AcDbScale
 70
     0
300
1:20
140
1.0
141
20.0
290
     0
  0
SCALE
  5
1C5
102
{ACAD_REACTORS
330
10C
102
}
330
10C
100
AcDbScale
 70
     0
300
1:30
140
1.0
141
30.0
290
     0
  0
SCALE
  5
1C6
102
{ACAD_REACTORS
330
10C
102
}
330
10C
100
AcDbScale
 70
     0
300
1:40
140
1.0
141
40.0
290
     0
  0
SCALE
  5
1C7
102
{ACAD_REACTORS
330
10C
102
}
330
10C
100
AcDbScale
 70
     0
300
1:50
140
1.0
141
50.0
290
     0
  0
SCALE
  5
1C8
102
{ACAD_REACTORS
330
10C
102
}
330
10C
100
AcDbScale
 70
     0
300
1:100
140
1.0
141
100.0
290
     0
  0
SCALE
  5
1C9
102
{ACAD_REACTORS
330
10C
102
}
330
10C
100
AcDbScale
 70
     0
300
2:1
140
2.0
141
1.0
290
     0
  0
SCALE
  5
1CA
102
{ACAD_REACTORS
330
10C
102
}
330
10C
100
AcDbScale
 70
     0
300
4:1
140
4.0
141
1.0
290
     0
  0
SCALE
  5
1CB
102
{ACAD_REACTORS
330
10C
102
}
330
10C
100
AcDbScale
 70
     0
300
8:1
140
8.0
141
1.0
290
     0
  0
SCALE
  5
1CC
102
{ACAD_REACTORS
330
10C
102
}
330
10C
100
AcDbScale
 70
     0
300
10:1
140
10.0
141
1.0
290
     0
  0
SCALE
  5
1CD
102
{ACAD_REACTORS
330
10C
102
}
330
10C
100
AcDbScale
 70
     0
300
100:1
140
100.0
141
1.0
290
     0
  0
ACDBSECTIONVIEWSTYLE
  5
21A
102
{ACAD_REACTORS
330
219
102
}
330
219
100
AcDbModelDocViewStyle
 70
     0
  3
Metric50
290
     0
300
Metric50
 90
        0
100
AcDbSectionViewStyle
 70
     0
 71
     0
 90
      102
 71
     1
340
11
 62
   256
 40
5.0
340
0
340
0
 62
   256
 40
5.0
300
I, O, Q, S, X, Z
 40
10.0
 90
        0
 40
2.5
 90
        0
 71
     2
340
16
 90
       25
 62
   256
340
16
 90
       50
 62
   256
 40
5.0
 40
2.5
 40
5.0
 71
     3
340
11
 62
   256
 40
5.0
 90
        0
 40
15.0
 90
        1
300
%<\AcVar ViewSectionStartId>%-%<\AcVar ViewSectionEndId>% (%<\AcVar ViewScale \f "%sn">%)
 71
     4
 62
   256
 62
   257
300
ANSI31
 40
1.0
 90
        0
290
     0
290
     0
 90
        6
 40
0.0
 40
1.570796326794896
 40
0.2617993877991494
 40
1.308996938995747
 40
-0.2617993877991494
 40
1.832595714594045
  0
TABLESTYLE
  5
7F
102
{ACAD_XDICTIONARY
360
162
102
}
102
{ACAD_REACTORS
330
7E
102
}
330
7E
100
AcDbTableStyle
280
     0
  3
Standard
 70
     0
 71
     0
 40
1.5
 41
1.5
280
     0
281
     0
  7
Standard
140
4.5
170
     2
 62
     0
 63
     7
283
     0
 90
      512
 91
        0
  1

274
    -2
284
     1
 64
     0
275
    -2
285
     1
 65
     0
276
    -2
286
     1
 66
     0
277
    -2
287
     1
 67
     0
278
    -2
288
     1
 68
     0
279
    -2
289
     1
 69
     0
  7
Standard
140
6.0
170
     5
 62
     0
 63
     7
283
     0
 90
      512
 91
        0
  1

274
    -2
284
     1
 64
     0
275
    -2
285
     1
 65
     0
276
    -2
286
     1
 66
     0
277
    -2
287
     1
 67
     0
278
    -2
288
     1
 68
     0
279
    -2
289
     1
 69
     0
  7
Standard
140
4.5
170
     5
 62
     0
 63
     7
283
     0
 90
      512
 91
        0
  1

274
    -2
284
     1
 64
     0
275
    -2
285
     1
 65
     0
276
    -2
286
     1
 66
     0
277
    -2
287
     1
 67
     0
278
    -2
288
     1
 68
     0
279
    -2
289
     1
 69
     0
  0
VISUALSTYLE
  5
F5
102
{ACAD_REACTORS
330
EF
102
}
330
EF
100
AcDbVisualStyle
  2
2dWireframe
 70
     4
177
     3
291
     0
 70
    58
 90
        0
176
     1
 90
        2
176
     1
 90
        1
176
     1
 90
        0
176
     1
 40
0.6
176
     1
 40
30.0
176
     1
 62
     7
420
 16777215
176
     1
 90
        1
176
     1
 90
        4
176
     1
 62
     7
176
     1
 62
   257
176
     1
 90
        1
176
     1
 90
        1
176
     1
 40
1.0
176
     1
 90
        0
176
     1
 62
   257
176
     1
 40
1.0
176
     1
 90
        1
176
     1
 90
        6
176
     1
 90
        2
176
     1
 62
     7
176
     1
 90
        5
176
     1
 90
        0
176
     1
 90
        0
176
     1
290
     0
176
     1
 90
        1
176
     1
 40
0.0
176
     1
 90
        0
176
     1
290
     1
176
     1
290
     1
176
     1
290
     0
176
     1
290
     0
176
     1
290
     0
176
     1
290
     0
176
     1
290
     0
176
     1
290
     0
176
     1
290
     0
176
     1
 90
       50
176
     1
 40
0.0
176
     1
 40
1.0
176
     1
 90
        0
176
     1
 62
    18
176
     1
 90
       50
176
     1
 90
        3
176
     1
 62
     5
420
      255
176
     1
290
     0
176
     1
 90
       50
176
     1
 90
       50
176
     1
 90
       50
176
     1
290
     0
176
     1
 90
       50
176
     1
 62
   256
176
     0
 40
1.0
176
     0
 90
        2
176
     1
  1
strokes_ogs.tif
176
     1
290
     0
176
     1
 40
1.0
176
     1
 40
1.0
176
     1
  0
VISUALSTYLE
  5
F4
102
{ACAD_REACTORS
330
EF
102
}
330
EF
100
AcDbVisualStyle
  2
Basic
 70
     7
177
     3
291
     1
 70
    58
 90
        1
176
     1
 90
        0
176
     1
 90
        1
176
     1
 90
        0
176
     1
 40
0.6
176
     1
 40
30.0
176
     1
 62
     7
420
 16777215
176
     1
 90
        0
176
     1
 90
        4
176
     1
 62
     7
176
     1
 62
   257
176
     1
 90
        1
176
     1
 90
        1
176
     1
 40
1.0
176
     1
 90
        8
176
     1
 62
     7
176
     1
 40
1.0
176
     1
 90
        1
176
     1
 90
        6
176
     1
 90
        2
176
     1
 62
     7
176
     1
 90
        5
176
     1
 90
        0
176
     1
 90
        0
176
     1
290
     0
176
     1
 90
        1
176
     1
 40
0.0
176
     1
 90
        0
176
     1
290
     0
176
     1
290
     1
176
     1
290
     1
176
     1
290
     0
176
     1
290
     0
176
     1
290
     0
176
     1
290
     0
176
     1
290
     0
176
     1
290
     0
176
     1
 90
       50
176
     1
 40
0.0
176
     1
 40
1.0
176
     1
 90
        0
176
     1
 62
    18
176
     1
 90
       50
176
     1
 90
        3
176
     1
 62
     5
420
      255
176
     1
290
     0
176
     1
 90
       50
176
     1
 90
       50
176
     1
 90
       50
176
     1
290
     0
176
     1
 90
       50
176
     1
 62
   256
176
     0
 40
1.0
176
     0
 90
        2
176
     1
  1
strokes_ogs.tif
176
     1
290
     0
176
     1
 40
1.0
176
     1
 40
1.0
176
     1
  0
VISUALSTYLE
  5
FB
102
{ACAD_REACTORS
330
EF
102
}
330
EF
100
AcDbVisualStyle
  2
Brighten
 70
    12
177
     3
291
     1
 70
    58
 90
        2
176
     1
 90
        2
176
     1
 90
        1
176
     1
 90
        0
176
     1
 40
0.6
176
     1
 40
30.0
176
     1
 62
     7
420
 16777215
176
     1
 90
        1
176
     1
 90
        4
176
     1
 62
     7
176
     1
 62
   257
176
     1
 90
        1
176
     1
 90
        1
176
     1
 40
1.0
176
     1
 90
        8
176
     1
 62
     7
176
     1
 40
1.0
176
     1
 90
        1
176
     1
 90
        6
176
     1
 90
        2
176
     1
 62
     7
176
     1
 90
        5
176
     1
 90
        0
176
     1
 90
        0
176
     1
290
     0
176
     1
 90
        1
176
     1
 40
50.0
176
     1
 90
        0
176
     1
290
     0
176
     1
290
     1
176
     1
290
     1
176
     1
290
     0
176
     1
290
     0
176
     1
290
     0
176
     1
290
     0
176
     1
290
     0
176
     1
290
     0
176
     1
 90
       50
176
     1
 40
0.0
176
     1
 40
1.0
176
     1
 90
        0
176
     1
 62
    18
176
     1
 90
       50
176
     1
 90
        3
176
     1
 62
     5
420
      255
176
     1
290
     0
176
     1
 90
       50
176
     1
 90
       50
176
     1
 90
       50
176
     1
290
     0
176
     1
 90
       50
176
     1
 62
   256
176
     0
 40
1.0
176
     0
 90
        2
176
     1
  1
strokes_ogs.tif
176
     1
290
     0
176
     1
 40
1.0
176
     1
 40
1.0
176
     1
  0
VISUALSTYLE
  5
FF
102
{ACAD_REACTORS
330
EF
102
}
330
EF
100
AcDbVisualStyle
  2
ColorChange
 70
    16
177
     3
291
     1
 70
    58
 90
        2
176
     1
 90
        2
176
     1
 90
        3
176
     1
 90
        0
176
     1
 40
0.6
176
     1
 40
30.0
176
     1
 62
     8
420
  8421504
176
     1
 90
        1
176
     1
 90
        4
176
     1
 62
     7
176
     1
 62
   257
176
     1
 90
        1
176
     1
 90
        1
176
     1
 40
1.0
176
     1
 90
        8
176
     1
 62
     8
420
  8421504
176
     1
 40
1.0
176
     1
 90
        1
176
     1
 90
        6
176
     1
 90
        2
176
     1
 62
     7
176
     1
 90
        5
176
     1
 90
        0
176
     1
 90
        0
176
     1
290
     0
176
     1
 90
        1
176
     1
 40
0.0
176
     1
 90
        0
176
     1
290
     0
176
     1
290
     1
176
     1
290
     1
176
     1
290
     0
176
     1
290
     0
176
     1
290
     0
176
     1
290
     0
176
     1
290
     0
176
     1
290
     0
176
     1
 90
       50
176
     1
 40
0.0
176
     1
 40
1.0
176
     1
 90
        0
176
     1
 62
    18
176
     1
 90
       50
176
     1
 90
        3
176
     1
 62
     5
420
      255
176
     1
290
     0
176
     1
 90
       50
176
     1
 90
       50
176
     1
 90
       50
176
     1
290
     0
176
     1
 90
       50
176
     1
 62
   256
176
     0
 40
1.0
176
     0
 90
        2
176
     1
  1
strokes_ogs.tif
176
     1
290
     0
176
     1
 40
1.0
176
     1
 40
1.0
176
     1
  0
VISUALSTYLE
  5
F8
102
{ACAD_REACTORS
330
EF
102
}
330
EF
100
AcDbVisualStyle
  2
Conceptual
 70
     9
177
     3
291
     0
 70
    58
 90
        3
176
     1
 90
        2
176
     1
 90
        1
176
     1
 90
        0
176
     1
 40
0.6
176
     1
 40
30.0
176
     1
 62
     7
420
 16777215
176
     1
 90
        2
176
     1
 90
        2
176
     1
 62
     7
176
     1
 62
   257
176
     1
 90
        1
176
     1
 90
        1
176
     1
 40
40.0
176
     1
 90
        8
176
     1
 62
     7
176
     1
 40
1.0
176
     1
 90
        1
176
     1
 90
        6
176
     1
 90
        2
176
     1
 62
     7
176
     1
 90
        3
176
     1
 90
        0
176
     1
 90
        0
176
     1
290
     0
176
     1
 90
        1
176
     1
 40
0.0
176
     1
 90
        0
176
     1
290
     0
176
     1
290
     1
176
     1
290
     1
176
     1
290
     0
176
     1
290
     0
176
     1
290
     0
176
     1
290
     0
176
     1
290
     0
176
     1
290
     0
176
     1
 90
       50
176
     1
 40
0.0
176
     1
 40
1.0
176
     1
 90
        0
176
     1
 62
    18
176
     1
 90
       50
176
     1
 90
        3
176
     1
 62
     5
420
      255
176
     1
290
     0
176
     1
 90
       50
176
     1
 90
       50
176
     1
 90
       50
176
     1
290
     0
176
     1
 90
       50
176
     1
 62
   256
176
     0
 40
1.0
176
     0
 90
        2
176
     1
  1
strokes_ogs.tif
176
     1
290
     0
176
     1
 40
1.0
176
     1
 40
1.0
176
     1
  0
VISUALSTYLE
  5
FA
102
{ACAD_REACTORS
330
EF
102
}
330
EF
100
AcDbVisualStyle
  2
Dim
 70
    11
177
     3
291
     1
 70
    58
 90
        2
176
     1
 90
        2
176
     1
 90
        1
176
     1
 90
        0
176
     1
 40
0.6
176
     1
 40
30.0
176
     1
 62
     7
420
 16777215
176
     1
 90
        1
176
     1
 90
        4
176
     1
 62
     7
176
     1
 62
   257
176
     1
 90
        1
176
     1
 90
        1
176
     1
 40
1.0
176
     1
 90
        8
176
     1
 62
     7
176
     1
 40
1.0
176
     1
 90
        1
176
     1
 90
        6
176
     1
 90
        2
176
     1
 62
     7
176
     1
 90
        5
176
     1
 90
        0
176
     1
 90
        0
176
     1
290
     0
176
     1
 90
        1
176
     1
 40
-50.0
176
     1
 90
        0
176
     1
290
     0
176
     1
290
     1
176
     1
290
     1
176
     1
290
     0
176
     1
290
     0
176
     1
290
     0
176
     1
290
     0
176
     1
290
     0
176
     1
290
     0
176
     1
 90
       50
176
     1
 40
0.0
176
     1
 40
1.0
176
     1
 90
        0
176
     1
 62
    18
176
     1
 90
       50
176
     1
 90
        3
176
     1
 62
     5
420
      255
176
     1
290
     0
176
     1
 90
       50
176
     1
 90
       50
176
     1
 90
       50
176
     1
290
     0
176
     1
 90
       50
176
     1
 62
   256
176
     0
 40
1.0
176
     0
 90
        2
176
     1
  1
strokes_ogs.tif
176
     1
290
     0
176
     1
 40
1.0
176
     1
 40
1.0
176
     1
  0
VISUALSTYLE
  5
1E6
102
{ACAD_REACTORS
330
EF
102
}
330
EF
100
AcDbVisualStyle
  2
EdgeColorOff
 70
    22
177
     3
291
     1
 70
    58
 90
        2
176
     0
 90
        2
176
     0
 90
        0
176
     0
 90
        0
176
     0
 40
0.6
176
     0
 40
30.0
176
     0
 62
     7
420
 16777215
176
     0
 90
        1
176
     0
 90
        4
176
     0
 62
     7
176
     0
 62
   257
176
     0
 90
        1
176
     0
 90
        1
176
     0
 40
1.0
176
     0
 90
        8
176
     2
 62
     7
176
     0
 40
1.0
176
     0
 90
        1
176
     0
 90
        6
176
     0
 90
        2
176
     0
 62
     7
176
     0
 90
        5
176
     0
 90
        0
176
     0
 90
        0
176
     0
290
     0
176
     0
 90
        1
176
     0
 40
0.0
176
     0
 90
        0
176
     0
290
     0
176
     1
290
     1
176
     1
290
     1
176
     1
290
     0
176
     1
290
     0
176
     1
290
     0
176
     1
290
     0
176
     1
290
     0
176
     1
290
     0
176
     1
 90
       50
176
     1
 40
0.0
176
     1
 40
1.0
176
     1
 90
        0
176
     1
 62
    18
176
     1
 90
       50
176
     1
 90
        3
176
     1
 62
     5
420
      255
176
     1
290
     0
176
     1
 90
       50
176
     1
 90
       50
176
     1
 90
       50
176
     1
290
     0
176
     1
 90
       50
176
     1
 62
   256
176
     0
 40
1.0
176
     0
 90
        2
176
     1
  1
strokes_ogs.tif
176
     1
290
     0
176
     1
 40
1.0
176
     1
 40
1.0
176
     1
  0
VISUALSTYLE
  5
FE
102
{ACAD_REACTORS
330
EF
102
}
330
EF
100
AcDbVisualStyle
  2
Facepattern
 70
    15
177
     3
291
     1
 70
    58
 90
        2
176
     1
 90
        2
176
     1
 90
        1
176
     1
 90
        0
176
     1
 40
0.6
176
     1
 40
30.0
176
     1
 62
     7
420
 16777215
176
     1
 90
        1
176
     1
 90
        4
176
     1
 62
     7
176
     1
 62
   257
176
     1
 90
        1
176
     1
 90
        1
176
     1
 40
1.0
176
     1
 90
        8
176
     1
 62
     7
176
     1
 40
1.0
176
     1
 90
        1
176
     1
 90
        6
176
     1
 90
        2
176
     1
 62
     7
176
     1
 90
        5
176
     1
 90
        0
176
     1
 90
        0
176
     1
290
     0
176
     1
 90
        1
176
     1
 40
0.0
176
     1
 90
        0
176
     1
290
     0
176
     1
290
     1
176
     1
290
     1
176
     1
290
     0
176
     1
290
     0
176
     1
290
     0
176
     1
290
     0
176
     1
290
     0
176
     1
290
     0
176
     1
 90
       50
176
     1
 40
0.0
176
     1
 40
1.0
176
     1
 90
        0
176
     1
 62
    18
176
     1
 90
       50
176
     1
 90
        3
176
     1
 62
     5
420
      255
176
     1
290
     0
176
     1
 90
       50
176
     1
 90
       50
176
     1
 90
       50
176
     1
290
     0
176
     1
 90
       50
176
     1
 62
   256
176
     0
 40
1.0
176
     0
 90
        2
176
     1
  1
strokes_ogs.tif
176
     1
290
     0
176
     1
 40
1.0
176
     1
 40
1.0
176
     1
  0
VISUALSTYLE
  5
F0
102
{ACAD_REACTORS
330
EF
102
}
330
EF
100
AcDbVisualStyle
  2
Flat
 70
     0
177
     3
291
     1
 70
    58
 90
        2
176
     1
 90
        1
176
     1
 90
        1
176
     1
 90
        2
176
     1
 40
0.6
176
     1
 40
30.0
176
     1
 62
     7
420
 16777215
176
     1
 90
        0
176
     1
 90
        0
176
     1
 62
     7
176
     1
 62
   257
176
     1
 90
        1
176
     1
 90
        1
176
     1
 40
1.0
176
     1
 90
        8
176
     1
 62
     7
176
     1
 40
1.0
176
     1
 90
        1
176
     1
 90
        6
176
     1
 90
        2
176
     1
 62
     7
176
     1
 90
        5
176
     1
 90
        0
176
     1
 90
        0
176
     1
290
     0
176
     1
 90
       13
176
     1
 40
0.0
176
     1
 90
        0
176
     1
290
     0
176
     1
290
     1
176
     1
290
     1
176
     1
290
     0
176
     1
290
     0
176
     1
290
     0
176
     1
290
     0
176
     1
290
     0
176
     1
290
     0
176
     1
 90
       50
176
     1
 40
0.0
176
     1
 40
1.0
176
     1
 90
        0
176
     1
 62
    18
176
     1
 90
       50
176
     1
 90
        3
176
     1
 62
     5
420
      255
176
     1
290
     0
176
     1
 90
       50
176
     1
 90
       50
176
     1
 90
       50
176
     1
290
     0
176
     1
 90
       50
176
     1
 62
   256
176
     0
 40
1.0
176
     0
 90
        2
176
     1
  1
strokes_ogs.tif
176
     1
290
     0
176
     1
 40
1.0
176
     1
 40
1.0
176
     1
  0
VISUALSTYLE
  5
F1
102
{ACAD_REACTORS
330
EF
102
}
330
EF
100
AcDbVisualStyle
  2
FlatWithEdges
 70
     1
177
     3
291
     1
 70
    58
 90
        2
176
     1
 90
        1
176
     1
 90
        1
176
     1
 90
        2
176
     1
 40
0.6
176
     1
 40
30.0
176
     1
 62
     7
420
 16777215
176
     1
 90
        1
176
     1
 90
        0
176
     1
 62
     7
176
     1
 62
   257
176
     1
 90
        1
176
     1
 90
        1
176
     1
 40
1.0
176
     1
 90
        0
176
     1
 62
   257
176
     1
 40
1.0
176
     1
 90
        1
176
     1
 90
        6
176
     1
 90
        2
176
     1
 62
     7
176
     1
 90
        5
176
     1
 90
        0
176
     1
 90
        0
176
     1
290
     0
176
     1
 90
       13
176
     1
 40
0.0
176
     1
 90
        0
176
     1
290
     0
176
     1
290
     1
176
     1
290
     1
176
     1
290
     0
176
     1
290
     0
176
     1
290
     0
176
     1
290
     0
176
     1
290
     0
176
     1
290
     0
176
     1
 90
       50
176
     1
 40
0.0
176
     1
 40
1.0
176
     1
 90
        0
176
     1
 62
    18
176
     1
 90
       50
176
     1
 90
        3
176
     1
 62
     5
420
      255
176
     1
290
     0
176
     1
 90
       50
176
     1
 90
       50
176
     1
 90
       50
176
     1
290
     0
176
     1
 90
       50
176
     1
 62
   256
176
     0
 40
1.0
176
     0
 90
        2
176
     1
  1
strokes_ogs.tif
176
     1
290
     0
176
     1
 40
1.0
176
     1
 40
1.0
176
     1
  0
VISUALSTYLE
  5
F2
102
{ACAD_REACTORS
330
EF
102
}
330
EF
100
AcDbVisualStyle
  2
Gouraud
 70
     2
177
     3
291
     1
 70
    58
 90
        2
176
     1
 90
        2
176
     1
 90
        1
176
     1
 90
        2
176
     1
 40
0.6
176
     1
 40
30.0
176
     1
 62
     7
420
 16777215
176
     1
 90
        0
176
     1
 90
        0
176
     1
 62
     7
176
     1
 62
   257
176
     1
 90
        1
176
     1
 90
        1
176
     1
 40
1.0
176
     1
 90
        0
176
     1
 62
     7
176
     1
 40
1.0
176
     1
 90
        1
176
     1
 90
        6
176
     1
 90
        2
176
     1
 62
     7
176
     1
 90
        5
176
     1
 90
        0
176
     1
 90
        0
176
     1
290
     0
176
     1
 90
       13
176
     1
 40
0.0
176
     1
 90
        0
176
     1
290
     0
176
     1
290
     1
176
     1
290
     1
176
     1
290
     0
176
     1
290
     0
176
     1
290
     0
176
     1
290
     0
176
     1
290
     0
176
     1
290
     0
176
     1
 90
       50
176
     1
 40
0.0
176
     1
 40
1.0
176
     1
 90
        0
176
     1
 62
    18
176
     1
 90
       50
176
     1
 90
        3
176
     1
 62
     5
420
      255
176
     1
290
     0
176
     1
 90
       50
176
     1
 90
       50
176
     1
 90
       50
176
     1
290
     0
176
     1
 90
       50
176
     1
 62
   256
176
     0
 40
1.0
176
     0
 90
        2
176
     1
  1
strokes_ogs.tif
176
     1
290
     0
176
     1
 40
1.0
176
     1
 40
1.0
176
     1
  0
VISUALSTYLE
  5
F3
102
{ACAD_REACTORS
330
EF
102
}
330
EF
100
AcDbVisualStyle
  2
GouraudWithEdges
 70
     3
177
     3
291
     1
 70
    58
 90
        2
176
     1
 90
        2
176
     1
 90
        1
176
     1
 90
        2
176
     1
 40
0.6
176
     1
 40
30.0
176
     1
 62
     7
420
 16777215
176
     1
 90
        1
176
     1
 90
        0
176
     1
 62
     7
176
     1
 62
   257
176
     1
 90
        1
176
     1
 90
        1
176
     1
 40
1.0
176
     1
 90
        0
176
     1
 62
   257
176
     1
 40
1.0
176
     1
 90
        1
176
     1
 90
        6
176
     1
 90
        2
176
     1
 62
     7
176
     1
 90
        5
176
     1
 90
        0
176
     1
 90
        0
176
     1
290
     0
176
     1
 90
       13
176
     1
 40
0.0
176
     1
 90
        0
176
     1
290
     0
176
     1
290
     1
176
     1
290
     1
176
     1
290
     0
176
     1
290
     0
176
     1
290
     0
176
     1
290
     0
176
     1
290
     0
176
     1
290
     0
176
     1
 90
       50
176
     1
 40
0.0
176
     1
 40
1.0
176
     1
 90
        0
176
     1
 62
    18
176
     1
 90
       50
176
     1
 90
        3
176
     1
 62
     5
420
      255
176
     1
290
     0
176
     1
 90
       50
176
     1
 90
       50
176
     1
 90
       50
176
     1
290
     0
176
     1
 90
       50
176
     1
 62
   256
176
     0
 40
1.0
176
     0
 90
        2
176
     1
  1
strokes_ogs.tif
176
     1
290
     0
176
     1
 40
1.0
176
     1
 40
1.0
176
     1
  0
VISUALSTYLE
  5
F7
102
{ACAD_REACTORS
330
EF
102
}
330
EF
100
AcDbVisualStyle
  2
Hidden
 70
     6
177
     3
291
     0
 70
    58
 90
        1
176
     1
 90
        2
176
     1
 90
        2
176
     1
 90
        0
176
     1
 40
0.6
176
     1
 40
30.0
176
     1
 62
     7
420
 16777215
176
     1
 90
        2
176
     1
 90
        2
176
     1
 62
     7
176
     1
 62
   257
176
     1
 90
        2
176
     1
 90
        1
176
     1
 40
40.0
176
     1
 90
        0
176
     1
 62
   257
176
     1
 40
1.0
176
     1
 90
        1
176
     1
 90
        6
176
     1
 90
        2
176
     1
 62
     7
176
     1
 90
        3
176
     1
 90
        0
176
     1
 90
        0
176
     1
290
     0
176
     1
 90
        1
176
     1
 40
0.0
176
     1
 90
        0
176
     1
290
     0
176
     1
290
     1
176
     1
290
     1
176
     1
290
     0
176
     1
290
     0
176
     1
290
     0
176
     1
290
     0
176
     1
290
     0
176
     1
290
     0
176
     1
 90
       50
176
     1
 40
0.0
176
     1
 40
1.0
176
     1
 90
        0
176
     1
 62
    18
176
     1
 90
       50
176
     1
 90
        3
176
     1
 62
     5
420
      255
176
     1
290
     0
176
     1
 90
       50
176
     1
 90
       50
176
     1
 90
       50
176
     1
290
     0
176
     1
 90
       50
176
     1
 62
   256
176
     0
 40
1.0
176
     0
 90
        2
176
     1
  1
strokes_ogs.tif
176
     1
290
     0
176
     1
 40
1.0
176
     1
 40
1.0
176
     1
  0
VISUALSTYLE
  5
1E4
102
{ACAD_REACTORS
330
EF
102
}
330
EF
100
AcDbVisualStyle
  2
JitterOff
 70
    20
177
     3
291
     1
 70
    58
 90
        2
176
     0
 90
        2
176
     0
 90
        0
176
     0
 90
        0
176
     0
 40
0.6
176
     0
 40
30.0
176
     0
 62
     7
420
 16777215
176
     0
 90
        1
176
     0
 90
        4
176
     0
 62
     7
176
     0
 62
   257
176
     0
 90
        1
176
     0
 90
        1
176
     0
 40
1.0
176
     0
 90
       10
176
     2
 62
     7
176
     0
 40
1.0
176
     0
 90
        1
176
     0
 90
        6
176
     0
 90
        2
176
     0
 62
     7
176
     0
 90
        5
176
     0
 90
        0
176
     0
 90
        0
176
     0
290
     0
176
     0
 90
        1
176
     0
 40
0.0
176
     0
 90
        0
176
     0
290
     0
176
     1
290
     1
176
     1
290
     1
176
     1
290
     0
176
     1
290
     0
176
     1
290
     0
176
     1
290
     0
176
     1
290
     0
176
     1
290
     0
176
     1
 90
       50
176
     1
 40
0.0
176
     1
 40
1.0
176
     1
 90
        0
176
     1
 62
    18
176
     1
 90
       50
176
     1
 90
        3
176
     1
 62
     5
420
      255
176
     1
290
     0
176
     1
 90
       50
176
     1
 90
       50
176
     1
 90
       50
176
     1
290
     0
176
     1
 90
       50
176
     1
 62
   256
176
     0
 40
1.0
176
     0
 90
        2
176
     1
  1
strokes_ogs.tif
176
     1
290
     0
176
     1
 40
1.0
176
     1
 40
1.0
176
     1
  0
VISUALSTYLE
  5
FD
102
{ACAD_REACTORS
330
EF
102
}
330
EF
100
AcDbVisualStyle
  2
Linepattern
 70
    14
177
     3
291
     1
 70
    58
 90
        2
176
     1
 90
        2
176
     1
 90
        1
176
     1
 90
        0
176
     1
 40
0.6
176
     1
 40
30.0
176
     1
 62
     7
420
 16777215
176
     1
 90
        1
176
     1
 90
        4
176
     1
 62
     7
176
     1
 62
   257
176
     1
 90
        7
176
     1
 90
        7
176
     1
 40
1.0
176
     1
 90
        8
176
     1
 62
     7
176
     1
 40
1.0
176
     1
 90
        1
176
     1
 90
        6
176
     1
 90
        2
176
     1
 62
     7
176
     1
 90
        5
176
     1
 90
        0
176
     1
 90
        0
176
     1
290
     0
176
     1
 90
        1
176
     1
 40
0.0
176
     1
 90
        0
176
     1
290
     0
176
     1
290
     1
176
     1
290
     1
176
     1
290
     0
176
     1
290
     0
176
     1
290
     0
176
     1
290
     0
176
     1
290
     0
176
     1
290
     0
176
     1
 90
       50
176
     1
 40
0.0
176
     1
 40
1.0
176
     1
 90
        0
176
     1
 62
    18
176
     1
 90
       50
176
     1
 90
        3
176
     1
 62
     5
420
      255
176
     1
290
     0
176
     1
 90
       50
176
     1
 90
       50
176
     1
 90
       50
176
     1
290
     0
176
     1
 90
       50
176
     1
 62
   256
176
     0
 40
1.0
176
     0
 90
        2
176
     1
  1
strokes_ogs.tif
176
     1
290
     0
176
     1
 40
1.0
176
     1
 40
1.0
176
     1
  0
VISUALSTYLE
  5
1E5
102
{ACAD_REACTORS
330
EF
102
}
330
EF
100
AcDbVisualStyle
  2
OverhangOff
 70
    21
177
     3
291
     1
 70
    58
 90
        2
176
     0
 90
        2
176
     0
 90
        0
176
     0
 90
        0
176
     0
 40
0.6
176
     0
 40
30.0
176
     0
 62
     7
420
 16777215
176
     0
 90
        1
176
     0
 90
        4
176
     0
 62
     7
176
     0
 62
   257
176
     0
 90
        1
176
     0
 90
        1
176
     0
 40
1.0
176
     0
 90
        9
176
     2
 62
     7
176
     0
 40
1.0
176
     0
 90
        1
176
     0
 90
        6
176
     0
 90
        2
176
     0
 62
     7
176
     0
 90
        5
176
     0
 90
        0
176
     0
 90
        0
176
     0
290
     0
176
     0
 90
        1
176
     0
 40
0.0
176
     0
 90
        0
176
     0
290
     0
176
     1
290
     1
176
     1
290
     1
176
     1
290
     0
176
     1
290
     0
176
     1
290
     0
176
     1
290
     0
176
     1
290
     0
176
     1
290
     0
176
     1
 90
       50
176
     1
 40
0.0
176
     1
 40
1.0
176
     1
 90
        0
176
     1
 62
    18
176
     1
 90
       50
176
     1
 90
        3
176
     1
 62
     5
420
      255
176
     1
290
     0
176
     1
 90
       50
176
     1
 90
       50
176
     1
 90
       50
176
     1
290
     0
176
     1
 90
       50
176
     1
 62
   256
176
     0
 40
1.0
176
     0
 90
        2
176
     1
  1
strokes_ogs.tif
176
     1
290
     0
176
     1
 40
1.0
176
     1
 40
1.0
176
     1
  0
VISUALSTYLE
  5
F9
102
{ACAD_REACTORS
330
EF
102
}
330
EF
100
AcDbVisualStyle
  2
Realistic
 70
     8
177
     3
291
     0
 70
    58
 90
        2
176
     1
 90
        3
176
     1
 90
        0
176
     1
 90
        2
176
     1
 40
0.6
176
     1
 40
30.0
176
     1
 62
     7
420
 16777215
176
     1
 90
        0
176
     1
 90
        0
176
     1
 62
     7
176
     1
 62
   257
176
     1
 90
        1
176
     1
 90
        1
176
     1
 40
1.0
176
     1
 90
        8
176
     1
 62
   257
176
     1
 40
1.0
176
     1
 90
        1
176
     1
 90
        6
176
     1
 90
        2
176
     1
 62
     7
176
     1
 90
        3
176
     1
 90
        0
176
     1
 90
        0
176
     1
290
     0
176
     1
 90
       13
176
     1
 40
0.0
176
     1
 90
        0
176
     1
290
     0
176
     1
290
     1
176
     1
290
     1
176
     1
290
     0
176
     1
290
     0
176
     1
290
     0
176
     1
290
     0
176
     1
290
     0
176
     1
290
     0
176
     1
 90
       50
176
     1
 40
0.0
176
     1
 40
1.0
176
     1
 90
        0
176
     1
 62
    18
176
     1
 90
       50
176
     1
 90
        3
176
     1
 62
     5
420
      255
176
     1
290
     0
176
     1
 90
       50
176
     1
 90
       50
176
     1
 90
       50
176
     1
290
     0
176
     1
 90
       50
176
     1
 62
   256
176
     0
 40
1.0
176
     0
 90
        2
176
     1
  1
strokes_ogs.tif
176
     1
290
     0
176
     1
 40
1.0
176
     1
 40
1.0
176
     1
  0
VISUALSTYLE
  5
1F3
102
{ACAD_REACTORS
330
EF
102
}
330
EF
100
AcDbVisualStyle
  2
Shaded
 70
    27
177
     3
291
     0
 70
    58
 90
        2
176
     1
 90
        2
176
     1
 90
        1
176
     1
 90
        2
176
     1
 40
0.6
176
     1
 40
30.0
176
     1
 62
     7
420
 16777215
176
     1
 90
        0
176
     1
 90
        4
176
     1
 62
     7
176
     1
 62
   257
176
     1
 90
        1
176
     1
 90
        1
176
     1
 40
1.0
176
     1
 90
        8
176
     1
 62
   257
176
     1
 40
1.0
176
     1
 90
        1
176
     1
 90
        6
176
     1
 90
        2
176
     1
 62
     8
420
  7895160
176
     1
 90
        3
176
     1
 90
        0
176
     1
 90
        0
176
     1
290
     0
176
     1
 90
        5
176
     1
 40
0.0
176
     1
 90
        0
176
     1
290
     0
176
     1
290
     1
176
     1
290
     1
176
     1
290
     0
176
     1
290
     0
176
     1
290
     0
176
     1
290
     0
176
     1
290
     0
176
     1
290
     0
176
     1
 90
       50
176
     1
 40
0.0
176
     1
 40
1.0
176
     1
 90
        0
176
     1
 62
    18
176
     1
 90
       50
176
     1
 90
        3
176
     1
 62
     5
420
      255
176
     1
290
     0
176
     1
 90
       50
176
     1
 90
       50
176
     1
 90
       50
176
     1
290
     0
176
     1
 90
       50
176
     1
 62
   256
176
     0
 40
1.0
176
     0
 90
        2
176
     1
  1
strokes_ogs.tif
176
     1
290
     0
176
     1
 40
1.0
176
     1
 40
1.0
176
     1
  0
VISUALSTYLE
  5
1F2
102
{ACAD_REACTORS
330
EF
102
}
330
EF
100
AcDbVisualStyle
  2
Shaded with edges
 70
    26
177
     3
291
     0
 70
    58
 90
        2
176
     1
 90
        2
176
     1
 90
        1
176
     1
 90
        2
176
     1
 40
0.6
176
     1
 40
30.0
176
     1
 62
     7
420
 16777215
176
     1
 90
        1
176
     1
 90
        2
176
     1
 62
     7
176
     1
 62
   257
176
     1
 90
        2
176
     1
 90
        1
176
     1
 40
1.0
176
     1
 90
        8
176
     1
 62
   257
176
     1
 40
1.0
176
     1
 90
        1
176
     1
 90
        6
176
     1
 90
        2
176
     1
 62
     7
176
     1
 90
        3
176
     1
 90
        0
176
     1
 90
        0
176
     1
290
     0
176
     1
 90
        5
176
     1
 40
0.0
176
     1
 90
        0
176
     1
290
     0
176
     1
290
     1
176
     1
290
     1
176
     1
290
     0
176
     1
290
     0
176
     1
290
     0
176
     1
290
     0
176
     1
290
     0
176
     1
290
     0
176
     1
 90
       50
176
     1
 40
0.0
176
     1
 40
1.0
176
     1
 90
        0
176
     1
 62
    18
176
     1
 90
       50
176
     1
 90
        3
176
     1
 62
     5
420
      255
176
     1
290
     0
176
     1
 90
       50
176
     1
 90
       50
176
     1
 90
       50
176
     1
290
     0
176
     1
 90
       50
176
     1
 62
   256
176
     0
 40
1.0
176
     0
 90
        2
176
     1
  1
strokes_ogs.tif
176
     1
290
     0
176
     1
 40
1.0
176
     1
 40
1.0
176
     1
  0
VISUALSTYLE
  5
1EF
102
{ACAD_REACTORS
330
EF
102
}
330
EF
100
AcDbVisualStyle
  2
Shades of Gray
 70
    23
177
     3
291
     0
 70
    58
 90
        2
176
     1
 90
        2
176
     1
 90
        3
176
     1
 90
        0
176
     1
 40
0.6
176
     1
 40
30.0
176
     1
 62
     7
420
 16777215
176
     1
 90
        2
176
     1
 90
        2
176
     1
 62
     7
176
     1
 62
     7
176
     1
 90
        1
176
     1
 90
        1
176
     1
 40
40.0
176
     1
 90
        8
176
     1
 62
     7
176
     1
 40
1.0
176
     1
 90
        1
176
     1
 90
        6
176
     1
 90
        2
176
     1
 62
     7
176
     1
 90
        3
176
     1
 90
        0
176
     1
 90
        0
176
     1
290
     0
176
     1
 90
        1
176
     1
 40
0.0
176
     1
 90
        0
176
     1
290
     0
176
     1
290
     1
176
     1
290
     1
176
     1
290
     0
176
     1
290
     0
176
     1
290
     0
176
     1
290
     0
176
     1
290
     0
176
     1
290
     0
176
     1
 90
       50
176
     1
 40
0.0
176
     1
 40
1.0
176
     1
 90
        0
176
     1
 62
    18
176
     1
 90
       50
176
     1
 90
        3
176
     1
 62
     5
420
      255
176
     1
290
     0
176
     1
 90
       50
176
     1
 90
       50
176
     1
 90
       50
176
     1
290
     0
176
     1
 90
       50
176
     1
 62
   256
176
     0
 40
1.0
176
     0
 90
        2
176
     1
  1
strokes_ogs.tif
176
     1
290
     0
176
     1
 40
1.0
176
     1
 40
1.0
176
     1
  0
VISUALSTYLE
  5
1F0
102
{ACAD_REACTORS
330
EF
102
}
330
EF
100
AcDbVisualStyle
  2
Sketchy
 70
    24
177
     3
291
     0
 70
    58
 90
        1
176
     1
 90
        2
176
     1
 90
        2
176
     1
 90
        0
176
     1
 40
0.6
176
     1
 40
30.0
176
     1
 62
     7
420
 16777215
176
     1
 90
        2
176
     1
 90
        2
176
     1
 62
     7
176
     1
 62
     7
176
     1
 90
        1
176
     1
 90
        1
176
     1
 40
40.0
176
     1
 90
       11
176
     1
 62
     7
176
     1
 40
1.0
176
     1
 90
        1
176
     1
 90
        6
176
     1
 90
        2
176
     1
 62
     7
176
     1
 90
        6
176
     1
 90
        0
176
     1
 90
        0
176
     1
290
     0
176
     1
 90
        1
176
     1
 40
0.0
176
     1
 90
        0
176
     1
290
     0
176
     1
290
     1
176
     1
290
     1
176
     1
290
     0
176
     1
290
     0
176
     1
290
     0
176
     1
290
     0
176
     1
290
     0
176
     1
290
     0
176
     1
 90
       50
176
     1
 40
0.0
176
     1
 40
1.0
176
     1
 90
        0
176
     1
 62
    18
176
     1
 90
       50
176
     1
 90
        3
176
     1
 62
     5
420
      255
176
     1
290
     0
176
     1
 90
       50
176
     1
 90
       50
176
     1
 90
       50
176
     1
290
     0
176
     1
 90
       50
176
     1
 62
   256
176
     0
 40
1.0
176
     0
 90
        2
176
     1
  1
strokes_ogs.tif
176
     1
290
     0
176
     1
 40
1.0
176
     1
 40
1.0
176
     1
  0
VISUALSTYLE
  5
FC
102
{ACAD_REACTORS
330
EF
102
}
330
EF
100
AcDbVisualStyle
  2
Thicken
 70
    13
177
     3
291
     1
 70
    58
 90
        2
176
     1
 90
        2
176
     1
 90
        1
176
     1
 90
        0
176
     1
 40
0.6
176
     1
 40
30.0
176
     1
 62
     7
420
 16777215
176
     1
 90
        1
176
     1
 90
        4
176
     1
 62
     7
176
     1
 62
   257
176
     1
 90
        1
176
     1
 90
        1
176
     1
 40
1.0
176
     1
 90
       12
176
     1
 62
     7
176
     1
 40
1.0
176
     1
 90
        1
176
     1
 90
        6
176
     1
 90
        2
176
     1
 62
     7
176
     1
 90
        5
176
     1
 90
        0
176
     1
 90
        0
176
     1
290
     0
176
     1
 90
        1
176
     1
 40
0.0
176
     1
 90
        0
176
     1
290
     0
176
     1
290
     1
176
     1
290
     1
176
     1
290
     0
176
     1
290
     0
176
     1
290
     0
176
     1
290
     0
176
     1
290
     0
176
     1
290
     0
176
     1
 90
       50
176
     1
 40
0.0
176
     1
 40
1.0
176
     1
 90
        0
176
     1
 62
    18
176
     1
 90
       50
176
     1
 90
        3
176
     1
 62
     5
420
      255
176
     1
290
     0
176
     1
 90
       50
176
     1
 90
       50
176
     1
 90
       50
176
     1
290
     0
176
     1
 90
       50
176
     1
 62
   256
176
     0
 40
1.0
176
     0
 90
        2
176
     1
  1
strokes_ogs.tif
176
     1
290
     0
176
     1
 40
1.0
176
     1
 40
1.0
176
     1
  0
VISUALSTYLE
  5
F6
102
{ACAD_REACTORS
330
EF
102
}
330
EF
100
AcDbVisualStyle
  2
Wireframe
 70
     5
177
     3
291
     0
 70
    58
 90
        0
176
     1
 90
        2
176
     1
 90
        0
176
     1
 90
        0
176
     1
 40
0.6
176
     1
 40
30.0
176
     1
 62
     7
420
 16777215
176
     1
 90
        1
176
     1
 90
        4
176
     1
 62
     7
176
     1
 62
   257
176
     1
 90
        1
176
     1
 90
        1
176
     1
 40
1.0
176
     1
 90
        0
176
     1
 62
   257
176
     1
 40
1.0
176
     1
 90
        1
176
     1
 90
        6
176
     1
 90
        2
176
     1
 62
     7
176
     1
 90
        3
176
     1
 90
        0
176
     1
 90
        0
176
     1
290
     0
176
     1
 90
        1
176
     1
 40
0.0
176
     1
 90
        0
176
     1
290
     0
176
     1
290
     1
176
     1
290
     1
176
     1
290
     0
176
     1
290
     0
176
     1
290
     0
176
     1
290
     0
176
     1
290
     0
176
     1
290
     0
176
     1
 90
       50
176
     1
 40
0.0
176
     1
 40
1.0
176
     1
 90
        0
176
     1
 62
    18
176
     1
 90
       50
176
     1
 90
        3
176
     1
 62
     5
420
      255
176
     1
290
     0
176
     1
 90
       50
176
     1
 90
       50
176
     1
 90
       50
176
     1
290
     0
176
     1
 90
       50
176
     1
 62
   256
176
     0
 40
1.0
176
     0
 90
        2
176
     1
  1
strokes_ogs.tif
176
     1
290
     0
176
     1
 40
1.0
176
     1
 40
1.0
176
     1
  0
VISUALSTYLE
  5
1F1
102
{ACAD_REACTORS
330
EF
102
}
330
EF
100
AcDbVisualStyle
  2
X-Ray
 70
    25
177
     3
291
     0
 70
    58
 90
        2
176
     1
 90
        2
176
     1
 90
        1
176
     1
 90
        1
176
     1
 40
0.5
176
     1
 40
30.0
176
     1
 62
     7
420
 16777215
176
     1
 90
        1
176
     1
 90
        0
176
     1
 62
     7
176
     1
 62
   257
176
     1
 90
        1
176
     1
 90
        1
176
     1
 40
1.0
176
     1
 90
        8
176
     1
 62
     7
176
     1
 40
1.0
176
     1
 90
        1
176
     1
 90
        6
176
     1
 90
        2
176
     1
 62
     7
176
     1
 90
        3
176
     1
 90
        0
176
     1
 90
        0
176
     1
290
     0
176
     1
 90
       13
176
     1
 40
0.0
176
     1
 90
        0
176
     1
290
     0
176
     1
290
     1
176
     1
290
     1
176
     1
290
     0
176
     1
290
     0
176
     1
290
     0
176
     1
290
     0
176
     1
290
     0
176
     1
290
     0
176
     1
 90
       50
176
     1
 40
0.0
176
     1
 40
1.0
176
     1
 90
        0
176
     1
 62
    18
176
     1
 90
       50
176
     1
 90
        3
176
     1
 62
     5
420
      255
176
     1
290
     0
176
     1
 90
       50
176
     1
 90
       50
176
     1
 90
       50
176
     1
290
     0
176
     1
 90
       50
176
     1
 62
   256
176
     0
 40
1.0
176
     0
 90
        2
176
     1
  1
strokes_ogs.tif
176
     1
290
     0
176
     1
 40
1.0
176
     1
 40
1.0
176
     1
  0
DICTIONARYVAR
  5
146
102
{ACAD_REACTORS
330
5E
102
}
330
5E
100
DictionaryVariables
280
     0
  1
1:1
  0
DICTIONARYVAR
  5
259
102
{ACAD_REACTORS
330
5E
102
}
330
5E
100
DictionaryVariables
280
     0
  1
3.500000
  0
DICTIONARYVAR
  5
25A
102
{ACAD_REACTORS
330
5E
102
}
330
5E
100
DictionaryVariables
280
     0
  1
acadiso.lin
  0
DICTIONARYVAR
  5
145
102
{ACAD_REACTORS
330
5E
102
}
330
5E
100
DictionaryVariables
280
     0
  1
STANDARD
  0
DICTIONARYVAR
  5
84
102
{ACAD_REACTORS
330
5E
102
}
330
5E
100
DictionaryVariables
280
     0
  1
STANDARD
  0
DICTIONARYVAR
  5
227
102
{ACAD_REACTORS
330
5E
102
}
330
5E
100
DictionaryVariables
280
     0
  1
Metric50
  0
DICTIONARYVAR
  5
228
102
{ACAD_REACTORS
330
5E
102
}
330
5E
100
DictionaryVariables
280
     0
  1
Metric50
  0
DICTIONARYVAR
  5
5F
102
{ACAD_REACTORS
330
5E
102
}
330
5E
100
DictionaryVariables
280
     0
  1
2
  0
DICTIONARYVAR
  5
63
102
{ACAD_REACTORS
330
5E
102
}
330
5E
100
DictionaryVariables
280
     0
  1
1
  0
DICTIONARYVAR
  5
1AE
102
{ACAD_REACTORS
330
5E
102
}
330
5E
100
DictionaryVariables
280
     0
  1
0
  0
DICTIONARYVAR
  5
1AF
102
{ACAD_REACTORS
330
5E
102
}
330
5E
100
DictionaryVariables
280
     0
  1
0
  0
ACDBASSOCNETWORK
  5
3D8
102
{ACAD_REACTORS
330
3D7
102
}
330
3D7
100
AcDbAssocAction
 90
        2
 90
        0
330
3DA
360
0
 90
        1
 90
        0
 90
        0
 90
        0
 90
        0
 90
        0
 90
        0
100
AcDbAssocNetwork
 90
        0
 90
       21
 90
        2
360
804
360
849
 90
        0
  0
ACDBASSOCNETWORK
  5
D26
102
{ACAD_REACTORS
330
D25
102
}
330
D25
100
AcDbAssocAction
 90
        2
 90
        0
330
3DA
360
0
 90
        7
 90
        0
 90
        0
 90
        0
 90
        0
 90
        0
 90
        0
100
AcDbAssocNetwork
 90
        0
 90
        2
 90
        2
360
D13
360
D1C
 90
        0
  0
DICTIONARY
  5
205
330
22
100
AcDbDictionary
280
     1
281
     1
  0
DICTIONARY
  5
1F9
330
ED
100
AcDbDictionary
280
     1
281
     1
  3
FBXASSET
360
1FA
  0
DICTIONARY
  5
1F7
330
EC
100
AcDbDictionary
280
     1
281
     1
  3
FBXASSET
360
1F8
  0
DICTIONARY
  5
173
330
EE
100
AcDbDictionary
280
     1
281
     1
  3
BUMPTILE
360
175
  3
DIFFUSETILE
360
174
  3
FBXASSET
360
1FB
  3
OPACITYTILE
360
176
  3
REFLECTIONTILE
360
177
  0
DICTIONARY
  5
162
330
7F
100
AcDbDictionary
280
     1
281
     1
  3
ACAD_ROUNDTRIP_2008_TABLESTYLE_CELLSTYLEMAP
360
17C6
  0
ACDBASSOCACTION
  5
804
330
3D8
100
AcDbAssocAction
 90
        2
 90
        0
330
3D8
360
805
 90
       10
 90
        4
 90
        3
360
806
360
807
360
808
 90
        0
 90
        4
360
809
360
80A
360
80B
360
80C
 90
        0
 90
       13
 90
        0
  1
ItemSpacing
 90
        1
 90
        1
 40
5.5
330
0
330
0
 90
        0
  1
Items
 90
        0
 90
        1
 90
       39
330
0
330
0
 90
        0
  1
LevelSpacing
 90
        1
 90
        1
 40
1.0
330
0
330
0
 90
        0
  1
Levels
 90
        0
 90
        1
 90
        1
330
0
330
0
 90
        0
  1
RowElevation
 90
        1
 90
        1
 40
0.0
330
0
330
0
 90
        0
  1
RowSpacing
 90
        1
 90
        1
 40
2.25
330
0
330
0
 90
        0
  1
Rows
 90
        0
 90
        1
 90
        1
330
0
330
0
 90
        0
  1
AlignItems
 90
        0
 90
        1
 90
        1
330
0
330
0
 90
        0
  1
FillPath
 90
        0
 90
        1
 40
1.0
330
0
330
0
 90
        0
  1
MaintainZ
 90
        0
 90
        1
 40
1.0
330
0
330
0
 90
        0
  1
Orientation
 90
        0
 90
        1
 90
        1
330
0
330
0
 90
        0
  1
TangentOrientationAngle
 90
        0
 90
        1
 40
0.0
330
0
330
0
 90
        0
  1
Method
 90
        0
 90
        1
 90
        0
330
0
330
0
  0
ACDBASSOCACTION
  5
849
330
3D8
100
AcDbAssocAction
 90
        2
 90
        0
330
3D8
360
84A
 90
       12
 90
        4
 90
        3
360
84F
360
850
360
851
 90
        0
 90
        4
360
84B
360
84C
360
84D
360
852
 90
        0
 90
       14
 90
        0
  1
ItemSpacing
 90
        1
 90
        1
 40
5.5
330
0
330
0
 90
        0
  1
Items
 90
        0
 90
        1
 90
       38
330
0
330
0
 90
        0
  1
LevelSpacing
 90
        1
 90
        1
 40
1.0
330
0
330
0
 90
        0
  1
Levels
 90
        0
 90
        1
 90
        1
330
0
330
0
 90
        0
  1
RowElevation
 90
        1
 90
        1
 40
0.0
330
0
330
0
 90
        0
  1
RowSpacing
 90
        1
 90
        1
 40
2.25
330
0
330
0
 90
        0
  1
Rows
 90
        0
 90
        1
 90
        1
330
0
330
0
 90
        0
  1
AlignItems
 90
        0
 90
        1
 90
        1
330
0
330
0
 90
        0
  1
FillPath
 90
        0
 90
        1
 40
1.0
330
0
330
0
 90
        0
  1
MaintainZ
 90
        0
 90
        1
 40
1.0
330
0
330
0
 90
        0
  1
Orientation
 90
        0
 90
        1
 90
        1
330
0
330
0
 90
        0
  1
PathDirection
 90
        0
 90
        1
 90
        0
330
0
330
0
 90
        0
  1
TangentOrientationAngle
 90
        0
 90
        1
 40
0.0
330
0
330
0
 90
        0
  1
Method
 90
        0
 90
        1
 90
        0
330
0
330
0
  0
ACDBASSOCACTION
  5
D13
330
D26
100
AcDbAssocAction
 90
        2
 90
        0
330
D26
360
D14
 90
        1
 90
        4
 90
        3
360
D15
360
D16
360
D17
 90
        0
 90
        4
360
D18
360
D19
360
D1A
360
D1B
 90
        0
 90
       14
 90
        0
  1
ItemSpacing
 90
        1
 90
        1
 40
5.5
330
0
330
0
 90
        0
  1
Items
 90
        0
 90
        1
 90
       39
330
0
330
0
 90
        0
  1
LevelSpacing
 90
        1
 90
        1
 40
1.0
330
0
330
0
 90
        0
  1
Levels
 90
        0
 90
        1
 90
        1
330
0
330
0
 90
        0
  1
RowElevation
 90
        1
 90
        1
 40
0.0
330
0
330
0
 90
        0
  1
RowSpacing
 90
        1
 90
        1
 40
2.25
330
0
330
0
 90
        0
  1
Rows
 90
        0
 90
        1
 90
        1
330
0
330
0
 90
        0
  1
AlignItems
 90
        0
 90
        1
 90
        1
330
0
330
0
 90
        0
  1
FillPath
 90
        0
 90
        1
 40
1.0
330
0
330
0
 90
        0
  1
MaintainZ
 90
        0
 90
        1
 40
1.0
330
0
330
0
 90
        0
  1
Orientation
 90
        0
 90
        1
 90
        1
330
0
330
0
 90
        0
  1
TangentOrientationAngle
 90
        0
 90
        1
 40
0.0
330
0
330
0
 90
        0
  1
Method
 90
        0
 90
        1
 90
        0
330
0
330
0
 90
        0
  1
PathDirection
 90
        0
 90
        1
 90
        1
330
0
330
0
  0
ACDBASSOCACTION
  5
D1C
330
D26
100
AcDbAssocAction
 90
        2
 90
        0
330
D26
360
D1D
 90
        2
 90
        4
 90
        3
360
D1E
360
D1F
360
D20
 90
        0
 90
        4
360
D21
360
D22
360
D23
360
D24
 90
        0
 90
       14
 90
        0
  1
ItemSpacing
 90
        1
 90
        1
 40
5.5
330
0
330
0
 90
        0
  1
Items
 90
        0
 90
        1
 90
       19
330
0
330
0
 90
        0
  1
LevelSpacing
 90
        1
 90
        1
 40
1.0
330
0
330
0
 90
        0
  1
Levels
 90
        0
 90
        1
 90
        1
330
0
330
0
 90
        0
  1
RowElevation
 90
        1
 90
        1
 40
0.0
330
0
330
0
 90
        0
  1
RowSpacing
 90
        1
 90
        1
 40
2.25
330
0
330
0
 90
        0
  1
Rows
 90
        0
 90
        1
 90
        1
330
0
330
0
 90
        0
  1
AlignItems
 90
        0
 90
        1
 90
        1
330
0
330
0
 90
        0
  1
FillPath
 90
        0
 90
        1
 40
1.0
330
0
330
0
 90
        0
  1
MaintainZ
 90
        0
 90
        1
 40
1.0
330
0
330
0
 90
        0
  1
Orientation
 90
        0
 90
        1
 90
        1
330
0
330
0
 90
        0
  1
Method
 90
        0
 90
        1
 90
        0
330
0
330
0
 90
        0
  1
TangentOrientationAngle
 90
        0
 90
        1
 40
0.0
330
0
330
0
 90
        0
  1
PathDirection
 90
        0
 90
        1
 90
        1
330
0
330
0
  0
XRECORD
  5
1FA
102
{ACAD_REACTORS
330
1F9
102
}
330
1F9
100
AcDbXrecord
280
     1
 70
     1
 90
429727718
  1
D62C5603-E3A1-4AEA-B7FB-FE5D8D0755AF
310
504B03040A0000080000CC70623B3DEE336E79000000790000001B0000006175746F6465736B2D64657369676E2D7061636B6167652E786D6C3C3F786D6C2076657273696F6E3D22312E302220656E636F64696E673D227574662D3822203F3E3C666F726D6174733E3C666F726D61743E687474703A2F2F736368656D612E
310
6175746F6465736B2E636F6D2F64657369676E2D7061636B6167652F323030393C2F666F726D61743E3C2F666F726D6174733E504B0304140006080800CC70623BD486FD9CA0000000F4000000130000005B436F6E74656E745F54797065735D2E786D6C7D8EC10E82300C865F65E91D8A1E8C310C0EEA1BF002731658846E
310
D98AC1B77784ABF1D8FE5FBFBF75BBCE937A534CCEB38643598122B6FEE978D0B0485F9C41B54DDD7D022595594E1A469170414C76A4D9A4D207E29CF43ECE46F218070CC6BECC4078ACAA135ACF422C856C0E68EA1BF5669944DDD7BCDE7B1F8E415D77AECB980613C2E4AC91FC167A2B244592486606FC29C8FD7F045B9A
310
EF7053A7E60B504B0304140006080800CC70623B853B8169EB0000007C01000008000000636F72652E786D6C8D90416EC3201045AF62CDB6C206821CC7C244919D9CA01740401C94182C03558F5F9C3852BBEB6A467FFE9B197D7EFC9E1EC5975982F5AE035262288C535E5B377690E21535501C055FBC8FBF6C503839990E
310
5619041F179FE64D52DE45E362569DD7661365082642A11EB9E920A89B99642953CC8E702F67A9EE7234257977194EC9EAE275C4EABCCF5EAD5940D4AC6F0E35A568B8F43562CD7046CD199FD07E60174276A7BE677B5EADB0E0D14EEFFB6A31321A0D82627C4084204C3F096B71DD52F6819B16635EADF63F509AF53FA164
310
5DDCD1EDDD17164090FCC8732078B56691CB33A85CD7DCC40F504B0304140006080800CC70623B55019EA25F0000007C00000007000000636E782E786D6C4DCB3B0E80201045D1AD90E915ED2CF8AC45050C11660C8261F98AB1B07AC9C97D42D718D865D3E909258CFD00CCE24AC6E326A164D74DC0B4128928FF32603847
310
2BA13128B1252AC747C6BAB984FC68F0B87FE8960A5C09FE86CFB69FBA01504B0304140006080800CC70623BDBABAAF470010000D40300000C0000006662782F636F72652E786D6CC553D16E823014FD95A6AF4B694182CC941A83FA05FB810A9511A125A5257EFE2E82712ECEB8A7F100CD39F7F69E734AF9FADC366850B6
310
AF8DCE7018308C942E4C59EB2AC3DE1D498AD15A706B8CFB56869196ADCAF00863C12B6B7C374385D14E6907A836A59A41D9F7CA615434B0C8705F7CAA5606D23BA8E84F41278B93AC54100640439DE0BDB320004D43C63716C7C399D30917DCFBBA9CD9BA8469F5B156168B24CED3F7248AC8769F27244EB73B92EED8862C
310
B7F13E0C179B3C8F979C8ECD82BBBABDAA2BAC924E9558448CBD9330242CFA08E3154B5651FCC6D215639C8EE5774DBE2B5F6CF2B5768B68963BB5F5588420E442FC700B1139D4CB01F450C1E918227C2E09DF070D8140C84E1E9AAB8F1340832A9CB13130A5F1376A908D57309505ECF2A0DF179C4E9D30F5B239B87E3823
310
7A79C6F31DE1A8A5AEC08474B03C7837EAE4938639B44E5932B833D2C6B6B279CDC613877FA26EE21F4A2A4C63EC7F29A2F301D1F9F7A0E37D145F504B0304140006080800CC70623B9C113CC27E0000009D0000000B0000006662782F636E782E786D6C4DCCDF0A83201C86E15B91DFB94BFB330DD428C8FB886521330DA7
310
6397BF1A1DECE883878F57749FCDA1B7892F1BBC047A23808C7F84D9FA55424E0BE6803A256208E9EF06C84F9B91703228B1C690F78B66B34CD9A5439DF5CF0BFBF65E35BCA1B8D6A5C6F540381E886698B5741C695F9503EBA150A2F8958E3DC3EA0B504B0304140006080800CC70623B7DF2F77C2A010000120200003100
310
00006662782F41393633353835312D344632462D344230382D423046372D3739314545314133324237412F636F72652E786D6C8D51DB8EC22014FC15C2939B0D2DB4B45643319AE817EC0F6041255A68B86CFCFC856D4D76DF7CE190393373060EDB3DC707F856CE6B6B7A480A0C81328395DA5C7B18C3057510EC3873D686
310
3F34088C18550F330C39BB3A1BA7051AAC09CA84841A2BD5020AEF55806078A44B0FFD7053A328440C89E1EFC52486BBB8AA8214A99D789CF9E05200300FC927E4FB4D5B375D43103D5527440FB843077C5AA3F5861C8F645F5787F59E95B390B318B55CE45AA638FAA2957BD7248B390B7A7CC51F9C124149C82B8C378810
310
84AB2F42B7B8DD56F413775B8C5999E9FF4471926F8AA236A1AE96B8B3CC434E5839373893369E1FAF30EA395917409EB7F26AF8801C171837A4A6AC9C89E9F9C9B1A58BA30FD6A5EF5DDDCF894B9AD9B6A59C957943A9FCAE2FD5BC4DFE03504B0304140006080800CC70623BAD7543B64E01000033030000300000006662
310
782F41393633353835312D344632462D344230382D423046372D3739314545314133324237412F636E782E786D6CD593CD6EC32010845F0571AD6CE3D48AD20813A9873E410FBD12D82434182C7EAAE6EDBB2424CD25871E7B41D6EC30B3FA84F9E67BB2E40B4234DE8DB46F1925E094D7C6ED479AD3AE5951B2113C789FEE
310
6C943839C1488B4C05DF079FE72A69D8C96C13AAD6B8631503449F83828872B949AC57D26200B826A308D316B4064D6E46FCDA41C05550DC9E483A00797BFD207EFB092A45DE9514C1BBD22178396BD39D891265658C238DEA00936C654E5E433CB65A26D9F6EDB5EBC14EBF49A45CB856E66048291F6939A9A81BB5C89177
310
38143CA680F4AA299D66A042CEB3354A2684DC9D8D178FE0D9B8B41CAAD720F880EE7EF93C0C18769E099ECC04D5A102C8049A8A05632F4DDF376CF1DE0F6BB65C2F8627B65A33C6BB62177CEBBDAD973006829F89F22E814B54F4BC2BE347F8AA8F681390B50FA73F804400B5F542E796F19FF974E7F78DB802FE05E20750
310
4B0304140006080800CC70623BE75B7789680500003C100000340000006662782F41393633353835312D344632462D344230382D423046372D3739314545314133324237412F6F626A656374732E786D6CAD575B8F9B3818FD2B887D06C22499CB8AA1CA655245D5B455A356FB305264C061D8018C6C3393D95FBFC7600890
310
A4CD5EF210B0B1BFEBF98E3F7B1FF6596ABC522E1296DF9BAE3D320D9A872C4AF2F8DE2CE5CEBA358D0FBEC719939D65A691938CDE9B6ADAF4BD98B3B2D05311DD91329583D9D5FC0F438434A7A611A644887B5384CF34233629258BA878B12322891DEFF6B66BD70BFB62634E8AE781D082709A4B588AF91C528CDA28B73F
310
1C998EEF39EABBEFA97FBD6A7C7E9553F9D3D79FE442923C3C523610337627CB87ABE99D359D4CC6D6E4FACAB5E6ABF9D2726FC6A3C5F56271377BB88362213924694B38DD99FE47C48627A1E7D49F5A8BB5E1A74C0A599ED3B0F21F1E56366B89112D681E218F0915D0D6F17AD41FBA2A369DCF6335D62ABBD39779D5DDD1
310
11D4D8DE3CBB96B2E04FB8202E41051754A1AA8E8F76B4C6DFE810B580B1547F4B84911149794252234D024EF8BBE963A95AE27B3D310A9D5C215C7960FAEE415ED75694C6AFB17BCACA5D99A60A9AA65F217B0BFC53292ACB92BF283FAD0D3621576592CB5BED907C2FA8E9DF794E35E97BEA31BED21FEB401ABB94C44839
310
DCACBF0E1C5DA8DA5B2F4DFFD32AD86F543D9E565E7056502E157C00AD2671CD534549AB752FCA9CDA00677A313F04E51B22FF19E57B300579E3C97EB29F682D92935CEC18CF901B7B54FD8C51F362B56FC72FE0B3C1EAE335EDCCBF5AEC39ADB17DC238973F804BA5E6F6BFE7AF1FB32E523BE9F3BD571418E3631DCA4D48
310
5250CF639223210A9446CA30052EDF057BD35F8329C1ECD84552BF0DC8D18BE7BCE23BFE6BD960AB4A7DE79923A103BEBD80F911CBAA2C60DB19B01CF164A5583B772EE6D3FFA56666CBCDA74DC97724A48F9A58967497E489C4D979006FD7A05E227A1EBDD0F737C623387A9C844D3709995625106D157315F8B8392CD4E0
310
A0B9A720C4BE9829CEF37EA1E13111214D53925356365ADA634861B52519DD27A00AEB808EAF0628E6F435519D446F45CF2C9CF5214F0A15B2F6D06B79DA3EE3CBF7F56780D2F4E7EF73A0F5E5B02A38D07DC852C6B7C1FBB6664213E0C39E3EBA7FF4E1AD23EA2829407C85E586727488B751B2DB9502BC7B228A3FD68B6E
310
A65A22397E690AA8D158D7E404EC8CDA235CC3B7D1898680131CEC2CDF2638C65196279577750F15884AEE19F94199155B92B13297978469D4F8D358DF0AEF7631E28DC8F0D9F437D5D39A83B2231A1D52D543813A824EF8D44BCFF2FA6A31BD1E8DAD87F1CCB526B3879935BF59CDADD5C37479BB1CDD4CA7B3556B516589
310
EF352754B706114D9C885EC9131DE6EFEB43D99AFE2391C2F958179413D7CFEF6B1B6DB1E7600F00DE6E5C67454A339A4BA2E0FBA85ED26F045D454F463DBFCE484C2F90F2E5E3666003662ED8F755951A7D1BECD5B30B550B2785C8E7320B7292A4838DDA71BBC863ED7613CAF659337A3354231D4FF4A182A54904C2898C
310
98B28C4AD0CE056CCF332A80986E571EE9DBC305BB5FEB7E509220A58D25CF042D712A806AC0AD0C657FDEF80D2D9CEAA2EE4D1C76F60BFE74219A06527D6F82DF6412526107381E55E353090704D085B52408A8913C4ED159D79BDA71BB4BC506F4831350EB6F975CD22D69BF7AC49B91A2C0A9DDA3D5CA36AD20FC478E37
310
E61844E2352865EBCB61A275A65283CAAA9DD27703B4102F5AF51EF5F573B75CBB5AD38BC845F7A49F82A0966A49C2E3EA5EA0ECD326CD965F1DB402C6FA8B51A4658C5C5E2EC9E214602E55810345408596591009A82E7E7FFACA19EEA299B14A0081A705CB3296EBC14CDF658DCD336EA6D1136881AAEB87B81AB9EE53D5
310
F5EB8BC8362082DA24122F98680A4E7930C01A0079749CEA14382A0783E5EBA5A10F8C098456A03D6A4AEB6BB881E2513747552A5DB22C7EDAF83BD5528081A365F7FF06504B0304140006080000CC70623B000000000000000000000000350000006662782F41393633353835312D344632462D344230382D423046372D37
310
39314545314133324237412F76657274696365732E62696E504B0304140006080800CC70623BF270F1330600000004000000360000006662782F41393633353835312D344632462D344230382D423046372D3739314545314133324237412F747269616E676C65732E62696E636660600000504B0304140006080000CC7062
310
3B000000000000000000000000370000006662782F41393633353835312D344632462D344230382D423046372D3739314545314133324237412F617474726962757465732E62696E504B0304140006080800CC70623B08DA0BD19000000041010000360000006662782F41393633353835312D344632462D344230382D4230
310
46372D3739314545314133324237412F6469726563746F72792E786D6C858F410AC3201045AF22B36F53E9A60B35CBEEBAE80D244E44489C6234F4F835464A48035D0DF398FF9F8AF63D0E6CC63039F212F8F9020C7D47C6792B21C5FE7403D62A1188E2E60C98D7234A5830286103A55745067B9D86B8A3CF9C7F90C11DE6
310
07FB144396D7B6A82D282E9A152AD114D5EF2CB866EEE831B8EEA07A7BB5A8D7D61A2BAAEB7FD5F70921FF497D00504B0304140006080800CC70623BEDD1DC58FD000000A00100003B0000006662782F41393633353835312D344632462D344230382D423046372D3739314545314133324237412F7265736F75726365732F
310
636F72652E786D6C8D504B6E833010BD0A9A6D65B00922041947112427E8052C33A156828DFCA97AFC9A40A576D7CDCCE87D344F8F9FBFE667F689CE6B6B3A6039850C8DB2A336530731DC4903D95970676DF82583CCC8193B5861107C72362E3BA4AC096842428D1D7107A5F7182053CF7474E0D507CE32973124857FE48B
310
540F3961CEF244279DE03EB81420DB9EAC1384436FA353E879B1B182C7A8C75DA3C7F453DF353A1075D537A7BA6464B8F535A99AE14A9A2BBD90E350DD183B5CFABE3AF262350B1EF4FC9351399401471025A527C218A1E53BAB5A5AB765F5469B96525EACF23FA6B88CFF34456DC2A1DCE36E360F82A5202F42F062ED2BAD
310
579969AFDD8A6F504B010214000A0000080000CC70623B3DEE336E79000000790000001B00000000000000000000000000000000006175746F6465736B2D64657369676E2D7061636B6167652E786D6C504B01021400140006080800CC70623BD486FD9CA0000000F40000001300000000000000000000000000B20000005B
310
436F6E74656E745F54797065735D2E786D6C504B01021400140006080800CC70623B853B8169EB0000007C010000080000000000000000000000000083010000636F72652E786D6C504B01021400140006080800CC70623B55019EA25F0000007C000000070000000000000000000000000094020000636E782E786D6C504B
310
01021400140006080800CC70623BDBABAAF470010000D40300000C00000000000000000000000000180300006662782F636F72652E786D6C504B01021400140006080800CC70623B9C113CC27E0000009D0000000B00000000000000000000000000B20400006662782F636E782E786D6C504B01021400140006080800CC70
310
623B7DF2F77C2A010000120200003100000000000000000000000000590500006662782F41393633353835312D344632462D344230382D423046372D3739314545314133324237412F636F72652E786D6C504B01021400140006080800CC70623BAD7543B64E010000330300003000000000000000000000000000D2060000
310
6662782F41393633353835312D344632462D344230382D423046372D3739314545314133324237412F636E782E786D6C504B01021400140006080800CC70623BE75B7789680500003C10000034000000000000000000000000006E0800006662782F41393633353835312D344632462D344230382D423046372D3739314545
310
314133324237412F6F626A656374732E786D6C504B01021400140006080000CC70623B0000000000000000000000003500000000000000000000000000280E00006662782F41393633353835312D344632462D344230382D423046372D3739314545314133324237412F76657274696365732E62696E504B01021400140006
310
080800CC70623BF270F133060000000400000036000000000000000000000000007B0E00006662782F41393633353835312D344632462D344230382D423046372D3739314545314133324237412F747269616E676C65732E62696E504B01021400140006080000CC70623B0000000000000000000000003700000000000000
310
000000000000D50E00006662782F41393633353835312D344632462D344230382D423046372D3739314545314133324237412F617474726962757465732E62696E504B01021400140006080800CC70623B08DA0BD1900000004101000036000000000000000000000000002A0F00006662782F41393633353835312D344632
310
462D344230382D423046372D3739314545314133324237412F6469726563746F72792E786D6C504B01021400140006080800CC70623BEDD1DC58FD000000A00100003B000000000000000000000000000E1000006662782F41393633353835312D344632462D344230382D423046372D3739314545314133324237412F7265
310
736F75726365732F636F72652E786D6C504B0506000000000E000E0080040000641100000000
  0
XRECORD
  5
1F8
102
{ACAD_REACTORS
330
1F7
102
}
330
1F7
100
AcDbXrecord
280
     1
 70
     1
 90
429727718
  1
30362254-06B7-45E0-A893-8CFA70E3D6BC
310
504B03040A0000080000CC70623B3DEE336E79000000790000001B0000006175746F6465736B2D64657369676E2D7061636B6167652E786D6C3C3F786D6C2076657273696F6E3D22312E302220656E636F64696E673D227574662D3822203F3E3C666F726D6174733E3C666F726D61743E687474703A2F2F736368656D612E
310
6175746F6465736B2E636F6D2F64657369676E2D7061636B6167652F323030393C2F666F726D61743E3C2F666F726D6174733E504B0304140006080800CC70623BD486FD9CA0000000F4000000130000005B436F6E74656E745F54797065735D2E786D6C7D8EC10E82300C865F65E91D8A1E8C310C0EEA1BF002731658846E
310
D98AC1B77784ABF1D8FE5FBFBF75BBCE937A534CCEB38643598122B6FEE978D0B0485F9C41B54DDD7D022595594E1A469170414C76A4D9A4D207E29CF43ECE46F218070CC6BECC4078ACAA135ACF422C856C0E68EA1BF5669944DDD7BCDE7B1F8E415D77AECB980613C2E4AC91FC167A2B244592486606FC29C8FD7F045B9A
310
EF7053A7E60B504B0304140006080800CC70623B1EC5D7A3EB0000007C01000008000000636F72652E786D6C8D90416EC3201045AF82665B6103C6756C6122AB4D4ED00B204C5C94182C03558F5F9C3852BBEB6A467FFE9B197D71FC9E6FE8CBACC17AD7032D0820E3B41FAD9B7A48F1820F808E52ACDEC75F36404ECDA687
310
4D0629A6D5A76597B477D1B89855E747B38B2A041301E95B6E7A08FAD3CCAA50296647B8168BD2573599823EBB0CA76447F43862C7BCCF5EAC59410E4DDD9C7973C2755553CCCFA4C603E3040F1565ED3B1FDE4E432BCA0D9622DAF9795FAF464533826484B498524CD807E51D79ED187F21878E10516EF63F505AC67F42C9
310
BA58B1FDDD071640D2FCC87D2045B96591CB3DA85CB7DCE40F504B0304140006080800CC70623B55019EA25F0000007C00000007000000636E782E786D6C4DCB3B0E80201045D1AD90E915ED2CF8AC45050C11660C8261F98AB1B07AC9C97D42D718D865D3E909258CFD00CCE24AC6E326A164D74DC0B4128928FF32603847
310
2BA13128B1252AC747C6BAB984FC68F0B87FE8960A5C09FE86CFB69FBA01504B0304140006080800CC70623B8C9102E971010000D40300000C0000006662782F636F72652E786D6CC5535B6E833010BC8AE5DF0A6C08340F1947A84D4ED00B38C6A128602363A31CBFCB234A53A551FA553EC09AD9F5CE8C31DB9E9B1AF5CA
310
7695D1198E428A91D2D214952E33ECDD315861B4E5CC1AE3BE9561A445A3323CC098B3D21ADFCE9034DA29ED00D5A6503328BA4E398C640D8B0C77F253352214DE4145770A5B214FA2546114020D759C75CE8200340D19DE981F0F6746269C33EFAB6266AB02A655C74A59CCF365BADC27CB5D902ED22848F6340DF238A141
310
BE88E2F57B92BFEDF23523433367AE6A2EEAA455C2A902F398D2751045018D3FA264435F3771F242571B4A1919CA6F9A7C5B3CD9E42BED16F12C776AEB308F40C848FC700B1139D4891EF410CEC810227CC6846F8386402064270EF5C5C709A05E49676C024C61FC95EA45ED154CA5211D1FF4FB8291A913A68E9B83EBBB33
310
E2A7673CDE118E5AE8124C0807CB8377834E366998436B950D7A7746DAD846D4CFD978E0F04FD455FC5D49D2D4C6FE9722321F10997F0F32DC47FE05504B0304140006080800CC70623BFFEA85907E0000009D0000000B0000006662782F636E782E786D6C4DCCD10A83201886E15B91FFDC95D95A811AB6F23E625948A6C3
310
E9D8E5AF46073BFAE0E1E365ED67B3E8ADC3CB78C7815C7240DA3DFC64DCC221C519D7805AC182F7F1EF06C88D9BE6703008B6049F9E274D7A1E938DBB5AE3D6131B2589BA0D3D965551E0B2EA732C9B9A624AAEB41E3A557677029960D9AFB4EF11165F504B0304140006080800CC70623B4FEEA4082C0100001202000031
310
0000006662782F39464131463745442D413632322D343644302D413938332D3331353338454246344243312F636F72652E786D6C8D515B6EC32010BC0AE2AB55850DD871ED0813254D72825EC00192A2C460F1A872FC42ED48ED5F7E00CDCECCCEB26C731F6FE05B39AFADE921293004CA082BB5B9F43086336A21D870E6AC
310
0D7F68109861543DCC30E4ECE26C9C164858139409093556AA051CBC570102714B8F1E7AF1A5C6A11862480C7F2DA6415C878B2A4891CA89C7990F2E050073937C42DE1DB7E4F87ED8A36D4329AA9B3D46DBAEAD504556557BD81DEBDD0761E52CE42C462D17B996298E3E6BE59E35C962CE821E1FF18553435012728A7187
310
0841987E927A8D9B35ADDF70BBC6989599FE4F1427F9A4286A132ABAC49D651EF234CD5CE04CDA78BA3DC2A8FB645D00B9DF8B57E215725C60BCA2A463E54C4CE327C7A65E1C7DB02E7DEFCBF594B864C5CA6CDBD49C957943E9FA5D5FBAF336F90F504B0304140006080800CC70623BAD7543B64E01000033030000300000
310
006662782F39464131463745442D413632322D343644302D413938332D3331353338454246344243312F636E782E786D6CD593CD6EC32010845F0571AD6CE3D48AD20813A9873E410FBD12D82434182C7EAAE6EDBB2424CD25871E7B41D6EC30B3FA84F9E67BB2E40B4234DE8DB46F1925E094D7C6ED479AD3AE5951B2113C
310
789FEE6C943839C1488B4C05DF079FE72A69D8C96C13AAD6B8631503449F83828872B949AC57D26200B826A308D316B4064D6E46FCDA41C05550DC9E483A00797BFD207EFB092A45DE9514C1BBD22178396BD39D891265658C238DEA00936C654E5E433CB65A26D9F6EDB5EBC14EBF49A45CB856E66048291F6939A9A81BB5
310
C8917738143CA680F4AA299D66A042CEB3354A2684DC9D8D178FE0D9B8B41CAAD720F880EE7EF93C0C18769E099ECC04D5A102C8049A8A05632F4DDF376CF1DE0F6BB65C2F8627B65A33C6BB62177CEBBDAD973006829F89F22E814B54F4BC2BE347F8AA8F681390B50FA73F804400B5F542E796F19FF974E7F78DB802FE05
310
E207504B0304140006080800CC70623B16AB87BA640500003C100000340000006662782F39464131463745442D413632322D343644302D413938332D3331353338454246344243312F6F626A656374732E786D6CAD575B6FA33818FD2B887DE6924B3BED8A326A92B68A663B534DD4D13E548A0C38942D60649B369D5FBFC7
310
600890A493BDE42160637FD7F31D7FF63E6FB3D478A55C242CBF3247B66B1A340F5994E4F19559CA8D75611A9F7D8F33263BCB4C232719BD32D5B4E97B316765A1A722BA21652A07B3B7B33F0D11D29C9A46981221AE4C113ED38CD8A4942CA2E2C58E882476BCD9DA23BB5ED8171B73523C0F841684D35CC252CCE79062D4
310
468DFA43D7747CCF51DF7D4FFDEB5593E3AB9CCA9FBEFE241792E4E19EB28198C968BAB8199F5D5A67D3E9C49A9E8F47D6EC76B6B0469F26EEFC7C3EBFBCBEB98462213924694B38DD98FE1D62C393D073EA4FADC5DAF04326852CCF6958F90F0F2B9BB5C48816348F90C7840A68EB78EDF68723159BCEE7891A6B95DDE9D3
310
BCEAEEE8086A6C6F9E5D4B59F0175C10A7A0820BAA5055C7473B5AE3CFDD452D602CD5DF12616444529E90D448938013FE6EFA58AA96F85E4F8C42275708571E98FE6827AF6B2B4AE3D7D83D64E5A64C53054DD3AF90BD06FEA9149565C94FCA0F6B834DC85599E4F2423B24DF0B6AFA979E534DFA9E7A4CC6FA631D486393
310
921829879BF5D781A373557BCB85E97FB90DB62B558F8795179C15944B051F40AB495CF35451D26A4727654E6D8033BD98EF82F21D91FF8AF2DD9982BCF1643BDD4EB516C9492E368C67C88DED563FC36D5EACF66DFF057C3658BDBFA69DF9578B3DA735B64F18C7F20770A9D45CFCF7FCF563D6456A277DBEF78A02637CA2
310
43B90A490AEAB94F72244481D24819A6C0E59B606BFA4B3025981DBB48EAB701D97BF19C577CC77F2D1B6C55A9EF3C732474C0B727303F625995056C3B02963D9EAC146BE78EC5FCEC7FA999EBC5EACBAAE41B12D27B4D2C0BBA49F244E2ECDC81B76B502F113D8F5EE8FB1BE3111CDD4FC2AA9B844CAB1288B68AB90A7CDC
310
1C166AB0D3DC5310625FCC14E779BFD0709F8890A629C9292B1B2DED31A4B0DA928CEE135085754027E3018A397D4D5427D15BD1330B677DC8934285AC3DF45A9EB68FF8F2B8FC0A509AFEECFD0FF2DE25CC6047F7214B195F07EFEB9A094D800F7BFAE8FED187B78EA8A3A400F115961BCAD1215E47C966530AF0EE8128FE
310
58CEBB996A8964FFA529A046635D9353B0336A8F700DDF46271A024E70B0B37C9DE01847591E54DED53D54202AB947E4076556AC49C6CA5C9E1226B7F1A7B1BE15DEED62C41B91E1B3E9AFAAA735036547343A925075041DF0A9979E893B391F8FCFA6967B3EFB644DCF6E5CEBFAE272625DCC6FAF3FB93793C5F90CE1EF57
310
407342756B10D1C489E8953CD1617E5CEECAD6F4EF8914CE5D5D504E5C3F1F9736DA62CFC11E00BCDDB8CC8A9466349744C1F75EBDA4DF09BA8A9E8C7A7E9991989E20E5DBDD6A6003664ED8F7A04A8DBE0DF6EAD9B9AA858342E47399053949D2C146EDB85DE4B176BB0965FBAC19BD19AA918E27FA50C1D22402E144464C
310
59462568E704B6E71915404CB72B8FF4EDE184DDAF753F284990D2C6926782963815403548A70C657FDEF80D2D9CEAA2AE4C1C76F60BFE74219A06527D6582DF6412526107381E55E353090704D085B52408D0933C4ED159D79BDA71BB4BC506F4831350EB6F979CD22D69BF7AC49B91A2C0A9DDA3D5CA36AD20FC478E37E6
310
1844E2352865EBCB6EA275A652E3836BE04EFB400BF1A2556F515F1FBB35B2AB35BD889C744FFA1004B5544B121E57F70215746DD2F5E2C1412B602CBF19455AC6C8E5E9922C4E01E65215385004546899059180EAFCF7A707CE7017CD8CDB0410789AB32C63B91E5CEBBBACB17AC6CD347A022D5075FD106377347AAABA7E
310
7D11590744509B44E205134DC1290F06580320F78E537D3D73540E06CB970B431F185308AD40BBD794D6D77003C5A36E8EAA54BA64597CD8F83BD552A080A365F7FF06504B0304140006080000CC70623B000000000000000000000000350000006662782F39464131463745442D413632322D343644302D413938332D3331
310
353338454246344243312F76657274696365732E62696E504B0304140006080800CC70623BF270F1330600000004000000360000006662782F39464131463745442D413632322D343644302D413938332D3331353338454246344243312F747269616E676C65732E62696E636660600000504B0304140006080000CC70623B
310
000000000000000000000000370000006662782F39464131463745442D413632322D343644302D413938332D3331353338454246344243312F617474726962757465732E62696E504B0304140006080800CC70623B08DA0BD19000000041010000360000006662782F39464131463745442D413632322D343644302D413938
310
332D3331353338454246344243312F6469726563746F72792E786D6C858F410AC3201045AF22B36F53E9A60B35CBEEBAE80D244E44489C6234F4F835464A48035D0DF398FF9F8AF63D0E6CC63039F212F8F9020C7D47C6792B21C5FE7403D62A1188E2E60C98D7234A5830286103A55745067B9D86B8A3CF9C7F90C11DE607
310
FB144396D7B6A82D282E9A152AD114D5EF2CB866EEE831B8EEA07A7BB5A8D7D61A2BAAEB7FD5F70921FF497D00504B0304140006080800CC70623B0D6EF93BFE000000A00100003B0000006662782F39464131463745442D413632322D343644302D413938332D3331353338454246344243312F7265736F75726365732F63
310
6F72652E786D6C8D50596E833010BD0A9ADFCA60B334011947A8694ED00B586642AC041B79A97AFC9A40A5F6AF3F33A3B7689E1E3F7DCD8FEC139DD7D6F4C0720A191A65476DA61E62B892236427C19DB5E1970C322367EC618541F0C9D9B8EC90B226A009093576C41D94DE63804C3DD2D18357379C652E63480A7FCF17A9
310
EE72C29CE5894E3AC17D702940B63D59270887DE46A7D0F36263058F518FBB468FE9A7BE6A7420864373B8D4873369AA8691FA421B3294352543C5CAF65C0F6FEF43CB8BD52C78D0F34F46E550061C419494B6843142CB0F5677F4B52BEB177AEC28E5C52AFF638ACBF84F53D42654E51E77B379102C05791282176B5F693D
310
CB4C7BED567C03504B010214000A0000080000CC70623B3DEE336E79000000790000001B00000000000000000000000000000000006175746F6465736B2D64657369676E2D7061636B6167652E786D6C504B01021400140006080800CC70623BD486FD9CA0000000F40000001300000000000000000000000000B20000005B
310
436F6E74656E745F54797065735D2E786D6C504B01021400140006080800CC70623B1EC5D7A3EB0000007C010000080000000000000000000000000083010000636F72652E786D6C504B01021400140006080800CC70623B55019EA25F0000007C000000070000000000000000000000000094020000636E782E786D6C504B
310
01021400140006080800CC70623B8C9102E971010000D40300000C00000000000000000000000000180300006662782F636F72652E786D6C504B01021400140006080800CC70623BFFEA85907E0000009D0000000B00000000000000000000000000B30400006662782F636E782E786D6C504B01021400140006080800CC70
310
623B4FEEA4082C0100001202000031000000000000000000000000005A0500006662782F39464131463745442D413632322D343644302D413938332D3331353338454246344243312F636F72652E786D6C504B01021400140006080800CC70623BAD7543B64E010000330300003000000000000000000000000000D5060000
310
6662782F39464131463745442D413632322D343644302D413938332D3331353338454246344243312F636E782E786D6C504B01021400140006080800CC70623B16AB87BA640500003C1000003400000000000000000000000000710800006662782F39464131463745442D413632322D343644302D413938332D3331353338
310
454246344243312F6F626A656374732E786D6C504B01021400140006080000CC70623B0000000000000000000000003500000000000000000000000000270E00006662782F39464131463745442D413632322D343644302D413938332D3331353338454246344243312F76657274696365732E62696E504B01021400140006
310
080800CC70623BF270F133060000000400000036000000000000000000000000007A0E00006662782F39464131463745442D413632322D343644302D413938332D3331353338454246344243312F747269616E676C65732E62696E504B01021400140006080000CC70623B0000000000000000000000003700000000000000
310
000000000000D40E00006662782F39464131463745442D413632322D343644302D413938332D3331353338454246344243312F617474726962757465732E62696E504B01021400140006080800CC70623B08DA0BD190000000410100003600000000000000000000000000290F00006662782F39464131463745442D413632
310
322D343644302D413938332D3331353338454246344243312F6469726563746F72792E786D6C504B01021400140006080800CC70623B0D6EF93BFE000000A00100003B000000000000000000000000000D1000006662782F39464131463745442D413632322D343644302D413938332D3331353338454246344243312F7265
310
736F75726365732F636F72652E786D6C504B0506000000000E000E0080040000641100000000
  0
XRECORD
  5
175
102
{ACAD_REACTORS
330
173
102
}
330
173
100
AcDbXrecord
280
     1
270
     1
271
     1
  0
XRECORD
  5
174
102
{ACAD_REACTORS
330
173
102
}
330
173
100
AcDbXrecord
280
     1
270
     1
271
     1
  0
XRECORD
  5
1FB
102
{ACAD_REACTORS
330
173
102
}
330
173
100
AcDbXrecord
280
     1
 70
     1
 90
-112326916
 71
     1
  1
1B1DC107-E8A3-4C9A-9DE8-7AB81E747031
311
504B03041400060808008BA9355D9E3743FC1B010000A80100004F00000044303543333034372D394137302D344132422D394530392D4145454530303245433135462F4173736574446174612F446566696E6974696F6E4974657261746F7250726F706572746965732E62696E6D51C14AC430108D7B500405058F1E043D78
311
894DDAB4690491B4CD7AF2A21F20D99ADD16B26DD9B488B73DFAAF7E844E30BB27032FF332F332F348BE10423F61014507802DECA7109F4C67366DFD5A3766ADD1A1CFD87EA1ED0DB042669964718665CC196642515CC4FE58955264E95C7199CE407704A8CC524F76F42D9F5B571B6B7567FAC99D4322CCB85AEB1166697B
311
E72F1D23E4C316807605E73BADFE1C79931F00FD3EDC3F6AE7CCF81055242D13C238169213CC645C60A188C052294548AC4A9ACEA317E3FA69531B17D1825625251CAB5C269895426251A91C7359E45471C64942A3B199FCD35C781B8B4EB7362251B0F036742B48EFD7496067DFD7330DE62F43DC0B02D9E96E439DFDA35B
311
8E9F4363DA1A46EFFFE617504B03041400060808008BA9355D071FEE6502010000300200004500000044303543333034372D394137302D344132422D394530392D4145454530303245433135462F4173736574446174612F496E7374616E636550726F706572746965732E62696EEB606060F80F0540260323103700495E20
311
ED9E9A975A94991C9C9C919A9BA802143074327471363430D775B57034D63571B674D4B57471B5D0357774B23074353731373036644768046931363471713532B5D4353531016A313332D475727372D135343736703673061AE16A095406B6974133A6FFD0578D2BF6409A0928D600C4303E9806F281E0833D4812A2838141
311
C0814100C485001507180B07FDC11E2A0167E05008B48601680F3350BA01A104A6EB01D4181E8414120B149E0819981E24055066CA4E074C416411881B402220234D90A590D81FEC59803C50CCF10171707962497286AE5351625E4A6A0A484611881918EC1522C1E106E6C0095074910200504B03041400060808008BA935
311
5DB5A795FFE3790000DE7900006B00000044303543333034372D394137302D344132422D394530392D4145454530303245433135462F5265736F75726365732F31423144433130372D453841332D344339412D394445382D3741423831453734373033312F7468756D626E61696C2F302F67656E657269635F706E6701DE79
311
218689504E470D0A1A0A0000000D49484452000001000000010008030000006BAC58540000000467414D410000B18F0BFC6105000000017352474200AECE1CE900000192504C5445818181B3B3B35A5A5A4848486060605C5C5C6464648383835E5E5E6262624E4E4EAFAFAF4A4A4AB5B5B54C4C4CB1B1B1858585B7B7B758
311
5858ADADAD7C7C7C464646787878ABABAB747474A7A7A7686868707070B9B9B96E6E6E6A6A6A8B8B8B666666545454565656A5A5A5505050A1A1A1BBBBBB8F8F8F9F9F9F4242425252527676764040403E3E3E9B9B9B7A7A7A8989897E7E7E9393939797974444448787873C3C3C727272BDBDBD3A3A3A6C6C6CA9A9A9A3A3
311
A32020209D9D9DBFBFBF8D8D8D9595959191912626269999992222222424241E1E1EC1C1C1282828C3C3C32C2C2C2A2A2A2E2E2E303030C5C5C53232321C1C1C363636383838343434C7C7C71A1A1A0E0E0E121212484A484C4E4C1616160A0A0A4A4C4A787A781414147C7E7C9193915E605E464846838583878987B1B3B1
311
8587856668665A5C5A626462818381A7A7A5A3A3A1B1B1AFADAFAD7072705C5E5C9D9D9BABADAB7E817EB7B9B7585A58BBBDBB4C4C4A8D8F8D747674B5B5B3B7B7B59FA19F606260ABABA9A5A5A39B9B99A9A9A78F8F8D6C6C6AC7C7C5451AD12700002000494441547801DCBD89771BD7B5A70B8EE04C702641712605CE03
311
4890E220088028C93245451215B713AF388E7DFD9EEDB8DDCE6ABFF4B57D97137BE50FEFEFDBA74049B6AEED74869B7E87404D2814EBB7F76F0F67A8835CEEBFA0E42B854AA5B2BB5B6BCC951A8D52A93657A914FE0BEEE39FFE2FF395B9B9C6CAD2D4C4606F4B7FFF8D1B37EEDCB97587F7CD9B4343BD134BABE7DB48E3FF
311
A7A228ECD6F6574E4786C0FC8B5FFCE2CD5FFCE297BF7CF3CD5FFC92B52FFE58BFF9E69B776E0EF5F79E55CBBBF9FC3F5D3DFFB07F5898ABAF7CDA3B74E74EC0CE20230561BF096E97E05712BFFCC59BC80539DCE83DDD6E54FE61B7747DE17FB8980BBBFB2BBD4337DF487881AAE6C5ACC6AF25207877B2B527BFF1CB3B77
311
FA47561ABBD7F7FA7FE146A5B6BD74E3164C7F51449AE95DB412200EC539418717E7F2F11B376FF62E95FEAF1442BED0581DBCA1BD2780D23F506AFA16E1A7AD974EF17876F00DD7BCB187A1A97AE51FCED5BF2BC1F2BBE5B3C19BE27B43CF26DE00933658FE129B109C2FFF922CC22C4260FA01BEFB462A77DEBC35F42F60
311
0C3F5B0795D2E9E02DAD5E650B4438A92801B65C35CBAB7B1EE5041CE69D3B6F1822DFB873EBD6AD3B6FBC71EBC6C86AE967DFC2DFA4CEBFF1BF54F6276EBC114E2F43FEC60B01A0D440A868B2920E5C4BC10D60931ADCB871F3268B21D3851B08E1D6AD9BFD4BF57F7577909FAB86F29B982571136AF01DF5FE32AC3BD940
311
6CAAF2440A54CF176EDD01FBADA1FEFEFE21FE4C9858DFF4183458A9FD2B6708A5A5A137E0EE1D11A9EC0C7C58B2C73C0AD6B479BD76B7790CF899E287FA5B06FB7B07C9195B7851FA8794031EF1FC5F9406BBFB23375420286399B631E93B08022A785C4DBF9996EC3551874094D71B6F487E80F6837E50F483BDBDBD8323
311
2323AC420A18C68DA196EDDADF68A77F938F78FD972BABBDB7B87FB164AC6FC2CB760365821ACB74AED44FFAD7E7431ECD7E08AC421F391D199998989A383D9D98E8E56F84A318C58D9BFD2DAB73FF5222C8EFAEF4DE7AF30D756E5108683DA471E70D0502099A7240F19E4089D3FD203E620F1B47BF43501E85031AE44B4B
311
9F2E4D2D9D4D51D8970983FA861B3706FF950CA170DE82F6B312CC4F42C8966295F7D725ED29882415DC055F36DEA1FE96FEC141493F05FAA9A9A5A595B333DED5B3D5A533F62183323032F46EFF13EA0AAFA5FBF7C8976F8C10F7280A014832593B90004D52341980D907EAEB73411EB2F1EBC9F507F92746C40E7AE0AFAE
311
54292BAB2BAB67CAE0746264A277B06508168C94BF772BE9765F7BF0B548FE1E07F3B5A521340A5CB5297C4B12811B89E82191ECF3E41B3259C529F135E23CF4C7F961FB13537F5A02ECCAEA76B5BA5D3D3FDF3F2FEFEFB3AA22053E5008833428DC6C59FA2F770595F311F235D427F379BB8A121BD901B96076A388DC4C3C
311
61C7933CCCD770FF375A6E0CE9F535FE2534BF5ADD3E3FAFD71BF57AA951B6D4CFEBFB8864758A26154430080B06ABFF557610ECC93726224F155D1471041E0D42F82F4891C926C1355B0831649FF365F46FF05300A7A790BD8ADEEB0D4AA9569A9BDBADCCD56AA55AE377F5F3F3EA2A34983A1DE91D810543138D7F28E57F
311
F4E2B5335A3928B76EA1CB9B00BF158C8F63A2E788826896D0B5E7C461949ECE089144F8EBEFC7FB4D8C9C4E9DAD60F7FBE572B416C2F2423ECF8B86C439E450DA970634ACFDA977629098D0B2FAF313A36B3869E37AF7853378CDA1171FBEBA95DF1E44FD5144A420588641B0055A79ED91CC0DC41E27064512FB33F1F04D
311
09D0D2DF0203A646A6CECE80DF28356A348CED8C4F1EF137B9319E1BCD29867CA556AA97F7B757567006A447FD375A26CAAFDED9CFDCFB2BB0BEEE8AA5911BC2C7F85DF88A3775389990AA72219D582409210F85A4E66F2987D875C30848023088FDF77E87F96FD7CBA5B9DCCEF4F4C9FC7C676777577B7B7B67E7ECCCE4E8
311
DEE85E81A6D55AA3BC7FBEB242589CE8ED4770E785D7DDE23FF2587EBF57F50B9E820527316488E5C32D50F979BCA58207297E2B6D658702FFCD211840FE43FC9F3A5BAD9E97E6F21B9FCF16BBBB3A3A5A175B5B1787875B5B3B86DFEFFC687A72674F19D46A8DFDF3EACA59E405375ACE76FFA922C817CE86A89BDD92F400
311
F2C55B7462F610459837D3A61ACF50C7471C8F2F2A9D38C3DA2F068007F80EFCDBFBE5DCC674B1D83EBCBEB8BCBCBC3ED0D3D333D0B3DE33BCBEB0D8DA35FBF9F8CECE68AE020BCE61C112A4C1138CD47F9AD13F7DC6AB9CF9CFCFAF9D0E01FFE6CD503F5B91C5218E2899CA15098714848B04FCE5654884ABF0E554F11F6C
311
21D73D5D5AADD64B7B9327DDAD8B0B7D7D6D6D07070763BC0F3E38E8EB4310EBEB8BC3DDB347E3E37B5842B97C4E44A0C630427E5CFDFB71E03F471E12CA9FF70E055AE141042DD81234B879EB4606361D9328149037D7D76A571A7E974FA20AD0323832713AB5BA7ABE3B3E3D3FBC30307070B0B9B645D93C3CDC3CDCA41C
311
FC6AAC2D64D0D579B4B1B397A7C1BDBEBD7D36657A3CD4B2F44F4909F2B9CA597F4245C59DEC354316F0587020D0C661742BC02869435FD12CF195C422DB3C5A3E2305C000CE6B7B27ED8B7D63079B5B5B878787C787C7C7C757C76C51B60ED60EDAFA06D67B965B3B672677080BB5329E60E9B477847AE2E9EB53E35779FD
311
37EFCD2D0DDD68AA355B6B0D81860502B8B68C801F5C697E9AD62F4B406244CB975560BAC756AAA577675B07C6D03778C17E7C95CAF1B3ABABE3E3ADADE3CDB1B1B6B681014470343EBA979F8B90383545727C63E43549D14FD0F927E5F1FDEFD7263058FE02EBCD1BDCBCA053496BD58E69BC44F9F854D4D979AE9ADB9088
311
24382AC1D4014E9756EAF9CE85B6B54DB01F02F8EA5908E0D9D5F1B3E72188C3C3AB67879B07C8A0A767B8B831FE5E7EB754DEAE5261460243FFF07858D8EF0D658BDC563A2C5EF5833C13C90B69248C4DD97842B61DFA7F210A2F6108A0F96B62E2D3B3F3DD939EA47E30ABF5AB2B903F4BE5F9B36757CF65021E616DAC6F
311
60A1FB647274B4B05B2E5341B082D43278F67D8DFDA48AFF9A13F22B34C7586C9992BA6E66CABC190E313E7C811AA57304B421A75B289B9D174CC868C24548823E230B9A5A2DCD2CAFE1F98E61C015CA7E96B083FC59F3ED06EE60F360B3AD6F79787ED278D0A86FAFE00BA9220EAEFE1D5DE1F7855939C3FCC1332426B377
311
F692406E022C010DB437EF009803F0DCFD3B7C94440571D8F2C328F115F47FD324802070BAB43FBA80EFDB92FCA1F7E7CF9FA875CBB327CF9EB08C4DE4815BC4210E2CB7CF1CEDECEDCED5B757490968286899FAF95583BF46F9393CEE6A86D6F618CAAD9BFF0BE22B042412C5CFB50556815CC5BBE33E9F61ECEC26A9BCB8
311
145FD10590078F9C9E953B513FAE1FE387FAC246E14F9E3CE7F5F8194BD6594140876B6B84C5D6799C61A16434201E5237582AFD75C07EEED9863F463284E2E13425A036BD41061259289B6BDC1ED656FC8B8592C9D00701E27CEA749F0D8EF44EAD8C1F80FFF8F8F9D513191F6803384C800097F24069C407CFAE88136B7D
311
CB3D5D4A60B711F19070D83235F77331FD35E715966889038E2E0B346EAB7936C4162043E1A1F144093695443A570144898BC4079CEF1912809A3035A1D3F361235F90FFF1E3E0FB93C7E2750719F88E7D8E68123883ADB5B18185AE99F1D11C1238A792DC4BEDE8EC6FF503DF377E0445F68FAF4E08D43082D02170F30131
311
A154206CC559A8D9CFDD762B31273E4947A581E0D9BB71E33FFA07CD02CE2A6BE1EC80167497F2A81CFA3F7EFE58D0CF5D5D170DE4F89070B0BC4040CC17BEAC6B0586C3D3FF0309BC06F44B04A1E13729929B4DF73C44070692C810B08AC3012E8EE9EAE22067796288C193B2139B970B86F47FAD0F98382B1E035D9C32FD
311
318A4FAFCB274F2E1FA772F94411B0CD42493C23393A685B5FEF3E1ACF554AF5F3552A478383374E6B2FDDFC4F6DFE38F4F4ED7A7FE838F488EA852482F412D3CB07E293D02C9F074F12E84C5AAC423271450572A385449844706475FD38DC3C22486A0639E5F1E38B0CFE93CB4B25910EF309A2224BD8DAD40C682C28341A
311
D69047E8539A6AFC14EC573F7FAD10AE0FE6EB13E87B28E093B513B5803514DE408809BC12A14876DE0A25F643009E9176D9F0C330164285A7444DC8CAF0E9FE41429EE0A2F6A6DE91C0856C501272404A8468822E24C807030B1D33D40D4AFBDBABB411D093D88C86D7205E05FC57EDD1F805FA4CED5920F0CED39157E007
311
CE21757C5DE440ECBCB46CD283E378029B43FB077B4F47E60E9F61E8D01BE017D7E843EB49F50A2028F1E442FCC90C9EE308E4C0C2C94EAE30B75FAD3A0EAFA57FE9EF960F14BE15638840EAF3BA490BB6850EDB38EECAFD21A0C746D0C4234DBD035EFC7EDD121FA585FAB73DB89FE6A03CF833AB0730E5E2F1A36CE3F202
311
A128934B44E396961121E1F2C9F32BFCC0C140CFE22C1CA8E109B182919696BFB98120234F61B59F7BF46EC30CF067B21A33B0FB3E402448EE266CCD93135A8E823DB31F85E677434E608F53F8100BC0098EA2FD6BC01770E0F2F2D1E5452A711C4BB8486248FAD756D852026B6DC90A2AA5C6B69E9068B8F27AFABFFEE8AB
311
36F1D23985D5960014FD711940800B560250D2272CC54FF1D3A660B275AC3881E349689C1616E1E9044129D032313509DE4700BC867C71F128C400159407C761022BA8A040F40A244788808C60B3AD67A17576279F6F946923191921B0545FC2F12AC0EFEFBD7262B6935679FC7F80629160ABFAEC88E8430E76D82A8DE62A
311
CE50BD4A42FBF03B387B37FD321B37E31C3F063D99703F5160E6C9E5A300CF32A91E0A085A29C0FC507F6C21012303C6104B82C1F1E156DB3229D1A855A32A8352C9077AF733A0AFE0FB3EF81FDF2F0F82C21B0EB06998866878B103305E31EC17F4FD43831E570A2118D1667632D4FFFFB125782F96168A833DBE78C3F11F
311
8383A79D49F58F1E3DBC780417AE6581381E8610604888E2913E12492881274822C221AD04CB0B1D273B8542837460898C686864FF6F801E8269F40AD0481DFAF5E6E9C1F3BE391C325004DF0746A4E4448F7B52C0D5EAD39EC46896B888C4210D68E99DFA2820DF7FF850EC407EB55C3EBC5028611409BFCB8889C90F1C52
311
355AEF98B18100094C9D0EF6F64FD47E5CBF3FF5293DDFB4B50DDD54F351446FA1F14580DC3902C085F593CB24ACC917B213BBC11B3F0A61042FD8B24F4FB9C4556D0CB9E1A880DE89934CE9607F18F81FDD950DD0E1D143F41D56110E227C250621FF098838042BC85B5B6BCBCBC31DD37B34966E9FFD9936A2FEFEA9EBA4
311
182E5CD3E17AE35501FCE0707E5525A7DBC64DFD077825BE37CE0BBE1BBEC061410C660B6E49912665E2B3749C7C9F93834022F74CDE6CA5EB501D9CBC04B768292C5CCB84478F3CA83074092C6082169015E5800D5839DC6C1B58EFE83ECA513BDE3EFB8EF1242D2D4B3FD55AFE03D42F8492AF8A3F21444FA2FA9ABBF525
311
EAF84C09F0168527B0138A85D1EC0443C467B28BF844EAF76323BE13D7C11F72FED783837B970FEFDE7D7817E077C17EF7E2A1C2C0FE851FE4C008388C15E818958746129E1009D054B67530D6B3D8DA3D59D82D9D57CF70039FF50FFE0DE94089DB269C3655A4F25B38C49D0BD48E59F1526887C18FC5272197F85CA72862
311
A593A4843CD25F920487DDF7AA0441A2C0600D062001F103FCEEA3D8560CEC3EBACB01CAE5A51E420349F602191E5F901893142381351CE17047E764BE50DEAF9E4D8C38B6ECFFACEB141E54A6865A88A60133EE9CBB4C256930B0B168C1C3AB59FE1743FB422C7166082E934AFA5EFA3E4BCE0B69362FA7041818B7FDECE1
311
DDFB4D022007CA23E521F0700AAEB5888BBBF08023E128B4045381542FA256B0D04E28A0C3804E233A1BFB476A2F48FD135BAF9843BEDA3264EB42BA499601F16B566E72C7EA35908ABCB9176BBED43204C696AFD3D7B24B08D3AFA44BE243D88A6D9D0B6562B52F741E1610C0EFBBAF2B0829289A640EC4C8A4FF66A24430
311
786CEBE1E1E61AF9507BFB496EAEB64F8F49B4129EBDEC065EC1F8A3F228A3CD0950883B41BEC6D1944AE06147289600A7726313AC69A3F91197F1438BCB743E76F01F6EF1D1C854071670FFFE43FF1EDED702EE5A14C85D0C42DF90B86068800659AC88981855E3E774A71C0CAC2F76754EE7CC87C808D1E1E0F6CF47FD42
311
24731337BE1E39C5010823EE997B1491BBD99FC8D8EF77482BEB5EB2CF66499A8E0F7511B19B3EFBDACB6507BC78731B1B383D02FFDD7BE8DD9256F7D0BA7B46015941097B80018F700FFA024CC08078F51806100ADBFA163ABA8A3B95B9D2F92AC30BC908ED31FABE0CBEBFFF0279B675868F9AA24E9530B08C174055B7F4
311
8E4F58002F3E82F0BDFA003E8B431EB6C4A91E4D9B5FFB791265BA8827BBE5F1BCFA7F789F72F75EC800F8AE43FFAEC42F13009FB905A9A0132015D0068ED7682AC608BA6771038DEDB3B33082891FAB1ABF5614F93238079726B833958796B845B731FCB86316713C1DC581B1E19B424EE32674093F80776F7E27C6FBFAC8
311
5C536CD955B96EDA2A3FBF770FF4BE11845470EB3E42D022000E0FE07D161811020742162444668308801E133A4C163BE68F6826A5523071CA78B2FED51F28F8C70FE4190073A3E5D3259D7A288CD19BDE623F10021BAB0C6E327FD507B2741627727EA00D31856492F9F009D7F152D930704E642795C1C1B336E0DEBB7F0F
311
DCB79318543B25341F36802D64A981A690B94259607DE0B19D466BF8C1C5E1CEF9A3FC5C639FD6117B4BAEAB453F8EFBDA500A67E8BAF76C8A06566E36EE1184E8329419161F83D843D5DE7D8221163E145F56921C3EE383978072129E290A9B7166E63D26BAB1FCDBF710009E4051842390031845F20077CD079407C575F2
311
0364C4910ED2A574BC357630B0BCD8DE39335EB175646A698458F6A346F003A93002E846FFE0C459B8006E506D79BF902908A0AA05CB5E73530E33BA1D3C2EF99C712B7C8B41DF4D2A7830BE8707485FCFAEEB85A09AB6D39BBF7B4F23E00509C20DB04E240822A4B810E04D8D53D10D504C059ED86BB8697F514777717A8F
311
8144D48A4C89077F7EDB00E2D89DC02A7B975640A282C49A4AA84B70B12BFED8EA6584860DFB7EE23FCB00C6BAF7332FF259FA3C9346508813E372F1DDE425065BB61FDF8300F7EEDDBE8D0C6EDF46F7D8823478590AE23759D60DA6B7A9F125EDE8F4A5D2B37470D0B63C30DCDE3D3D59A8D1501EB1B0A5377517BDD6E301
311
F995E3F955F0F58FAC2E81CE172A8344AC03DC6781939D2484B8FFC15E8F3ACCD3954CE19576B942D0A029188EC7013FE59AE90B71292DE774F1F63D60230180B30A2EDC65291B6211B4081128856001A680015CE000708254891851D4B3BED0FA4D7166B466BFF1D2A924885AD12B387FC0FCE6819AC3AE06A7AA4B715F09
311
27B74D119D4A668FB54B8A8C268D8B038A207D10A7B1E95E42195B695BE0240F7408B311257C23F581E987C180140C584A02B1670CB817CEC0A080F259F1360E58452013200E3EC107AC1DF4FD7B0F6D23F33347F9527D9F51E6138E31AF35F1BDAAEEEBA3D71BB402E2FB47CECEE96B4DB85536772B07C82A34F3E66D0BCE
311
C207FEB9E70643761276F7B50D5EE963CFF80C7AF4A2130F5BF8C4EBFB5F07B709840480DBD8007FB7EF3F90104908BA457D43AA2A6A02C91422285E5AAC143F3313A0CB74D9D164933B86C25587134E8D342B453FC982860D09FD13ABE72055ED020E85D3E312F74C25CB0293D978A1C4001927C80B86FD06349126EC219F
311
0C735C8053D8F5F310817EA01F1B7851F406144C211C6362C27DD51F1E310C0102280ADB891E9B085CC528A2B1369A46BA195B9A2B351862CE43174BA73FB7CBB430A5798F4C54B7333B96C3224A9863AD02B9FBD8E63092191924E77C199D92887DA594B6DCF0112857162FD0949FE6A441F5E62E42FB2105BC405A2301A3
311
424601DC807912CB2C39C604A27908021CDA30C4C8C2019A883B3A8BD393BB3546136EAF561980FB63E9E035FF73B96D09A905ACB2C11D79571C5159026227DDBDB81396EB03F14100BEB66DE1FA9EF82C3ECCBE318119C4269FD014E66361FC8BB0B4EA9A98EF3D8848A01360430284335004C183CC25BCA82D2302EB03B8
311
419241C64DF4F5ADAF77B533BE786334BFCBB8DA72BDBEFFC36103AFB30608A0B39B58D93F0BF42180841DD26BDC22CF0A770E90240006BAC65197D90920131C7B2EB3CFD3C71C6378A305EE8488FC1FF8D391E2BDDB0F6E3F45E7C8207C419800DB410073A3173942CA8D5242642A74496FF115832A6314D9FA4257577BF7
311
FCF8F8E8CEE8DEDE5EBE76DD3CF892BA7FB8B90F629431B5525E92A15A3A4A6FEA3FDD73136172060959206591F4C927196CF645AA285CF3014630121754261C0D31E1A7E3DA2DBDB54B04703BDE3A4209F02045C4BB0F529A14BED07098A2A1CD47513DA64B512F409BC01663090796D787173B5AA141B1B39BB470EEBCF1
311
E30F9D263ACC4D05110797CEF7B923B027F089F74D1D06F0A4D8C0CDA6604023FCA45B76C5CDE0BF3845ECBE13E0C0ED73700A8A753C1AC8AEFFF1B407FC8A20F42F0D94019121DE304077A027D4112283BB8FF0072444D68AAD111D6F591BC0061854BBC048EBBE9E81F6A33A95C21BFD13AF3C7E7DCDFFEB0DE8903F77B4
311
1DF178E99C289895B0EA8CD640549D68935BA7C5294E0A1D66DA0CC419BD398E6265789CA1241441AC94532A3C19C95340BEFC68703077EFC1D307B71F3C500859C11494838E902203A2BE90EACC5135B80B078804340C920C2300BCC06F7A1C71B875DC572C9BD1D84BD5FB9363CA6BA7D03E5C40FDFC54FC23C9B4B9DDD0
311
28787D89219038523BF64E638BB37CC25335937A00DFD32869C5B390C8C32FF25C8C47A7181B4A599A224A9DADB0E0406FEFF9F183B7448F081E3C55024FB33828784AB61704482CD0160C04174F9E33BA9291D58C2F1F1B1B3B5863B0D9F3E51C35C253D54A23E560E2C0CB3A6F7A81382601C2079CAE96B7B1560D20A341
311
E85A928A4E01083256420576C2ED477E2E565FD9223BCC691CF394D3D8E281501E0EE5C1C8159E92585D255CF30CC854C75318006EA4A01028EC853F9407C6053910BE105348324002260254886C156260F9189EE0F8C9A3CBAE9D5A992184568A69D5183A7DB97DB089FDC57AEE54F858FE54F577DBA85309640290F2D220
311
952620750C5811FB772A7876D1E4040FBFC6474D51246D8B3FB378283FB514F8AB3C20B8BF7DBE5DE541C9A5D3D38DDB30E00151E02523081BC89C2214103E0BC1B3D0199A08E002681A2613A2616CEDF0F0F9C5DDC75DA395C25C0309C03DEC8091A4AFD3FEB504AAC6633930556DAC86EE3561941E862C4A75DD6B6BB3A0
311
C59BE153DFA73EDFCBC3CE2188D3D378FC976D0EF9A95B7C8532F527CE3CF539581E0FE501291E9139FFB65EFF5DBD8E0C18DE3077170A64E033FD278F18068028802F156C3809FDEB11B1019C208D020C9BA2870457F0F8E1FDC7EDD393E3B9FC9C4308E9315704233F960E554802C14716B0B45DAB5EAB5E25AB7830EBB8
311
D25E6CA94E4AA01794FB1EE164FE9F040FE82C940A4BCEF913075D087E85A7237D3CF29C47E4E676777779528C4781761F0BFBC1D3A77880E40C9A2E5109180D5255317890394229F0F082010354082D574F1E3FBAB7D6553C2113DACB97BEB5526C7C6F69F9310A94C46CD89FF8F379AD1AA035FD00FF3F320180F01417A6
311
F255A3A8D86319FE0C0B0E06A0DCD33F79841339C01E5BBE1911AFCFF7C1E0A540BFBDBFCF2372352686D863F83F59CB6865F43104007EE06F52406F680341102048A01BB048823082CBCB0B6AC48C313F3E7CFEF8F2D1FDC3D6F6F9F9D9E98D9D7CAE5EADE2A6512FAD7AB526E17F600C85550DDE9ACFE9D97E694513103B
311
C69F8A2813176032C890C1E9C49FC09C61670FF8705B1D7386260E7C8E7122C7F8208A55139E8C8D4763F7EBF5728DF9C34677364E3A3F9AEFDEC9CD95470788834F9FBEC512379890B38C94205B2557987C4186DF5C0837608DF0F9F3CB87B7EF6E920475752A01460E556919B2B64296FB9FB70DD5F47232A0F77465BF14
311
0CD001F00ADCA175090E2665A14E6329B62660E02A1CB50C6025E3DA252A670B3F0FFAA5EAD94A509FE7036B159E0D1D9F2E76B7AE1FD5A606198D3A747AF450023CBDFD162278B9446688111009B4029B0F2180AE20A542D40610C073B47FEFE1416B2B12200F3C991C2F54EC2491027A816B0A34A9D05C6F437AC2346238
311
5DADD75642EDDA738AF1600DBE07EE8437804D2D011A94DF71C2085EDD40266A407FFA1D1C00B0C03927E60338E3B9D8C47D1F8CAED578E06F7CFAA4BB63B175FA7C301B747CB377F45192003CB8FD34B12009224543D8604494011A80C1903CE0518C986208E1C5FDDB8FDA161686873BBABABAE74FA637BEA894A44078C1
311
9696F326E057D7F95D061A6B0394A9D5F2DCAAFE4C2388D8A6E9AB7695CB0BDD0A332430F1A9333DA41D1FFB97FA09AE84E738C75C407C260408F8DBD5EDED7DE1570A7BE333C54F16963B46AB0C2B71208EA3D16EF4EEDCD7005241166C005A73C03164792151205C007288AE337B4D7103741BDE7B7AC913350B348B2D76
311
7515674EC6F72A0402BBCB41C81305AFCF05F2758D3ECAC8D26AB97606DB9581A4B7A8FFB068CD5C0604E6849046B70C2B60FF0CDDF93C13822B4E82FA0479A68220E66D9FD775FB3C1A9CDBDB9829B6AF2F77EC9E0678FB20ED8D1B1A1A39D10F9812E20D6281F5673121AACAA9C53424000DAC173F7E18C3052EEE3E78E7
311
F1160F5AAEAFB70E0F7775CFCE4EF384DDEEBEB9C0889D5243BDF557559FEDE5F17AB21E118C4C31A3DF6A96B56AC62180293910ECD6B721047664BCFCC6B2DD3C65CA0F0C823DFEF84083C7ECCDF05898EEF158F4FEF97EB9C123F1B9D1D1A3D9F9AEC5F5CEDA84A3C96C14A55584D62893D6A54D8D2028D05C8B1F124884
311
543F3223B29D208B04910D3FC43F5C52196AEB5B5F5E58E8E82610F08C21BD443801233C0CE8BD1E40F84A1CA86001990048031ABBAB11EF83F9283EA89F181F2A0D9A9F62D94B7F625FD727E6A93F63F200F614F7CF100D4511C07DB45FC5F0CB4CA359ABE4774631FDAE85E599EA0878A3C33D5AD6430CF4C055EE5FDB80
311
629000D7855DED3F436F3B61B3DC7FFACEFD2B1BC6FB0696312CFA477CE87A87070C7998E04FBA78AE3F915A065E819FCF35B410321D9ABB308146A11AD5196CDDD7C477A171C8AFC74B45CBC6F641AB53C8D4ADA5870C02379BC0470CF83DB55F073E29CF5CE5F7A3F8FD62EB7AEB1774C2C6780B9523F9287193FD23DDB7
311
9FBEA513B45200E2E0C1B51350163AC19043C600F2C1DBF7DEBA7BB9B5457BC0D840CF325EB0BBABBB786D301437000020004944415472B491ABCCEDAFC0591201CAC8EBFACBF367FE7B6E40E69F551BBBE7123E3C00AC560CE20C62436E8C3C54CC225EE08C0D74CE26148877689EDD004FB2BFBFFFBB984035373A7954EC
311
5EE8591FE531348654514DB1D1C56411DFA2A7C212BE5ED91278F2851A432244C6822C29C85A8B320ADCBDFDD63BF71FD32648E7D098CD018BC35D7FE89E250EF2AC75F96C15271602687965C844B8807C6E7729D93F22E81D39ABD62A0820C1FE9F11CFA7208125D33E96FD69E83AF6052DD32D49FF0802CD9F9DFD392603
311
89A950887A647CCC99BAB17132DFB5DED35138FB3A060F6295AA5E195BF0BB56495A5A4A8FA440026E46A047D40ED2520A441C302D240F201FB8F7E0EDDB0E12A04D8816215A0579E8FE1B1281E9F19C9900DE79842E2A7CCD48E9876EB01C75DBA0E0C8D44AB5512947A00BE7CF5DE9E1A6A6BE43CF1A78783DFD5A404E44
311
77336C1ED8B18908B2A847B2AFE9839E891137A6673BBB96FBBA2A4B8E9373B001F08369BA11BE8ABC4302FD2345FD6014A127068427D007BE28B41D9B0D40FFB7EE531FA673C8870A69135B1CEEE8D009C08042A5B4EDA314920B635BF941E7487E45256439DFE9D276295F87E698389CD49FB394FE19720412DEDDC40E9C
311
E9C6DD605E0B719FADC416CB15AB3A61F9B5B9B9426E54F81D8B03DD950946D432B40CEDAB7BB5AF11213CBA73C9BCCCDAFBCF06127C7980FE6D1DC9B4DF14832D6568FEAEEBA76FBF438300B541064ED33F3AC0B0D10505306FD370AED02859234402F6C3FED006766DDED2034D90D119057225EEE3DAF787EBF30EC51ACB
311
4F551678BD6728E1944730C095F13E4D81A4DFFBF67C5BEE37E62A85FCCEC6CC6C7BC77A5B477E22223ECA4FCC0F87E2A5E3EB782BDB25B8CFC6736A044DE5A7CDA604526361D650484FE283B77EFBD65D52C1C73C4F48E7D0D81ACF572F2E2280F98FB230508FA906B42DE240ED651B301CEC83DE1790C9FD96B6CBF986BE
311
CF3BD332C18EF627A0B6EECD5B152E02088D03D828AFFAD26B05BF671B4F9A09A8CE0CD2707F67F2A4B3BB75B9ADA331C1305BBAC182FB4A79820B7EEAF73199B8404C0B81231CDCBB871B80FC41FF5860E8E108222A1A076C29E6E03B6F3FBD4F1F295DC457573C7ADED636D6B7B8C88413DDF3B327E1046AA51040B40CB5
311
0C7E3F1D2E44DAD34CFA604029BFFBE714DF0C069908027EB275F1F366C132E1A7450B04011CF82B2B647CE754F650FF6E25BF37AAF65B7BDA16CAA791F1D09F6CAB989EC5AB7809BE145FA459E8D3E4B0FB47DAEF093B946FED585B80FE1A0305FD5330FEDB4FDF79FBF6BDE81D8300CF6815E5F9896552412A03F31FCDCC
311
7CB5E32365550CD9365FDCCEC8752E943161D78047336F8AF6539840A1F2E764FDA2970999F205CD2BD1F5CF496571F76EAEFA0E1CF8FD2A55FD06391F9EEF8B9DC9994E72BEBEE1FC928E2F223EBA0FBFBFB4F2DF137BC894B8087643D64ADE6EDED67F7680FAC9060239E845FC94AE93D880F994FBF71FBCF5F66F9F32C2
311
92EA900F9C1E6F1105E81C5B5F58A067A448143842008D7275EA3BBA3D2516FDF02FF79260020D6B3C714711F3CFB61BFF56A826E627E82256F7400FB387FEF23C1C1E77FD6A21EBB1B2B35F2F95E7760BE1FA3ABB3A981423477517EEE36FF96F122B942F6FB64D9502BD1B9089162532A2FEFED255028FE653C9F46FA321
311
E0B588B7DE79FBED07C44106CC85133CA65190543004D01D02D8181DDDA5A9C91A7110805B7875B689FC3902200FB192E7DFD936B37B57D9C338BD49E99E181F4E5FCAB2ABC1CA7AAB382CBC7D515457CFABE6FBC63D525E5CDF74B16378B9AD6774A58531912D232DF01BAA913DFB7D3AAFF912984302B84D0500077800D2
311
6C60A4742101DE420C610C2E92FA93056022EFBCFD5BB6B38651470CD33BD87630C05831BA864C85997B8754B05167F0706499DC442FCD22592AEC2ABF3FF13F950039BF159FA9B36ABDB2778EFF83F70972B83BFD3F4899E64DD8346AA495CB155A7499F2CE39B0AAE755125EB84FD8CF8D8E4F4E9FB4B72E8F1DBCCB98B3
311
1BC4607C2CFF21C8145FB48EA0F2159F86A3098415609554DEFA7B27EF1301033DD06D274BAF6821D220DEF96FA4CBB60B3CA241C021D38E1AA76B4406B4767576166766A6C7F77273F5F395291BBA19F64F2E3095C14F3E60371827741CB27E89543857D6D96BF9A47C6A9A26057840332EB843717AAD171880217B71FCCC
311
0355AED3D4819911F79D0EA8AD6DA31A83E36C5DC2D470295C011302387069158F6C9966022367ECF1D00BA9BB95C389AE7B6105A1FB640689033A7FCCFFEDB762189103A61C3A4FEFE0D6A6B5A19EC5755A443AE78BC5E9235B047890A65919A0D2F96AA3C01CEE913BB3ED239C3E0CD8DDAB99E4348BF3F8B977B6C43DEB
311
EFBD7721A839A63B94C06A10DB87FCBFA3C2932F8C26F88B6D6BB30C3C4E09AFE40FAB52EFAA1EC0316920E031A46D65A0FFE45A673432E907FBCF86717AC04F2CD0EF512D665FF53F05BFCDC43489F150890C60A8E0314E70A06F619D30D841189CA15D3417F3CD50191AE4396543F0C42BCFD696C58DF163F5B46D708BD5
311
FDDA5E5E5FDF9401BC4F7E00E8A17520833D1CBFF495B5D1CE037C664123EEE74737268B5D1D3DBFDA6AAD8C08DF2C0BC7A737E10AAB2A7B958990CEBF556CDBEE823CB09FB344143463C630CFFF585D330CF0320E921744A7918280FEEF981161008E9FBC78C830217A07B7D6985E83F9A79884ABB5AB383B4D7D788F9FB3
311
D867A2112A43F19042B33A108690CF6F472F8661CFAC971478757F6E6F2F7AEB82FEA85E5715941778B278281F28C268AB24BDB470EF3303E09C359E9DF1CF990D8A096106E6A66C8620DDE7D281DF0B2831F20439A30D68386CE13E002F7EDA8D7806162B205D6A19AA1FABFD6B1B400EC2BFFDD66FDF7E8755B4883C043F
311
43046C1326136680404F1F934EBDDFDD39CB58A98DF1BD7880E0532E671FA1435E9D6EA5E9071000BE8F262E7C4044FD95D5FD526EB40A05A634775F32205C3D779FDC168CD5E56BF982508BF572BDA4F6F57D3304BE9EB18149461B12F760D7485891CA47CFC44909136FBF4931716A2E100123FC6CCAA6A644F25EDF4AC9
311
80B14039009BECE8B798BF69A05DC5B6885CD23F8E13A46FF0C0A986D617F001C52241801E87C2974C31411DA3A5D7B6175472763D637D3E57C33B908F867F4A59CFCA7923375E5F027A983E18BD7BD4E6FDDBB2250C1529F4202EFAAF979DFFB1F2612E87EBEFEC58581EDB9AA95AD1D7C1905F7305BF8182D5BBB524D47C
311
4E3B81CD843220DE1E6536497C0962C225F75A2D6A998303B23FC501F0B3F736EE1FF01200FC8C99F5515207C9C40081DF304C0A17D06E26CCBC5B3C47459308178301FA8057C2C0AE9D99B05F038828B08400F2E3251254DD7EB8BC4853B101F99AB48E387457C96951E5DB670648BAB70A7B04FE93EEC5F5B183F9739C98
311
952C6845C380D401B8FC86E70A20744EC720E09D35955D96A9041720196D183AC2CFE6AEA816652D0234883D788BEC8F5DF2615261DB031C2381092401B48D8D2D870FECEA9C3D99DDB036C8A051058030E32190976718C89F031DFBFF2EEA3D88606A8A19BD0AE305BDFD12BA4FF46F1A0002B07137989C748936E9DB2C91
311
F43B07E4E4D16C3779CF5A4FFE8CC981F07C29E34B7C012AF0054FAEA4A6A3D49D3A16D2B3CF220A029003366663053C89B3FB1827080DEC2780076FBFFD8E39810CB0593CC68B5D9009F2D400418028B0BC6CC74067E7C9CC0C2690FBB084AA5254A12AF63543B35EB40D17B693F7E3464D5094C00AA9E04E0E0524F5C35C
311
5EC6BA94B21AAF2440725E2A9FF94FE7A8F0E769EB83FDEB039B631B18BF396F5C13CF89ACC02C387DA56DC3B1CD84B96CFAAA37B55FE723B611062258257D331F186AC93D8AD600B4FEF4AD777E4BF68F2168FF08C081A37AC13446C859964803961928476D78F68419390D830C1935B5C2A0A22A3AB17D3D6428BF12DC37
311
3B8D464E04C0A496BB3B3B75639DCC2500E0F0B15FB6F47B5A7ED0183A87CAE8D535F2EDBD4B3B7FC762DFE65A07C30B2851DB890082ADC07131EEEFA3DB7DD5CD32C0860CA83CD4B7993A175F422A8149B1C1D94C1145059D9C78A8A572A90B7C8B1E3392FF77A80C50220880FF3669004E90F101740D2B808181455A0449
311
04674E7482CC3EC85C4BCE339404C0B0BF6A5611E4F9B8157BAB6DE327EC9BFBA1B4557ECB609C1F45326499EFB90EE78F18227F09E563C9E63D847EDB3B68EB9C39E95AC4F7ADCF7D87F6752BB6912040281E4A0D8A8314E80D60470999B8A51FB1488A66A9F3F81FFA61C83F4FA6969E472288FADFD61B005E0EA4284822
311
E018911828E868614DA0C36E11F3A051070BF2F0840E35F200E2C0C80A776CC9E7E6841C0503D0EDF15ED9AFE527E798D23BEE5F0604E58DFB7099D739BF0BA5D332EF29F1535995BDBD0DE681C4F71DFE6A7AC5A13554AE6910963E9ABC9A0DB5B202225545F5CFACC942B5B93C207352B6E5310BF349AF200175D7DFDF78
311
F6D683B7C87E087FA9B35812C4F8F13452CED610A2207541E6D659A739441F3833CD0C9C3C3DC2B0712F62333C4FA9327C9CA1124904B4FDE0FE21C119776CB0C212AAFBA5CAF80EB43772ADFE77CD9FA8A4144C54C2FB2304C65F62FC3678E4F6C68F30FEE1BE8383CE7DB86F58B1AE0C51F0F055E188D02F00911DDB0991
311
832228B3172B3E623E513FF1734FF414A611A603163F401BEA790FC9FF7FC3FD3DB02DC00184145B850D01D120424DC03C00FCEB7880EEEE939399F1F18DBD4AA54C939899304D913CC2D5CFBC55E50C7FBE4C0E14AEEF53D6843DFF56BE2D554637EA047D3C210E2C61077875FB5B40E19F43AB7470CAFE1C0D3ED3B3B477
311
8D1DF6D4F837C08747180FE8394F2CA1E0A46B6DA62CE2B2DABEDE0B1924098580FC16B369730E9E90541D3730D47FDE16EE1FFAD3419CDA05ED1F2715C607F2E81893AFC5936303F40EB776F1D808BDE393A3FA401E1C706E154C892860AD74A2949C409E28A8FB3349C764D13E4D1D3468952B7B1B35001BF41142CAD58D
311
6011C8B78961EACAB66E9AFBC627673B61FFDA4167950A274145BF11EA17BA9AA60815C2C43AE1F648E3772E53C94E6364AF826019E723069A8AA353A3BF7FB5359281700061FF64C28C10B9AF0B70B0B0D30A31CD1CFD22F68C76DA1E44558869257892363C091D313EFA46B57C3BEB252E9C6BF5B4799EC58F1910F469E2
311
5AA17B343799DB3E33CF410061F96C6D63FA91B1000CEBB7D2971BDD39A2A76361E000F5DBC1688D47CB812DD60F8001AF25B328D173A9E4BAC18CE9F1F628704330741B2649B92E9714447C68559C6CD2F681919367E4811100750058809D0230C087A89FF3C80C23C4C60882E481F48D531764BABD5CCECA308DE2F63D3B
311
B50373D630796126803C2D1FBAC148F7592881B395ED7D26B7DD38D7096AF98841CB37592561D9C6565317AFBE9FC4AF7371E060736C7635E0CBA1809FC80F544DBAA1F2F9393D970D44C0615A0C6930E758B9E63AE690F73045F0C8C0731DE9CD80F718E94652383458799E02C06D328010011C7090D8C5E5336A83D40599
311
53877EA1E1D66FBE994F04608C4C991917230FB61F9AEE183A40AB9108D032449FD1A7283DD25ED15360EF7EA9303EDDC0043403531EDEAB10DFF87F5E2FD56DF0F1B701A9F614DB17FA0E0EDF6FD0B1622A81FA3D1DE5A33F551930335C353A87F9AB05C60455193448246944A232C5D07636D864CDD7A50D0B4440CDCC46
311
5D1C418321F50E1648D500294065D869559EF3C40C8FCC6C323E989AD0F0C73142480B200842802C061008B480A9954AF282052B3AF67350FD0DD30D1F4075AC303A5D490250F5400ACF479656861E4C77AFF327F3EBECA4B57B6B6C8FF62602BF150744656A87DABD7BC6BED50527B2120C001A0B3718C74F0C65CD34F275
311
164D7968148DDF259AB8AD6CA81CDA4E8819509B996A7F642D987A401A2B04018C01E6C169A8700F9DE3B489DB2BC49C9B7B858A4F50D22AE15428FCA4A1EDB20C83492690CFE361CC7F8C8066FFD0D77AEE797977F468A36E0B0DFC87F90EE6348BC748F7CB73B5B9DD5C6EE7AB19ADBF6DF359F1DC2A0F9E44F213F8041F
311
64274C0859A2AB7C37440FEDDD2F95BE44065F22067E3EA0CC3BD8C0D8194EAB291CCEE20B9CD8E02950AD806080047A279F19024C837C848816719AC4A34DF8F0706CED904E8185753A458A27E4C1E37B5F30A104932BE140E0BF4E400160F320B054A8705042FFC47B4940810173F9C9E97240C7FCC3F3813EA239B745DE
311
9F1B1F3FC2F9330374DBD1A7B475923F9A2ED81716D18D1B577DAAB9D1A0458655AD3CA7E211867AE7C702DCACCD291E0F798013DC01BC326087775C0833E04EA3778FBCB8DA4687A0255CA0AD210C15661E4E92001A4449031D1DD27D327334BE830B64DAD90CBF537A45FBD4E94A7A88888E715B7E74FCD040E818BDC1BF
311
5AC609CCCC015DED23877080FCDC47BD8EF3A7B783A17D33F3ADEB6D6BC7AD75EA7C7852C5B6FDADA6AFEFC2D181C03F8C40DD8A4AB5024F0B72E34B57BC1182472DC80946789AFB711DB7F1193C03C893B0345F420246114D3EA71D04FBA731C0DAB0D3CD311B218F0D5A15ECC105D02F3AC32F13600084731A8322004001
311
9B03180634B5923D438300B05BAC80881F061095FED5D572A3323ABD83F1D37A2301A8C930AB3F66ADF7CBEFED30BAAD7D78A06DEB6A87F15491F5AB7E25842B6B34BEFC12C8A159F187C64B3CBD2356DE5FBAB98BBE9583F0E3280C0076DA15BF34C15238145742B07080B1EFB83382F9FEF2239D003541041083C5AF9EF3
311
C8944DC2030BC3ADEDDD9D27475800693049E05413BFB3FEB4308731512F13400D06F813368A0101D8D863EB3E75FCCADED124F532AD3F123F131AB46A93DF1ECE7F96CE9EB6C365C6D6A07EEC461FC919FE288AF7AE1A7D012D291EB073735FF26BBB1C99FB706E972192819B7A34BF22424BEA1CC7958AC2E04BFC8E02DB
311
90A4A1DD04811ACDBC181037864672C78F6C0EC3073A40CC49D5E813593B7002763BC6A909D31AC86F3F6E335C9E1C309BC58F16418642E2AF6B290A34FEDC0CFEE08FCA0F56700699CB73B9C99302AA17BD516D7F1FD755A2B32B3FBE7134D3BEC813195BD355020A7DBB541539CD2C06E45F46FC0EE08293E6C0E1972176
311
D9B678340AA1A4823404EF79B1E2347E47C35D0A2260730E0B513025DC0BD1C07E3366E9B9D17F767405FB531070700035618606F0B40C73C974CFD321B0C174A80C0F3AA54945FFEF348F5488895713E89B5C98DA501E06D8D24FF04FF0CD7ECD7BAA755A854EC6A180AD13BE094E8D5D63BFD6DFA5F5D3E4DB1BA18FD847
311
3DC6E17FFC9832B71A2A94D96E808BB53F9192955D62C82E282B05168AA0927D54AB20A20A74800B7CC9655C8B15F62377CA4C91641F9F4D0478F4FEFDCE273A002CC0A725EC165CE3A149F0333E8E9600B2C05A7D15FD831F0938DBE5D0FF13E3C0F0765965A0961C3FA86DEEB0E28304747BFBA5FCDEE44C23544F7BB7BF
311
7A132DDE34F99E44EC3FEEAE92F667A10F7E90B0E8C6442DF5A5318B0F816311DB2E6DC6F172C363FC800EE09186BB9EC82A24C0117700CD884AA42023B81EA6E0CF8B3056411110D78606EBC5AD5417B45BCC8E61EA01C4006AC233933E35D860BC1B6CB9C9CCCE7840D2E0C1C1FFC11CCE54D59300F2B47D66A10F09D8E2
311
4B71B9BDDF98FB62A3B897C53EC88D16D1FFE8C649B17BB8E760EB20B784F52F992544753F2CBF642CD3C9C70D8722C197142C567E74FB431EE248A8F3FC00377F5142144A82FFC28AC2970A780C85A7EE9146FA4B2981F3C93BCB0F3FBCB6DD3DE69C72B6073B99140DE28B8E919D9D9E7C2F5FA99FC1FFD07E9AC0965CDA
311
EA0A945FADE52C791EA989E8E7A21A355FB37E44405D171B98A6E946DB26AE71DBD01FEF07FD378F5B4B518724481820890E7486E3FCE61A60E096D577701890EE07CA5D7F2B086040749FCEF3F81972E510A86359C9BB579883035887542090614E5C4461705D7CA1CF84DB564838606CF1597E8119790D021080C935A908
311
324EDE9F60A04B7830A33F0670CB08605B8D01BF9A3D435693FAB4FD84EF6754930640C1F9D74B052A7ABBA9F502B39DA3BF6BC7514EA4BEC71D752BFDC198EDA8DFE8F32B3EF811E4576B0A2074B99B070A069F60173E7427BDF285024E35A4418B7A412914F2800F1965C4F1120A2D5D2C64400563D5942044807BE7C738
311
EBF3034C4A6F4D70C04ED1F97673C039FABC4CFF18866E08200BB66BDC9CCDCC3FFD1E43BEFC52C317F0F5E64900FBFCDA4DEE68768FFF46350E0EDADB7B34DBBEDE3776BC55599AF84E312229F931E700D04478D66A0D88D09B2276141AF0F8811C5F8067DC04C0F90929F7F1AC9CCD368488AFB965C97B855A3E2E93AE5B
311
4866502E55991B82D4388614F2C36B8484A5FA06E3EFFA984A6AF17D5C2073299D9F12FD63826F67FC460E54030981684E9FBFC22009A3006962285FDF4FC84B699FB5BEF3736C6072F6844C15EDF25883037DE6BB7AFAD6AE164B367812FA8CFCA6FA25725D99AEC5C6EDEEC64ADDA2BE0056002032E1D7A20A54CF444E36
311
0D520A5B69816C0A953CE0434A8A898BF18E2B704588C01BDB2133342F5404FEE698957C200EF54E31BE6DF4E888C9C67F5F3F1B41F922777E7FA6332677C20098C59F762F5DFE4A23F9801A3BB6F8A4F66E0D40EC867E92DEFCE84C714FC7CE8DD3DD3BDBF9C781B1C3B549FAD2C89D711808CAB100E09700BB85240374A7
311
209212F320CA577222A7020E7824500179FC7096C714884BDFD9499E027ABEB3CB0226CD293CAE6E0C41A6788F396606A073E28CBE5CC67D584D36CA39D37974FE1023253E3FFB007A26F657FFC901D851130DDC2BF54884F20D5D40A0B7E5C7BCC7CC87B84F2ED820192CCE1AABA1FF24ADBE1D03635B5B3B53D4A5F84120
311
125FADC36A0E792D3AD7E255792CD5241A4C84171F1104090017DA493D0A7790A7BDE6DF326180398E4B0DEADA5C2763825E43E05C388E184678C88CE6422606C017F030366981353DF03A753DBF6370879F79889DD0BF75408724DB53C5B0063AB6568D02DC47AE4627B58D7E367A6000267E7840C23A0940B992DB98ED1C
311
4731B4FB4DCFB6D3EAFB6CAC7646F0335C5031888CD74E2103380260AD47176D703960230370FBBF28813524C17FFFBD6288BB28E4F905ADB4A788B40B4A6201C1878BED224DE9906C4C79EF32EE679B9F5D3B5DFA137327320643909A823F62106CB8F9BFE4BFEAFF0FC7A6393EC7F64A698EFF8ACE31BA05ECE6DAB6DF12
311
4118D1D13F892F3D3530602E3F3ED3D59DFB821ECFA3D9AE85B1ADAB9E328DE738BF55D5DFD039445AE76D0194180F57B15BEE5F09C07F952F9A10372BC894CF7DA12CF6507E2A8916E0DF430C519485C55D61EFE209912D8C32866214E121611E22A0B1238DB18E86636A3BFAFD5B4EE02FF1E505F902BDF424D0516907BF
311
C95EF3A76B6B3872769D67E25B548F0DA46E2B93DFDFD5F2B9E9EEE1EE1DCC7FBE6380DFBF38A165CAC73DF912AD76A4690D2B766A3EB4AFA2D05BE543EA20B095FB17AE3F1928D84482049B659E671A4763CFA567C08824913D37F2F92F841FC244085C1681225C04AD6DE1684831682CE0D6096B56101C0D4FB3A1BD3F11
311
FC1105AECF5660BD3FEEDF162B0D9DEC6DB55AF27FC98050BDDEDFF63ED14B01336053A19DE9AEF5F5D9E9D9F9E19ECDADCD497BCC57681922F327EB41FF681E17C1921B04FBAE371AC69E53F98183E91B84897A5DB164158BD1D12FF6F6BEF0E02847727BF2628F9FD48B6FB11DF6928C868B29590A0606F92140D0C08850
311
DAA7DD8A5FE8A50389F61288AEB743E9C801BB67DBE0A7F64F63BC87770FDF57AA73FE1F5A84F8DD3AADDFC32087FBC0A7D645C327B97D65E7A8BBA76DFD9BCEE1B1CDE3F5F7CE4E6DF4013ECD7CB60BD1239E8A4E9A5722AD9C4FAC8F7FF17B214AF8801950430639A08E3ABD05A0D94E253BD5951C885B0CE75030907055
311
5FF21F2EF83FF53F4E15038B8D8A244740A5C9CBC120043DA0B323FB1DA0A4EDA268C05A304619505000BE10415DE898809DB6B66896E60AE347ED3D6DC707CB7D5B5BC374A158EDC343D0EA61C217D4878CBBDC1D85686782C3CF4272E7DCFB5E9EF628F5A95AC1AC0C6848F5771329EF8DF2BB79EFEDEC8DBEC72EB7F245
311
287FD4B31008AB38EA4D52F2BF57167159E3004CD8950E217DDD6F699FC763E9D1A0AECC701F7BD4430A3E030374066938F883C01DE40E7DAFD609345E33570F4CE6BE467FBD7F793B5AF2A9D331D86DBA7BF98067918F9FCDD609A0384B523F4413B574B818C6889FAEFC5E7B8F90CEFD62BC2C85B2478D54DD076635BE43
311
4FCADE68B3ECF1C8708E27863DBEC352D87BCC7A92A8E135700CDE65BC114026DE5DB68275E656D2C0D4087293D43BB4C9C14EA83C0D806783B40DD7CD4F19EE9F33801F55A3F1FD600017A6CD5DE607783D5F74E34680E7DAB98D99F6E5B5ABC7F7DF19D8278322F6A97FDB2FADE1539BD945DDF868EE2B8B70D9EDAA45D1
311
BB0A5801198CF1DA891540474745BF0317F8A3703E02510AE94B084221F887FE950272D62D4232781054A87C58D015CD45EBF9B70E60820A2056E9D4D619E8494BBFA68B61EBDD8CF52CCBA124BACD4A4077E8420A7F36FCDAF661E577B792A7E1B7E337C7CF1FDEBB3B49F501F3C7366C1730E793F51FA20A9C3D2E9F18E6
311
3DC277449054CEADA36DA0807467D45F8A744E1BDED725A033868703F1392BBE221158220588F30574A0B0893D0515B0B7C404AD0E7F40C11D504C49BD7DA39A85A19CD7357DFC966E5D92272FF06D59CA5A6A1C8AE30E52F1247C1F1D78F81887F9F3E387075B170F9F5EEE4A7F5BFC69DF02FD8795FCFFAB472E7C88D563
311
DA514861B85BD41594A75F5E866BE69471110A9F75C8609C7E6BF6C7C727431EE3E9E3773D2378C25226E82C08104A57ED273FE0921D6990E02B006BD038263BA360355E8DC446A380F0BA35FA9945A80CF60DFD54054202F91897C241C147D59F8E0FC67CD0F2BF377A3463F8BBBABCFBD6833C57E214AC3F5AE9C2FDE888
311
52968F20337972C7E04EE5658223008AE82D93BC37D8DDD900BD6B16EF221F0D4149045D740A8A215D4FC186C658E01994B8CCD317465828704BB630DA2243B3B4ADD3EA554A97408454148C04A1A0CAAC2E04033C04073851F54380E0BF2DFFA43FAD3D6B574F2E1E5EF6E5F4FEFBD1CA87C161FCBCF5C7AAE2F726F81402
311
7BAE10F79BC3D765D61D1803952210A9AA07F8C6BB2105B61145B324F96014EF223D4A9261080239F03FF6F4DD4975C183B887E081F7A467A25EAA0C94028FEB808637768B07400A8235D4EF33143253198900E079E3FACB0C59B00F827A5785A6FFE2FCF0C0E6F1714F11CDE5140D931D707950631F3DE877F30000200049
311
4441540ADFB08704E252AADE1BD4E8DF55796A32B9B6F17737C67702E5C638682737286CB0E0A89B624D5BF28222432848C9AB8C07170C97B814FF492A61072407D638006F7C8400860444C01B1930A522788045633DFA9507267A3A42BA05925BAD705CDD3792FA23C1075C6EE768A673919EB6C3FCFE7629B7310AA794CC
311
9C0D14A1FB88F95C845BF22543F57996E0B26C9E4C2ADF187F979F8A55F11B47BC26594C52588518D25E6C2B1CCED231EA1B748F093E5726A21A54C91EF95789041030C20FD5AD68613432E19A4D0DA2505B6BD843516E10BB00AF9AC315EE9FDB39CC1F9EA59CD88F9CD071D470C86C4647FDEDDBB1CDAB81DA94034747A7
311
79F4CED497CFF817348F69F52E55490840E48840BA72DB71F3E84F6DA2F4717AA928F153DA6E4C7E8E00363CEC9A2E1C8E65F298FC4A52F087FCDEE5CBA38A80CBE11FF7BC2AFF249203FFAB77A128A001B1987BD334AD9B901890A8C2005B6B248196AD09C0025ED841325B31845032E327C531C839E66DBAB39566B631C2
311
FF0A1DA5A3CC47E665AD8751B47CFE33899DF047C9F3C365E3B11278D49DF939298E09002F6430F9958803309827A7C791048CA070061B7E9A64C557D235F83EE24822E5EAB805F9862F20FC58F483DC0EF02181F572930205107E00E523861895A2811309808F2B6C14B2AA579E893753C155D2F54302007E9FF36AC5FEDB
311
CAD47E182D91A73920CFA5C18E01F8FFF4C3F1FF553BCAD0E58DEF85DD63B91BE38ECE1A9FFC4AD4A1FBA30D462C328C5A0340DFD393D3D3D3C0659195C96990F391EFF4175213BC74C020922D4830FE215E76940962BC0713A3B82784C0CB6623DC40D6E1485BAD454F6892200B225096127FBD82D2B12006BAE2E329C771
311
E25FEBC0DAB3B5395289D56D7A8A89081B34EE06F80F819EFE75C67DEEE95D227E283FE98A7B9F1C97D2D05B4D07A469153C3DA3048EA68FA667A6D90E291C7D7E2D063E4D044964D055F2DBF3E31BB851AE9F78A0A7314F0AD24901F581D74A6929142039C65AF5830D1C809536CDC05E4BA51038F79D713DA930CF18BA30
311
10E385351CF47F74D439BCBC793556A1F99814926AF12835E251C59BEA3C083EC2B2760FEBDF4304C9EB87B35769E1EB24B648542CFA4EBA9EF93CD42F03C08F249A2C98897D8E2225E90077823F4A52171A61219998CED6FA050992B6B0A74A2220ED12123004FB977084208F8E2AFC80F456CB110BCA647A3A0F854085D8
311
4FE0052BE31FFE7F925610BAFEC06FC33F9931BF063F39DB3D1BB20EE357F594045F4226131578582CB055A59A073AE0413989D215019B6EB8A21CF154D71164E0D8F4E730C2CD382D098DA5261456A425643686BC8301710F2C50665881399156AA2B4C3191BC555728384800CE10040F746A3D8A80A5F0E500A93456FEC5
311
2833BBB45203DACCA37FE1D3EE4B9BF0EC27ED47D89B8266F11EA2DB8B5A8BB93EAEDF0C06B7AD0402B9EAC6E787365535AF19F15158308A9D9785C1BC1C01377F8C6B4D07B50DAD25649764A91DC9812C7B34CA98184084F7C01055466B48058CD44085AF26648520C85C41C67805462D8425680425559F4440F3ABBE1F3F
311
81B1EC72708767DDC8FFB6465796C8FE310FEABE0C9B242A74137EC3E0427091967023299BE5D6D4D0C6D15747DC2AEA4ECC57C72856E827D33CBD319D70FF854369EB841282F84B7CA4881447ACFCB257E252E00FBB3272120A75B99119840858486615636E0E0334031AAA8C08A62E080053A0AAA4158431EC727A084021
311
D41CF5D630C94184F6FE7432E8F5F9A4FCDF3EA7CF136FC2988093F98ED622E38E4976E1BF0CF49D2889E6DF3566719FE1F9B47A2D3BF89C69155DCF24F88C609EE551160F0415900B4C48FB013D8900A9192A700748002924771A3686A0A580FE4009E00ACC090253E280B90AC15048E047020483A038A60ED232831F2CC9
311
0498648690D960C48E439F18F4DDBEB0B6F5AC7B7B89F6230243B4FA160A7B9327F3AD5D937C8BFFE5FF8B3A5E64283BEF8EAB9F71159514CFED62DBC880614AA1F7994CCFAE7D8C87057F451733699B8DF87056E1F0654B5021E38097E4E23221B810DE20559AD183A61C2C88A648DB096081E9801CA00BC1DA0124E08DAA
311
C15FD2936905CA8DA1C40E42B13F1764E0C4015EAD7F8BFEC99A310B1B7C0BCC7746D3C0702759C89EAD57122092122D1F857067684A578F1DAB7EAC400841F493A468113282FFE42316CC74C756B1C880FE78795C692813CF4644480EE9B02991BCA257A71861F00666D9410288487618D120D0E80D7773E2B7DD180E100E
311
C98B221C94BFC4FF531A09B986230F1CD08378A8E4D0FDD7D9B1BC75F5C12EAD7FF83F3ED19EB018620303C217A6A35D826E72ABF2D8E2BB1B783F6E48D2E3F360806E1D192085D022103473A10375B63853EC54F500B5B064DBC20945B88160DCF7E4F83A0200BF6FAEAC88E9F54D22D898E43F378D20B51B5D6B14570009
311
22202800DD401A9266483029C0D6D57ED80D42A0E6E08835F0F3AC73D7FAE6D56185F04FC44472B854EB7D9CBF7134DF3DDC35A9F6B38417DD6F508B37C1A718B0D054124176F7222F62DFB327F34D451799D56216880193254FF782D7DDE26C271BF38C6E422E271CE4AB8823C9510F021126A7A944E00DB4031D013C88EA
311
0746C96D4574069BD5439C4110403B40020C30B07A604F1E41D19C21A93FD9002DFC35F23B1E7B98E95E38387E3603FE7393680410D702FF9ED5A3C5E5CE68B5827D721FA78F3A9A0C08A79722D9C9B418F46C0057BB1640C70AA4A03D29CECF33987596D53CFB27B32C3BE304C540E14BF8464E080918268D254838C91A01
311
F0FFB99154FD8A9C0495EAA6534A6C464440B4A71E16100E7405088122A35F7A511DC003D002E6C8E7E15F6D1D2FD09014139EC11FDC89394621F77B9F88EB5A583C41E2FEDBC8F82334494C0BFA97FF3C3A34ADE60385B60E5A30CF036E5E75370BE3B83AE73B3B7DC0BB337DA0045299ED0C66681E4AE223D01B1BC3BD4C
311
921E2005FEB5114739040758189BA8A320067B62A3995E4720055065AC2B4A8006BF8CFCC907C0063EACE41813C5F017065AD46CFDC6FF1BFEE052932CA3478C8E5A6F25DC8503D40F61FC1B047E4DFFE8E84407C81F1AC7B5C79DA358551CD0D13785A9AEB38D6EB68A0A8087FC6543E7471082873CDCE5CBEA1EFC5CC057
311
9469E225428E9A43D6A6000B4219DE52E8DF00A55F4BF5035960661C2DB88AC1F67C2890A93FC420193C8326409E7B595FBBBA9AE1D1511B3F6D65B09AC10A71C2317201A603E88C56CC68C91279E83F5C147787EFE6C675F00941D23EF092920330982DF38C65EDFCA89DA98E8ADDECCD77CB86D85118F3DD9884820B1128
311
010D02F1060F582871CC8FF42024C02239273A1CC3BF71E770DFB7E96081682803188118B50310BD620234F230B12711B063E0F0490FCDA9248B580D3D3DE944A30CFCF2A1E0F6E59E8FBEA289CCCC943785BB8880ADA9C2FD70F6A13F5418444E3A669273C006C4B4EEEC067827539FFBEA9CFF04D84E7F170480037005AA
311
C8829084329899F90B5E013927F8E646514B4824B01D11F72C012CEACD163B6358A4454A4221D06E68A71062520649BF9E9127D0772D6E5EADED52FF216BC2FC513C7D3C5CC4C8AF009811826AE20203B076A2AA66D8D32E317DEE0EFC000FCE16D9E0BEB17C74AB009256C5D8AD1CBABBDA61402612C675FBD72D07E633B1
311
A42F2421208CE01397560811204306617A5141706105C9F4984C459F2D0F6C392FA05BED808512B0B9A8A9FC6CED89640EA347D31F0DF76D3D9E61E800FE9F7601BE4C9614A1C58E6C839F13A12D0EB426DE6386B82369A9E6A7F1F9146EB578A2EF4289AA109B4F6CEFEC0463E0072A05CC9DEDEDFE08407B173B8AA65399
311
C80B2911252E6290C82CC1B8909140C11B7AE161B42B93905045D017E00CED6D27AAA15F2C2179F1E83D411A7020B9408D202381E7E5DEE5A9E7E5CDE3B186433F488AC81554BEC09BC579018ADD1DCB3D9D70F02B14BF9159A4DA376225FE43DA224FED327941705DA582B2FD1BB5DC0540667B650BECDD1D5DDFB0C7F36D
311
EE2B94F6EE2EE4E426F20A1174C31DF153321A24114C4FFF25E505475F6906D4149B21F1BD9D9DF7B059F8E0FD83323CB97991FE80EE131A9003B81C491B218B1D42C0C0D593D9D548003839DC29A740298B0C23F0CE14BB167BD61989AEF0B985C8FAC8F923A73F31953989F0F6C96CA6C4D0A9A88184BEDBBBDA3BBADE77
311
CD8E2FFEDEEF46184A86671D7DDC51417477BE9F04804F305AC82C2D018A21EA903866A0F959FBD4139916D036635EE03DDB7408BCF0627A03027AD314C09B0A27F0A79490D53839D0DAF1416995CAB24101FA63F75029D57A4CBBA9FB4D120ADB17FB5A999FC9420DFE04FA670430B90FE7F589F7FE8D50A4B5F004CE5F07
311
EB4EA007F8AEAE8E8EF7DB3BE2F81F42166C7246FA9E62D02C8209BA1024414C483498B50229FD923F2414040B2081390AAC353B5283EADA12A30B1080866D746B9ABF5BC107F33C2A015B275480759334B83AB02175EFD0DEC785DFC505E0064F4EBA5A97073A74C5C9FEC97BD25D819E28AEE661FD2732B8BBFB1BF13441
311
B3C1F45E8AC1752BBF80C113DE960E0AC7D9D02C58C80505A19BA0E84B14402601A590A4AE00A825E98C3212342302EE10FC5100681F86834A2804BC409D70270A2091DCE874B16BE0706C974EB3D26EFEDFFCA6C4579AA4DB781708469F055532A7046C6BEB0CF39F3ED2EC4FBCA3D00EA91CA68FD2B87B5C191E0EB2C300
311
F00A1C9881F263571C6CFD83D079D09F176FAD839340CF030F70458F81F09AEE1329505150CA0A00576B56C06D58070B23086F685E44232D9D53DE3FC3731044F286D19F459351863F749F1104198D6E14BBC68E17CAE70D7AFD958E350BEBBC70C9C4DFBA075240DA27D40AD7DB063A097DD3F041EDB3E4B682A7A12A548F
311
3393DB01945547175879989302521EEB1431B08759B632B174E0F700E774FCA1BB83F95029ED1A084288C8893520E49415E00DA080AE8027C34206D35491D050A4C6B080F6A20889A2FF82379AB6234F6710C05F9080ADF002B9C9F9C583AB220F45D618D7E7F7547FB27CED8A8B7A7D24EDA4988B0C1C2A1AFB53FDC61BF3
311
DE50D63C560F0120B0372F0839DDDAF13E583B868717C1CB8CC71D1D7F440CC82184803144196EFD58BBE00B7EE77DE8C015942357FB06FC906A5E2B8882CCF9FFE184B0035A5CF186A962A63F84B3AAEE3D5A2C830008807568B6A9F424086D2095A3E262DBF124350082C4B5DF4704A9D2C93553DE47BD6766B693496107
311
16999FA25854F759CA9792599D3837ACF6247CE8597B0F960FA3EC45B61715050260C5844FCCFEC9666BC71F875B17E3BCB4CB151405D7D08F846B4CB952248B4603CC402B609E90F0044A007FA800EC46D07A51232B00E5683C55D5096E1374DA4FCBBDE2C25A5B8D26008227CA7758033D7D70DF12CAF7F247939F93F1CC
311
63047D63ADA0B7CC8771B234D8095FCDB577B586D1834062035670E204B245EC093FCBE15626C10D210CB38A13F50E10A0D5C0814B0C4B30AA9858516001669002229618F100767AA3D6D2528595FE7A398C2D2300ED0013A0AE60B91644A057327BD3C36BEBF48C91279B45F8BD145494674AFB211A91977CB838DF35DCB3
311
D6D6AA2FB2784B591ED785DFD7DB77747DAC9D2F7674810EFC2895F9ED8007EC7885101679C06F21E4B1C8A6120956F80518D1DAF1717BEBFB5803E20C6F2A11B2E48AFF4AD2810A70054623E341B3D1ACD92DA91150DE631EEB2C28882D092049C0DD38E262A7BD6F98549930C9D44B7C37028AEA9F8C5628A2BEF5704C0D
311
CB2B428181B1BE766F43014498D2E57791E4C8DA6BD2ABF5003F0C40202E2E32EDFB02852D16C30B7F646B98FDF86C7891690043128B0A0DE6B4EA27F08C30CA34C9D0AA0852A5997F8D11A6EE84E040B20472020256F4AFEBBB74E6705A12083B249089218E6452C8E5A69717E904A3F5EF3D5D08EC1F4D4E85086B238CFF
311
C11AB9AE972CB775616C6D1DE04DDF073B4DE3747C41FBAE6072901CAD0237100670C5A00C2C3CE063610ED824826C1F6650700E88C00B62468903A0D71D3A390255AD7040048348C56C4647413C2C2561216E0C469203EF06A5B101AD40D0E207F78B124747DB5B4BBB4E88B1C373C114E0470B345156EDDBCE1B4DBDF81D
311
BC400746B0B54E05F693707B89A5E430982C2AC7D10DFF11D5B102B9505034B35D07E8E5F585757F088B390F2D4C85CF7218E8418BB4F25B885053D07D5A908326809F31D6CC6B77CC948413B28664484439D118DBAC27DB5AC40C1AD166F25E6A2F0AE82100C0BF220405323E1FF80DFC518CACA8DE1003F3C9FAE9C7B2D6
311
0703A0004F8EAEAD2DE0F5485452D15B77B4B67F4C2403B8D8F9C533558ADE058A9E177A1698F75DC0EB4C800F74C0270178C8579C1FACD025F0560844502D2BBC01E620030CB93636C1041636A693949CD80139FD15BE107F905590A292840F8860706D07E2970A2F15E5B13B87C3143CB2930374CC46A6F9B9D7A5CCCC14
311
E11B9E879A49FBE27ADBD6DA82410FBB94FAA8487D61B51F4BE0A03FD08743C31020D6628ED20305A22C2C2FAFA7ED1E7881C438AA5B9035F20759E243C51F34D0D5F02F11403B9E204CC1686C0B6C9000470561519CBE1B0E4FBEAB37A39EE4B84C05F023858779341991F36D9D9F351E7BB3B5ADF00148D9D05784F9AD8B
311
037D48C01BFA83D4247F03BB768BEEF973A14E610090D4B96B1EEC5C5E66928F28EBEB6CF578B067DD83086081579848E60DFC7684044D8174993C39F886043481F6A2B743B18749E52447CD4D230513032D20D20206E536E15BCF7B7D211634F98FF9986287F33F9A94615A5A0A7CACF8DF5DCC1AC6EF9AF1945EB78E0A2F
311
ED1DA2ACC00EF983F9A012260BD722EF61C9DBCDD8719703ECF839029010CA0B9F100B1D2842153E01A1A3837AB579516A31982FD2908A09100DAE591016CBCD4B011A2F4DE299E1338CE065DC4841BF9895D8C81714800CD08F5AD39601BC929B55D291F6CDCEF2AB40DD5D98F4E6F107C47AEE4A09A079C05316F479DAF4
311
C2BAB83221BCC0CE23FE3D3D4C7BC9AB673D89A3677D6020F6E182332028012FA0FBE0B2668FB85485902A8E7FA0BA2105C213E20BC2169211A4BABA7D693C3F1DA961F203694853137073AD5CD25F1C017DE0477626D7BA55B88F83B5EE513C41D814639FD1BF759171F4577D3CAB0C3DFF68B2D3B1F8478C18F67BEBB259
311
8FA76A4545E9E961BACF657E0791D2373030E0EC9FAEDD17BEA7703A738185D08236C407448A4CB504CBF01FF43859D3115488EA01B55078000DF085911805790DE1B41B6F8CB2889C3834FE02AFE07D85143C6C008438A944EA63E047023A7EF37E13B0903AFEA7BBAB9579330FAFDAACD540022980B65A75FBA17D388F1E
311
6576405CCE7032D95BDA420E7DC0EFA320879E5F8B3B04C1D2D9C1114210C19FCC49DC6A855E12010184DB8968109ED016E4683CD552A36B3AFA13BFC2114068935A7E774CD2C7225642B73325938052D8634ABC18DC9442BF9E0402E85B42F9F3273672DA8E8F1070405D1DC3248487574CD98092B8B956E6AFE1566530B7
311
8FAE05B4A0DE51FBAF85DD075C7E11939F80E015A58D1F87E400CFFD2306C4D1D3C634380A201545A92BE01F445800BE12302AB477BD6F62600D211232EB061448A0D2B877BB940D63D059C37E0569A83DE93E214F4BD86209FF6F479C640AFF8AF6D1BFD987D029A94DB7C329B4184D4BB013BF912FB88FEEF913071A8D82
311
B651BC10DB067A7EC52FE1B421883144C00F64FA23A11CF708BF16CA59F18D4C04B8085964B2D8DA4A855187000BE440BC816FFB13374640B0EB1D0998AF38A1AEF503F14302E2811081FC12EA6CD38A63B33035125F40F170C0B0AA45E9FCA38FC6D688D48563B5C4B4B7C359D3C7AE0EFB16ACD5E2FAA47EF8307044B4EB
311
E1C71E84E742D81431FB06B90B600B9C239E277A57C94C427EE10E7826980C0136600D916A06058CBE8604DB4D314FBC014EDAACD0820F14BF75449B70339490FE5A0491221BF95F949DF1235380E969AABDBE2D32EB4403D3FDF17F42F9A0A7C28ED75BE86BDB7C7EC80C76F86B8800F77B305EB88F00A4352E0F8089EF81
311
1EA02A3DF08F7DA008F803BE4B4EF5F41E56087099E920708C3D720916444440FDFA013D4E1201414123A09290F5BD7AB729298209C4306D007BB0829FD4EC3A6D7E4F00B67DF38CA0764F832F0448E58439B952CB4F70DF964AFA74CCFDBABBDF273E2FF4F56D3DBFF2A78D42FFF2755DF307066497F44062AADFC0CC546F
311
6DCCFECECFA232E14F408F05477D311B683A35BC245FCF8A5CD2AF20022C21022266905A5BCC8B20235D6FF04019CC04058AC80023662E25F342063165956320BE50370F2A657BACC817DDA3DDD3EFE04028645780A768FE38DBA88BF2EF3ADADFC7FEACA952E5A77568ECF0C971DF32BF1D24F8486B22A649EC81B1B60315
311
CBEFC026091CA45F858D7D04C1B437079431E63E38F880758842E780A9E03791C0FAAFE10012588C3C592FE35461A6047802BA18686887023A422A49599399893103942CF6DA53A8E387825FA0678B261F139F801E2B17C901D0F5217E07AC2401A87D0480F753FBED44FE949C93A1D042B879FCE499B3D861AEB23F9C1F37
311
2F0C24D0B7D6E70FE1AAF60F84BAE642D82F0A9F53E22783915518494FDBC0AFAE7DA282E5050B703570E06319A015E00D693A6BEFFAE493941C3B08C13B96BD20D0115A9565701DC58568A3009DA13E965765C03091F0FF339F7309D44F6E61F837F1B1FF920450EB8FC48F9B40158BE89C81A597CFB0DAF5F5755D3886DC
311
13D4479599B583758CBF35663AA234F133F91D3BCCFCE0A794367F385C59B19431780F1C099131384056616E15A1563B50021D369C593FB292685A68A8B2A50A0A2085CF05434617E05FC24A6B077B990014421A68401AC4D65788EE25F737EB780D08A6E38F060F2ABD889E1B889C44852C2FF368C1E3E710D73B6589EA83
311
F7417B341ADA1F639A23D15298F087AD0326410E116C3A1B325218433C71AE62C07C1480F1C045629724A076A4BB8D622D24690486727F56108D07046DAB065000678E04C4F8C342DE27F4AC102D854F2D08D59B4ED0E4F697B0FF62F113646BC5B7F3131D4EA8BF8B265EA3F2026E7061B96F6DF3D993276B2180B8E57067
311
587428579460551049049B074CF8B1066C7E14C705F0B39298C0997C17F701097023BAC31081390196801FB0C2A12380042927503D5A01CA127F9841B460310639C674BC8CDF1A320501448E0068905B07F6E5602F8C1F07786253438CEC51AE61FDB25FF71B09893AC026A9EAE3F30F369F5D5EAEA5801FBAD3C98B38C13E
311
E017B054F81A56F05259DBDA64FE270B1FC4C77200FE276FE814B916E222575ED717A62A92956504605268408CFE13FD61F84252228376060206802B9550F00B9D47E6AF1022538A752CF4FFF1F5931384A9FF8700EDD4FFA2B93FCBFABB3EA6C607FF714B0B8B04EBBE83B52B246092AB018C0D0002FC490849F1E214AE6F
311
C42009D6D86616C835B65DB9862EFC4480C14137603C3089D0A5588FA27E693DD184131BA4E88C35045ACEF1CDE1A82323C20B842F2419604821196EE8185BC834AD44F8E9B7549A32900196E9ECBBE20FFB4706861AACADBBFD9B56A23FFD3AB8BFACC18B1B5AC0ECD7B6AE2E2E9CCD2BE8AF1B1BC3A813B94107E82DE67A
311
42E7CC7D4A6116700B5B2EE3C338A09B840F07C40A64800D7C605AC42B72227C4C7020AB1F20056E26F542717F56534261DE3766AC10A6ED2D006DD03BA9DBA507AE0510A8B385C92363B9154167F1230C40D76AF6F3BE0CA08F8BA2FFBBCEFB09D0986550E0F0EAE2F2780CDF850CB0F88CFC2815FE87BD83909F474F45DD
311
47F1C821DB2107A8817FD45384F57891B65F2543D0C1E20A89B4A8DF806862AC27C60F6A054627FD344250718AC0FA21CDC4E28DBF2650D1B39D8B8A420C348A4F846E2BE824BF8C45E1DB8EEB52F576F47A75FF95F90FCE0FD3A7A08D48D5B9AFBE3EA658E1676FE3372FB57F0AD8D70ED4AEBA3D4C2BE0AAF1C3AD63A600
311
4D12900CFC481A47430C9EACB390038642C8C41B13303166614210592736B8603AD4FAB17189DBB32F3915F0C380795A089A15228460BDE8E52203527D41B5470901B088D84FF8B3FE2BA7F4FD30ACAB3DE0B7E2FF95807AB0010FFDE3A048F7360F9F3FB9380EE537F16F8673131325D3351A3F664022020811A0FE8C019C
311
A17370725CBFF64132025DA1BE2555102212E80A907FB43ED80A991A8AAC183932C19AE17524B06590B6AD286EB99BAD18FF4BD64BAB519202F992A963648ED30E7521F909F090C0213E367A77D8836BEB6F34D92EDA624183070248351F1A079E5D3E7A9EE81F2CE6678F92E299EE312B6C0572C0A7B5EEE0785361240381
311
3152C7125E2022A20C18F855DBAFA399817FC97FB6E1CDCA31D348434ACD0012F0D32A5456B4007E6E92D72B1A4E9971223A42C1042819E4049C0C5801300C0013FA48F8944FBAE71DAFC27F1826FA2304ECDF3F6C10FF47D5C7E49748DDD687DE8E91C09394EE0682A4F84CFD6067EEDF43E67EA46CB2F4070160439245F0
311
0343D03BF25D7E2F26FC400A896DBF19FB8D4D0A66DA669C3D608F9CD048A0533621B25690EE19D5D15248E390F042B12C682511B02BFE3E5700E4C9A9B2107A8F45248FA48234FD23005ED1F4EFE80D1320836F04003BF42856D478D1DCA3ABEEE3C68F9F30C3A16E5C238EA5DE3FF37DACC2F8B7980033F47FAC34421EF0
311
418A045394802CE032D61C70023D788136788613887C0011A4EA316E005718AE191F8D0D841B9C679CD2FC478442D005429166F5A24403B1E6ACF3298F388B6D0BA933D92339D48969A5C11F09B4FF017A9900A4F887010C474717E10F36468032FF33F4AD610517777104CD920C3CD15FC5F3B3A0C75BBCA3B00F2724863C
311
10BCD4A0E00736C7981F2F72E4B001438B99714FCFAF713A2603BC710376A1715FC602022202E06FDEBBC680A3DF1C4C095A12C50B554FE7623B50374FB2129DDEA4C392C9188077658C87F55FF92FFA507FF03FC8DFD3F31BDAB46DD51AEB03F7E1B38B8B87CFF47EA1479C3EBAD5C6B382C221C0F1B358B39D76D9D3142C
311
4A20935F541E492E0EF081BA41B3620A8E172B584EA1485632E22A8221CEDAC6110AFA4B6D43E2B76A18AB240BB24337721C9321D2C033B2D3E2641A55A400A28403C12D1DADE39AD23FC5FC08C47A64DC3FF6DFF76B5235124022D7E6D6D5F3CB870F9F31C96FE477FAFE54100068A3A87FA5908A2C08011CF31309C10025
311
B089FEF9C510522B8DC07C30AA469841723A10C08E27F00F7FBC181C083F2809EC3B2B328E294AEAD5A071B3A95C81D2DE3F930372D022C9C793535B92FDAD5426E90490C3C81D000017C6494441544698C416520C1C40C71FC204B22448FD9303782FBA67089A1A7D4CE38E89050FEF5F1E078A4DCCFADA058032C34C1CBC
311
2E1202B1F8962B1A8024F0EB7A11F209E96FB369D4B64202FE7BA230AD24C46413536EAE955B341B726C593B5D4630C0BE822480908522B0D85430230352618DCD4F7BA6D568BF4343801480006658EA3EDCBFFA9702B4FDE9022163C43F9B72B58001A23FCE6F0B3FF0E4E1DDFB9801A6FC42FD0132CC1F2224F89933107A
311
D30B6C9131A53818AE944BE25A70810821C38F098411980E46D108F483DC63F49B91B852351604091D60546702F58A3872A1716411B642C7629C267E64E77719F46B0548FD6BFFFC86A38DBFADFCDF700228C124C8664FAA02BFB1F92B09800876FCE4F2D1C3FB4FD0A44E0106A8DB8079751CBF0BD9340066C3D52BC64706
311
467C05B5A54401BE4A1B0132A55EAC1CCCB10D378A3DFEB9812022327745EF2102886A9142C812A1A2C9708027BB55B7006357459F9C2080E0BC34489FC629510F3017B62D5073E2A2C64048A0A42580E413BA9E08274091A398EA80B5BF31C87BF5ECF8F1C5DDFB4F22AAC181F070AAFDDAE5650C4000516440D8806786D8
311
74215149E69ABEC43FF0EFC820FEA112B0522003C84BE03FB76623513B6D840820358B084119B0CEC8C00AE888826339A54091F5FCA513AFE147975BB1A86FC50618D9D74502F0C7C8815AA306602FEE3A5E79E0D7DED1B221001118B73182CD439A092FF801105D1AA14E1918EC282F6260869D55108065988BD67F68E558
311
1720A708051F7C8070F582389C682BE53F2AFD85853F2A013D21564028E06E79B7A71E43212180A81541EBC88F451E02385100491AB0C4A3BC5309A95911E66D04C0B448366988ECD204C2FC930F8CEE8FA410EE4C25B58DD1B6EBAD83F6196670F7DE635282C0A56A851AB035831725F0471A10FE52097089C80495804100
311
318405F0DFC2136004B4C40705EC9154315129205EC357930035688F61AC02188250CFA9A980233925F16A117A48CA54DAB6400221976B75D863330942E20EE3B00B08FBB71AA813B0E502FD2B023DF70114E0D7DF2E2EEEDE7B789504200112075478F2FBD6897835C91F0C20782401E801A2F9142700B74805703426023A
311
81CC0BE88B537D0003E0C5181D29EB8D83050964DD2580910A1E7A8138F76253DC01DC2F3824391AD748276C0B0CDF12366625D038603D0003E0266CB42704C8CE7FA7F11B4D59C0BF454A78F8FCF1E50513715D469607031272358F04E0003C90107223A581218F10008B10247CD20D860FF0BF48801040B3618081487147
311
64028EAC137E871501EFDD97C89B52107FF1235B0928C562530082573CE137840EFEF82A0BDC602736C595912FBEC69E6A3A26903B3A300C5A098A9E3F1810CDFFBA019D97B4E7A7A075850F2E92569BD960CA7B8304995FD006FC4213BB1448A6F4BFBB3A9F9FC4962D0A1369129B10073771FEDA38B1737B663A71C088D8
311
848027FC3008DAC4E4397A6F76271DFFFCF77D6BD7F1F67DA51E0E08875A6BAFBD6BD7AE52CC04A0B4A2206F650EC412841A48258258E8662C3838FBE21E25172C2A15A4F78D82DCF68A005DCF07047C183E1CE47731BBCCB5469D9169E0D588945BEB637E87802A03D88FB82486210D28FB3B858D13DC7CE75F5E6F3B03C1
311
744D30CC58C7C7A256146853A05243060B850072A7010CA47CFBF9A1E24F414037B8781E8E9F219A774B36481CB43E48A79819D638C8760D672FAC19FB9D3FC5EA9158DBD0159C27860409682E8FF2595652FE189D2CC2D7C023E944158355806FC320087CC74116030CC376C559C098B93A041C5DDA48AF33827D2327DC76
311
1D19C17CC62780D82A170E6CE7415A5E7FE825E053048F88D2AC2A561CA4D4C60098DA28EF1A01382772484698F60C8DD24BF396EA76260542810A625978C03580A9CAB91D10249BE579B0377A3DD15749A45F24C4D81FF3D7D7996F6A1690288008C0FF6CC186DA9D5FC95BB09B1301004B016E707FDFED306A1BE8FA2088
311
28F00BF342186839839F1F6FA338DC5A0200FF383DE92614C03A4508DA18F4D85F9354F7E867AA77A42FF49BBE6757A1A7454448D0BFC3C220714FE43A3D8F1547BE10F0BC5A05985AC3C28829A06FE24CD062700601F4AF12AF99099B08E7071DC4626A97C920C3FF96E190C9D1FD7CB6163E800D79E5F3F10A9306C02B79
311
9E80F1AB380E0571A584C0370A220C3125000B500900D96FEA40409F980E2083E4EDF4D8D2480AE5667222E020BCDAD4EF19682120818FE18EC7FD6AAD67C03F7DF1955E697456F517AC4F24700C30171C67E9168B109A4F60AFA60F98BE30941BF776DBC7C70792A2FBE98AAA97224F8BEA39B47BFD14A8CD03320DA2B676
311
E3AA397E652E30A42CE2987B7DA1EF7F75242413800A04C0270C62A13372400B435ACD84B8B5009208F5AC73EB149FFF3508E21C2201E0338BE07E50EB47E7FF6D97724A601028C5519073E7978EC88834410450E074DD58AD13A4900103A6444A9CB99103229F0EF8C0C78161EBC68137240734CDCFC349807851E0EB46CE
311
864D2E405ED341B71A390CF2DE20CF5193189E1901E866D0230409684B193D17E2928534D04240937D3C84477494FC5E0FE0B448E35AFC19007926C1C6A6E622FDB8A12E30993C6710E070397C4B26304C0AE38218D19F01FFB15BAE1C0E7E74DF75F2406E373C414E848FF8E500EFAF3C1029C9C0ADAB2313A7426CA9B2C1
311
B9E30032C84EF31A09A88A386F136E8C2F1D582EA0459207015F10F1F001F0B1B7DF7222011EA2001F00BFD36BAEE0850928B08C077030FE3806C880EAA74BCE0863A952812E6008B3A89199C1EE918AF96AF583F1A073B0A355B9D861AF1460DCFB3BFC6B7EFDC834B09700CBED3510E48DC7129041C991F06BA5006CA6B5
311
B34EE21501374E8DFC910042036111EC9C7CFA1C05D48A7270F7F835BF04A4194DA4CF76CEC66718C84CD020D04C412AC848F03E3C61A1C8D50D0EA6838A00376054D3DF61A0E393E1F8B058A6C994093476D601A4A06F0CFD3C0A6BFA910E75CC10400A80FDA93AC9B5EA4303F6C0D188B559086091CC5910137772E14F23
311
76D03181B5CFE74C0EA38440D0AC256D6C4D104CE05302FCC00B60B9CD4D71E08BD40C144A025E60D4C1F45FE846A2105D717EEA84808A5DD90A168E133640311CF05DD870768683F5D2F1800F485AEBE5CABD8FFA3C0BEB33702493AEB551B1EB035EF5C8E5757FA7832141F88E8578A363802B560007AF93D7D470B478C4
311
D00B412D634C9140C4F9275C00DCE8DFE3C7F8C0AFBC5B2CE82E3C3BDF393D4375D50C43CD1C17E3777CD2C170725B7B42B41DF15BFC344DAD089C1E9118522B4A2C60B794E4E8F33081BB7C8CFCEEA0B2015E49D586429C6C78646180B7710E06018A3082243C275F077FBE412C17DE80D3E6B9462C5204C5D980D1DF84A8
311
64401C483CD01B143F4A4868087A0F780F37230200A4FBF6AED325114C367C22512750A5C7C3E32D545CE20A0904183BA10015DCAD89864B3E1EE97EBAE8B204266A48E010511838E2FE413FB116E60880C2D8440AC3880DDA6DF6618C138CF1CB2A09637E18D00F80CB0DC05322E31EADB8081C29410903F06BFCDF5AB460
311
24E4A75828056440503C707856EF0C037623DD4922A400E8A6BD75E4D2800905F18450A00CEE88860C8964C7B3F90F56528BA18F71CFBBBCD2D05797E168FC37DB26DBE0DD2EAEF39686C18440820013C1444055402A541400DD362A0A402F1FE51246404E098249FEE30708C10CA0B54601053159480C00BAA9B1223A7732
311
34FE72FD5C3BD81804D8D196FE3D5315A0C981D88D04FA01DFC185CA93F9120E1F480B08063364A0A318F08DF95056E4C91F1150D31B011200383502E079EE43CC18603AE2F88FD139C802A739F208E88D06DC78267C448C27C4113C19B0F51B0E9C1C021CF8F9167C6B1F2E10E461002910105D1042792D1CA303F469714C
311
018C23D72179E165049C40E801CB96CF334562E5807291D1E0C70FE6CAD91656715F0E5C5E70F8D7F83290549B1BAA6F781D25180EBCA93EC84E72A74081CE3020789B3790E1A9E478E658C099BECFF01E530E80EC5FE31204ACFF70AF8177A03059240CD074978A002A878BF883FEEC81DD684E406CA630ACFDE87292822A
311
11953710F000885D6F68A67ED40CD772B0828359B753F7CE23D9479AB9845771B389D6A77130F8C134EFC83947392029B10E4425440A84AF0E54825228FC1634D369874739C837A9DDC83C20D320C36042610ECDFA750303710224D01202488012CA847424F8D53F78AB6BECE9B3B35A7F32396AC6B7444566327DBB4DF06F
311
D9616744F4D3A397EB3B0A3FBA8D763702883ED742FE5CD24146D8E353ACCF811C806AE09914D8446E93840FF4D6C963FF32BFB6AB015D1D3B0C9A0968776F021F21404B6260CF84A14F35180CE20B5E85BDA2EC91FD5A7DBA7E5705F4F0F97AF26CE18E3BA078138202400A62930FA6CC7882F911A92F33E547E64990B0F2
311
7323D73B6222863F86425153FA8009361C675554C25382CE148420C8DCC47A20122806CA178A0918C14CBD33440289078A00EC6070184CA9907FD0A1270478E0B325B67C2193694EDB7DD0F3C238447C8A11485562FB4902134E6AC952FD5320A4F7C780882DA9684285CD81D278C0E8FF8DEC9F45D22DC3C2CA99C2728110
311
888799575B6834BF22B0F01EDE72D7F21B672C40F0A972999E2200B7C91403F9BB3D09C01990819238CBAE5E7510D7D57450507E3DB04AAA0A3C280064E0775380C8C16EEA4834346A04BF0CE847B4B3AF760D06D24BBB267C32E2C9257DE5EB748AD101AF1FD33265E2B674EED8C01A0AC901392211011AC810560F77778E
311
85B13BAFE3E25C95B70919A4862C15928BD8989664AD8638101D009A80F00BDC41AF27602A4BDA0C077E550048E7F1011410F01405045E1C140B4D0E70E0F6E034171C3D6FD12004FCC1FA304312518910356628A4A326EC9ADF5DFFD1B2C0399503F14B4F8E3E0E4E39A06ABCB56A8014687E86E462BDDE5124615ECDB412
311
B7314F62E6E0C76ADEC0F717B360E741960104CF1706CFA18E0605004B01AE007869B095ED92144A807841EFF2811C047889A04901C809062057192688C92346F97F279449F89B113500BAD282D1DA80A55C27EFFE02C8D4F395003F285B617BBF0831F49B055342DDDD414378E8888E92C16789F269A27C9A221FAA4A0DFD
311
DB9F935B2ECC04DC51481558A69301E0460B02665AC4DD30C03D480866C3409400051811876014C0F294C542821AB045011A3E3F09001FF304E3A0BED05CC11A811B865001769507FC01ADC611F400CF68C7B093606E30F3C7E0F00C1D10C31951C1E2D7252181DA00345842A19130715C736EC9ECE686A712FDB31E4D3E50
311
AB336E5666D7B212C0113C4A4406029709B43D0228F3FBAF49921B19CA0C82A2D5BC4A2079809240F37D3E10F9637607C3983F0458508A98B8B4EFC92AC13530180CF55359500080061DF59B98BB3FEACEE881DC8127F182A885A86FB12B43C590A4380504E32305E3148BBEEB2D2782029765428092545BA5C2C681FC5F8E
311
869C0EE1034A822FF09A12C94084505AA868080303473F8161F7AA0A6610745E280BE4427FB770106F8800EADABA19F453210435BDB2348471B13B65F2FCB554827632C4C44467333E4127095D22092ED492009930413251B5408345065065E415266E20279A40B3F520370BE2050C8360E6BB4601C1673B9BFE007EF5200B
311
6483CD195400A783E6DEA0653515B0FCE8E86D1618FC1EFC15C2E727F24F2A2DAB57326D8D0877D4E298894E7A0C3C7D9CE8A0E2D17AA2020FA1097D6372F2A9F955060FDD467AD0426368C24A8340FD0D6687A76316DEF5179ED9042005A2BF02A5DD810A4DEFA4A8F700EFC50FF4FB8C06410F0303C106ADF8852ACC6A2C
311
A9046E9ED070739339857222CC009E206479886EA26227BF7A341A15C351A8404A6C10080A2140FA4B4E8D9B9A11645899332363FD69887F436A660566964250FD752E787B64BCF8E6C8190DF8EA0C854C062D8A5A1346F810414313E606ECA0AC3A01D6928544029D5F42E202C0CB386F880F7842A31287061F32F3CBE09F
311
2950783394F2F2B23D85386C6F51943E99DD10C8A0000BA9569A14805693274BD0E4F4DC3F28E331EEA91C4F33ABE057889BFB92819187840A08E57A276A8BFCB75B0342668C70C565C8059996D209C2800941A21FB82B2F520BC2E6FE6F1A8827043DE17000DACC8193E78BBB8DF1467978C06F6AFE986123E3A95272CAC1
311
22046F4C65C4B88FED2F1CD1D918F7CDBF8903BF1A90057D42F4DC133AF804ACBB58446A0DB78806FC053FA1E45D0AF1112613CC0DD976C5E70AD3282F42725C0D02AC8588DE451B1C01ABF063E7748A3882F0DD484BB78D037F9812240EB88B6034C0AD53E5116D4C6D920C6A89F084E6D0598AD7EB6930CC7B293E27A666
311
E5CDFE9A3FA52FEB3C97976FDAAE9A60008FCA6B33099CF9880D35D419FC687D424378E3099441E110C5B3C6DC311E6653514A67A530D863326C4D8430E0C28024803B5B069B0E60C10EDB6DF087034171DF01F1F3404B27B1056D8C0E56E7CA6056E7798147BE4C2F01CED5987E413AC6A724876DE3F599E0601CE7B9CEF3
311
BEB3671E12DCE8AF9631B8031D3F360B6955DC2342B2A0E4632A00264C0DA002220CFEC3E10D9BADC8904D88DC51928593AA16C91DF6FFF82B3234404C7214D0F8608E0052283EFB2B0563F1D072936C4017706010BCF1B16CDE0C1FA9C777E44E1F5259B0C9BBC8794A82A6C182A3AF56B16921405351FDDC91B5BAAA6178
311
60E8D76C97C377FE701A4EB4378FA97C2C8E3CC8950886C6FD93AF70A1F5F676B7ED16CBC56AF5D09110EEB8607CC08A795882358280DDB98AFFE7087C6EB593D62F041CDB4018935238E73F1098100D0C8769818F777057F64C703C6530E142FDF5C837AE1CF66C94C4887D3A3726AB990DEA248F73B5D32C8E04F6714B1E
311
67C53FC52040252E605B322407CBF8C7F05453462A295ABF4D95592DDD76AC23512E9A2DF964715C80DD752CA8E263AC36F02C3C28A133EB22AC8D099BDEFDE28C3E8FFEE3815D5D00C17C00511058354D62443C1A546280E43572A9C661A34FA5891F8E7570608C8DF21DF51DF9D2A84D4501F41B8CD4F4C9DEB2F901E810
311
C0E4CEB6EC08DFB06341C864CF8D0EEE779A606545E1E64AAF30A4324C20FDD3BD558BD966BA994FA915CD162B1978642AD01694E533EC190368A68234657085B5F88E27A0805E04B8BB6A00A51646EE3C10A50FF007FF410F1963CA69BE2002F0F902E701AEC995FD41F83A3F0C3809A3288A083003A6CC2A20E6D703EE48
311
E3777AC07ADD51EB6101603A9FCF17B3D5928F6D742EE7E4CF38AE2B03C5FB39C81D7B2978FAFE85AF3D2710B0582C970F0FEB0E4D1103B8BE2B4D560CA10002FC8F334C891C07B44FE06B2E3ACE5E1E2D1FC32203110ABF9CA0E8381F68EC3C06701328E5A38278A5FCD944CEA5283DA933DF2A2448BD23F1C5D8BE04CC2D
311
C3B43B3EEC29F8B5FF926D11D3E97EBF7FA1BD1E5E5F5FE6D3D972F548547783146ECD84873F377C5820F7F9FCE5E07378D6CBCB7E036DF7F7104079A05B77C6942D1BA95D47424BFC3DB6411009A42E207871B7EE9B06614BBD20F22F7523FB985F3F7068E37600273A3ED0C1CCC380F6EC4AF01CC1CF95E4848B7BF950AD
311
14C44F10460221E02D21D01DAE800F323704C00035DFE97CB37F797D3D1C0E4FBF35EE1E5E9E0E879FBF3DF6F474780A01FB3DAF01FE0C0798218007C2090A3008BA7682A338F4A8804A06CBFE6A80CEC766F49853F15B2F45FCEA3F8250012841315016E75E797EFEEC4ACA6C79F515CF1738F7C36E2406071051043817C9
311
E8C5888D49D0332E800062FF54FA562BF7446CC0BFDFBF8603D1FEFCC9F7FFB5A7F000430755C2D3F72F2D02A022820897ABDD44594475BDCCA4A10AF34C06B08B4AB58BBFAE30999DC66C7CE903A83CF8EB006EEEAA063430F84B05F0ECF644825F5E95073870E72A0771AB89B080022A0C5A9FAF34C89286257FB7BEA000
311
EC65B59750C68E0815B0D9834B15606328F80709DE09018AC2A7817F83F96DB3D562C10A0A31300230CD4200B87F85808BAF64D04600254047F9C14DE93464009E7F5AABB4FDD6D55142A2C0BF1541FCE19C20C899BF4F76AB54B84CB97F88F48ECC029FD253F0C70DF4816B9AC94BCBD653B1A283C4001A0337955E4AFED3
311
FB790B6B1F5EA0B5514074103A38D84280EE0F5F9BE974EAB2D16AB1EA969684B6E4166CA28264B300474C7308D20013B204A65F82970718D05678B3315D442E1C0A327E2F56556040C005D2FAB1326A68A07507C9E46A3648555A7080F5F50219A00E6222E3E0862CE95B5680930530742F1D041805E69B788161F015944D
311
041182B861A2C17F3AF01CF5BFDF6C343F9171F5B004BF59C016719164B888EA206A02AD05E8464D06B48E4381A0E9345FD171625AC22198F57C003BEA5510F81FF78D31C9B033D0030000000049454E44AE426082504B03041400060808008BA9355D28BB58AF800100009E0500003D00000044303543333034372D394137
311
302D344132422D394530392D4145454530303245433135462F536368656D61732F436F6D6D6F6E536368656D612E786D6CBD544D4FC23018BEFB2B96DE15493C78601010A34B880709DEDFB52FD0D8B54BD70DF6EFED3AC0B12E6442E2716BFB3CEFF3D18E26FB440405EA8C2B1992E1C323095052C5B8DC842437EBFB6732
311
19DF8DA659866649B798C078B48AE6410122242F2A4994AC7F93815DF85C049C8564CA0A901499DD886B2EB9B1E02448F358701A9235880C49A0119892A20C89D1B9FD768815CAD268CB5E0355B40B1E47F3E37A2020464BED06AA57CE8FCC20C3C3446D46761A2632A8C1283D07031EFF2AE7CCB1BFEEE916E406DFAC8E36
311
FFD99A9D60A6944090EEDC3B670C7DC13DE86B6B2C5C240D6E503BB85ACD579D513F1B9F9A69DC9CC22AFA80C426D40AF0B21EA168559156B6276F0F726A6BFF04DCD513A87A62CAD41FB24FCB2858B3952E3D852084DA25B9303C15687973CC8E8AAE11DF2836C38C6A9E765E8C1BA1BFB1DC29CDFE518C8B5A7655A4ED7E
311
77291ABEB80DBD82EC866ADE1B8D05AF9E35CF09D7A061F38A986D9EC412B8F0F65E5D81534D9B231D1E5A8FE577A241F3A5FD01504B03041400060808008BA9355D1004A04F380500005C1700003E00000044303543333034372D394137302D344132422D394530392D4145454530303245433135462F536368656D61732F
311
47656E65726963536368656D612E786D6CED585B6FDB36147EDFAF20F41EC7F69A2005E214768278069665709ABE0A3445D9DCA80B44CA89F7EB7B0E2FBAC4B2A32643D10E33505411A9C373BEF39D1B2F3F3D27926C79A144964E82D16018109EB22C12E97A12943A3EB9083E5DFD7239558AEB07B6E109BDBA7C5CDC902D
311
959360CE535E0866DF07A7579733AAB85D5AF234E2C51DD5B081CA7A87DEE56E47E2D6689E735AD0947194500A22A249308DB6F82682A3782C52A141BD80E4E54A0A3609622A150F48C16994A57237097451C2DF462738529D3AC5FCFFB5B401988BC78824973CE1A9A628D91CB968BDBAC335B9A4BB379C6ABF5D2474CD7B
311
9F773F7F78C349F055EF13FE2CF856F0A7379CE2BEBCCE6456F8E316A9E66B5E18E4AC77BF5812F5937FDEF0F5BFE3E3C785576D96659253EB54863A87AB5D98ADFEE24C3B8E38FE48BAE2C062631799EDC8BDDD833C6E88585B9287340B23AEA990CA49B1A473421E81F856D06D9125E45E6F001C4F7F85D6DECA8C6A8357
311
53A250DA50DF92F743409CBC3BFA4C6EFCE2618D302A0CEDDB264D93950002937BC66489A18D0A345DD650415124BE376A745EA9F0E016108E328D14C979C1302CD6BC0A4191B2C2C49112FFC0DB51401288D6A44C26C1B87A160AB6A11E5BD862514BE8B3DB750607BABFF6F781D6A74EED6EA7AC28FB3BA68C87AC94B213
311
8A99DB41AE7147A71F56659287340123812054CAEC8965690A74E111C5BCA7260158B0963EC50C07E38FEDDFC5C5C70AB6A915F446D44E46C321E46087E23E221E2BC0DA6EB440EE6F44E80CE5AE2E2D2F31AD7AB71B8B139AF730773909401FE0D8DC3FCCFCC3D438DC1176062076C3CB4A9D953ACC72CA84867CDA0361E0
311
910F4EF3B109A07D332211C72556825745A215835F47678059E337068E3ACB0E2EA2B507175B0818FD1082EB4D26186F85BAD33464988F1420E1B9E43D522F8452A450106B04F01362BFF1B2BF5059B60F687C9F663A54396722163C7231012E7480FE916910E6572B6D8F4A54CBF92C5CD324A163C8508058D3F16A399B13
311
B348C6830FB5FD47257A1B8D2CF08253EE776B3A72D782D895363D96020B6C18D3C86359B3C6D45E728B4B9D716893D091E4D533045F495D2EFEF633FF5A660A520A5790765FE52E12F0AC82685E7FFA0398D65528850A132894DDE9F837B1DE48F8A74D487795A482C7122A6DAE377BDC5DC212A465ECD8B03E7E2E208EC8
311
8DD9DA89456CFBC477FB798C74389668AB1A75C820AB7568FCBE0B5F94DC9AFF0D038D9F77E49D45B8278FC7177D0DDCE732FA0BCDDB42720FA90E87115FF76375C5696F368AF83103F6A5911FFF03561EE06AD10ABE933AA9DEC398588888137017449E09C377051FCAEED1E8BC3BFA9CB27DA2CFDBF533459F374FC0C4FD
311
ECCBF3E06CDC6874E0710421EEAA6CEDBFEE60EB913607436C3F5BBF713F6F42253B9A4A0FD64C08416FA986EB02254B1846D82E7CE2584EBE31E340E9A8247483F07D5B84AE3A5AE0D4C5B202EE585468BA84105B1F5EC00C16FADB133FB7399F390FCF245CBF9027A137FD26D1D651058D44D9B331A93985CAC2046CB4ED
311
9E0314977128A42C13DB06879A273052525D16BE833B8706BD1269FA69F2B9B109BB55D30D37679986D85848B86F026CF21E74809100180B0D280C36F6015A7DFBD06AEB6F8D503BDCD7DD6DABBBEF54E1FF5EDF0E3AD53C03509B5B816FE9F51BC8026F44DAB82BA989F200C4220B24166C3037854094FD46C5648D9C42F8
311
B07E53687D824917FED3CE56F3FBA68BE3C6853FCD64F4A00BB85831B1243346654A134805AF5CF39A9DFE22C9906A6EAFE8303A5F4AC4FBE637489CB62EA59B9D529255F326CCC28ECB77F812A7D6E63DF957504B03041400060808008BA9355DF702076DC3010000E60400004500000044303543333034372D394137302D
311
344132422D394530392D4145454530303245433135462F536368656D61732F52656E6465724D6174657269616C536368656D612E786D6CA554CB4EC33010BCF31596EFF405481C9AA2A64851255E4A816BB438DBD4926347B15BE0EFF1236982021512B925E39D9D9D59677EF3510A72C05A7325233A1D4D2841C954CE6511
311
D1BDD99E5FD39BC5D97CA9359A0DDB61098BF9CBFA961C4044344599637D0F066B0E22C074BC98C7A0319C58A9B254B2435ED23BC2F388AECB4A6089D280B18D139496815152EDDF046711DD82D048498D902B293E236AEABD7DF74D5D839F69EE1D9F48E1F3BF448FC9E6BF144F351E38BEFF9D662D0D16587B77825FAF21
311
95BF515C395B563BC5197A0AE68DCF363BA831CF7C7C8D7F0DA23D42898037B451BA833673DA92BC82D87F636ACFFB0CEC96F4EA30EF9A0FEAB85D91CAED89348D80E9B178DDC3ACFC71D06F2528A182138DD8672E4DC6DC57CF91467432BA985E4DBE3DB399079353607C0A5CDA0B70D4E65A122FA41BAEEF6C272908D315
311
B076451BD55EB0FF9E092E11ACF8C6B5306028F9D5F15EB95426D31532BEE5D6EC700FBA0C1E94211D7ADC8341143D429D2671564059C2EC72108B4EE3847890CC4697DDF8A708DB01FD7AD8209A41EFC2DCFD7063A504821C7869545188D6C16DF801342CCE6B276363DC8EFA4AFD0E86ED0677C3B77747C7FD3FD617504B
311
03041400060808008BA9355D5901E42F51000000570000004700000044303543333034372D394137302D344132422D394530392D4145454530303245433135462F4173736574446174612F41737365745461626C654F66436F6E74656E74732E62696E536160603074327471363430D775B57034D63571B674D4B57471B5D0
311
357774B230743537313730361402AACB4D2C492DCA4CCC492C28484D2C4ACC4B4E050A82012F90744FCD03CA26072767A4E6260200504B03041400060808008BA9355DC55C663656000000680000004100000044303543333034372D394137302D344132422D394530392D4145454530303245433135462F41737365744461
311
74612F53747265616D56657273696F6E5461626C655D8CBD0A80300C06F73E4B29FE6CDD8A2E82A083B8B7F209014925C9FBA3AEAEC7DD2555D896CB85E51C2A1BD834F6A1F56EC4494C4695278364ABB24ABD2146F88CCEBB89D5321FF8F3F43D672A3B44DF3CB6A1710F504B03041400060808008BA9355D2927CC023301
311
00009E0400003600000044303543333034372D394137302D344132422D394530392D4145454530303245433135462F4173736574446174612F636E782E786D6CCD94314FC3301085FF4A64893171E20141E5B842B07402898A81EDEA5C5AAB8E1DD91704FF1EBBC9002A62EAD0F5F4DDDDF393DFC9F5E7608B0F0CD178D7B2
311
A6AA59814EFBCEB87DCB26EACB3B56AC950CDED30F8C150E066C592E3325F7C14FE352EAB087C9E6AA35EEB8141F6244DAC2CEE273FFE81DA1A3C80A6D21C696457DC0012A98C877188F5507045553058C7E0A1AD32432032E93744020EC9812B5B82DEBFB52345BD1AC1AB112E25DF24C2AB9F3DE2EBC49CB821F6F44ADE7
311
BD4CD5926740C9299885CAAF61EA2F95D5CE38C913A964A4905C593AE86B4C1D308ED668A0641EF79A90CA04210C92CFB0923CBBF0CB8B27EC8D33B96593A401F9F0920462208357E8C97F6A2FEFCDC64502A7F19A1D39D778791F5E4FBFE86D8EE52937D79796738D17C8093F9D92149B7C59D437504B0304140006080800
311
8BA9355D5415277DE6000000600100006700000044303543333034372D394137302D344132422D394530392D4145454530303245433135462F5265736F75726365732F31423144433130372D453841332D344339412D394445382D3741423831453734373033312F7468756D626E61696C2F302F636E782E786D6C4D90C16E
311
C4200C447F2542EA3121E150B52B87FD893DF5B2A2C49BA2251881A9B67F5F6839EC69ACF193E519383F0E3F7C63CA8EC22A96691603064B9B0BFB2A0ADFC637319C3524227EC2C410CC81AB68B6D0B0272AB15B1BDE4CF1CDF52EDCBBB963C0E4EC35865D0CD69B9C5791ED171E66328569C37C9F36C3665AA684994AB258
311
0FB03BB01FB0090DE326B49AD5EB38BF8F6AB9A8E5B4A893521F201BA9E193C877DE05C644F145CD96EA18EA3F33C8066828C975AA8510FAE9399075A92173AAF93BC43FB1422646EFACE15A9324CBC86385D01C20FF610DB2E5ADF25746D5D68DFE05504B03041400060808008BA9355DA233C2345D000000800000006500
311
000044303543333034372D394137302D344132422D394530392D4145454530303245433135462F5265736F75726365732F31423144433130372D453841332D344339412D394445382D3741423831453734373033312F7468756D626E61696C2F636E782E786D6C4D8B490E80201004BF42E6EE76F3C0F216234B883063108C
311
CF170C074F95AE5473F5C4C06E932E4F28601967600677D21E9D8092EDB002539227A2FCCB80E1168D80A6417297A89C5D6963B7129A0D1E8F2EE73AA7B62BBEB8B27DE50B504B03041400060808008BA9355DBE89762363000000880000005B00000044303543333034372D394137302D344132422D394530392D41454545
311
30303245433135462F5265736F75726365732F31423144433130372D453841332D344339412D394445382D3741423831453734373033312F636E782E786D6C4DCC3B0E80201004D0AB90EDFD75167CCE820A4A845D83603CBE602CAC26799919AEEEE0D965E2E908050C6D0FCCE04C8BC355404EB6198129C92351FAD580A1
311
0E464065907C8D948F8F166375F655BDC3FDC3B4E530A176BE7057BDC43B2A593FE403504B03041400060808008BA9355DE1356E737D000000A30000003600000044303543333034372D394137302D344132422D394530392D4145454530303245433135462F5265736F75726365732F636E782E786D6C4D8CD10A83201846
311
5F45FE7B37A5400335AC7C90581632D37039F6F8D3D1C5AE3E387CE788FEB37BF4B6E9E56290406F04900D8FB8B8B049C8E78A39A05E8914E3F9770314E6DD4AA81894D852CCC78516BBCED957EA5D785E900E741A2961D870DDE076EC34EE26C331D303A786B58C34B418F7AA94F9F5CAD6BCFA02504B0304140006080800
311
8BA9355D26770F840A010000550300003400000044303543333034372D394137302D344132422D394530392D4145454530303245433135462F536368656D61732F636E782E786D6CCD93BD4E042114855F6542623930436174C3B08585958D5AD921DCDD250BDC093F46DF5E582976133B2DB683932F37E71CB862FBE9DDF0
311
0131590C0B99E94406081A8D0DFB8594BC1BEFC8B0952222E6338C0C41795848938914FB8865ED92819D2AAEA9CE8663171FD07B0C2FFA005E91413B95D242D2E94A55C968201DA95159D199464858A2863A215B0F7D828EA0321822F9C46FC7E97EE4F32B9F3733DF70FE265823A57847749DB72143C4F5864F1AEB315443
311
93600D90A244DBA99682C87377B4F6215825A44839D6163A99BFD64AAA757556AB5CCB6227F0879182B5B017911F2140B4FA5A335FD8FBB7D0CF100CC4A7FA52D12A77ADD97F73F9B70AD86903EA37680B21BF01504B03041400060808008BA9355DE3603EBE7A000000C20000002C00000044303543333034372D39413730
311
2D344132422D394530392D4145454530303245433135462F636E782E786D6C6DCD410EC2201085E1AB90D9DBEACE05D09878023D01A1D34A8419C380F1F82DA68B9AB8FDFEC93C3D7C52546FCC12980C9CBA232824CF63A0D9402DD3E10C6AB03A3397DD192872090D3406ABE7CCF5B5D18893ABB1690CF4DCF02282E5EA8A
311
5BB96FFE536F285CB347F95BEFFE81C9ED5AFF9D5B1FB575BB00504B03041400060808008BA9355DE3CC72C17E000000A300000007000000636E782E786D6C4D8CD10E822018465F85FDF7D4AFE98C0D7064F41E2ED1B1101A49EBF183E64557DF76F69DC3FBCFEAC8DBC4970D5E40754020C6DFC364FD22206D333D03E925
311
8F216C7F37207E5C8D808241F22586F4DCD164E631B9429DF58F1D5EB11D4ED87494A90E69A3EA0B651A19555A6BC45A0F557BCBC6B128797EBDBC252FBF504B03041400060808008BA9355D1E7A0675A400000032010000130000005B436F6E74656E745F54797065735D2E786D6C95904B0EC2300C44AF1279DFBAB04008
311
35ED02B8011708C16D239A8F121795DB93D22D20B1B467DE8CE5BA9DED281E1493F14EC2A6AC4090D3FE665C2F61E2AED883689BFAF20C9444F6BA2461600E07C4A407B22A953E90CB4AE7A3559CC7D86350FAAE7AC26D55ED507BC7E4B8E025039AFA449D9A4616E739AFD7DE8C8338AEBEA54A820A61345A713E0B17153F
311
7257E37E705E3371913892B25F02FEA0F1FD83E605504B03041400060808008BA9355D3DEE336E64000000790000001B0000006175746F6465736B2D64657369676E2D7061636B6167652E786D6C35CBC10E83200C00D05F21DCA56CA76D41FC96062B120735B69A7DBE268BB7777961F8D5AF396893C2ADB70FE7ADA19678
311
2C2DF776D7A97B5933C430F15651E5469C55D70F80A4992A3ADC954792C525AE70A1E4D6AD9816CC044FEFDF01FE3FDE907802504B03041400060808008BA9355DD1943FECF8000000960100003700000044303543333034372D394137302D344132422D394530392D4145454530303245433135462F417373657444617461
311
2F636F72652E786D6C8550CB6E833010FC15B47703369442641C35A1FD829E7AB36C87580936F2A3EAE7D70E546A4F3DED6A76667677E8F16BB9179FCA796DCD08B8ACA1504658A9CD3C420C17D4437164D4591B7ED1A0307C51236418189D9D8DEB0E096B8232193556AA1DE4DEAB0085B8A766042FAE6AE1258F2131FCAD
311
5CB9B8F15995B8DC788CC6A8E52ED532B9E98B560E58D34DB89DEA5734B5CD336A9F8633EA31AED11BEE71339C9BEE349C6895C58C06BDFC6C174EF1A0243052930ED50322F89DE0032607423E6895998CFAE0D2CFFBD2FC1DB0977CF5C403A7D536FDE31A57F9BF6BD426346477DD141E184E473E068C5639A5541E11A69A
311
1365DF504B03041400060808008BA9355D940DA5F6F30000008E0100006800000044303543333034372D394137302D344132422D394530392D4145454530303245433135462F5265736F75726365732F31423144433130372D453841332D344339412D394445382D3741423831453734373033312F7468756D626E61696C2F
311
302F636F72652E786D6C8550CB6EC32010FC156BEFD8805D378E309112B75FD0536F08888B1283C5A3EAE71762576A4F3DED6A76667677D8E96BB9579FDA07E3EC08A4C650692B9D32761E21C52B3A4075E2CC3B177FD1A0B262D1231418389BBD4BEB0E4967A3B605B54EE91D1421E80895BCE76684203FF4226A91626684
311
5BBD0A7913B3AE49BDF1384BC9A85D6A54763357A33DF0B69F4837E1173475ED33EA9E860B3A1082D12B399076B8B4FD7938B3A688398B66F9D92EBD16512BE014D31EE10151F246C991D023A5EFAC294CCE42F4F9E77D69F90E3866CD86FE714BABFADF2D191B5BBABB6D8A009CE4E31E03CE9A924E2E8FE8722D49F26F50
311
4B03041400060808008BA9355DB15A0EEEFA000000960100006600000044303543333034372D394137302D344132422D394530392D4145454530303245433135462F5265736F75726365732F31423144433130372D453841332D344339412D394445382D3741423831453734373033312F7468756D626E61696C2F636F7265
311
2E786D6C8550CB6E833010FC15B47703369486C8385242FB053DF5E6DA0EB10236F2A3EAE7D70E546A4F3DED6A76667677E8E96B998B4FE5BCB666005CD6502823ACD4661A20862B3A407162D4591B7ED1A0307C51036418189D9C8DEB0E096B8232193556AA1DE4DEAB0085985333801737B5F092C79018FE5EAE5CDCF9A4
311
4A5C6E3C4663D472976A99DCF4552B07ACE946DC8EF50B1ADBE619B54FFD051D30AED12B3EE0A6BF34DDB93FD32A8B190D7AF9D92E9CE2414960A4261DAA7B44F01BC1474C8E84BCD32A3319F5C1A59FF7A5F93B60E116970FC3F54CAB6DFAC735AEF27FD7A84D68C8EEBA293C309C8E7C0C18AD724AA93C224C3527CABE01
311
504B03041400060808008BA9355D65680DBF0D010000B10100005C00000044303543333034372D394137302D344132422D394530392D4145454530303245433135462F5265736F75726365732F31423144433130372D453841332D344339412D394445382D3741423831453734373033312F636F72652E786D6C8590CD6EC3
311
2010845FC5E28ECD821BDB11268A7FFA043DF5866CE2A2C41019A8FAF885C495DA534F8B86193E76F8E96BBD659F6A73DA9A16414E50A6CC64676D9616057FC135CA4E826FD6FA5F369419B9AA16251909BE6C36DC7769B2C62B93546367B58BD239E55136DDE2A1456EFA50ABCC65F0D1E1AEF95D4E57B9A81CF2A74FF010
311
F4BC47F51C5FD317AD3624D861807220231E4A56E1F2A5E9710D40F02BD4C09A9E1DBAA6E3450A0BEEF5FA439F3625BD9A91A0841E30693085370A47A0474ADF79919C823BBFC59D7768DA0E09E860E8815478ACCF0C977D73C6CD30D6B83A77358C55591106BC7806FF00C37DFE1F18B4F18CEEC067C24566FCFFE342F022
311
1518C7A3DD3853D9E21B504B03041400060808008BA9355D45C858B1FA000000960100003700000044303543333034372D394137302D344132422D394530392D4145454530303245433135462F5265736F75726365732F636F72652E786D6C8550CB4EC33010FC9568EF4E62A794A4725CA92D7C00E2C4CDB2B7A9D5C6AEFC
311
407C3E7613243871DAD5ECCCECEEF0FDD77CAB3ED107E3EC08B46EA142AB9C36761A21C533E9A1DA0BEE9D8BBF68505939E3080506C127EFD27D8594B3116D41ADD3B88232048C50A95B6E4608EA82B3AC658A9911AEF55DAAAB9CB0A6F5C2133C25A357A9D1D9CD9C0D7A10DDF64437A7F6859C36DD33D93C0D47D253DA92
311
57DAD36E3876DBC370E04D110B1ECDFCB35D7994113508D6B22D6907C2E83BA33BCA768C7DF0A630050FD1E79FD7A5E53B106F185CF20A036F96E91FD774D7FFBB266363C756D7451140D07CE46320785352CAE51161AE2551F10D504B03041400060808008BA9355DD4EFAE9EF70000009401000035000000443035433330
311
34372D394137302D344132422D394530392D4145454530303245433135462F536368656D61732F636F72652E786D6C8550CB6E833010FC15B47703369486C8385242FB03EDA937CB76889560233FAA7E7E6DA0527BEA6957B333B3BB434F5FF3A3F854CE6B6B06C0650D8532C24A6DA60162B8A2031427469DB5E1170D0AC3
311
6735408681D1C9D9B8EC90B02628935163A5DA41EEBD0A5088476A06F0E2A6665EF21812C3DFCB858B3B9F5489CB8DC7688C5AEE522D939BBE6AE58035DD88DBB17E4163DB3CA3F6A9BFA003C6357AC507DCF497A63BF7675A6531A341CF3FDB85533C28098CD4A443758F087E27F888C991900F5A6526A33EB8F4F3BE347F
311
07EC6DBDD3D36A9BFDF18C8BFCDF336A131AB27B6E0A0F0CA713D701A355CE289535C054739EEC1B504B03041400060808008BA9355DF402C91D02010000D80100002D00000044303543333034372D394137302D344132422D394530392D4145454530303245433135462F636F72652E786D6C9591C152C32010865F25B377
311
12208D351D4227D6F8049EBC61D8A64C1BC804707C7C8989A3DEF404F3F3FDBBFCBBE2F83EDEB2379CBD71B6019653C8D0F64E1B3B3410C399DC43769462762EFCC020B36AC4061619A4186617A74DEA9D0D6817D53A8D9BA8BCC700597F4B97067C7FC151E52A8644F86B3EA9FEAA06CC59BE725204337E59FB1955400D92
311
537E47684D387BE6ECC0F881F317512CA414D1D850F2AD198EAFA8333785140964558A627D4E58347A838C4E9F34678333C8475A9D4ABADB93BADD53B26BF903A9BBD4A9EDBA8E52DE9D58F5948A24B3143ECC69345B9165087FB5AFC65FD1E2A4FF196D757890EC3B54B1CC598AE27309E95C76223F00504B030414000608
311
08008BA9355DC2F2CA9807010000B201000008000000636F72652E786D6C8D50C16E842014FC15F2EEA8A0B5BA4136D9B5FD829E7AA3C2BA64150CE0A6FDFBC26A93F6D6D32333F3DE0CC38E9FF384EECA796D4D07242B00293358A9CDD8C11A2EB80174E4CC591B7EC9001931AB0E120C9C8DCEAECB0E0DD60465126AAC54
311
3B28BC5701D030C547077EB8AA5964620D51E16FD922869B185546B24DC759D0F3CFEAE094084A02A705AD71D1624ADE2839107AA0F49DE549C9D9BA6AB95B6919DDF5452B07BCAC7B52F5C50BEEABF219574FED19378414F89534A46CCF657D6A4F2C4FCB9CF9E0E29FF7233167405EDC932FCB378AB30F6BA75D10434964
311
CDF405BC607922FE845E17F98FD0DA8492EE07B70D0F9CC4400F221AA706E378D41B676A9B7F03504B010214001400060808008BA9355D9E3743FC1B010000A80100004F000000000000000000000000000000000044303543333034372D394137302D344132422D394530392D4145454530303245433135462F4173736574
311
446174612F446566696E6974696F6E4974657261746F7250726F706572746965732E62696E504B010214001400060808008BA9355D071FEE65020100003002000045000000000000000000000000008801000044303543333034372D394137302D344132422D394530392D4145454530303245433135462F41737365744461
311
74612F496E7374616E636550726F706572746965732E62696E504B010214001400060808008BA9355DB5A795FFE3790000DE7900006B00000000000000000000000000ED02000044303543333034372D394137302D344132422D394530392D4145454530303245433135462F5265736F75726365732F31423144433130372D
311
453841332D344339412D394445382D3741423831453734373033312F7468756D626E61696C2F302F67656E657269635F706E67504B010214001400060808008BA9355D28BB58AF800100009E0500003D00000000000000000000000000597D000044303543333034372D394137302D344132422D394530392D414545453030
311
3245433135462F536368656D61732F436F6D6D6F6E536368656D612E786D6C504B010214001400060808008BA9355D1004A04F380500005C1700003E00000000000000000000000000347F000044303543333034372D394137302D344132422D394530392D4145454530303245433135462F536368656D61732F47656E6572
311
6963536368656D612E786D6C504B010214001400060808008BA9355DF702076DC3010000E60400004500000000000000000000000000C884000044303543333034372D394137302D344132422D394530392D4145454530303245433135462F536368656D61732F52656E6465724D6174657269616C536368656D612E786D6C
311
504B010214001400060808008BA9355D5901E42F51000000570000004700000000000000000000000000EE86000044303543333034372D394137302D344132422D394530392D4145454530303245433135462F4173736574446174612F41737365745461626C654F66436F6E74656E74732E62696E504B0102140014000608
311
08008BA9355DC55C663656000000680000004100000000000000000000000000A487000044303543333034372D394137302D344132422D394530392D4145454530303245433135462F4173736574446174612F53747265616D56657273696F6E5461626C65504B010214001400060808008BA9355D2927CC02330100009E04
311
000036000000000000000000000000005988000044303543333034372D394137302D344132422D394530392D4145454530303245433135462F4173736574446174612F636E782E786D6C504B010214001400060808008BA9355D5415277DE6000000600100006700000000000000000000000000E089000044303543333034
311
372D394137302D344132422D394530392D4145454530303245433135462F5265736F75726365732F31423144433130372D453841332D344339412D394445382D3741423831453734373033312F7468756D626E61696C2F302F636E782E786D6C504B010214001400060808008BA9355DA233C2345D00000080000000650000
311
00000000000000000000004B8B000044303543333034372D394137302D344132422D394530392D4145454530303245433135462F5265736F75726365732F31423144433130372D453841332D344339412D394445382D3741423831453734373033312F7468756D626E61696C2F636E782E786D6C504B010214001400060808
311
008BA9355DBE89762363000000880000005B000000000000000000000000002B8C000044303543333034372D394137302D344132422D394530392D4145454530303245433135462F5265736F75726365732F31423144433130372D453841332D344339412D394445382D3741423831453734373033312F636E782E786D6C50
311
4B010214001400060808008BA9355DE1356E737D000000A30000003600000000000000000000000000078D000044303543333034372D394137302D344132422D394530392D4145454530303245433135462F5265736F75726365732F636E782E786D6C504B010214001400060808008BA9355D26770F840A01000055030000
311
3400000000000000000000000000D88D000044303543333034372D394137302D344132422D394530392D4145454530303245433135462F536368656D61732F636E782E786D6C504B010214001400060808008BA9355DE3603EBE7A000000C20000002C00000000000000000000000000348F000044303543333034372D3941
311
37302D344132422D394530392D4145454530303245433135462F636E782E786D6C504B010214001400060808008BA9355DE3CC72C17E000000A30000000700000000000000000000000000F88F0000636E782E786D6C504B010214001400060808008BA9355D1E7A0675A40000003201000013000000000000000000000000
311
009B9000005B436F6E74656E745F54797065735D2E786D6C504B010214001400060808008BA9355D3DEE336E64000000790000001B00000000000000000000000000709100006175746F6465736B2D64657369676E2D7061636B6167652E786D6C504B010214001400060808008BA9355DD1943FECF8000000960100003700
311
0000000000000000000000000D92000044303543333034372D394137302D344132422D394530392D4145454530303245433135462F4173736574446174612F636F72652E786D6C504B010214001400060808008BA9355D940DA5F6F30000008E01000068000000000000000000000000005A93000044303543333034372D39
311
4137302D344132422D394530392D4145454530303245433135462F5265736F75726365732F31423144433130372D453841332D344339412D394445382D3741423831453734373033312F7468756D626E61696C2F302F636F72652E786D6C504B010214001400060808008BA9355DB15A0EEEFA000000960100006600000000
311
000000000000000000D394000044303543333034372D394137302D344132422D394530392D4145454530303245433135462F5265736F75726365732F31423144433130372D453841332D344339412D394445382D3741423831453734373033312F7468756D626E61696C2F636F72652E786D6C504B01021400140006080800
311
8BA9355D65680DBF0D010000B10100005C000000000000000000000000005196000044303543333034372D394137302D344132422D394530392D4145454530303245433135462F5265736F75726365732F31423144433130372D453841332D344339412D394445382D3741423831453734373033312F636F72652E786D6C50
311
4B010214001400060808008BA9355D45C858B1FA000000960100003700000000000000000000000000D897000044303543333034372D394137302D344132422D394530392D4145454530303245433135462F5265736F75726365732F636F72652E786D6C504B010214001400060808008BA9355DD4EFAE9EF7000000940100
311
0035000000000000000000000000002799000044303543333034372D394137302D344132422D394530392D4145454530303245433135462F536368656D61732F636F72652E786D6C504B010214001400060808008BA9355DF402C91D02010000D80100002D00000000000000000000000000719A000044303543333034372D
311
394137302D344132422D394530392D4145454530303245433135462F636F72652E786D6C504B010214001400060808008BA9355DC2F2CA9807010000B20100000800000000000000000000000000BE9B0000636F72652E786D6C504B0506000000001A001A001D0B0000EB9C00000000
310
504B03041400060808008BA9355D000000000000000000000000370000006662782F45423943424231312D393642302D343946412D384130432D3732423141314239463145412F617474726962757465732E62696E504B03041400060808008BA9355D000000000000000000000000350000006662782F4542394342423131
310
2D393642302D343946412D384130432D3732423141314239463145412F76657274696365732E62696E504B03041400060808008BA9355DF270F1330600000004000000360000006662782F45423943424231312D393642302D343946412D384130432D3732423141314239463145412F747269616E676C65732E62696E6366
310
60600000504B03041400060808008BA9355DB5A795FFE3790000DE790000420000006662782F45423943424231312D393642302D343946412D384130432D3732423141314239463145412F7265736F75726365732F322F305F67656E657269632E706E6701DE79218689504E470D0A1A0A0000000D49484452000001000000
310
010008030000006BAC58540000000467414D410000B18F0BFC6105000000017352474200AECE1CE900000192504C5445818181B3B3B35A5A5A4848486060605C5C5C6464648383835E5E5E6262624E4E4EAFAFAF4A4A4AB5B5B54C4C4CB1B1B1858585B7B7B7585858ADADAD7C7C7C464646787878ABABAB747474A7A7A768
310
6868707070B9B9B96E6E6E6A6A6A8B8B8B666666545454565656A5A5A5505050A1A1A1BBBBBB8F8F8F9F9F9F4242425252527676764040403E3E3E9B9B9B7A7A7A8989897E7E7E9393939797974444448787873C3C3C727272BDBDBD3A3A3A6C6C6CA9A9A9A3A3A32020209D9D9DBFBFBF8D8D8D9595959191912626269999
310
992222222424241E1E1EC1C1C1282828C3C3C32C2C2C2A2A2A2E2E2E303030C5C5C53232321C1C1C363636383838343434C7C7C71A1A1A0E0E0E121212484A484C4E4C1616160A0A0A4A4C4A787A781414147C7E7C9193915E605E464846838583878987B1B3B18587856668665A5C5A626462818381A7A7A5A3A3A1B1B1AF
310
ADAFAD7072705C5E5C9D9D9BABADAB7E817EB7B9B7585A58BBBDBB4C4C4A8D8F8D747674B5B5B3B7B7B59FA19F606260ABABA9A5A5A39B9B99A9A9A78F8F8D6C6C6AC7C7C5451AD12700002000494441547801DCBD89771BD7B5A70B8EE04C702641712605CE034890E220088028C93245451215B713AF388E7DFD9EEDB8DD
310
CE6ABFF4B57D97137BE50FEFEFDBA74049B6AEED74869B7E87404D2814EBB7F76F0F67A8835CEEBFA0E42B854AA5B2BB5B6BCC951A8D52A93657A914FE0BEEE39FFE2FF395B9B9C6CAD2D4C4606F4B7FFF8D1B37EEDCB97587F7CD9B4343BD134BABE7DB48E3FFA7A228ECD6F6574E4786C0FC8B5FFCE2CD5FFCE297BF7CF3
310
CD5FFC92B52FFE58BFF9E69B776E0EF5F79E55CBBBF9FC3F5D3DFFB07F5898ABAF7CDA3B74E74EC0CE20230561BF096E97E05712BFFCC59BC80539DCE83DDD6E54FE61B7747DE17FB8980BBBFB2BBD4337DF487881AAE6C5ACC6AF25207877B2B527BFF1CB3B77FA47561ABBD7F7FA7FE146A5B6BD74E3164C7F51449AE95D
310
B412200EC539418717E7F2F11B376FF62E95FEAF1442BED0581DBCA1BD2780D23F506AFA16E1A7AD974EF17876F00DD7BCB187A1A97AE51FCED5BF2BC1F2BBE5B3C19BE27B43CF26DE00933658FE129B109C2FFF922CC22C4260FA01BEFB462A77DEBC35F42F600C3F5B0795D2E9E02DAD5E650B4438A92801B65C35CBAB7B
310
1EE5041CE69D3B6F1822DFB873EBD6AD3B6FBC71EBC6C86AE967DFC2DFA4CEBFF1BF54F6276EBC114E2F43FEC60B01A0D440A868B2920E5C4BC10D60931ADCB871F3268B21D3851B08E1D6AD9BFD4BF57F7577909FAB86F29B982571136AF01DF5FE32AC3BD9406CAAF2440A54CF176EDD01FBADA1FEFEFE21FE4C9858DFF4
310
183458A9FD2B6708A5A5A137E0EE1D11A9EC0C7C58B2C73C0AD6B479BD76B7790CF899E287FA5B06FB7B07C9195B7851FA8794031EF1FC5F9406BBFB23375420286399B631E93B08022A785C4DBF9996EC3551874094D71B6F487E80F6837E50F483BDBDBD83232323AC420A18C68DA196EDDADF68A77F938F78FD972BABBD
310
B7B87FB164AC6FC2CB760365821ACB74AED44FFAD7E7431ECD7E08AC421F391D199998989A383D9D98E8E56F84A318C58D9BFD2DAB73FF5222C8EFAEF4DE7AF30D756E5108683DA471E70D0502099A7240F19E4089D3FD203E620F1B47BF43501E85031AE44B4B9F2E4D2D9D4D51D8970983FA861B3706FF950CA170DE82F6
310
B312CC4F42C8966295F7D725ED29882415DC055F36DEA1FE96FEC141493F05FAA9A9A5A595B333DED5B3D5A533F62183323032F46EFF13EA0AAFA5FBF7C8976F8C10F7280A014832593B90004D52341980D907EAEB73411EB2F1EBC9F507F92746C40E7AE0AFAE54292BAB2BAB67CAE0746264A277B06508168C94BF772BE9
310
765F7BF0B548FE1E07F3B5A521340A5CB5297C4B12811B89E82191ECF3E41B3259C529F135E23CF4C7F961FB13537F5A02ECCAEA76B5BA5D3D3FDF3F2FEFEFB3AA22053E5008833428DC6C59FA2F770595F311F235D427F379BB8A121BD901B96076A388DC4C3C61C7933CCCD770FF375A6E0CE9F535FE2534BF5ADD3E3FAF
310
D71BF57AA951B6D4CFEBFB8864758A26154430080B06ABFF557610ECC93726224F155D1471041E0D42F82F4891C926C1355B0831649FF365F46FF05300A7A790BD8ADEEB0D4AA9569A9BDBADCCD56AA55AE377F5F3F3EA2A34983A1DE91D810543138D7F28E57FF4E2B5335A3928B76EA1CB9B00BF158C8F63A2E788826896
310
D0B5E7C461949ECE089144F8EBEFC7FB4D8C9C4E9DAD60F7FBE572B416C2F2423ECF8B86C439E450DA970634ACFDA977629098D0B2FAF313A36B3869E37AF7853378CDA1171FBEBA95DF1E44FD5144A420588641B0055A79ED91CC0DC41E27064512FB33F1F04D09D0D2DF0203A646A6CECE80DF28356A348CED8C4F1EF137
310
B9319E1BCD29867CA556AA97F7B757567006A447FD375A26CAAFDED9CFDCFB2BB0BEEE8AA5911BC2C7F85DF88A3775389990AA72219D582409210F85A4E66F2987D875C30848023088FDF77E87F96FD7CBA5B9DCCEF4F4C9FC7C676777577B7B7B67E7ECCCE4E8DEE85E81A6D55AA3BC7FBEB242589CE8ED4770E785D7DDE2
310
3FF2587EBF57F50B9E820527316488E5C32D50F979BCA58207297E2B6D658702FFCD211840FE43FC9F3A5BAD9E97E6F21B9FCF16BBBB3A3A5A175B5B1787875B5B3B86DFEFFC687A72674F19D46A8DFDF3EACA59E405375ACE76FFA922C817CE86A89BDD92F400F2C55B7462F610459837D3A61ACF50C7471C8F2F2A9D38C3
310
DA2F068007F80EFCDBFBE5DCC674B1D83EBCBEB8BCBCBC3ED0D3D333D0B3DE33BCBEB0D8DA35FBF9F8CECE68AE020BCE61C112A4C1138CD47F9AD13F7DC6AB9CF9CFCFAF9D0E01FFE6CD503F5B91C5218E2899CA15098714848B04FCE5654884ABF0E554F11F6C21D73D5D5AADD64B7B9327DDAD8B0B7D7D6D6D07070763BC
310
0F3E38E8EB4310EBEB8BC3DDB347E3E37B5842B97C4E44A0C630427E5CFDFB71E03F471E12CA9FF70E055AE141042DD81234B879EB4606361D9328149037D7D76A571A7E974FA20AD0323832713AB5BA7ABE3B3E3D3FBC30307070B0B9B645D93C3CDC3CDCA41CFC6AAC2D64D0D579B4B1B397A7C1BDBEBD7D36657A3CD4B2
310
F44F4909F2B9CA597F4245C59DEC354316F0587020D0C661742BC02869435FD12CF195C422DB3C5A3E2305C000CE6B7B27ED8B7D63079B5B5B878787C787C7C7C757C76C51B60ED60EDAFA06D67B965B3B672677080BB5329E60E9B477847AE2E9EB53E35779FD37EFCD2D0DDD68AA355B6B0D81860502B8B68C801F5C697E
310
9AD62F4B406244CB975560BAC756AAA577675B07C6D03778C17E7C95CAF1B3ABABE3E3ADADE3CDB1B1B6B681014470343EBA979F8B90383545727C63E43549D14FD0F927E5F1FDEFD7263058FE02EBCD1BDCBCA053496BD58E69BC44F9F854D4D979AE9ADB908824382AC1D4014E9756EAF9CE85B6B54DB01F02F8EA5908E0
310
D9D5F1B3E72188C3C3AB67879B07C8A0A767B8B831FE5E7EB754DEAE5261460243FFF07858D8EF0D658BDC563A2C5EF5833C13C90B69248C4DD97842B61DFA7F210A2F6108A0F96B62E2D3B3F3DD939EA47E30ABF5AB2B903F4BE5F9B36757CF65021E616DAC6F60A1FB647274B4B05B2E5341B082D43278F67D8DFDA48AFF
310
9A13F22B34C7586C9992BA6E66CABC190E313E7C811AA57304B421A75B289B9D174CC868C24548823E230B9A5A2DCD2CAFE1F98E61C015CA7E96B083FC59F3ED06EE60F360B3AD6F79787ED278D0A86FAFE00BA9220EAEFE1D5DE1F7855939C3FCC1332426B377F692406E022C010DB437EF009803F0DCFD3B7C94440571D8
310
F2C328F115F47FD324802070BAB43FBA80EFDB92FCA1F7E7CF9FA875CBB327CF9EB08C4DE4815BC4210E2CB7CF1CEDECEDCED5B757490968286899FAF95583BF46F9393CEE6A86D6F618CAAD9BFF0BE22B042412C5CFB50556815CC5BBE33E9F61ECEC26A9BCB8145FD10590078F9C9E953B513FAE1FE387FAC246E14F9E3C
310
E7F5F8194BD6594140876B6B84C5D6799C61A16434201E5237582AFD75C07EEED9863F463284E2E13425A036BD41061259289B6BDC1ED656FC8B8592C9D00701E27CEA749F0D8EF44EAD8C1F80FFF8F8F9D513191F6803384C800097F24069C407CFAE88136B7DCB3D5D4A60B711F19070D83235F77331FD35E71596688903
310
8E2E0B346EAB7936C4162043E1A1F144093695443A570144898BC4079CEF1912809A3035A1D3F361235F90FFF1E3E0FB93C7E2750719F88E7D8E68123883ADB5B18185AE99F1D11C1238A792DC4BEDE8EC6FF503DF377E0445F68FAF4E08D43082D02170F30131A154206CC559A8D9CFDD762B31273E4947A581E0D9BB71E3
310
3FFA07CD02CE2A6BE1EC80167497F2A81CFA3F7EFE58D0CF5D5D170DE4F89070B0BC4040CC17BEAC6B0586C3D3FF0309BC06F44B04A1E13729929B4DF73C44070692C810B08AC3012E8EE9EAE22067796288C193B2139B970B86F47FAD0F98382B1E035D9C32FD318A4FAFCB274F2E1FA772F94411B0CD42493C23393A685B
310
5FEF3E1ACF554AF5F3552A478383374E6B2FDDFC4F6DFE38F4F4ED7A7FE838F488EA852482F412D3CB07E293D02C9F074F12E84C5AAC423271450572A385449844706475FD38DC3C22486A0639E5F1E38B0CFE93CB4B25910EF309A2224BD8DAD40C682C28341AD69047E8539A6AFC14EC573F7FAD10AE0FE6EB13E87B28E0
310
93B513B5803514DE408809BC12A14876DE0A25F643009E9176D9F0C330164285A7444DC8CAF0E9FE41429EE0A2F6A6DE91C0856C501272404A8468822E24C807030B1D33D40D4AFBDBABB411D093D88C86D7205E05FC57EDD1F805FA4CED5920F0CED39157E007CE21757C5DE440ECBCB46CD283E378029B43FB077B4F47E6
310
0E9F61E8D01BE017D7E843EB49F50A2028F1E442FCC90C9EE308E4C0C2C94EAE30B75FAD3A0EAFA57FE9EF960F14BE15638840EAF3BA490BB6850EDB38EECAFD21A0C746D0C4234DBD035EFC7EDD121FA585FAB73DB89FE6A03CF833AB0730E5E2F1A36CE3F202A128934B44E396961121E1F2C9F32BFCC0C140CFE22C1CA8
310
E109B182919696BFB98120234F61B59F7BF46EC30CF067B21A33B0FB3E402448EE266CCD93135A8E823DB31F85E677434E608F53F8100BC0098EA2FD6BC01770E0F2F2D1E5452A711C4BB8486248FAD756D852026B6DC90A2AA5C6B69E9068B8F27AFABFFEE8AB36F1D23985D5960014FD711940800B560250D2272CC54FF1
310
D3A660B275AC3881E349689C1616E1E9044129D032313509DE4700BC867C71F128C400159407C761022BA8A040F40A244788808C60B3AD67A17576279F6F946923191921B0545FC2F12AC0EFEFBD7262B6935679FC7F80629160ABFAEC88E8430E76D82A8DE62ACE50BD4A42FBF03B387B37FD321B37E31C3F063D99703F51
310
60E6C9E5A300CF32A91E0A085A29C0FC507F6C21012303C6104B82C1F1E156DB3229D1A855A32A8352C9077AF733A0AFE0FB3EF81FDF2F0F82C21B0EB06998866878B103305E31EC17F4FD43831E570A2118D1667632D4FFFFB125782F96168A833DBE78C3F11F8383A79D49F58F1E3DBC780417AE6581381E8610604888E2
310
913E12492881274822C221AD04CB0B1D273B8542837460898C686864FF6F801E8269F40AD0481DFAF5E6E9C1F3BE391C325004DF0746A4E4448F7B52C0D5EAD39EC46896B888C4210D68E99DFA2820DF7FF850EC407EB55C3EBC5028611409BFCB8889C90F1C52355AEF98B18100094C9D0EF6F64FD47E5CBF3FF5293DDFB4
310
B50DDD54F351446FA1F14580DC3902C085F593CB24ACC917B213BBC11B3F0A61042FD8B24F4FB9C4556D0CB9E1A880DE89934CE9607F18F81FDD950DD0E1D143F41D56110E227C250621FF098838042BC85B5B6BCBCBC31DD37B34966E9FFD9936A2FEFEA9EBA4182E5CD3E17AE35501FCE0707E5525A7DBC64DFD077825BE
310
37CE0BBE1BBEC061410C660B6E49912665E2B3749C7C9F93834022F74CDE6CA5EB501D9CBC04B768292C5CCB84478F3CA83074092C6082169015E5800D5839DC6C1B58EFE83ECA513BDE3EFB8EF1242D2D4B3FD55AFE03D42F8492AF8A3F21444FA2FA9ABBF525EAF84C09F0168527B0138A85D1EC0443C467B28BF844EAF7
310
6323BE13D7C11F72FED783837B970FEFDE7D7817E077C17EF7E2A1C2C0FE851FE4C008388C15E818958746129E1009D054B67530D6B3D8DA3D59D82D9D57CF70039FF50FFE0DE94089DB269C3655A4F25B38C49D0BD48E59F1526887C18FC5272197F85CA72862A593A4843CD25F920487DDF7AA0441A2C0600D062001F103
310
FCEEA3D8560CEC3EBACB01CAE5A51E420349F602191E5F901893142381351CE17047E764BE50DEAF9E4D8C38B6ECFFACEB141E54A6865A88A60133EE9CBB4C256930B0B168C1C3AB59FE1743FB422C7166082E934AFA5EFA3E4BCE0B69362FA7041818B7FDECE1DDFB4D022007CA23E521F0700AAEB5888BBBF08023E128B4
310
045381542FA256B0D04E28A0C3804E233A1BFB476A2F48FD135BAF9843BEDA3264EB42BA499601F16B566E72C7EA35908ABCB9176BBED43204C696AFD3D7B24B08D3AFA44BE243D88A6D9D0B6562B52F741E1610C0EFBBAF2B0829289A640EC4C8A4FF66A24430786CEBE1E1E61AF9507BFB496EAEB64F8F49B4129EBDEC06
310
5EC1F8A3F228A3CD0950883B41BEC6D1944AE06147289600A7726313AC69A3F91197F1438BCB743E76F01F6EF1D1C854071670FFFE43FF1EDED702EE5A14C85D0C42DF90B86068800659AC88981855E3E774A71C0CAC2F76754EE7CC87C808D1E1E0F6CF47FD4224731337BE1E39C5010823EE997B1491BBD99FC8D8EF7748
310
2BEB5EB2CF66499A8E0F7511B19B3EFBDACB6507BC78731B1B383D02FFDD7BE8DD9256F7D0BA7B46015941097B80018F700FFA024CC08078F51806100ADBFA163ABA8A3B95B9D2F92AC30BC908ED31FABE0CBEBFFF0279B675868F9AA24E9530B08C174055B7F48E4F58002F3E82F0BDFA003E8B431EB6C4A91E4D9B5FFB79
310
1265BA8827BBE5F1BCFA7F789F72F75EC800F8AE43FFAEC42F13009FB905A9A0132015D0068ED7682AC608BA6771038DEDB3B33082891FAB1ABF5614F93238079726B833958796B845B731FCB86316713C1DC581B1E19B424EE32674093F80776F7E27C6FBFAC85C536CD955B96EDA2A3FBF770FF4BE11845470EB3E42D022
310
000E0FE07D161811020742162444668308801E133A4C163BE68F6826A5523071CA78B2FED51F28F8C70FE4190073A3E5D3259D7A288CD19BDE623F10021BAB0C6E327FD507B2741627727EA00D31856492F9F009D7F152D930704E642795C1C1B336E0DEBB7F0FDCB79318543B25341F36802D64A981A690B94259607DE0B1
310
9D466BF8C1C5E1CEF9A3FC5C639FD6117B4BAEAB453F8EFBDA500A67E8BAF76C8A06566E36EE1184E8329419161F83D843D5DE7D8221163E145F56921C3EE383978072129E290A9B7166E63D26BAB1FCDBF710009E4051842390031845F20077CD079407C575F20364C4910ED2A574BC357630B0BCD8DE39335EB175646A69
310
8458F6A346F003A93002E846FFE0C459B8006E506D79BF902908A0AA05CB5E73530E33BA1D3C2EF99C712B7C8B41DF4D2A7830BE8707485FCFAEEB85A09AB6D39BBF7B4F23E00509C20DB04E240822A4B810E04D8D53D10D504C059ED86BB8697F514777717A8F8144D48A4C89077F7EDB00E2D89DC02A7B975640A282C49A
310
4AA84B70B12BFED8EA6584860DFB7EE23FCB00C6BAF7332FF259FA3C9346508813E372F1DDE425065BB61FDF8300F7EEDDBE8D0C6EDF46F7D8823478590AE23759D60DA6B7A9F125EDE8F4A5D2B37470D0B63C30DCDE3D3D59A8D1501EB1B0A5377517BDD6E301F995E3F955F0F58FAC2E81CE172A8344AC03DC6781939D24
310
84B8FFC15E8F3ACCD3954CE19576B942D0A029188EC7013FE59AE90B71292DE774F1F63D60230180B30A2EDC65291B6211B4081128856001A680015CE000708254891851D4B3BED0FA4D7166B466BFF1D2A924885AD12B387FC0FCE6819AC3AE06A7AA4B715F0927B74D119D4A668FB54B8A8C268D8B038A207D10A7B1E95E
310
42195B695BE0240F7408B311257C23F581E987C180140C584A02B1670CB817CEC0A080F259F1360E58452013200E3EC107AC1DF4FD7B0F6D23F33347F9527D9F51E6138E31AF35F1BDAAEEEBA3D71BB402E2FB47CECEE96B4DB85536772B07C82A34F3E66D0BCEC207FEB9E70643761276F7B50D5EE963CFF80C7AF4A2130F
310
5BF8C4EBFB5F07B709840480DBD8007FB7EF3F90104908BA457D43AA2A6A02C91422285E5AAC143F3313A0CB74D9D164933B86C25587134E8D342B453FC982860D09FD13ABE72055ED020E85D3E312F74C25CB0293D978A1C4001927C80B86FD06349126EC219F0C735C8053D8F5F310817EA01F1B7851F406144C211C6362
310
C27DD51F1E310C0102280ADB891E9B085CC528A2B1369A46BA195B9A2B351862CE43174BA73FB7CBB430A5798F4C54B7333B96C3224A9863AD02B9FBD8E63092191924E77C199D92887DA594B6DCF0112857162FD0949FE6A441F5E62E42FB2105BC405A2301A3424601DC807912CB2C39C604A27908021CDA30C4C8C2019A
310
883B3A8BD393BB3546136EAF561980FB63E9E035FF73B96D09A905ACB2C11D79571C5159026227DDBDB81396EB03F14100BEB66DE1FA9EF82C3ECCBE318119C4269FD014E66361FC8BB0B4EA9A98EF3D8848A01360430284335004C183CC25BCA82D2302EB03B8419241C64DF4F5ADAF77B533BE786334BFCBB8DA72BDBEFF
310
C36103AFB30608A0B39B58D93F0BF42180841DD26BDC22CF0A770E90240006BAC65197D90920131C7B2EB3CFD3C71C6378A305EE8488FC1FF8D391E2BDDB0F6E3F45E7C8207C419800DB410073A3173942CA8D5242642A74496FF115832A6314D9FA4257577BF7FCF8F8E8CEE8DEDE5EBE76DD3CF892BA7FB8B90F629431B5
310
525E92A15A3A4A6FEA3FDD73136172060959206591F4C927196CF645AA285CF3014630121754261C0D31E1A7E3DA2DBDB54B04703BDE3A4209F02045C4BB0F529A14BED07098A2A1CD47513DA64B512F409BC01663090796D787173B5AA141B1B39BB470EEBCF1E30F9D263ACC4D05110797CEF7B923B027F089F74D1D06F0
310
A4D8C0CDA6604023FCA45B76C5CDE0BF3845ECBE13E0C0ED73700A8A753C1AC8AEFFF1B407FC8A20F42F0D94019121DE304077A027D4112283BB8FF0072444D68AAD111D6F591BC0061854BBC048EBBE9E81F6A33A95C21BFD13AF3C7E7DCDFFEB0DE8903F77B41DF178E99C289895B0EA8CD640549D68935BA7C5294E0A1D
310
66DA0CC419BD398E6265789CA1241441AC94532A3C19C95340BEFC68703077EFC1D307B71F3C500859C11494838E902203A2BE90EACC5135B80B078804340C920C2300BCC06F7A1C71B875DC572C9BD1D84BD5FB9363CA6BA7D03E5C40FDFC54FC23C9B4B9DDD028787D89219038523BF64E638BB37CC25335937A00DFD328
310
69C5B390C8C32FF25C8C47A7181B4A599A224A9DADB0E0406FEFF9F183B7448F081E3C55024FB33828784AB61704482CD0160C04174F9E33BA9291D58C2F1F1B1B3B5863B0D9F3E51C35C253D54A23E560E2C0CB3A6F7A81382601C2079CAE96B7B1560D20A341E85A928A4E01083256420576C2ED477E2E565FD9223BCC69
310
1CF394D3D8E281501E0EE5C1C8159E92585D255CF30CC854C75318006EA4A01028EC853F9407C6053910BE105348324002260254886C156260F9189EE0F8C9A3CBAE9D5A992184568A69D5183A7DB97DB089FDC57AEE54F858FE54F577DBA85309640290F2D220952620750C5811FB772A7876D1E4040FBFC6474D51246D8B
310
3FB378283FB514F8AB3C20B8BF7DBE5DE541C9A5D3D38DDB30E00151E02523081BC89C2214103E0BC1B3D0199A08E002681A2613A2616CEDF0F0F9C5DDC75DA395C25C0309C03DEC8091A4AFD3FEB504AAC6633930556DAC86EE3561941E862C4A75DD6B6BB3A0C59BE153DFA73EDFCBC3CE2188D3D378FC976D0EF9A95B7C
310
8532F527CE3CF539581E0FE501291E9139FFB65EFF5DBD8E0C18DE3077170A64E033FD278F18068028802F156C3809FDEB11B1019C208D020C9BA2870457F0F8E1FDC7EDD393E3B9FC9C4308E9315704233F960E554802C14716B0B45DAB5EAB5E25AB7830EBB8D25E6CA94E4AA01794FB1EE164FE9F040FE82C940A4BCEF9
310
13075D087E85A7237D3CF29C47E4E676777779528C4781761F0BFBC1D3A77880E40C9A2E5109180D5255317890394229F0F082010354082D574F1E3FBAB7D6553C2113DACB97BEB5526C7C6F69F9310A94C46CD89FF8F379AD1AA035FD00FF3F320180F01417A6F255A3A8D86319FE0C0B0E06A0DCD33F79841339C01E5BBE
310
1911AFCFF7C1E0A540BFBDBFCF2372352686D863F83F59CB6865F43104007EE06F52406F680341102048A01BB048823082CBCB0B6AC48C313F3E7CFEF8F2D1FDC3D6F6F9F9D9E98D9D7CAE5EADE2A6512FAD7AB526E17F600C85550DDE9ACFE9D97E694513103BC69F8A2813176032C890C1E9C49FC09C61670FF8705B1D73
310
86260E7C8E7122C7F8208A55139E8C8D4763F7EBF5728DF9C34677364E3A3F9AEFDEC9CD95470788834F9FBEC512379890B38C94205B2557987C4186DF5C0837608DF0F9F3CB87B7EF6E920475752A01460E556919B2B64296FB9FB70DD5F47232A0F77465BF140CD001F00ADCA175090E2665A14E6329B62660E02A1CB50C
310
6025E3DA252A670B3F0FFAA5EAD94A509FE7036B159E0D1D9F2E76B7AE1FD5A606198D3A747AF450023CBDFD162278B9446688111009B4029B0F2180AE20A542D40610C073B47FEFE1416B2B12200F3C991C2F54EC2491027A816B0A34A9D05C6F437AC23462385DADD75642EDDA738AF1600DBE07EE8437804D2D011A94DF
310
71C2085EDD40266A407FFA1D1C00B0C03927E60338E3B9D8C47D1F8CAED578E06F7CFAA4BB63B175FA7C301B747CB377F45192003CB8FD34B12009224543D8604494011A80C1903CE0518C986208E1C5FDDB8FDA161686873BBABABAE74FA637BEA894A44078C19696F326E057D7F95D061A6B0394A9D5F2DCAAFE4C2388D8
310
A6E9AB7695CB0BDD0A332430F1A9333DA41D1FFB97FA09AE84E738C75C407C260408F8DBD5EDED7DE1570A7BE333C54F16963B46AB0C2B71208EA3D16EF4EEDCD7005241166C005A73C03164792151205C007288AE337B4D7103741BDE7B7AC913350B348B2D767515674EC6F72A0402BBCB41C81305AFCF05F2758D3ECAC8
310
D26AB97606DB9581A4B7A8FFB068CD5C0604E6849046B70C2B60FF0CDDF93C13822B4E82FA0479A68220E66D9FD775FB3C1A9CDBDB9829B6AF2F77EC9E0678FB20ED8D1B1A1A39D10F9812E20D6281F5673121AACAA9C53424000DAC173F7E18C3052EEE3E78E7F1160F5AAEAFB70E0F7775CFCE4EF384DDEEBEB9C0889D52
310
43BDF557559FEDE5F17AB21E118C4C31A3DF6A96B56AC62180293910ECD6B721047664BCFCC6B2DD3C65CA0F0C823DFEF84083C7ECCDF05898EEF158F4FEF97EB9C123F1B9D1D1A3D9F9AEC5F5CEDA84A3C96C14A55584D62893D6A54D8D2028D05C8B1F124884543F3223B29D208B04910D3FC43F5C52196AEB5B5F5E58E8
310
E82610F08C21BD443801233C0CE8BD1E40F84A1CA86001990048031ABBAB11EF83F9283EA89F181F2A0D9A9F62D94B7F625FD727E6A93F63F200F614F7CF100D4511C07DB45FC5F0CB4CA359ABE4774631FDAE85E599EA0878A3C33D5AD6430CF4C055EE5FDB80629000D7855DED3F436F3B61B3DC7FFACEFD2B1BC6FB0696
310
312CFA477CE87A87070C7998E04FBA78AE3F915A065E819FCF35B410321D9ABB308146A11AD5196CDDD7C477A171C8AFC74B45CBC6F641AB53C8D4ADA5870C02379BC0470CF83DB55F073E29CF5CE5F7A3F8FD62EB7AEB1774C2C6780B9523F9287193FD23DDB79FBEA513B45200E2E0C1B51350163AC19043C600F2C1DBF7
310
DEBA7BB9B5457BC0D840CF325EB0BBABBB786D301437000020004944415472B491ABCCEDAFC0591201CAC8EBFACBF367FE7B6E40E69F551BBBE7123E3C00AC560CE20C62436E8C3C54CC225EE08C0D74CE26148877689EDD004FB2BFBFFFBB984035373A7954EC5EE8591FE531348654514DB1D1C56411DFA2A7C212BE5ED9
310
1278F2851A432244C6822C29C85A8B320ADCBDFDD63BF71FD32648E7D098CD018BC35D7FE89E250EF2AC75F96C15271602687965C844B8807C6E7729D93F22E81D39ABD62A0820C1FE9F11CFA7208125D33E96FD69E83AF6052DD32D49FF0802CD9F9DFD39260389A950887A647CCC99BAB17132DFB5DED35138FB3A060F62
310
95AA5E195BF0BB56495A5A4A8FA440026E46A047D40ED2520A441C302D240F201FB8F7E0EDDB0E12A04D8816215A0579E8FE1B1281E9F19C9900DE79842E2A7CCD48E9876EB01C75DBA0E0C8D44AB5512947A00BE7CF5DE9E1A6A6BE43CF1A78783DFD5A404E4477336C1ED8B18908B2A847B2AFE9839E891137A6673BBB96
310
FBBA2A4B8E9373B001F08369BA11BE8ABC4302FD2345FD6014A127068427D007BE28B41D9B0D40FFB7EE531FA673C8870A69135B1CEEE8D009C08042A5B4EDA314920B635BF941E7487E45256439DFE9D276295F87E698389CD49FB394FE19720412DEDDC40E9CE9C6DD605E0B719FADC416CB15AB3A61F9B5B9B9426E54F8
310
1D8B03DD950946D432B40CEDAB7BB5AF11213CBA73C9BCCCDAFBCF06127C7980FE6D1DC9B4DF14832D6568FEAEEBA76FBF438300B541064ED33F3AC0B0D10505306FD370AED02859234402F6C3FED006766DDED2034D90D119057225EEE3DAF787EBF30EC51ACB4F551678BD6728E1944730C095F13E4D81A4DFFBF67C5BEE
310
37E62A85FCCEC6CC6C7BC77A5B477E22223ECA4FCC0F87E2A5E3EB782BDB25B8CFC6736A044DE5A7CDA604526361D650484FE283B77EFBD65D52C1C73C4F48E7D0D81ACF572F2E2280F98FB230508FA906B42DE240ED651B301CEC83DE1790C9FD96B6CBF986BECF3BD332C18EF627A0B6EECD5B152E02088D03D828AFFAD2
310
6B05BF671B4F9A09A8CE0CD2707F67F2A4B3BB75B9ADA331C1305BBAC182FB4A79820B7EEAF73199B8404C0B81231CDCBB871B80FC41FF5860E8E108222A1A076C29E6E03B6F3FBD4F1F295DC457573C7ADED636D6B7B8C88413DDF3B327E1046AA51040B40CB50C7E3F1D2E44DAD34CFA604029BFFBE714DF0C069908027E
310
B275F1F366C132E1A7450B04011CF82B2B647CE754F650FF6E25BF37AAF65B7BDA16CAA791F1D09F6CAB989EC5AB7809BE145FA459E8D3E4B0FB47DAEF093B946FED585B80FE1A0305FD5330FEDB4FDF79FBF6BDE81D8300CF6815E5F9896552412A03F31FCDCC7CB5E32365550CD9365FDCCEC8752E943161D78047336F8A
310
F6539840A1F2E764FDA2970999F205CD2BD1F5CF496571F76EAEFA0E1CF8FD2A55FD06391F9EEF8B9DC9994E72BEBEE1FC928E2F223EBA0FBFBFB4F2DF137BC894B8087643D64ADE6EDED67F7680FAC9060239E845FC94AE93D880F994FBF71FBCF5F66F9F32C292EA900F9C1E6F1105E81C5B5F58A067A448143842008D72
310
75EA3BBA3D2516FDF02FF79260020D6B3C714711F3CFB61BFF56A826E627E82256F7400FB387FEF23C1C1E77FD6A21EBB1B2B35F2F95E7760BE1FA3ABB3A981423477517EEE36FF96F122B942F6FB64D9502BD1B9089162532A2FEFED255028FE653C9F46FA321E0B588B7DE79FBED07C44106CC85133CA65190543004D01D
310
02D8181DDDA5A9C91A7110805B7875B689FC3902200FB192E7DFD936B37B57D9C338BD49E99E181F4E5FCAB2ABC1CA7AAB382CBC7D515457CFABE6FBC63D525E5CDF74B16378B9AD6774A58531912D232DF01BAA913DFB7D3AAFF912984302B84D0500077800D26C60A4742101DE420C610C2E92FA93056022EFBCFD5BB6B3
310
8651470CD33BD87630C05831BA864C85997B8754B05167F0706499DC442FCD22592AEC2ABF3FF13F950039BF159FA9B36ABDB2778EFF83F70972B83BFD3F4899E64DD8346AA495CB155A7499F2CE39B0AAE755125EB84FD8CF8D8E4F4E9FB4B72E8F1DBCCB98B31BC4607C2CFF21C8145FB48EA0F2159F86A3098415609554
310
DEFA7B27EF1301033DD06D274BAF6821D220DEF96FA4CBB60B3CA241C021D38E1AA76B4406B4767576166766A6C7F77273F5F395291BBA19F64F2E3095C14F3E60371827741CB27E89543857D6D96BF9A47C6A9A26057840332EB843717AAD171880217B71FCCC0355AED3D4819911F79D0EA8AD6DA31A83E36C5DC2D47029
310
5C011302387069158F6C9966022367ECF1D00BA9BB95C389AE7B6105A1FB640689033A7FCCFFEDB762189103A61C3A4FEFE0D6A6B5A19EC5755A443AE78BC5E9235B047890A65919A0D2F96AA3C01CEE913BB3ED239C3E0CD8DDAB99E4348BF3F8B977B6C43DEBEFBD7721A839A63B94C06A10DB87FCBFA3C2932F8C26F88B
310
6D6BB30C3C4E09AFE40FAB52EFAA1EC0316920E031A46D65A0FFE45A673432E907FBCF86717AC04F2CD0EF512D665FF53F05BFCDC43489F150890C60A8E0314E70A06F619D30D841189CA15D3417F3CD50191AE4396543F0C42BCFD696C58DF163F5B46D708BD5FDDA5E5E5FDF9401BC4F7E00E8A17520833D1CBFF495B5D1
310
CE037C664123EEE74737268B5D1D3DBFDA6AAD8C08DF2C0BC7A737E10AAB2A7B958990CEBF556CDBEE823CB09FB344143463C630CFFF585D330CF0320E921744A7918280FEEF981161008E9FBC78C830217A07B7D6985E83F9A79884ABB5AB383B4D7D788F9FB3D867A2112A43F19042B33A108690CF6F472F8661CFAC9714
310
78757F6E6F2F7AEB82FEA85E5715941778B278281F28C268AB24BDB470EF3303E09C359E9DF1CF990D8A096106E6A66C8620DDE7D281DF0B2831F20439A30D68386CE13E002F7EDA8D7806162B205D6A19AA1FABFD6B1B400EC2BFFDD66FDF7E8755B4883C043F43046C1326136680404F1F934EBDDFDD39CB58A98DF1BD78
310
80E0532E671FA1435E9D6EA5E9071000BE8F262E7C4044FD95D5FD526EB40A05A634775F32205C3D779FDC168CD5E56BF982508BF572BDA4F6F57D3304BE9EB18149461B12F760D7485891CA47CFC44909136FBF4931716A2E100123FC6CCAA6A644F25EDF4AC980B14039009BECE8B798BF69A05DC5B6885CD23F8E13A46F
310
F0C0A986D617F001C52241801E87C2974C31411DA3A5D7B6175472763D637D3E57C33B908F867F4A59CFCA7923375E5F027A983E18BD7BD4E6FDDBB2250C1529F4202EFAAF979DFFB1F2612E87EBEFEC58581EDB9AA95AD1D7C1905F7305BF8182D5BBB524D47C4E3B81CD843220DE1E6536497C0962C225F75A2D6A998303
310
B23FC501F0B3F736EE1FF01200FC8C99F5515207C9C40081DF304C0A17D06E26CCBC5B3C47459308178301FA8057C2C0AE9D99B05F038828B08400F2E3251254DD7EB8BC4853B101F99AB48E387457C96951E5DB670648BAB70A7B04FE93EEC5F5B183F9739C98952C6845C380D401B8FC86E70A20744EC720E09D35955D96
310
A9041720196D183AC2CFE6AEA816652D0234883D788BEC8F5DF2615261DB031C2381092401B48D8D2D870FECEA9C3D99DDB036C8A051058030E32190976718C89F031DFBFF2EEA3D88606A8A19BD0AE305BDFD12BA4FF46F1A0002B07137989C748936E9DB2C91F43B07E4E4D16C3779CF5A4FFE8CC981F07C29E34B7C012A
310
F0054FAEA4A6A3D49D3A16D2B3CF220A029003366663053C89B3FB1827080DEC2780076FBFFD8E39810CB0593CC68B5D9009F2D400418028B0BC6CC74067E7C9CC0C2690FBB084AA5254A12AF63543B35EB40D17B693F7E3464D5094C00AA9E04E0E0524F5C35C5EC6BA94B21AAF2440725E2A9FF94FE7A8F0E769EB83FDEB
310
039B631B18BF396F5C13CF89ACC02C387DA56DC3B1CD84B96CFAAA37B55FE723B611062258257D331F186AC93D8AD600B4FEF4AD777E4BF68F2168FF08C081A37AC13446C859964803961928476D78F68419390D830C1935B5C2A0A22A3AB17D3D6428BF12DC373B8D464E04C0A496BB3B3B75639DCC2500E0F0B15FB6F47B
310
5A7ED0183A87CAE8D535F2EDBD4B3B7FC762DFE65A07C30B2851DB890082ADC07131EEEFA3DB7DD5CD32C0860CA83CD4B7993A175F422A8149B1C1D94C1145059D9C78A8A572A90B7C8B1E3392FF77A80C50220880FF3669004E90F101740D2B808181455A044904674E7482CC3EC85C4BCE339404C0B0BF6A5611E4F9B815
310
7BAB6DE327EC9BFBA1B4557ECB609C1F45326499EFB90EE78F18227F09E563C9E63D847EDB3B68EB9C39E95AC4F7ADCF7D87F6752BB6912040281E4A0D8A8314E80D60470999B8A51FB1488A66A9F3F81FFA61C83F4FA6969E472288FADFD61B005E0EA4284822E018911828E868614DA0C36E11F3A051070BF2F0840E35F2
310
00E2C0C80A776CC9E7E6841C0503D0EDF15ED9AFE527E798D23BEE5F0604E58DFB7099D739BF0BA5D332EF29F1535995BDBD0DE681C4F71DFE6A7AC5A13554AE6910963E9ABC9A0DB5B202225545F5CFACC942B5B93C207352B6E5310BF349AF200175D7DFDF78F6D683B7C87E087FA9B35812C4F8F13452CED610A2207541
310
E6D659A739441F3833CD0C9C3C3DC2B0712F62333C4FA9327C9CA1124904B4FDE0FE21C119776CB0C212AAFBA5CAF80EB43772ADFE77CD9FA8A4144C54C2FB2304C65F62FC3678E4F6C68F30FEE1BE8383CE7DB86F58B1AE0C51F0F055E188D02F00911DDB0991832228B3172B3E623E513FF1734FF414A611A603163F401B
310
EA790FC9FF7FC3FD3DB02DC00184145B850D01D120424DC03C00FCEB7880EEEE939399F1F18DBD4AA54C939899304D913CC2D5CFBC55E50C7FBE4C0E14AEEF53D6843DFF56BE2D554637EA047D3C210E2C61077875FB5B40E19F43AB7470CAFE1C0D3ED3B3B4778D1DF6D4F837C08747180FE8394F2CA1E0A46B6DA62CE2B2
310
DABEDE0B1924098580FC16B369730E9E90541D3730D47FDE16EE1FFAD3419CDA05ED1F2715C607F2E81893AFC5936303F40EB776F1D808BDE393A3FA401E1C706E154C892860AD74A2949C409E28A8FB3349C764D13E4D1D3468952B7B1B35001BF41142CAD58D6011C8B78961EACAB66E9AFBC627673B61FFDA4167950A27
310
4145BF11EA17BA9AA60815C2C43AE1F648E3772E53C94E6364AF826019E723069A8AA353A3BF7FB5359281700061FF64C28C10B9AF0B70B0B0D30A31CD1CFD22F68C76DA1E44558869257892363C091D313EFA46B57C3BEB252E9C6BF5B4799EC58F1910F469E25AA17B343799DB3E33CF410061F96C6D63FA91B1000CEBB7
310
D2971BDD39A2A76361E000F5DBC1688D47CB812DD60F8001AF25B328D173A9E4BAC18CE9F1F628704330741B2649B92E9714447C68559C6CD2F681919367E4811100750058809D0230C087A89FF3C80C23C4C60882E481F48D531764BABD5CCECA308DE2F63D3BB50373D630796126803C2D1FBAC148F7592881B395ED7D26
310
B7DD38D7096AF98841CB37592561D9C6565317AFBE9FC4AF7371E060736C7635E0CBA1809FC80F544DBAA1F2F9393D970D44C0615A0C6930E758B9E63AE690F73045F0C8C0731DE9CD80F718E94652383458799E02C06D328010011C7090D8C5E5336A83D4059953877EA1E1D66FBE994F04608C4C991917230FB61F9AEE18
310
3A40AB9108D032449FD1A7283DD25ED15360EF7EA9303EDDC0043403531EDEAB10DFF87F5E2FD56DF0F1B701A9F614DB17FA0E0EDF6FD0B1622A81FA3D1DE5A33F551930335C353A87F9AB05C60455193448246944A232C5D07636D864CDD7A50D0B4440CDCC465D1C418321F50E1648D500294065D869559EF3C40C8FCC6C
310
323E989AD0F0C73142480B200842802C061008B480A9954AF282052B3AF67350FD0DD30D1F4075AC303A5D490250F5400ACF479656861E4C77AFF327F3EBECA4B57B6B6C8FF62602BF150744656A87DABD7BC6BED50527B2120C001A0B3718C74F0C65CD34F275164D7968148DDF259AB8AD6CA81CDA4E8819509B996A7F64
310
2D987A401A2B04018C01E6C169A8700F9DE3B489DB2BC49C9B7B858A4F50D22AE15428FCA4A1EDB20C83492690CFE361CC7F8C8066FFD0D77AEE797977F468A36E0B0DFC87F90EE6348BC748F7CB73B5B9DD5C6EE7AB19ADBF6DF359F1DC2A0F9E44F213F8041F64274C0859A2AB7C37440FEDDD2F95BE44065F22067E3EA0
310
CC3BD8C0D8194EAB291CCEE20B9CD8E02950AD806080047A279F19024C837C848816719AC4A34DF8F0706CED904E8185753A458A27E4C1E37B5F30A104932BE140E0BF4E400160F320B054A8705042FFC47B4940810173F9C9E97240C7FCC3F3813EA239B745DE9F1B1F3FC2F9330374DBD1A7B475923F9A2ED81716D18D1B
310
577DAAB9D1A0458655AD3CA7E211867AE7C702DCACCD291E0F798013DC01BC326087775C0833E04EA3778FBCB8DA4687A0255CA0AD210C15661E4E92001A4449031D1DD27D327334BE830B64DAD90CBF537A45FBD4E94A7A88888E715B7E74FCD040E818BDC1BF5AC609CCCC015DED23877080FCDC47BD8EF3A7B783A17D33
310
F3ADEB6D6BC7AD75EA7C7852C5B6FDADA6AFEFC2D181C03F8C40DD8A4AB5024F0B72E34B57BC1182472DC80946789AFB711DB7F1193C03C893B0345F420246114D3EA71D04FBA731C0DAB0D3CD311B218F0D5A15ECC105D02F3AC32F13600084731A83220040019B03180634B5923D438300B05BAC80881F061095FED5D572
310
A3323ABD83F1D37A2301A8C930AB3F66ADF7CBEFED30BAAD7D78A06DEB6A87F15491F5AB7E25842B6B34BEFC12C8A159F187C64B3CBD2356DE5FBAB98BBE9583F0E3280C0076DA15BF34C15238145742B07080B1EFB83382F9FEF2239D003541041083C5AF9EF3C8944DC2030BC3ADEDDD9D27475800693049E05413BFB3FE
310
B4308731512F13400D06F813368A0101D8D863EB3E75FCCADED124F532AD3F123F131AB46A93DF1ECE7F96CE9EB6C365C6D6A07EEC461FC919FE288AF7AE1A7D012D291EB073735FF26BBB1C99FB706E972192819B7A34BF22424BEA1CC7958AC2E04BFC8E02DB90A4A1DD04811ACDBC181037864672C78F6C0EC3073A40CC
310
49D5E813593B7002763BC6A909D31AC86F3F6E335C9E1C309BC58F16418642E2AF6B290A34FEDC0CFEE08FCA0F56700699CB73B9C99302AA17BD516D7F1FD755A2B32B3FBE7134D3BEC813195BD355020A7DBB541539CD2C06E45F46FC0EE08293E6C0E1972176D9B678340AA1A4823404EF79B1E2347E47C35D0A2260730E
310
0B513025DC0BD1C07E3366E9B9D17F767405FB531070700035618606F0B40C73C974CFD321B0C174A80C0F3AA54945FFEF348F5488895713E89B5C98DA501E06D8D24FF04FF0CD7ECD7BAA755A854EC6A180AD13BE094E8D5D63BFD6DFA5F5D3E4DB1BA18FD8473DC6E17FFC9832B71A2A94D96E808BB53F9192955D62C82E
310
282B05168AA0927D54AB20A20A74800B7CC9655C8B15F62377CA4C91641F9F4D0478F4FEFDCE273A002CC0A725EC165CE3A149F0333E8E9600B2C05A7D15FD831F0938DBE5D0FF13E3C0F0765965A0961C3FA86DEEB0E28304747BFBA5FCDEE44C23544F7BB7BF7A132DDE34F99E44EC3FEEAE92F667A10F7E90B0E8C6442D
310
F5A5318B0F816311DB2E6DC6F172C363FC800EE09186BB9EC82A24C0117700CD884AA42023B81EA6E0CF8B3056411110D78606EBC5AD5417B45BCC8E61EA01C4006AC233933E35D860BC1B6CB9C9CCCE7840D2E0C1C1FFC11CCE54D59300F2B47D66A10F09D8E24B71B9BDDF98FB62A3B897C53EC88D16D1FFE8C649B17BB8
310
E760EB20B784F52F992544753F2CBF642CD3C9C70D8722C197142C567E74FB431EE248A8F3FC00377F5142144A82FFC28AC2970A780C85A7EE9146FA4B2981F3C93BCB0F3FBCB6DD3DE69C72B6073B99140DE28B8E919D9D9E7C2F5FA99FC1FFD07E9AC0965CDAEA0A945FADE52C791EA989E8E7A21A355FB37E44405D171B
310
98A6E946DB26AE71DBD01FEF07FD378F5B4B518724481820890E7486E3FCE61A60E096D577701890EE07CA5D7F2B086040749FCEF3F81972E510A86359C9BB579883035887542090614E5C4461705D7CA1CF84DB564838606CF1597E8119790D021080C935A908324EDE9F60A04B7830A33F0670CB08605B8D01BF9A3D4356
310
93FAB4FD84EF6754930640C1F9D74B052A7ABBA9F502B39DA3BF6BC7514EA4BEC71D752BFDC198EDA8DFE8F32B3EF811E4576B0A2074B99B070A069F60173E7427BDF285024E35A4418B7A412914F2800F1965C4F1120A2D5D2C64400563D5942044807BE7C738EBF3034C4A6F4D70C04ED1F97673C039FABC4CFF18866E08
310
200BB66BDC9CCDCC3FFD1E43BEFC52C317F0F5E64900FBFCDA4DEE68768FFF46350E0EDADB7B34DBBEDE3776BC55599AF84E312229F931E700D04478D66A0D88D09B2276141AF0F8811C5F8067DC04C0F90929F7F1AC9CCD368488AFB965C97B855A3E2E93AE5B4866502E55991B82D4388614F2C36B8484A5FA06E3EFFA98
310
4A6AF17D5C2073299D9F12FD63826F67FC460E54030981684E9FBFC22009A3006962285FDF4FC84B699FB5BEF3736C6072F6844C15EDF25883037DE6BB7AFAD6AE164B367812FA8CFCA6FA25725D99AEC5C6EDEEC64ADDA2BE0056002032E1D7A20A54CF444E360D520A5B69816C0A953CE0434A8A898BF18E2B704588C01B
310
DB2133342F5404FEE698957C200EF54E31BE6DF4E888C9C67F5F3F1B41F922777E7FA6332677C20098C59F762F5DFE4A23F9801A3BB6F8A4F66E0D40EC867E92DEFCE84C714FC7CE8DD3DD3BDBF9C781B1C3B549FAD2C89D711808CAB100E09700BB85240374A7209212F320CA577222A7020E7824500179FC7096C714884B
310
DFD9499E027ABEB3CB0226CD293CAE6E0C41A6788F396606A073E28CBE5CC67D584D36CA39D37974FE1023253E3FFB007A26F657FFC901D851130DDC2BF54884F20D5D40A0B7E5C7BCC7CC87B84F2ED820192CCE1AABA1FF24ADBE1D03635B5B3B53D4A5F84120125FADC36A0E792D3AD7E255792CD5241A4C84171F110409
310
0017DA493D0A7790A7BDE6DF326180398E4B0DEADA5C2763825E43E05C388E184678C88CE6422606C017F030366981353DF03A753DBF6370879F79889DD0BF75408724DB53C5B0063AB6568D02DC47AE4627B58D7E367A6000267E7840C23A0940B992DB98ED1C4731B4FB4DCFB6D3EAFB6CAC7646F0335C5031888CD74E21
310
03380260AD47176D703960230370FBBF28813524C17FFFBD6288BB28E4F905ADB4A788B40B4A6201C1878BED224DE9906C4C79EF32EE679B9F5D3B5DFA137327320643909A823F62106CB8F9BFE4BFEAFF0FC7A6393EC7F64A698EFF8ACE31BA05ECE6DAB6DF124118D1D13F892F3D3530602E3F3ED3D59DFB821ECFA3D9AE
310
85B1ADAB9E328DE738BF55D5DFD039445AE76D0194180F57B15BEE5F09C07F952F9A10372BC894CF7DA12CF6507E2A8916E0DF430C519485C55D61EFE209912D8C32866214E121611E22A0B1238DB18E86636A3BFAFD5B4EE02FF1E505F902BDF424D0516907BFC95EF3A76B6B3872769D67E25B548F0DA46E2B93DFDFD5F2
310
B9E9EEE1EE1DCC7FBE6380DFBF38A165CAC73DF912AD76A4690D2B766A3EB4AFA2D05BE543EA20B095FB17AE3F1928D84482049B659E671A4763CFA567C08824913D37F2F92F841FC244085C1681225C04AD6DE1684831682CE0D6096B56101C0D4FB3A1BD3F11FC1105AECF5660BD3FEEDF162B0D9DEC6DB55AF27FC98050
310
BDDEDFF63ED14B01336053A19DE9AEF5F5D9E9D9F9E19ECDADCD497BCC57681922F327EB41FF681E17C1921B04FBAE371AC69E53F98183E91B84897A5DB164158BD1D12FF6F6BEF0E02847727BF2628F9FD48B6FB11DF6928C868B29590A0606F92140D0C08850DAA7DD8A5FE8A50389F61288AEB743E9C801BB67DBE0A7F6
310
4F63BC87770FDF57AA73FE1F5A84F8DD3AADDFC32087FBC0A7D645C327B97D65E7A8BBA76DFD9BCEE1B1CDE3F5F7CE4E6DF4013ECD7CB60BD1239E8A4E9A5722AD9C4FAC8F7FF17B214AF8801950430639A08E3ABD05A0D94E253BD5951C885B0CE750309070555FF21F2EF83FF53F4E15038B8D8A244740A5C9CBC120043D
310
A0B323FB1DA0A4EDA268C05A304619505000BE10415DE898809DB6B66896E60AE347ED3D6DC707CB7D5B5BC374A158EDC343D0EA61C217D4878CBBDC1D85686782C3CF4272E7DCFB5E9EF628F5A95AC1AC0C6848F5771329EF8DF2BB79EFEDEC8DBEC72EB7F245287FD4B31008AB38EA4D52F2BF57167159E3004CD8950E21
310
7DDD6F699FC763E9D1A0AECC701F7BD4430A3E030374066938F883C01DE40E7DAFD609345E33570F4CE6BE467FBD7F793B5AF2A9D331D86DBA7BF98067918F9FCDD609A0384B523F4413B574B818C6889FAEFC5E7B8F90CEFD62BC2C85B2478D54DD076635BE434FCADE68B3ECF1C8708E27863DBEC352D87BCC7A92A8E135
310
700CDE65BC114026DE5DB68275E656D2C0D4087293D43BB4C9C14EA83C0D806783B40DD7CD4F19EE9F33801F55A3F1FD600017A6CD5DE607783D5F74E34680E7DAB98D99F6E5B5ABC7F7DF19D8278322F6A97FDB2FADE1539BD945DDF868EE2B8B70D9EDAA45D1BB0A5801198CF1DA891540474745BF0317F8A3703E02510A
310
E94B084221F887FE950272D62D4232781054A87C58D015CD45EBF9B70E60820A2056E9D4D619E8494BBFA68B61EBDD8CF52CCBA124BACD4A4077E8420A7F36FCDAF661E577B792A7E1B7E337C7CF1FDEBB3B49F501F3C7366C1730E793F51FA20A9C3D2E9F18E63DC277449054CEADA36DA0807467D45F8A744E1BDED725A0
310
33868703F1392BBE221158220588F30574A0B0893D0515B0B7C404AD0E7F40C11D504C49BD7DA39A85A19CD7357DFC966E5D92272FF06D59CA5A6A1C8AE30E52F1247C1F1D78F81887F9F3E387075B170F9F5EEE4A7F5BFC69DF02FD8795FCFFAB472E7C88D563DA514861B85BD41594A75F5E866BE69471110A9F75C8609C
310
7E6BF6C7C727431EE3E9E3773D2378C25226E82C08104A57ED273FE0921D6990E02B006BD038263BA360355E8DC446A380F0BA35FA9945A80CF60DFD54054202F91897C241C147D59F8E0FC67CD0F2BF377A3463F8BBBABCFBD6833C57E214AC3F5AE9C2FDE88852968F20337972C7E04EE5658223008AE82D93BC37D8DDD9
310
00BD6B16EF221F0D4149045D740A8A215D4FC186C658E01994B8CCD317465828704BB630DA2243B3B4ADD3EA554A97408454148C04A1A0CAAC2E04033C04073851F54380E0BF2DFFA43FAD3D6B574F2E1E5EF6E5F4FEFBD1CA87C161FCBCF5C7AAE2F726F814027BAE10F79BC3D765D61D1803952210A9AA07F8C6BB2105B6
310
1145B324F96014EF223D4A9261080239F03FF6F4DD4975C183B887E081F7A467A25EAA0C94028FEB808637768B07400A8235D4EF33143253198900E079E3FACB0C59B00F827A5785A6FFE2FCF0C0E6F1714F11CDE5140D931D707950631F3DE877F300002000494441540ADFB08704E252AADE1BD4E8DF55796A32B9B6F177
310
37C67702E5C638682737286CB0E0A89B624D5BF28222432848C9AB8C07170C97B814FF492A61072407D638006F7C8400860444C01B1930A522788045633DFA9507267A3A42BA05925BAD705CDD3792FA23C1075C6EE768A673919EB6C3FCFE7629B7310AA794CC9C0D14A1FB88F95C845BF22543F57996E0B26C9E4C2ADF18
310
7F979F8A55F11B47BC26594C52588518D25E6C2B1CCED231EA1B748F093E5726A21A54C91EF95789041030C20FD5AD68613432E19A4D0DA2505B6BD843516E10BB00AF9AC315EE9FDB39CC1F9EA59CD88F9CD071D470C86C4647FDEDDBB1CDAB81DA94034747A779F4CED497CFF817348F69F52E55490840E48840BA72DB71
310
F3E84F6DA2F4717AA928F153DA6E4C7E8E00363CEC9A2E1C8E65F298FC4A52F087FCDEE5CBA38A80CBE11FF7BC2AFF249203FFAB77A128A001B1987BD334AD9B901890A8C2005B6B248196AD09C0025ED841325B31845032E327C531C839E66DBAB39566B631C2FF0A1DA5A3CC47E665AD8751B47CFE33899DF047C9F3C365
310
E3B11278D49DF939298E09002F6430F9958803309827A7C791048CA070061B7E9A64C557D235F83EE24822E5EAB805F9862F20FC58F483DC0EF02181F572930205107E00E523861895A2811309808F2B6C14B2AA579E893753C155D2F54302007E9FF36AC5FEDBCAD47E182D91A73920CFA5C18E01F8FFF4C3F1FF553BCAD0
310
E58DEF85DD63B91BE38ECE1A9FFC4AD4A1FBA30D462C328C5A0340DFD393D3D3D3C0659195C96990F391EFF4175213BC74C020922D4830FE215E76940962BC0713A3B82784C0CB6623DC40D6E1485BAD454F6892200B225096127FBD82D2B12006BAE2E329C771E25FEBC0DAB3B5395289D56D7A8A89081B34EE06F80F819E
310
FE75C67DEEE95D227E283FE98A7B9F1C97D2D05B4D07A469153C3DA3048EA68FA667A6D90E291C7D7E2D063E4D044964D055F2DBF3E31BB851AE9F78A0A7314F0AD24901F581D74A6929142039C65AF5830D1C809536CDC05E4BA51038F79D713DA930CF18BA3010E385351CF47F74D439BCBC793556A1F99814926AF12835
310
E251C59BEA3C083EC2B2760FEBDF4304C9EB87B35769E1EB24B648542CFA4EBA9EF93CD42F03C08F249A2C98897D8E2225E90077823F4A52171A61219998CED6FA050992B6B0A74A2220ED12123004FB977084208F8E2AFC80F456CB110BCA647A3A0F854085D84FE0052BE31FFE7F925610BAFEC06FC33F9931BF063F39DB
310
3D1BB20EE357F594045F4226131578582CB055A59A073AE0413989D215019B6EB8A21CF154D71164E0D8F4E730C2CD382D098DA5261456A425643686BC8301710F2C50665881399156AA2B4C3191BC555728384800CE10040F746A3D8A80A5F0E500A93456FEC52833BBB45203DACCA37FE1D3EE4B9BF0EC27ED47D89B8266
310
F11EA2DB8B5A8BB93EAEDF0C06B7AD0402B9EAC6E787365535AF19F15158308A9D9785C1BC1C01377F8C6B4D07B50DAD25649764A91DC9812C7B34CA98184084F7C01055466B48058CD44085AF26648520C85C41C67805462D8425680425559F4440F3ABBE1F3F81B1EC72708767DDC8FFB6465796C8FE310FEABE0C9B242A
310
74137EC3E0427091967023299BE5D6D4D0C6D15747DC2AEA4ECC57C72856E827D33CBD319D70FF854369EB841282F84B7CA4881447ACFCB257E252E00FBB3272120A75B99119840858486615636E0E0334031AAA8C08A62E080053A0AAA4158431EC727A084021D41CF5D630C94184F6FE7432E8F5F9A4FCDF3EA7CF136FC2
310
988093F98ED622E38E4976E1BF0CF49D2889E6DF3566719FE1F9B47A2D3BF89C69155DCF24F88C609EE551160F0415900B4C48FB013D8900A9192A700748002924771A3686A0A580FE4009E00ACC090253E280B90AC15048E047020483A038A60ED232831F2CC90498648690D960C48E439F18F4DDBEB0B6F5AC7B7B89F623
310
0243B4FA160A7B9327F3AD5D937C8BFFE5FF8B3A5E64283BEF8EAB9F71159514CFED62DBC880614AA1F7994CCFAE7D8C87057F451733699B8DF87056E1F0654B5021E38097E4E23221B810DE20559AD183A61C2C88A648DB096081E9801CA00BC1DA0124E08DAAC15FD2936905CA8DA1C40E42B13F1764E0C4015EAD7F8BFE
310
C99A310B1B7C0BCC7746D3C0702759C89EAD57122092122D1F857067684A578F1DAB7EAC400841F493A468113282FFE42316CC74C756B1C880FE78795C692813CF4644480EE9B02991BCA257A71861F00666D9410288487618D120D0E80D7773E2B7DD180E100EC98B221C94BFC4FF531A09B986230F1CD08378A8E4D0FDD7
310
D9B1BC75F5C12EAD7FF83F3ED19EB018620303C217A6A35D826E72ABF2D8E2BB1B783F6E48D2E3F360806E1D192085D022103473A10375B63853EC54F500B5B064DBC20945B88160DCF7E4F83A0200BF6FAEAC88E9F54D22D898E43F378D20B51B5D6B1457000922202800DD401A9266483029C0D6D57ED80D42A0E6E08835
310
F0F3AC73D7FAE6D56185F04FC44472B854EB7D9CBF7134DF3DDC35A9F6B38417DD6F508B37C1A718B0D054124176F7222F62DFB327F34D451799D56216880193254FF782D7DDE26C271BF38C6E422E271CE4AB8823C9510F021126A7A944E00DB4031D013C88EA0746C96D4574069BD5439C4110403B40020C30B07A604F1E
310
41D19C21A93FD9002DFC35F23B1E7B98E95E38387E3603FE7393680410D702FF9ED5A3C5E5CE68B5827D721FA78F3A9A0C08A79722D9C9B418F46C0057BB1640C70AA4A03D29CECF33987596D53CFB27B32C3BE304C540E14BF8464E080918268D254838C91A01F0FFB99154FD8A9C0495EAA6534A6C464440B4A71E16100E
310
7405088122A35F7A511DC003D002E6C8E7E15F6D1D2FD09014139EC11FDC89394621F77B9F88EB5A583C41E2FEDBC8F82334494C0BFA97FF3C3A34ADE60385B60E5A30CF036E5E75370BE3B83AE73B3B7DC0BB337DA0045299ED0C66681E4AE223D01B1BC3BD4C921E2005FEB5114739040758189BA8A320067B62A3995E47
310
20055065AC2B4A8006BF8CFCC907C0063EACE41813C5F017065AD46CFDC6FF1BFEE052932CA3478C8E5A6F25DC8503D40F61FC1B047E4DFFE8E84407C81F1AC7B5C79DA358551CD0D13785A9AEB38D6EB68A0A8087FC6543E7471082873CDCE5CBEA1EFC5CC0579469E225428E9A43D6A6000B4219DE52E8DF00A55F4BF503
310
5960661C2DB88AC1F67C2890A93FC420193C8326409E7B595FBBBA9AE1D1511B3F6D65B09AC10A71C2317201A603E88C56CC68C91279E83F5C147787EFE6C675F00941D23EF092920330982DF38C65EDFCA89DA98E8ADDECCD77CB86D85118F3DD9884820B1128010D02F1060F582871CC8FF42024C02239273A1CC3BF71E7
310
70DFB7E96081682803188118B50310BD620234F230B12711B063E0F0490FCDA9248B580D3D3DE944A30CFCF2A1E0F6E59E8FBEA289CCCC943785BB8880ADA9C2FD70F6A13F5418444E3A669273C006C4B4EEEC067827539FFBEA9CFF04D84E7F170480037005AAC8829084329899F90B5E013927F8E646514B4824B01D11F7
310
2C012CEACD163B6358A4454A4221D06E68A71062520649BF9E9127D0772D6E5EADED52FF216BC2FC513C7D3C5CC4C8AF009811826AE20203B076A2AA66D8D32E317DEE0EFC000FCE16D9E0BEB17C74AB009256C5D8AD1CBABBDA61402612C675FBD72D07E633B1A42F2421208CE01397560811204306617A5141706105C9F4
310
984C459F2D0F6C392FA05BED808512B0B9A8A9FC6CED89640EA347D31F0DF76D3D9E61E800FE9F7601BE4C9614A1C58E6C839F13A12D0EB426DE6386B82369A9E6A7F1F9146EB578A2EF4289AA109B4F6CEFEC0463E0072A05CC9DEDEDFE08407B173B8AA65399C80B2911252E6290C82CC1B8909140C11B7AE161B42B9390
310
5045D017E00CED6D27AAA15F2C2179F1E83D411A7020B9408D202381E7E5DEE5A9E7E5CDE3B186433F488AC81554BEC09BC579018ADD1DCB3D9D70F02B14BF9159A4DA376225FE43DA224FED327941705DA582B2FD1BB5DC0540667B650BECDD1D5DDFB0C7F36DEE2B94F6EE2EE4E426F20A1174C31DF153321A24114C4FFF
310
25E505475F6906D4149B21F1BD9D9DF7B059F8E0FD83323CB97991FE80EE131A9003B81C491B218B1D42C0C0D593D9D548003839DC29A740298B0C23F0CE14BB167BD61989AEF0B985C8FAC8F923A73F31953989F0F6C96CA6C4D0A9A88184BEDBBBDA3BBADE77CD8E2FFEDEEF46184A86671D7DDC51417477BE9F04804F30
310
5AC82C2D018A21EA903866A0F959FBD4139916D036635EE03DDB7408BCF0627A03027AD314C09B0A27F0A79490D53839D0DAF1416995CAB24101FA63F75029D57A4CBBA9FB4D120ADB17FB5A999FC9420DFE04FA670430B90FE7F589F7FE8D50A4B5F004CE5F07EB4EA007F8AEAE8E8EF7DB3BE2F81F42166C7246FA9E62D0
310
2C8209BA1024414C483498B50229FD923F2414040B2081390AAC353B5283EADA12A30B1080866D746B9ABF5BC107F33C2A015B275480759334B83AB02175EFD0DEC785DFC505E0064F4EBA5A97073A74C5C9FEC97BD25D819E28AEE661FD2732B8BBFB1BF13441B3C1F45E8AC1752BBF80C113DE960E0AC7D9D02C58C80505
310
A19BA0E84B14402601A590A4AE00A825E98C3212342302EE10FC5100681F86834A2804BC409D70270A2091DCE874B16BE0706C974EB3D26EFEDFFCA6C4579AA4DB781708469F055532A7046C6BEB0CF39F3ED2EC4FBCA3D00EA91CA68FD2B87B5C191E0EB2C300F00A1C9881F263571C6CFD83D079D09F176FAD839340CF03
310
0F70458F81F09AEE1329505150CA0A00576B56C06D58070B23086F685E44232D9D53DE3FC3731044F286D19F459351863F749F1104198D6E14BBC68E17CAE70D7AFD958E350BEBBC70C9C4DFBA075240DA27D40AD7DB063A097DD3F041EDB3E4B682A7A12A548F3393DB01945547175879989302521EEB1431B08759B632B1
310
74E0F700E774FCA1BB83F95029ED1A084288C8893520E49415E00DA080AE8027C34206D35491D050A4C6B080F6A20889A2FF82379AB6234F6710C05F9080ADF002B9C9F9C583AB220F45D618D7E7F7547FB27CED8A8B7A7D24EDA4988B0C1C2A1AFB53FDC61BF3DE50D63C560F0120B0372F0839DDDAF13E583B868717C1CB
310
8CC71D1D7F440CC82184803144196EFD58BBE00B7EE77DE8C015942357FB06FC906A5E2B8882CCF9FFE184B0035A5CF186A962A63F84B3AAEE3D5A2C830008807568B6A9F424086D2095A3E262DBF124350082C4B5DF4704A9D2C93553DE47BD6766B69349610716999FA25854F759CA9792599D3837ACF6247CE8597B0F96
310
0FA3EC45B61715050260C5844FCCFEC9666BC71F875B17E3BCB4CB151405D7D08F846B4CB952248B4603CC402B609E90F0044A007FA800EC46D07A51232B00E5683C55D5096E1374DA4FCBBDE2C25A5B8D26008227CA7758033D7D70DF12CAF7F247939F93F1CC63047D63ADA0B7CC8771B234D8095FCDB577B586D1834062
310
035670E204B245EC093FCBE15626C10D210CB38A13F50E10A0D5C0814B0C4B30AA9858516001669002229618F100767AA3D6D2528595FE7A398C2D2300ED0013A0AE60B91644A057327BD3C36BEBF48C91279B45F8BD145494674AFB211A91977CB838DF35DCB3D6D6AA2FB2784B591ED785DFD7DB77747DAC9D2F7674810E
310
FC2895F9ED8007EC7885101679C06F21E4B1C8A6120956F80518D1DAF1717BEBFB5803E20C6F2A11B2E48AFF4AD2810A70054623E341B3D1ACD92DA91150DE631EEB2C28882D092049C0DD38E262A7BD6F98549930C9D44B7C37028AEA9F8C5628A2BEF5704C0DCB2B428181B1BE766F43014498D2E57791E4C8DA6BD2ABF5
310
003F0C40202E2E32EDFB02852D16C30B7F646B98FDF86C7891690043128B0A0DE6B4EA27F08C30CA34C9D0AA0852A5997F8D11A6EE84E040B20472020256F4AFEBBB74E6705A12083B249089218E6452C8E5A69717E904A3F5EF3D5D08EC1F4D4E85086B238CFFC11AB9AE972CB775616C6D1DE04DDF073B4DE3747C41FBAE
310
6072901CAD0237100670C5A00C2C3CE063610ED824826C1F6650700E88C00B62468903A0D71D3A390255AD7040048348C56C4647413C2C2561216E0C469203EF06A5B101AD40D0E207F78B124747DB5B4BBB4E88B1C373C114E0470B345156EDDBCE1B4DBDF81DBC400746B0B54E05F693707B89A5E430982C2AC7D10DFF11
310
D5B102B9505034B35D07E8E5F585757F088B390F2D4C85CF7218E8418BB4F25B885053D07D5A908326809F31D6CC6B77CC948413B28664484439D118DBAC27DB5AC40C1AD166F25E6A2F0AE82100C0BF220405323E1FF80DFC518CACA8DE1003F3C9FAE9C7B2D60703A0004F8EAEAD2DE0F5485452D15B77B4B67F4C2403B8
310
D8F9C533558ADE058A9E177A1698F75DC0EB4C800F74C0270178C8579C1FACD025F0560844502D2BBC01E620030CB93636C1041636A693949CD80139FD15BE107F905590A292840F8860706D07E2970A2F15E5B13B87C3143CB2930374CC46A6F9B9D7A5CCCC14E11B9E879A49FBE27ADBD6DA82410FBB94FAA8487D61B51F
310
4BE0A03FD08743C31020D6628ED20305A22C2C2FAFA7ED1E7881C438AA5B9035F20759E243C51F34D0D5F02F11403B9E204CC1686C0B6C9000470561519CBE1B0E4FBEAB37A39EE4B84C05F023858779341991F36D9D9F351E7BB3B5ADF00148D9D05784F9AD8B037D48C01BFA83D4247F03BB768BEEF973A14E610090D4B9
310
6B1EEC5C5E66928F28EBEB6CF578B067DD83086081579848E60DFC7684044D8174993C39F886043481F6A2B743B18749E52447CD4D230513032D20D20206E536E15BCF7B7D211634F98FF9986287F33F9A94615A5A0A7CACF8DF5DCC1AC6EF9AF1945EB78E0A2FED1DA2ACC00EF983F9A012260BD722EF61C9DBCDD8719703
310
ECF839029010CA0B9F100B1D2842153E01A1A3837AB579516A31982FD2908A09100DAE591016CBCD4B011A2F4DE299E1338CE065DC4841BF9895D8C81714800CD08F5AD39601BC929B55D291F6CDCEF2AB40DD5D98F4E6F107C47AEE4A09A079C05316F479DAF4C2BAB83221BCC0CE23FE3D3D4C7BC9AB673D89A3677D6020
310
F6E182332028012FA0FBE0B2668FB85485902A8E7FA0BA2105C213E20BC2169211A4BABA7D693C3F1DA961F203694853137073AD5CD25F1C017DE0477626D7BA55B88F83B5EE513C41D814639FD1BF759171F4577D3CAB0C3DFF68B2D3B1F8478C18F67BEBB2598FA76A4545E9E961BACF657E0791D2373030E0EC9FAEDD17
310
BEA7703A738185D08236C407448A4CB504CBF01FF43859D3115488EA01B55078000DF085911805790DE1B41B6F8CB2889C3834FE02AFE07D85143C6C008438A944EA63E047023A7EF37E13B0903AFEA7BBAB9579330FAFDAACD540022980B65A75FBA17D388F1E6576405CCE7032D95BDA420E7DC0EFA320879E5F8B3B04C1
310
D2D9C1114210C19FCC49DC6A855E12010184DB8968109ED016E4683CD552A36B3AFA13BFC2114068935A7E774CD2C7225642B73325938052D8634ABC18DC9442BF9E0402E85B42F9F3273672DA8E8F1070405D1DC3248487574CD98092B8B956E6AFE1566530B78FAE05B4A0DE51FBAF85DD075C7E11939F80E015A58D1F87
310
E400CFFD2306C4D1D3C634380A201545A92BE01F445800BE12302AB477BD6F62600D211232EB061448A0D2B877BB940D63D059C37E0569A83DE93E214F4BD86209FF6F479C640AFF8AF6D1BFD987D029A94DB7C329B4184D4BB013BF912FB88FEEF913071A8D82B651BC10DB067A7EC52FE1B421883144C00F64FA23A11CF7
310
08BF16CA59F18D4C04B8085964B2D8DA4A855187000BE440BC816FFB13374640B0EB1D0998AF38A1AEF503F14302E2811081FC12EA6CD38A63B33035125F40F170C0B0AA45E9FCA38FC6D688D48563B5C4B4B7C359D3C7AE0EFB16ACD5E2FAA47EF8307044B4EBE1C71E84E742D81431FB06B90B600B9C239E277A57C94C42
310
7EE10E7826980C0136600D916A06058CBE8604DB4D314FBC014EDAACD0820F14BF75449B70339490FE5A0491221BF95F949DF1235380E969AABDBE2D32EB4403D3FDF17F42F9A0A7C28ED75BE86BDB7C7EC80C76F86B8800F77B305EB88F00A4352E0F8089EF811EA02A3DF08F7DA008F803BE4B4EF5F41E56087099E92070
310
8C3D720916444440FDFA013D4E1201414123A09290F5BD7AB729298209C4306D007BB0829FD4EC3A6D7E4F00B67DF38CA0764F832F0448E58439B952CB4F70DF964AFA74CCFDBABBDF273E2FF4F56D3DBFF2A78D42FFF2755DF307066497F44062AADFC0CC546F6DCCFECECFA232E14F408F05477D311B683A35BC245FCF8A
310
5CD2AF20022C21022266905A5BCC8B20235D6FF04019CC04058AC80023662E25F342063165956320BE50370F2A657BACC817DDA3DDD3EFE04028645780A768FE38DBA88BF2EF3ADADFC7FEACA952E5A77568ECF0C971DF32BF1D24F8486B22A649EC81B1B60315CBEFC026091CA45F858D7D04C1B437079431E63E38F88075
310
8842E780A9E03791C0FAAFE10012588C3C592FE35461A6047802BA18686887023A422A49599399893103942CF6DA53A8E387825FA0678B261F139F801E2B17C901D0F5217E07AC2401A87D0480F753FBED44FE949C93A1D042B879FCE499B3D861AEB23F9C1F372F0C24D0B7D6E70FE1AAF60F84BAE642D82F0A9F53E22783
310
915518494FDBC0AFAE7DA282E5050B703570E06319A015E00D693A6BEFFAE493941C3B08C13B96BD20D0115A9565701DC58568A3009DA13E965765C03091F0FF339F7309D44F6E61F837F1B1FF920450EB8FC48F9B40158BE89C81A597CFB0DAF5F5755D3886DC13D4479599B583758CBF35663AA234F133F91D3BCCFCE0A7
310
94367F385C59B19431780F1C099131384056616E15A1563B50021D369C593FB292685A68A8B2A50A0A2085CF05434617E05FC24A6B077B990014421A68401AC4D65788EE25F737EB780D08A6E38F060F2ABD889E1B889C44852C2FF368C1E3E710D73B6589EA83F7417B341ADA1F639A23D15298F087AD0326410E116C3A1B
310
325218433C71AE62C07C1480F1C045629724A076A4BB8D622D24690486727F56108D07046DAB065000678E04C4F8C342DE27F4AC102D854F2D08D59B4ED0E4F697B0FF62F113646BC5B7F3131D4EA8BF8B265EA3F2026E7061B96F6DF3D993276B2180B8E57067587428579460551049049B074CF8B1066C7E14C705F0B392
310
98C0997C17F701097023BAC31081390196801FB0C2A12380042927503D5A01CA127F9841B460310639C674BC8CDF1A320501448E0068905B07F6E5602F8C1F07786253438CEC51AE61FDB25FF71B09893AC026A9EAE3F30F369F5D5EAEA5801FBAD3C98B38C13EE017B054F81A56F05259DBDA64FE270B1FC4C77200FE276F
310
E814B916E222575ED717A62A92956504605268408CFE13FD61F84252228376060206802B9550F00B9D47E6AF1022538A752CF4FFF1F5931384A9FF8700EDD4FFA2B93FCBFABB3EA6C607FF714B0B8B04EBBE83B52B246092AB018C0D0002FC490849F1E214AE6FC42009D6D86616C835B65DB9862EFC4480C14137603C3089
310
D0A5588FA27E693DD184131BA4E88C35045ACEF1CDE1A82323C20B842F2419604821196EE8185BC834AD44F8E9B7549A32900196E9ECBBE20FFB4706861AACADBBFD9B56A23FFD3AB8BFACC18B1B5AC0ECD7B6AE2E2E9CCD2BE8AF1B1BC3A813B94107E82DE67A42E7CC7D4A6116700B5B2EE3C338A09B840F07C40A64800D
310
7C605AC42B72227C4C7020AB1F20056E26F542717F56534261DE3766AC10A6ED2D006DD03BA9DBA507AE0510A8B385C92363B9154167F1230C40D76AF6F3BE0CA08F8BA2FFBBCEFB09D0986550E0F0EAE2F2780CDF850CB0F88CFC2815FE87BD83909F474F45DD47F1C821DB2107A8817FD45384F57891B65F2543D0C1E20A
310
89B4A8DF806862AC27C60F6A054627FD344250718AC0FA21CDC4E28DBF2650D1B39D8B8A420C348A4F846E2BE824BF8C45E1DB8EEB52F576F47A75FF95F90FCE0FD3A7A08D48D5B9AFBE3EA658E1676FE3372FB57F0AD8D70ED4AEBA3D4C2BE0AAF1C3AD63A6004D12900CFC481A47430C9EACB390038642C8C41B13303166
310
614210592736B8603AD4FAB17189DBB32F3915F0C380795A089A15228460BDE8E52203527D41B5470901B088D84FF8B3FE2BA7F4FD30ACAB3DE0B7E2FF95807AB0010FFDE3A048F7360F9F3FB9380EE537F16F8673131325D3351A3F664022020811A0FE8C019CA17370725CBFF64132025DA1BE2555102212E80A907FB43E
310
D80A991A8AAC183932C19AE17524B06590B6AD286EB99BAD18FF4BD64BAB519202F992A963648ED30E7521F909F090C0213E367A77D8836BEB6F34D92EDA624183070248351F1A079E5D3E7A9EE81F2CE6678F92E299EE312B6C0572C0A7B5EEE07853612403813152C7125E2022A20C18F855DBAFA399817FC97FB6E1CDCA
310
31D348434ACD0012F0D32A5456B4007E6E92D72B1A4E9971223A42C1042819E4049C0C5801300C0013FA48F8944FBAE71DAFC27F1826FA2304ECDF3F6C10FF47D5C7E49748DDD687DE8E91C09394EE0682A4F84CFD6067EEDF43E67EA46CB2F4070160439245F00343D03BF25D7E2F26FC400A896DBF19FB8D4D0A66DA669C
310
3D608F9CD048A0533621B25690EE19D5D15248E390F042B12C682511B02BFE3E5700E4C9A9B2107A8F45248FA48234FD23005ED1F4EFE80D1320836F04003BF42856D478D1DCA3ABEEE3C68F9F30C3A16E5C238EA5DE3FF37DACC2F8B7980033F47FAC34421EF0418A045394802CE032D61C70023D788136788613887C0011
310
A4EA316E005718AE191F8D0D841B9C679CD2FC478442D005429166F5A24403B1E6ACF3298F388B6D0BA933D92339D48969A5C11F09B4FF017A9900A4F887010C474717E10F36468032FF33F4AD610517777104CD920C3CD15FC5F3B3A0C75BBCA3B00F2724863C10BCD4A0E00736C7981F2F72E4B001438B99714FCFAF713A
310
2603BC710376A1715FC602022202E06FDEBBC680A3DF1C4C095A12C50B554FE7623B50374FB2129DDEA4C392C9188077658C87F55FF92FFA507FF03FC8DFD3F31BDAB46DD51AEB03F7E1B38B8B87CFF47EA1479C3EBAD5C6B382C221C0F1B358B39D76D9D3142C4A20935F541E492E0EF081BA41B3620A8E172B584EA14856
310
32E22A8221CEDAC6110AFA4B6D43E2B76A18AB240BB24337721C9321D2C033B2D3E2641A55A400A28403C12D1DADE39AD23FC5FC08C47A64DC3FF6DFF76B5235124022D7E6D6D5F3CB870F9F31C96FE477FAFE54100068A3A87FA5908A2C08011CF31309C10025B089FEF9C510522B8DC07C30AA469841723A10C08E27F00F
310
7FBC181C083F2809EC3B2B328E294AEAD5A071B3A95C81D2DE3F930372D022C9C793535B92FDAD5426E90490C3C81D000017C6494441544698C416520C1C40C71FC204B22448FD9303782FBA67089A1A7D4CE38E89050FEF5F1E078A4DCCFADA058032C34C1CBC2E1202B1F8962B1A8024F0EB7A11F209E96FB369D4B64202
310
FE7BA230AD24C46413536EAE955B341B726C593B5D4630C0BE822480908522B0D85430230352618DCD4F7BA6D568BF4343801480006658EA3EDCBFFA9702B4FDE9022163C43F9B72B58001A23FCE6F0B3FF0E4E1DDFB9801A6FC42FD0132CC1F2224F89933107AD30B6C9131A53818AE944BE25A70810821C38F098411980E
310
46D108F483DC63F49B91B852351604091D60546702F58A3872A1716411B642C7629C267E64E77719F46B0548FD6BFFFC86A38DBFADFCDF700228C124C8664FAA02BFB1F92B09800876FCE4F2D1C3FB4FD0A44E0106A8DB8079751CBF0BD9340066C3D52BC64706467C05B5A54401BE4A1B0132A55EAC1CCCB10D378A3DFEB9
310
812022327745EF2102886A9142C812A1A2C9708027BB55B7006357459F9C2080E0BC34489FC629510F3017B62D5073E2A2C64048A0A42580E413BA9E08274091A398EA80B5BF31C87BF5ECF8F1C5DDFB4F22AAC181F070AAFDDAE5650C4000516440D8806786D874215149E69ABEC43FF0EFC820FEA112B0522003C84BE03F
310
B76623513B6D840820358B084119B0CEC8C00AE888826339A54091F5FCA513AFE147975BB1A86FC50618D9D74502F0C7C8815AA306602FEE3A5E79E0D7DED1B221001118B73182CD439A092FF801105D1AA14E1918EC282F6260869D55108065988BD67F68E5581720A708051F7C8070F582389C682BE53F2AFD85853F2A01
310
3D21564028E06E79B7A71E43212180A81541EBC88F451E02385100491AB0C4A3BC5309A95911E66D04C0B448366988ECD204C2FC930F8CEE8FA410EE4C25B58DD1B6EBAD83F6196670F7DE635282C0A56A851AB035831725F0471A10FE52097089C80495804100318405F0DFC2136004B4C40705EC9154315129205EC35793
310
0035688F61AC02188250CFA9A980233925F16A117A48CA54DAB6400221976B75D863330942E20EE3B00B08FBB71AA813B0E502FD2B023DF70114E0D7DF2E2EEEDE7B789504200112075478F2FBD6897835C91F0C20782401E801A2F9142700B74805703426023A81CC0BE88B537D0003E0C5181D29EB8D83050964DD258091
310
0A1E7A8138F76253DC01DC2F3824391AD748276C0B0CDF12366625D038603D0003E0266CB42704C8CE7FA7F11B4D59C0BF454A78F8FCF1E50513715D469607031272358F04E0003C90107223A581218F10008B10247CD20D860FF0BF48801040B361808148714764028EAC137E871501EFDD97C89B52107FF1235B0928C562
310
530082573CE137840EFEF82A0BDC602736C595912FBEC69E6A3A26903B3A300C5A098A9E3F1810CDFFBA019D97B4E7A7A075850F2E92569BD960CA7B8304995FD006FC4213BB1448A6F4BFBB3A9F9FC4962D0A1369129B10073771FEDA38B1737B663A71C088D8848027FC3008DAC4E4397A6F76271DFFFCF77D6BD7F1F67D
310
A51E0E08875A6BAFBD6BD7AE52CC04A0B4A2206F650EC412841A48258258E8662C3838FBE21E25172C2A15A4F78D82DCF68A005DCF07047C183E1CE47731BBCCB5469D9169E0D588945BEB637E87802A03D88FB82486210D28FB3B858D13DC7CE75F5E6F3B03C1744D30CC58C7C7A256146853A05243060B850072A7010CA4
310
7CFBF9A1E24F414037B8781E8E9F219A774B36481CB43E48A79819D638C8760D672FAC19FB9D3FC5EA9158DBD0159C27860409682E8FF2595652FE189D2CC2D7C023E944158355806FC320087CC74116030CC376C559C098B93A041C5DDA48AF33827D2327DC761D19C17CC62780D82A170E6CE7415A5E7FE825E053048F88
310
D2AC2A561CA4D4C60098DA28EF1A01382772484698F60C8DD24BF396EA76260542810A625978C03580A9CAB91D10249BE579B0377A3DD15749A45F24C4D81FF3D7D7996F6A1690288008C0FF6CC186DA9D5FC95BB09B1301004B016E707FDFED306A1BE8FA208828F00BF342186839839F1F6FA338DC5A0200FF383DE92614
310
C03A4508DA18F4D85F9354F7E867AA77A42FF49BBE6757A1A7454448D0BFC3C220714FE43A3D8F1547BE10F0BC5A05985AC3C28829A06FE24CD062700601F4AF12AF99099B08E7071DC4626A97C920C3FF96E190C9D1FD7CB6163E800D79E5F3F10A9306C02B799E80F1AB380E0571A584C0370A220C3125000B500900D96F
310
EA40409F980E2083E4EDF4D8D2480AE5667222E020BCDAD4EF19682120818FE18EC7FD6AAD67C03F7DF1955E697456F517AC4F24700C30171C67E9168B109A4F60AFA60F98BE30941BF776DBC7C70792A2FBE98AAA97224F8BEA39B47BFD14A8CD03320DA2B676E3AA397E652E30A42CE2987B7DA1EF7F75242413800A04C0
310
270C62A13372400B435ACD84B8B5009208F5AC73EB149FFF3508E21C2201E0338BE07E50EB47E7FF6D97724A601028C5519073E7978EC88834410450E074DD58AD13A4900103A6444A9CB99103229F0EF8C0C78161EBC68137240734CDCFC349807851E0EB46CE864D2E405ED341B71A390CF2DE20CF5193189E1901E866D0
310
230409684B193D17E2928534D04240937D3C84477494FC5E0FE0B448E35AFC19007926C1C6A6E622FDB8A12E30993C6710E070397C4B26304C0AE38218D19F01FFB15BAE1C0E7E74DF75F2406E373C414E848FF8E500EFAF3C1029C9C0ADAB2313A7426CA9B2C1B9E30032C84EF31A09A88A386F136E8C2F1D582EA0459207
310
015F10F1F001F0B1B7DF7222011EA2001F00BFD36BAEE0850928B08C077030FE3806C880EAA74BCE0863A952812E6008B3A89199C1EE918AF96AF583F1A073B0A355B9D861AF1460DCFB3BFC6B7EFDC834B09700CBED3510E48DC7129041C991F06BA5006CA6B5B34EE21501374E8DFC910042036111EC9C7CFA1C05D48A72
310
70F7F835BF04A4194DA4CF76CEC66718C84CD020D04C412AC848F03E3C61A1C8D50D0EA6838A00376054D3DF61A0E393E1F8B058A6C994093476D601A4A06F0CFD3C0A6BFA910E75CC10400A80FDA93AC9B5EA4303F6C0D188B559086091CC5910137772E14F2376D03181B5CFE74C0EA38440D0AC256D6C4D104CE05302FC
310
C00B60B9CD4D71E08BD40C144A025E60D4C1F45FE846A2105D717EEA84808A5DD90A168E133640311CF05DD870768683F5D2F1800F485AEBE5CABD8FFA3C0BEB33702493AEB551B1EB035EF5C8E5757FA7832141F88E8578A363802B560007AF93D7D470B478C4D00B412D634C9140C4F9275C00DCE8DFE3C7F8C0AFBC5B2C
310
E82E3C3BDF393D4375D50C43CD1C17E3777CD2C170725B7B42B41DF15BFC344DAD089C1E9118522B4A2C60B794E4E8F33081BB7C8CFCEEA0B2015E49D586429C6C78646180B7710E06018A3082243C275F077FBE412C17DE80D3E6B9462C5204C5D980D1DF84A864401C483CD01B143F4A4868087A0F780F37230200A4FBF6
310
AED325114C367C22512750A5C7C3E32D545CE20A0904183BA10015DCAD89864B3E1EE97EBAE8B204266A48E010511838E2FE413FB116E60880C2D8440AC3880DDA6DF6618C138CF1CB2A09637E18D00F80CB0DC05322E31EADB8081C29410903F06BFCDF5AB46024E4A75828056440503C707856EF0C037623DD4922A400E8
310
A6BD75E4D2800905F18450A00CEE88860C8964C7B3F90F56528BA18F71CFBBBCD2D05797E168FC37DB26DBE0DD2EAEF39686C18440820013C1444055402A541400DD362A0A402F1FE51246404E098249FEE30708C10CA0B54601053159480C00BAA9B1223A773234FE72FD5C3BD81804D8D196FE3D5315A0C981D88D04FA01
310
DFC185CA93F9120E1F480B08063364A0A318F08DF95056E4C91F1150D31B011200383502E079EE43CC18603AE2F88FD139C802A739F208E88D06DC78267C448C27C4113C19B0F51B0E9C1C021CF8F9167C6B1F2E10E461002910105D1042792D1CA303F469714C018C23D72179E165049C40E801CB96CF334562E5807291D1
310
E0C70FE6CAD91656715F0E5C5E70F8D7F83290549B1BAA6F781D25180EBCA93EC84E72A74081CE3020789B3790E1A9E478E658C099BECFF01E530E80EC5FE31204ACFF70AF8177A03059240CD074978A002A878BF883FEEC81DD684E406CA630ACFDE87292822A11953710F000885D6F68A67ED40CD772B0828359B753F7CE
310
23D9479AB9845771B389D6A77130F8C134EFC83947392029B10E4425440A84AF0E54825228FC1634D369874739C837A9DDC83C20D320C36042610ECDFA750303710224D01202488012CA847424F8D53F78AB6BECE9B3B35A7F32396AC6B7444566327DBB4DF06FD9616744F4D3A397EB3B0A3FBA8D763702883ED742FE5CD2
310
4146D8E353ACCF811C806AE09914D8446E93840FF4D6C963FF32BFB6AB015D1D3B0C9A0968776F021F21404B6260CF84A14F35180CE20B5E85BDA2EC91FD5A7DBA7E5705F4F0F97AF26CE18E3BA078138202400A62930FA6CC7882F911A92F33E547E64990B0F27323D73B6222863F86425153FA8009361C675554C25382CE
310
148420C8DCC47A20122806CA178A0918C14CBD33440289078A00EC6070184CA9907FD0A1270478E0B325B67C2193694EDB7DD0F3C238447C8A11485562FB4902134E6AC952FD5320A4F7C780882DA9684285CD81D278C0E8FF8DEC9F45D22DC3C2CA99C2728110888799575B6834BF22B0F01EDE72D7F21B672C40F0A97299
310
9E2200B7C91403F9BB3D09C01990819238CBAE5E7510D7D57450507E3DB04AAA0A3C280064E0775380C8C16EEA4834346A04BF0CE847B4B3AF760D06D24BBB267C32E2C9257DE5EB748AD101AF1FD33265E2B674EED8C01A0AC901392211011AC810560F77778E85B13BAFE3E25C95B70919A4862C15928BD8989664AD8638
310
101D009A80F00BDC41AF27602A4BDA0C077E550048E7F1011410F01405045E1C140B4D0E70E0F6E034171C3D6FD12004FCC1FA304312518910356628A4A326EC9ADF5DFFD1B2C0399503F14B4F8E3E0E4E39A06ABCB56A8014687E86E462BDDE5124615ECDB412B7314F62E6E0C76ADEC0F717B360E741960104CF1706CFA1
310
8E0605004B01AE007869B095ED92144A807841EFF2811C047889A04901C809062057192688C92346F97F279449F89B113500BAD282D1DA80A55C27EFFE02C8D4F395003F285B617BBF0831F49B055342DDDD414378E8888E92C16789F269A27C9A221FAA4A0DFDDB9F935B2ECC04DC51481558A69301E0460B02665AC4DD30
310
C03D480866C3409400051811876014C0F294C542821AB045011A3E3F09001FF304E3A0BED05CC11A811B865001769507FC01ADC611F400CF68C7B093606E30F3C7E0F00C1D10C31951C1E2D7252181DA00345842A19130715C736EC9ECE686A712FDB31E4D3E50AB336E5666D7B212C0113C4A4406029709B43D0228F3FBAF
310
49921B19CA0C82A2D5BC4A2079809240F37D3E10F9637607C3983F0458508A98B8B4EFC92AC13530180CF55359500080061DF59B98BB3FEACEE881DC8127F182A885A86FB12B43C590A4380504E32305E3148BBEEB2D2782029765428092545BA5C2C681FC5F8E869C0EE1034A822FF09A12C94084505AA868080303473F81
310
61F7AA0A6610745E280BE4427FB770106F8800EADABA19F453210435BDB2348471B13B65F2FCB554827632C4C44467333E4127095D22092ED492009930413251B5408345065065E415266E20279A40B3F520370BE2050C8360E6BB4601C1673B9BFE007EF5200B6483CD195400A783E6DEA0653515B0FCE8E86D1618FC1EFC
310
15C2E727F24F2A2DAB57326D8D0877D4E298894E7A0C3C7D9CE8A0E2D17AA2020FA1097D6372F2A9F955060FDD467AD0426368C24A8340FD0D6687A76316DEF5179ED9042005A2BF02A5DD810A4DEFA4A8F700EFC50FF4FB8C06410F0303C106ADF8852ACC6A2CA9046E9ED070739339857222CC009E206479886EA26227BF
310
7A341A15C351A8404A6C10080A2140FA4B4E8D9B9A11645899332363FD69887F436A660566964250FD752E787B64BCF8E6C8190DF8EA0C854C062D8A5A1346F810414313E606ECA0AC3A01D6928544029D5F42E202C0CB386F880F7842A31287061F32F3CBE09F2950783394F2F2B23D85386C6F51943E99DD10C8A0000BA9
310
569A14805693274BD0E4F4DC3F28E331EEA91C4F33ABE057889BFB92819187840A08E57A276A8BFCB75B0342668C70C565C8059996D209C2800941A21FB82B2F520BC2E6FE6F1A8827043DE17000DACC8193E78BBB8DF1467978C06F6AFE986123E3A95272CAC122046F4C65C4B88FED2F1CD1D918F7CDBF8903BF1A90057D
310
42F4DC133AF804ACBB58446A0DB78806FC053FA1E45D0AF1112613CC0DD976C5E70AD3282F42725C0D02AC8588DE451B1C01ABF063E7748A3882F0DD484BB78D037F9812240EB88B6034C0AD53E5116D4C6D920C6A89F084E6D0598AD7EB6930CC7B293E27A666E5CDFE9A3FA52FEB3C97976FDAAE9A60008FCA6B33099CF9
310
880D35D419FC687D424378E3099441E110C5B3C6DC311E6653514A67A530D863326C4D8430E0C28024803B5B069B0E60C10EDB6DF087034171DF01F1F3404B27B1056D8C0E56E7CA6056E7798147BE4C2F01CED5987E413AC6A724876DE3F599E0601CE7B9CEF3BEB3671E12DCE8AF9631B8031D3F360B6955DC2342B2A0E4
310
632A00264C0DA002220CFEC3E10D9BADC8904D88DC51928593AA16C91DF6FFF82B3234404C7214D0F8608E0052283EFB2B0563F1D072936C4017706010BCF1B16CDE0C1FA9C777E44E1F5259B0C9BBC8794A82A6C182A3AF56B16921405351FDDC91B5BAAA617860E8D76C97C377FE701A4EB4378FA97C2C8E3CC8950886C6
310
FD93AF70A1F5F676B7ED16CBC56AF5D09110EEB8607CC08A795882358280DDB98AFFE7087C6EB593D62F041CDB4018935238E73F1098100D0C8769818F777057F64C703C6530E142FDF5C837AE1CF66C94C4887D3A3726AB990DEA248F73B5D32C8E04F6714B1E67C53FC52040252E605B322407CBF8C7F05453462A295ABF
310
4D95592DDD76AC23512E9A2DF964715C80DD752CA8E263AC36F02C3C28A133EB22AC8D099BDEFDE28C3E8FFEE3815D5D00C17C00511058354D62443C1A546280E43572A9C661A34FA5891F8E7570608C8DF21DF51DF9D2A84D4501F41B8CD4F4C9DEB2F901E810C0E4CEB6EC08DFB06341C864CF8D0EEE779A606545E1E64A
310
AF30A4324C20FDD3BD558BD966BA994FA915CD162B1978642AD01694E533EC190368A68234657085B5F88E27A0805E04B8BB6A00A51646EE3C10A50FF007FF410F1963CA69BE2002F0F902E701AEC995FD41F83A3F0C3809A3288A083003A6CC2A20E6D703EE48E3777AC07ADD51EB6101603A9FCF17B3D5928F6D742EE7E4
310
CF38AE2B03C5FB39C81D7B2978FAFE85AF3D2710B0582C970F0FEB0E4D1103B8BE2B4D560CA10002FC8F334C891C07B44FE06B2E3ACE5E1E2D1FC32203110ABF9CA0E8381F68EC3C06701328E5A38278A5FCD944CEA5283DA933DF2A2448BD23F1C5D8BE04CC2DC3B43B3EEC29F8B5FF926D11D3E97EBF7FA1BD1E5E5F5FE6
310
D3D972F548547783146ECD84873F377C5820F7F9FCE5E07378D6CBCB7E036DF7F7104079A05B77C6942D1BA95D47424BFC3DB6411009A42E207871B7EE9B06614BBD20F22F7523FB985F3F7068E37600273A3ED0C1CCC380F6EC4AF01CC1CF95E4848B7BF950AD14C44F10460221E02D21D01DAE800F323704C00035DFE97C
310
B37F797D3D1C0E4FBF35EE1E5E9E0E879FBF3DF6F474780A01FB3DAF01FE0C0798218007C2090A3008BA7682A338F4A8804A06CBFE6A80CEC766F49853F15B2F45FCEA3F8250012841315016E75E797EFEEC4ACA6C79F515CF1738F7C36E2406071051043817C9E8C5888D49D0332E800062FF54FA562BF7446CC0BFDFBF86
310
03D1FEFCC9F7FFB5A7F000430755C2D3F72F2D02A022820897ABDD44594475BDCCA4A10AF34C06B08B4AB58BBFAE30999DC66C7CE903A83CF8EB006EEEAA063430F84B05F0ECF644825F5E95073870E72A0771AB89B080022A0C5A9FAF34C89286257FB7BEA000EC65B59750C68E0815B0D9834B15606328F80709DE09018A
310
C2A7817F83F96DB3D562C10A0A31300230CD4200B87F85808BAF64D04600254047F9C14DE93464009E7F5AABB4FDD6D55142A2C0BF1541FCE19C20C899BF4F76AB54B84CB97F88F48ECC029FD253F0C70DF4816B9AC94BCBD653B1A283C4001A0337955E4AFED3FB790B6B1F5EA0B5514074103A38D84280EE0F5F9BE974EA
310
B2D16AB1EA969684B6E4166CA28264B300474C7308D20013B204A65F82970718D05678B3315D442E1C0A327E2F56556040C005D2FAB1326A68A07507C9E46A3648555A7080F5F50219A00E6222E3E0862CE95B5680930530742F1D041805E69B788161F015944D041182B861A2C17F3AF01CF5BFDF6C343F9171F5B004BF59
310
C016719164B888EA206A02AD05E8464D06B48E4381A0E9345FD171625AC22198F57C003BEA5510F81FF78D31C9B033D0030000000049454E44AE426082504B03041400060808008BA9355D51464CB48900000043010000360000006662782F45423943424231312D393642302D343946412D384130432D3732423141314239
310
463145412F6469726563746F72792E786D6C9D8F310EC2300C45AF127987122606C71DD918B841D4B851A43646695A717C52A85029031293A5A76FBF6FACEF7DA7264E43906840EF0FA03836E242F406C6DCEE4EA06AC22492573150D1F66C60C640E8938CB705396EEDD86DE9B5042FE27813D640EA63BB001C722AF6E55C
310
B61E4863F58284D5D3F53DD715CE1C3985E63FD7F1B7EBDD617E9F1E504B03041400060808008BA9355D4300D646390700004B1C0000340000006662782F45423943424231312D393642302D343946412D384130432D3732423141314239463145412F6F626A656374732E786D6CDD59596FDB3810FE2B84F659978FC42E6C
310
173E92C058A42D6A74B16F022DD30E37D4014ACAB1BF7E8714298B8A6C2B3D80621D2096296A38F3CD3D9A7C7C89187A223CA3493CB57CC7B31089C36447E3C3D42AF2BD3DB2D0C7199AF024C96BFB2C14E3884C2DB16CCD26079E14A95ADA913D2E5873F576F137CA4212130B850C67D9D4CAC2071261071779B223D9A3B3
310
C339760EFB17C777CA8D26D903C7E943E3A8147312E7C02AACC7404571E09B3F4124773671C506635BBFDBB6DE996DAE14DC6494C6598EE3F00D578DE37A27B86A1CD7F707AB9BDE706C0F0783BE3DB8EAF9F6E276B1B2FDEBBEB7BC5A2EC7F39BB18566936D92B04A01298977A0C5576BE64F5C71A7125FA1D0C67798C431
310
09159A6D1B7644D1A5246B626200EB4BD16A0A2965AD2DF43B0A7F625B27500C960CB4B570FABB6EBDC9F61F0021EB62A53C23C2CAB39C83AE15F6A53F7813B75C35F4423314E19C708A196274CB310705C1D652410619E12D82141298492D6A7A755EC1B02FFB521B97FB8231E1BFD64C7A5A00FE48F24C7246FF25FCC87D
310
FD34E009A42D689C8F94B0F96B0A24C613572E96F7FA3D75B30412ED193E80B580986253BFD7C06B2962C17A65CDFEBCDDBE6C447C683F3CE5494A782E2C4F3AB3F23BADC19A6981F17500A5C4D5D4DD1195AF00FD2740BEE2054D40739CBE0C5E065A768EE36C9FF008B4833C647BF0CF43E2F2CDD5C4AD1E9E2164C4CA53
310
9882DBFE244C0D318CB36B90CE264F60F409EF2BE136216660D3F734167E0E868258024B10EFF7DB176BB686600A8BF01466203DFC4D5C7189E0ABA403F1A6A1A1B6F0DB4151DA619A7E76D4D51DD80CA761A52A43C653F80E7F0ABEF3D5E6CF4DC1F73824F7CAB157644F639A43326D67C800DD70F96FEB4FD223EF58B2C5
310
ECF8B4B12984630E89881B2D6AD928B520A917E044A4E1523372E59E82B73386639214995A6F8B5361C2121E6C5F83D2855BCFFA4BDB4079983280D65806C93DE43415985833A5AD2A103A3541C1C23057167828B51A6C8B280D709414B108B56F4DB1C907C4196189405552D386ADBD5693DDD1FDBEC82078B5925C1A402A
310
7FD6844B0B1F401C6BE397933DC790449338A09083C1595A4F300EA8C03BCF7346D83EA08C1551B0A70CF24810E1F404FD8E12D433D723797D4EF8AE95A06959DA27B50D09C015B01A249DADCA98AF74CAC9131565A6CC673A1B183B541D6ACD0627D285C8142D806A632C03D2C25F2D7DEFDABE19CDA162820AC91EAF6E46
310
F6F57C31F26FAE07D75EFF88B844E018ADEAF90E5429CA1CC3FFF28722DAC69832B821C4C6BBF4C347993DA72E8446F766315E2E16BE6F8FAF169E3D18DFCEEDD1DC5BDAD7BD853FF717E35BFF66EE729225050F49E6F65C2FD02699C687267A976328943597939DD6575398FF710C6DE6044389BF6B10AD62574B41D83588
310
8A479B2114878F22450521547DADEED308A24D3EDAE2DC3BE3B2E7F43DF9F1FD71CF1BF746E3E1F0E8846743B53CE987235D9B0C21749E451E24290E69DE9E521BC87464F95DD9C5E9FBC3121BFDBFD7438057E7D58AA9F399493115D0081F48B0C7A2AF6809A597246ECD7A079664198D4926FBC237F56283A6E740F96566
310
E916B3A55910911C7F8FC5CA46A3E10510CD59001D6C2E660817EB88CA0554CF728AA2E89721D54BF95F830C47292B7BE34B18F83D0D81EE8ADA2C54302D8E7802FB0C701E783B22471D97A857ECEB8AA2556B4DEAE3EF267F021E5D09FD4278F411DD8B2D67E88FC5670461E86AE8F7AFAE2B555C424B1F968BDE8F15D0AD
310
86AFC133A187874EC56937ADD4CABCB210CF4904AD2FCE0BDEC963AF209A68DBD202A9C8D07089DA49EF2C2865CFA7BB3E384C367DA74AE2DA3150BBD21866639D04792345AB114B5DC839A01877BDC3B3353617A9FE70C4FCE55576DDFD223930BA8C0354D8650856F1C7A8C35B2B75A386CA9E711E4228DDC86F7B011EB1
310
23BB633367906B2BEB756D7BA9E25E8B901AC194178B487B2F2ED8570CAA868E3B73EFCA42CF2DD7D722B53930D03EF261306DD2FA7CB769508195CE4F7F111891E70605B5BA141DF41952DFD6C73941838292E8DBFACCE3BF4517A215581BBDC104394B1885413ED9A10349207FC3A8A24387C22392C9BC0CC6AB82947E8B
310
D0E1E9A7720E9BE32DD34F870F1886D94CF56F45088354C899534BADA33F60742AA69772A0E53C42EBA66298850A4EA716586C4EA14373B6300293034749BD31E204C7C6F14164FCF2A9EAF7F131810E44A5A35CD59E2EB828C90C6782523895EF16A0EE2B6FCC26DF2FBA6607E11C2EB7455E09735C384AA340D02F114AE1
310
6052F8A8E07D8192E2BC5CBE23F71890749AE69FB58392AA9D637E9023F91ADEF3D517574CD3D79F51CA8A8350E7B98ED9A0648B4E9D15E5E46A0286A1C44CB1A822971FDC2F3C81D75211BAA56004EE3289A224563FE6EAB516DA3CC04BAA9DAB0784993B70E5C040BD0108B638230EDE658FB0001AE5548C514B640DBD57
310
41B4A677AD08A10278CCD8BF5E215514D58629F5682B5091E37F04FE235EFB086FA96FA8CD2AC105802B79F378A117262E8779F9EC3F504B03041400060808008BA9355DDF3179BCE0000000550100003C0000006662782F45423943424231312D393642302D343946412D384130432D3732423141314239463145412F7265
310
736F75726365732F322F636E782E786D6C4D90CD6EC4200C845F2542EA31403854EDCA615F624FBDAC28F152B40147FC54EDDB17B654EAC9D6CC276B3C70FE0AFBF489297B8A2B5BB86413464B9B8F6E65B5DCE617369D3524A2F20F6353340157D665A6C125AAC79036BC99BA7775F7F13E4479751831797B3DA26393DD4D
310
CE2BCBF60383E1A616DA30DFF9668AE10B4F98A9268BED44F101C7099BD014DC9856523DCFF27556CB452DA7459D947A03D1490DEF44FBE07D2C98E87852D2525B634B24417440434D7E50FD8D66FCC5E32D1E88666BC825B50E0656BE8F86F9601C8A07F2EB6A10FDC9361E0DB4D90BD13F504B03041400060808008BA935
310
5DFF15A4A45D000000800000003A0000006662782F45423943424231312D393642302D343946412D384130432D3732423141314239463145412F7265736F75726365732F636E782E786D6C4D8B3B0E80201005AF42B6F75B59F0390B113044D83508C6E30BC6C26AF226F3B8BA6360974DA7271430F523308B2B198F9B8092
310
5DB700539227A2FCCB80A18E5640D320F996A81C9F32D6E9129A0D1EF74FCE750E6D57BC7165FBCA07504B03041400060808008BA9355DBD0C6CF04101000056050000300000006662782F45423943424231312D393642302D343946412D384130432D3732423141314239463145412F636E782E786D6CCD94C14EC4201086
310
5FA521F1D8D27230BAA16CE2C127F060BC513A5B7129343018F7ED85B5BBAB311B3D34D9BD91E123F9FF999FE1EB8FD114EFE08376B6254D559302AC72BDB6434B226ECA3B52AC05F7CEE1378C14568ED0925C26820FDEC5692EF5B091D1E4AAD1763B1725A2D75D4408A4504686D092A05E6194958CE87A08DBAA9728ABA6
310
F2105CF40AD27BD423CCEF950789D013C16A765BD6F7256B9E58B36AD88AB1174E332978E79C99796D11BC9B6E58AD5C3ADA24A7E634038247AF672A7B20E2A4ADEAB4E534DD0B1E925E3BCC1CEEA6CC4D93D14A626A14750A01CB04811C39FD8205A7D9F10FDF8F0FCF270DE9D46B0F0A9DDF5DAC0DCDB9361CA5552911FF
310
EBC21EFCCBBCEBDE92E5CBCDFDACE159D862760FC90D29BABF9390F224ED60AEF1031CA52D9FFFB45850AB6B347D50B69067BA5F8169F079238A4F504B03041400060808008BA9355D0E18C88A7E000000A30000000B0000006662782F636E782E786D6C4D8CD10AC22018465F45FE7BCB3FA226A843C7F61EA3B921391D36
310
A3C74F63175D7D70F8CE11ED67F5E46DD3CBC520014F0C880D8F38B9B048C8FB4C1B20AD1229C6FDEF06248CAB95503128B1A498B7034D761EB3AFD4BBF03C606F78670C22E537C3E8950F9A369A75F47E31A8D1F0017B5D8C7355CAFC7A656B5E7D01504B03041400060808008BA9355DA6D797065F000000820000000700
310
0000636E782E786D6C4DCB3B0E80201045D1AD90E9FD7516806B51190811670C8A61F982B1B0BAC9C97B72CA7B1037C6D3332918DA1E04D2CAC69353902EDB8C20262D23F3F59B81A079470595414B17391D1F19B4730A5583A7ED43BBE4025D9592775E5ADFFA01504B03041400060808008BA9355DECFD112DA800000026
310
010000130000005B436F6E74656E745F54797065735D2E786D6C7D4F4B0EC22010BD0A61DF525D18634ABB506FE00510A79458060253536F2FD89D5197F3FED3F68B9BD80362B21E25DFD40D6780DADF2C1AC9671AAA3D677DD75E9E0112CB5A4C928F44E12044D22338956A1F003333F8E814E5331A1194BE2B0362DB343B
310
A13D122055543278D79E6050F344ECBC6478EDCD76CE8EABAE5449AE4298AC56946789C28AAFBEABC53F3EAF09A84A1441B91F0101CD4780756578C173A578FFDDBD00504B03041400060808008BA9355D3DEE336E64000000790000001B0000006175746F6465736B2D64657369676E2D7061636B6167652E786D6C35CBC1
310
0E83200C00D05F21DCA56CA76D41FC96062B120735B69A7DBE268BB7777961F8D5AF396893C2ADB70FE7ADA196782C2DF776D7A97B5933C430F15651E5469C55D70F80A4992A3ADC954792C525AE70A1E4D6AD9816CC044FEFDF01FE3FDE907802504B03041400060808008BA9355D8D1D2344F30000008E0100003D000000
310
6662782F45423943424231312D393642302D343946412D384130432D3732423141314239463145412F7265736F75726365732F322F636F72652E786D6C8550CB6EC32010FC156BEFD880DB38893051ED365FD0536F0888831283C5A3EAE71762576A4F3DED6A76667677D8E96BBE579FDA07E36C0FA4C650692B9D3276EA21
310
C50BDA4375E2CC3B177FD1A0B262D63D1418389BBC4BCB064967A3B605B54EE90D1421E80895BCE7A68720AF7A16B5483133C2AD5E84BC8949D7A45E799CA564D426352ABB998BD11EF8309EF1BEEB5E11ED3A8C9E0EED191DDE8617B41BF133A12DEDC671604D117316CDFCB35D7A2DA256C029A63B840F8892774A8E841E
310
29FD604D617216A2CF3F6F4BCB7799CE9A15FDE39616F5BF5B3236B674735B150138C9C73D069C35259D5C1ED1E55A92E4DF504B03041400060808008BA9355DFBD0473CF9000000960100003B0000006662782F45423943424231312D393642302D343946412D384130432D3732423141314239463145412F7265736F7572
310
6365732F636F72652E786D6C8550CB6E833010FC15B47703366D4822E3A8D0E60B7AEACD321B6225D8C88FAA9F5F3B50A93DF5B4ABD999D9DDE1A7AFF95E7CA2F3DA9A0E6859438146D9519BA983182E640FC54970676DF84583C2C8193BC830083E391B970D52D60434193576C40D94DE638042DD53D38157579C65296348
310
0C7F2B17A96E72C292962B4FF018F5B849F598DCF445A303D10FE77ADFB6AF84B56D4D9E0ECD991CDEFA17B21BEA67CA1AD60E43CFAB2C163CE8F967BB7228038E2058CD76A43E1046DF193D527664EC83579929B80F2EFDBC2DCDDF8170E86D740A3DAFD6E91FD7B88CFFBB466D42C336D755E141D074E463207895534AE5
310
1161AA3951F10D504B03041400060808008BA9355D47CC230EF1000000B1010000310000006662782F45423943424231312D393642302D343946412D384130432D3732423141314239463145412F636F72652E786D6C8D50CB6EC32010FC156BEFD88656691C612213255FD0536F08888B1283C5A3EAE717622AB5B79C16CD
310
CE30B3438FDFCBBDF9D23E186747C06D0F8DB6D22963E71152BCA23D344746BD73F10F0D1A2B163D428181D1D9BBB456483A1BB52DA8754A575084A02334F29E1F2304F9A917D18A143323DCDA55C89B98758BDB8DC76834CBAF547A2DA256C0484F76A81F10C1EF041F303910F241BBC2643425A3AA9551D9DD5C8DF6C0CE
310
7C38718E311A76BC47AFC36542FBA93FA137C2F184F970C1E7897645CC68883EDF5C3F29D73D2BDF84FF32A7553D91D9D8F842AAE1A608C070CEF35830DA9502F378B49B67299BFD00504B03041400060808008BA9355D5313EC1054010000DD0200000C0000006662782F636F72652E786D6C8D52CB6EC32010FC158B3B7E
310
90344E224CD4B8CD17F4D41B01E2A2D86061B0F2F9053FE4FAD0B4B284D1ECEECCCE087C7A3475D40BD349AD0A90C5298884629A4B5515C0D91BDC83E844B0D1DAFE680391A28D28408001C195D1AE9D20A695152AA04A733181B4EB840511ABFDA5001DFB120D8DA9B3BEA3BBC72D65775A89388BC73E829D937C1A95DCB3
310
C99B140690737949F779FE06519EA7707BD85CE0E1FDFC0A7765FA92A10DCACBF28C93304CB095CDACCE8CA0567040508A76303D40947DA0EC98A123429F38099D0477D678CF93687007C8EDFAC0C988AFF85CCBFFE67352D90D9AF8C6890E90CCAF3714084E423EFE3784B7CED00BFBFC2CBDD6B385BB877AC1AC365B5FE1
310
DA2DA59ED64E78EA341A3E9C8C55CF3C10FCC6839EF03CE7F0415155F9D5A8F5D7ABB3417DBD532B0CECED2352DA34B45E961B575CCE456865691E67BAD6E63FD3B3D539CC243C4CF20D504B03041400060808008BA9355D11C3757307010000B201000008000000636F72652E786D6C8D50416EC32010FC0ADA3B36E0364E
310
224C54BBCD0B7AEA8D1AE2A2D8601988DADF1762576A6F3D2D9A99DD19869F3EA711DDF4E28DB30DD08200D2B677CAD8A181182E780FE824F8E25CF8250364E5A41BC830083E2C2ECE1BD43B1BB4CDA8754A6FA0F45E0740FD981E0DF8FE434FB290312485BF16B3ECAF72D0052D569DE0C14C3FABFDA265D00A04236C87C9
310
0133FACAE891B223636FBCCC4AC163346AB3322AB99B8BD10B88B63B937D5D3F6356D7043F1CAA333EBCB44F78D79147CA2A56775DCBCBBC2CB80F4BFAF37624E50CC8CB5BF6E5E54A09FEEEDCB8095228859C1DBF40105E66E24FE838AB7F843636546C3BB86E78103405BA13C9383798C6BDDE3473DBE21B504B01021400
310
1400060808008BA9355D0000000000000000000000003700000000000000000000000000000000006662782F45423943424231312D393642302D343946412D384130432D3732423141314239463145412F617474726962757465732E62696E504B010214001400060808008BA9355D00000000000000000000000035000000
310
00000000000000000000550000006662782F45423943424231312D393642302D343946412D384130432D3732423141314239463145412F76657274696365732E62696E504B010214001400060808008BA9355DF270F13306000000040000003600000000000000000000000000A80000006662782F45423943424231312D39
310
3642302D343946412D384130432D3732423141314239463145412F747269616E676C65732E62696E504B010214001400060808008BA9355DB5A795FFE3790000DE7900004200000000000000000000000000020100006662782F45423943424231312D393642302D343946412D384130432D3732423141314239463145412F
310
7265736F75726365732F322F305F67656E657269632E706E67504B010214001400060808008BA9355D51464CB489000000430100003600000000000000000000000000457B00006662782F45423943424231312D393642302D343946412D384130432D3732423141314239463145412F6469726563746F72792E786D6C504B
310
010214001400060808008BA9355D4300D646390700004B1C00003400000000000000000000000000227C00006662782F45423943424231312D393642302D343946412D384130432D3732423141314239463145412F6F626A656374732E786D6C504B010214001400060808008BA9355DDF3179BCE0000000550100003C0000
310
0000000000000000000000AD8300006662782F45423943424231312D393642302D343946412D384130432D3732423141314239463145412F7265736F75726365732F322F636E782E786D6C504B010214001400060808008BA9355DFF15A4A45D000000800000003A00000000000000000000000000E78400006662782F4542
310
3943424231312D393642302D343946412D384130432D3732423141314239463145412F7265736F75726365732F636E782E786D6C504B010214001400060808008BA9355DBD0C6CF0410100005605000030000000000000000000000000009C8500006662782F45423943424231312D393642302D343946412D384130432D37
310
32423141314239463145412F636E782E786D6C504B010214001400060808008BA9355D0E18C88A7E000000A30000000B000000000000000000000000002B8700006662782F636E782E786D6C504B010214001400060808008BA9355DA6D797065F000000820000000700000000000000000000000000D2870000636E782E78
310
6D6C504B010214001400060808008BA9355DECFD112DA8000000260100001300000000000000000000000000568800005B436F6E74656E745F54797065735D2E786D6C504B010214001400060808008BA9355D3DEE336E64000000790000001B000000000000000000000000002F8900006175746F6465736B2D6465736967
310
6E2D7061636B6167652E786D6C504B010214001400060808008BA9355D8D1D2344F30000008E0100003D00000000000000000000000000CC8900006662782F45423943424231312D393642302D343946412D384130432D3732423141314239463145412F7265736F75726365732F322F636F72652E786D6C504B0102140014
310
00060808008BA9355DFBD0473CF9000000960100003B000000000000000000000000001A8B00006662782F45423943424231312D393642302D343946412D384130432D3732423141314239463145412F7265736F75726365732F636F72652E786D6C504B010214001400060808008BA9355D47CC230EF1000000B101000031
310
000000000000000000000000006C8C00006662782F45423943424231312D393642302D343946412D384130432D3732423141314239463145412F636F72652E786D6C504B010214001400060808008BA9355D5313EC1054010000DD0200000C00000000000000000000000000AC8D00006662782F636F72652E786D6C504B01
310
0214001400060808008BA9355D11C3757307010000B201000008000000000000000000000000002A8F0000636F72652E786D6C504B050600000000120012002D060000579000000000
  0
XRECORD
  5
176
102
{ACAD_REACTORS
330
173
102
}
330
173
100
AcDbXrecord
280
     1
270
     1
271
     1
  0
XRECORD
  5
177
102
{ACAD_REACTORS
330
173
102
}
330
173
100
AcDbXrecord
280
     1
270
     1
271
     1
  0
CELLSTYLEMAP
  5
17C6
102
{ACAD_REACTORS
330
162
102
}
330
162
100
AcDbCellStyleMap
 90
        3
300
CELLSTYLE
  1
TABLEFORMAT_BEGIN
 90
        5
170
     1
 91
        0
 92
    32768
 62
   257
 93
        1
300
CONTENTFORMAT
  1
CONTENTFORMAT_BEGIN
 90
        0
 91
        0
 92
      512
 93
        0
300

 40
0.0
140
1.0
 94
        5
 62
     0
340
11
144
6.0
309
CONTENTFORMAT_END
171
     1
301
MARGIN
  1
CELLMARGIN_BEGIN
 40
1.5
 40
1.5
 40
1.5
 40
1.5
 40
0.18
 40
0.18
309
CELLMARGIN_END
 94
        6
 95
        1
302
GRIDFORMAT
  1
GRIDFORMAT_BEGIN
 90
        0
 91
        1
 62
     0
 92
       -2
340
14
 93
        0
 40
1.125
309
GRIDFORMAT_END
 95
        2
302
GRIDFORMAT
  1
GRIDFORMAT_BEGIN
 90
        0
 91
        1
 62
     0
 92
       -2
340
14
 93
        0
 40
1.125
309
GRIDFORMAT_END
 95
        4
302
GRIDFORMAT
  1
GRIDFORMAT_BEGIN
 90
        0
 91
        1
 62
     0
 92
       -2
340
14
 93
        0
 40
1.125
309
GRIDFORMAT_END
 95
        8
302
GRIDFORMAT
  1
GRIDFORMAT_BEGIN
 90
        0
 91
        1
 62
     0
 92
       -2
340
14
 93
        0
 40
1.125
309
GRIDFORMAT_END
 95
       16
302
GRIDFORMAT
  1
GRIDFORMAT_BEGIN
 90
        0
 91
        1
 62
     0
 92
       -2
340
14
 93
        0
 40
1.125
309
GRIDFORMAT_END
 95
       32
302
GRIDFORMAT
  1
GRIDFORMAT_BEGIN
 90
        0
 91
        1
 62
     0
 92
       -2
340
14
 93
        0
 40
1.125
309
GRIDFORMAT_END
309
TABLEFORMAT_END
  1
CELLSTYLE_BEGIN
 90
        1
 91
        1
300
_TITLE
309
CELLSTYLE_END
300
CELLSTYLE
  1
TABLEFORMAT_BEGIN
 90
        5
170
     1
 91
        0
 92
        0
 62
   257
 93
        1
300
CONTENTFORMAT
  1
CONTENTFORMAT_BEGIN
 90
        0
 91
        0
 92
      512
 93
        0
300

 40
0.0
140
1.0
 94
        5
 62
     0
340
11
144
4.5
309
CONTENTFORMAT_END
171
     1
301
MARGIN
  1
CELLMARGIN_BEGIN
 40
1.5
 40
1.5
 40
1.5
 40
1.5
 40
0.18
 40
0.18
309
CELLMARGIN_END
 94
        6
 95
        1
302
GRIDFORMAT
  1
GRIDFORMAT_BEGIN
 90
        0
 91
        1
 62
     0
 92
       -2
340
14
 93
        0
 40
1.125
309
GRIDFORMAT_END
 95
        2
302
GRIDFORMAT
  1
GRIDFORMAT_BEGIN
 90
        0
 91
        1
 62
     0
 92
       -2
340
14
 93
        0
 40
1.125
309
GRIDFORMAT_END
 95
        4
302
GRIDFORMAT
  1
GRIDFORMAT_BEGIN
 90
        0
 91
        1
 62
     0
 92
       -2
340
14
 93
        0
 40
1.125
309
GRIDFORMAT_END
 95
        8
302
GRIDFORMAT
  1
GRIDFORMAT_BEGIN
 90
        0
 91
        1
 62
     0
 92
       -2
340
14
 93
        0
 40
1.125
309
GRIDFORMAT_END
 95
       16
302
GRIDFORMAT
  1
GRIDFORMAT_BEGIN
 90
        0
 91
        1
 62
     0
 92
       -2
340
14
 93
        0
 40
1.125
309
GRIDFORMAT_END
 95
       32
302
GRIDFORMAT
  1
GRIDFORMAT_BEGIN
 90
        0
 91
        1
 62
     0
 92
       -2
340
14
 93
        0
 40
1.125
309
GRIDFORMAT_END
309
TABLEFORMAT_END
  1
CELLSTYLE_BEGIN
 90
        2
 91
        1
300
_HEADER
309
CELLSTYLE_END
300
CELLSTYLE
  1
TABLEFORMAT_BEGIN
 90
        5
170
     1
 91
        0
 92
        0
 62
   257
 93
        1
300
CONTENTFORMAT
  1
CONTENTFORMAT_BEGIN
 90
        0
 91
        0
 92
      512
 93
        0
300

 40
0.0
140
1.0
 94
        2
 62
     0
340
11
144
4.5
309
CONTENTFORMAT_END
171
     1
301
MARGIN
  1
CELLMARGIN_BEGIN
 40
1.5
 40
1.5
 40
1.5
 40
1.5
 40
0.18
 40
0.18
309
CELLMARGIN_END
 94
        6
 95
        1
302
GRIDFORMAT
  1
GRIDFORMAT_BEGIN
 90
        0
 91
        1
 62
     0
 92
       -2
340
14
 93
        0
 40
1.125
309
GRIDFORMAT_END
 95
        2
302
GRIDFORMAT
  1
GRIDFORMAT_BEGIN
 90
        0
 91
        1
 62
     0
 92
       -2
340
14
 93
        0
 40
1.125
309
GRIDFORMAT_END
 95
        4
302
GRIDFORMAT
  1
GRIDFORMAT_BEGIN
 90
        0
 91
        1
 62
     0
 92
       -2
340
14
 93
        0
 40
1.125
309
GRIDFORMAT_END
 95
        8
302
GRIDFORMAT
  1
GRIDFORMAT_BEGIN
 90
        0
 91
        1
 62
     0
 92
       -2
340
14
 93
        0
 40
1.125
309
GRIDFORMAT_END
 95
       16
302
GRIDFORMAT
  1
GRIDFORMAT_BEGIN
 90
        0
 91
        1
 62
     0
 92
       -2
340
14
 93
        0
 40
1.125
309
GRIDFORMAT_END
 95
       32
302
GRIDFORMAT
  1
GRIDFORMAT_BEGIN
 90
        0
 91
        1
 62
     0
 92
       -2
340
14
 93
        0
 40
1.125
309
GRIDFORMAT_END
309
TABLEFORMAT_END
  1
CELLSTYLE_BEGIN
 90
        3
 91
        2
300
_DATA
309
CELLSTYLE_END
  0
ACDBASSOCARRAYACTIONBODY
  5
805
330
804
100
AcDbAssocActionBody
 90
        2
100
AcDbAssocArrayActionBody
 90
        1
  1
AcDbAssocArrayPathParameters
 90
        0
 90
       39
  1
AcDbAssocArrayItem
100
AcDbAssocArrayItem
 90
        0
 90
        0
 90
        0
 90
        0
 90
        8
 11
2233.664717572747
 21
2234.478822645767
 31
0.0
330
7C2
100
AcDbAssocArrayItem
 90
        0
 90
        1
 90
        0
 90
        0
 90
        8
 11
2239.237132540583
 21
2234.478822645767
 31
0.0
330
7C3
100
AcDbAssocArrayItem
 90
        0
 90
        2
 90
        0
 90
        0
 90
        8
 11
2244.809547508419
 21
2234.478822645767
 31
0.0
330
7C4
100
AcDbAssocArrayItem
 90
        0
 90
        3
 90
        0
 90
        0
 90
        8
 11
2250.381962476255
 21
2234.478822645767
 31
0.0
330
7C5
100
AcDbAssocArrayItem
 90
        0
 90
        4
 90
        0
 90
        0
 90
        8
 11
2255.954377444091
 21
2234.478822645767
 31
0.0
330
7C6
100
AcDbAssocArrayItem
 90
        0
 90
        5
 90
        0
 90
        0
 90
        8
 11
2261.526792411926
 21
2234.478822645767
 31
0.0
330
7C7
100
AcDbAssocArrayItem
 90
        0
 90
        6
 90
        0
 90
        0
 90
        8
 11
2267.099207379762
 21
2234.478822645767
 31
0.0
330
7C8
100
AcDbAssocArrayItem
 90
        0
 90
        7
 90
        0
 90
        0
 90
        8
 11
2272.671622347598
 21
2234.478822645767
 31
0.0
330
7C9
100
AcDbAssocArrayItem
 90
        0
 90
        8
 90
        0
 90
        0
 90
        8
 11
2278.244037315433
 21
2234.478822645767
 31
0.0
330
7CA
100
AcDbAssocArrayItem
 90
        0
 90
        9
 90
        0
 90
        0
 90
        8
 11
2283.816452283269
 21
2234.478822645767
 31
0.0
330
7CB
100
AcDbAssocArrayItem
 90
        0
 90
       10
 90
        0
 90
        0
 90
       12
 40
0.8084916864745515
 40
0.5885075979981358
 40
0.0
 40
2289.21587486424
 40
-0.5885075979981358
 40
0.8084916864745515
 40
0.0
 40
2233.664912313283
 40
0.0
 40
0.0
 40
1.0
 40
0.0
 40
0.0
 40
0.0
 40
0.0
 40
1.0
330
7CC
100
AcDbAssocArrayItem
 90
        0
 90
       11
 90
        0
 90
        0
 90
       12
 40
0.0
 40
1.0
 40
0.0
 40
2290.964717572748
 40
-1.0
 40
0.0
 40
0.0
 40
2228.658142388452
 40
0.0
 40
0.0
 40
1.0
 40
0.0
 40
0.0
 40
0.0
 40
0.0
 40
1.0
330
7CD
100
AcDbAssocArrayItem
 90
        0
 90
       12
 90
        0
 90
        0
 90
       12
 40
0.0
 40
1.0
 40
0.0
 40
2290.964717572748
 40
-1.0
 40
0.0
 40
0.0
 40
2223.085727420617
 40
0.0
 40
0.0
 40
1.0
 40
0.0
 40
0.0
 40
0.0
 40
0.0
 40
1.0
330
7CE
100
AcDbAssocArrayItem
 90
        0
 90
       13
 90
        0
 90
        0
 90
       12
 40
0.0
 40
1.0
 40
0.0
 40
2290.964717572748
 40
-1.0
 40
0.0
 40
0.0
 40
2217.513312452781
 40
0.0
 40
0.0
 40
1.0
 40
0.0
 40
0.0
 40
0.0
 40
0.0
 40
1.0
330
7CF
100
AcDbAssocArrayItem
 90
        0
 90
       14
 90
        0
 90
        0
 90
       12
 40
0.0
 40
1.0
 40
0.0
 40
2290.964717572748
 40
-1.0
 40
0.0
 40
0.0
 40
2211.940897484945
 40
0.0
 40
0.0
 40
1.0
 40
0.0
 40
0.0
 40
0.0
 40
0.0
 40
1.0
330
7D0
100
AcDbAssocArrayItem
 90
        0
 90
       15
 90
        0
 90
        0
 90
       12
 40
0.0
 40
1.0
 40
0.0
 40
2290.964717572748
 40
-1.0
 40
0.0
 40
0.0
 40
2206.368482517111
 40
0.0
 40
0.0
 40
1.0
 40
0.0
 40
0.0
 40
0.0
 40
0.0
 40
1.0
330
7D1
100
AcDbAssocArrayItem
 90
        0
 90
       16
 90
        0
 90
        0
 90
       12
 40
0.0
 40
1.0
 40
0.0
 40
2290.964717572748
 40
-1.0
 40
0.0
 40
0.0
 40
2200.796067549274
 40
0.0
 40
0.0
 40
1.0
 40
0.0
 40
0.0
 40
0.0
 40
0.0
 40
1.0
330
7D2
100
AcDbAssocArrayItem
 90
        0
 90
       17
 90
        0
 90
        0
 90
       12
 40
0.0
 40
1.0
 40
0.0
 40
2290.964717572748
 40
-1.0
 40
0.0
 40
0.0
 40
2195.223652581438
 40
0.0
 40
0.0
 40
1.0
 40
0.0
 40
0.0
 40
0.0
 40
0.0
 40
1.0
330
7D3
100
AcDbAssocArrayItem
 90
        0
 90
       18
 90
        0
 90
        0
 90
       12
 40
0.0
 40
1.0
 40
0.0
 40
2290.964717572748
 40
-1.0
 40
0.0
 40
0.0
 40
2189.651237613603
 40
0.0
 40
0.0
 40
1.0
 40
0.0
 40
0.0
 40
0.0
 40
0.0
 40
1.0
330
7D4
100
AcDbAssocArrayItem
 90
        0
 90
       19
 90
        0
 90
        0
 90
       12
 40
0.0
 40
1.0
 40
0.0
 40
2290.964717572748
 40
-1.0
 40
0.0
 40
0.0
 40
2184.078822645767
 40
0.0
 40
0.0
 40
1.0
 40
0.0
 40
0.0
 40
0.0
 40
0.0
 40
1.0
330
7D5
100
AcDbAssocArrayItem
 90
        0
 90
       20
 90
        0
 90
        0
 90
       12
 40
0.0
 40
1.0
 40
0.0
 40
2290.964717572748
 40
-1.0
 40
0.0
 40
0.0
 40
2178.506407677931
 40
0.0
 40
0.0
 40
1.0
 40
0.0
 40
0.0
 40
0.0
 40
0.0
 40
1.0
330
7D6
100
AcDbAssocArrayItem
 90
        0
 90
       21
 90
        0
 90
        0
 90
       12
 40
0.0
 40
1.0
 40
0.0
 40
2290.964717572748
 40
-1.0
 40
0.0
 40
0.0
 40
2172.933992710095
 40
0.0
 40
0.0
 40
1.0
 40
0.0
 40
0.0
 40
0.0
 40
0.0
 40
1.0
330
7D7
100
AcDbAssocArrayItem
 90
        0
 90
       22
 90
        0
 90
        0
 90
       12
 40
0.0
 40
1.0
 40
0.0
 40
2290.964717572748
 40
-1.0
 40
0.0
 40
0.0
 40
2167.36157774226
 40
0.0
 40
0.0
 40
1.0
 40
0.0
 40
0.0
 40
0.0
 40
0.0
 40
1.0
330
7D8
100
AcDbAssocArrayItem
 90
        0
 90
       23
 90
        0
 90
        0
 90
       12
 40
0.0
 40
1.0
 40
0.0
 40
2290.964717572748
 40
-1.0
 40
0.0
 40
0.0
 40
2161.789162774424
 40
0.0
 40
0.0
 40
1.0
 40
0.0
 40
0.0
 40
0.0
 40
0.0
 40
1.0
330
7D9
100
AcDbAssocArrayItem
 90
        0
 90
       24
 90
        0
 90
        0
 90
       12
 40
0.0
 40
1.0
 40
0.0
 40
2290.964717572748
 40
-1.0
 40
0.0
 40
0.0
 40
2156.216747806588
 40
0.0
 40
0.0
 40
1.0
 40
0.0
 40
0.0
 40
0.0
 40
0.0
 40
1.0
330
7DA
100
AcDbAssocArrayItem
 90
        0
 90
       25
 90
        0
 90
        0
 90
       12
 40
0.0
 40
1.0
 40
0.0
 40
2290.964717572748
 40
-1.0
 40
0.0
 40
0.0
 40
2150.644332838752
 40
0.0
 40
0.0
 40
1.0
 40
0.0
 40
0.0
 40
0.0
 40
0.0
 40
1.0
330
7DB
100
AcDbAssocArrayItem
 90
        0
 90
       26
 90
        0
 90
        0
 90
       12
 40
0.0
 40
1.0
 40
0.0
 40
2290.964717572748
 40
-1.0
 40
0.0
 40
0.0
 40
2145.071917870917
 40
0.0
 40
0.0
 40
1.0
 40
0.0
 40
0.0
 40
0.0
 40
0.0
 40
1.0
330
7DC
100
AcDbAssocArrayItem
 90
        0
 90
       27
 90
        0
 90
        0
 90
       12
 40
0.0
 40
1.0
 40
0.0
 40
2290.964717572748
 40
-1.0
 40
0.0
 40
0.0
 40
2139.499502903081
 40
0.0
 40
0.0
 40
1.0
 40
0.0
 40
0.0
 40
0.0
 40
0.0
 40
1.0
330
7DD
100
AcDbAssocArrayItem
 90
        0
 90
       28
 90
        0
 90
        0
 90
       12
 40
-0.8084916864745508
 40
0.5885075979981367
 40
0.0
 40
2289.21587486424
 40
-0.5885075979981367
 40
-0.8084916864745508
 40
0.0
 40
2134.49273297825
 40
0.0
 40
0.0
 40
1.0
 40
0.0
 40
0.0
 40
0.0
 40
0.0
 40
1.0
330
7DE
100
AcDbAssocArrayItem
 90
        0
 90
       29
 90
        0
 90
        0
 90
       12
 40
-1.0
 40
0.0000000000000002
 40
0.0
 40
2283.816452283269
 40
-0.0000000000000002
 40
-1.0
 40
0.0
 40
2133.678822645767
 40
0.0
 40
0.0
 40
1.0
 40
0.0
 40
0.0
 40
0.0
 40
0.0
 40
1.0
330
7DF
100
AcDbAssocArrayItem
 90
        0
 90
       30
 90
        0
 90
        0
 90
       12
 40
-1.0
 40
0.0000000000000002
 40
0.0
 40
2278.244037315433
 40
-0.0000000000000002
 40
-1.0
 40
0.0
 40
2133.678822645767
 40
0.0
 40
0.0
 40
1.0
 40
0.0
 40
0.0
 40
0.0
 40
0.0
 40
1.0
330
7E0
100
AcDbAssocArrayItem
 90
        0
 90
       31
 90
        0
 90
        0
 90
       12
 40
-1.0
 40
0.0000000000000002
 40
0.0
 40
2272.671622347598
 40
-0.0000000000000002
 40
-1.0
 40
0.0
 40
2133.678822645767
 40
0.0
 40
0.0
 40
1.0
 40
0.0
 40
0.0
 40
0.0
 40
0.0
 40
1.0
330
7E1
100
AcDbAssocArrayItem
 90
        0
 90
       32
 90
        0
 90
        0
 90
       12
 40
-1.0
 40
0.0000000000000002
 40
0.0
 40
2267.099207379762
 40
-0.0000000000000002
 40
-1.0
 40
0.0
 40
2133.678822645767
 40
0.0
 40
0.0
 40
1.0
 40
0.0
 40
0.0
 40
0.0
 40
0.0
 40
1.0
330
7E2
100
AcDbAssocArrayItem
 90
        0
 90
       33
 90
        0
 90
        0
 90
       12
 40
-1.0
 40
0.0000000000000002
 40
0.0
 40
2261.526792411926
 40
-0.0000000000000002
 40
-1.0
 40
0.0
 40
2133.678822645767
 40
0.0
 40
0.0
 40
1.0
 40
0.0
 40
0.0
 40
0.0
 40
0.0
 40
1.0
330
7E3
100
AcDbAssocArrayItem
 90
        0
 90
       34
 90
        0
 90
        0
 90
       12
 40
-1.0
 40
0.0000000000000002
 40
0.0
 40
2255.954377444091
 40
-0.0000000000000002
 40
-1.0
 40
0.0
 40
2133.678822645767
 40
0.0
 40
0.0
 40
1.0
 40
0.0
 40
0.0
 40
0.0
 40
0.0
 40
1.0
330
7E4
100
AcDbAssocArrayItem
 90
        0
 90
       35
 90
        0
 90
        0
 90
       12
 40
-1.0
 40
0.0000000000000002
 40
0.0
 40
2250.381962476255
 40
-0.0000000000000002
 40
-1.0
 40
0.0
 40
2133.678822645767
 40
0.0
 40
0.0
 40
1.0
 40
0.0
 40
0.0
 40
0.0
 40
0.0
 40
1.0
330
7E5
100
AcDbAssocArrayItem
 90
        0
 90
       36
 90
        0
 90
        0
 90
       12
 40
-1.0
 40
0.0000000000000002
 40
0.0
 40
2244.809547508419
 40
-0.0000000000000002
 40
-1.0
 40
0.0
 40
2133.678822645767
 40
0.0
 40
0.0
 40
1.0
 40
0.0
 40
0.0
 40
0.0
 40
0.0
 40
1.0
330
7E6
100
AcDbAssocArrayItem
 90
        0
 90
       37
 90
        0
 90
        0
 90
       12
 40
-1.0
 40
0.0000000000000002
 40
0.0
 40
2239.237132540583
 40
-0.0000000000000002
 40
-1.0
 40
0.0
 40
2133.678822645767
 40
0.0
 40
0.0
 40
1.0
 40
0.0
 40
0.0
 40
0.0
 40
0.0
 40
1.0
330
7E7
100
AcDbAssocArrayItem
 90
        0
 90
       38
 90
        0
 90
        0
 90
       12
 40
-1.0
 40
0.0000000000000002
 40
0.0
 40
2233.664717572747
 40
-0.0000000000000002
 40
-1.0
 40
0.0
 40
2133.678822645767
 40
0.0
 40
0.0
 40
1.0
 40
0.0
 40
0.0
 40
0.0
 40
0.0
 40
1.0
330
7E8
 40
1.0
 40
-0.0000000000000001
 40
0.0
 40
121.2938486681946
 40
-0.0000000000000001
 40
-1.0
 40
0.0
 40
4377.962680347939
 40
0.0
 40
0.0
 40
1.0
 40
0.0
 40
0.0
 40
0.0
 40
0.0
 40
1.0
  0
ACDBASSOCDEPENDENCY
  5
806
330
804
100
AcDbAssocDependency
 90
        2
 90
        0
290
     0
290
     1
290
     1
290
     1
 90
        0
330
7C0
290
     0
330
0
330
0
360
0
 90
        2
  0
ACDBASSOCDEPENDENCY
  5
807
330
804
100
AcDbAssocDependency
 90
        2
 90
        0
290
     1
290
     0
290
     1
290
     1
 90
        0
330
7BA
290
     0
330
0
330
0
360
0
 90
        3
  0
ACDBASSOCDEPENDENCY
  5
808
330
804
100
AcDbAssocDependency
 90
        2
 90
        0
290
     1
290
     1
290
     1
290
     1
 90
-2147483648
330
7AD
290
     0
330
0
330
0
360
0
 90
        4
  0
ACDBASSOCVERTEXACTIONPARAM
  5
809
330
804
100
AcDbAssocActionParam
 90
        1
 90
        0
  1
BaseNormal
100
AcDbAssocSingleDependencyActionParam
 90
        0
330
0
100
AcDbAssocVertexActionParam
 90
        0
 10
0.0
 20
0.0
 30
1.0
  0
ACDBASSOCVERTEXACTIONPARAM
  5
80A
330
804
100
AcDbAssocActionParam
 90
        1
 90
        0
  1
Origin
100
AcDbAssocSingleDependencyActionParam
 90
        0
330
0
100
AcDbAssocVertexActionParam
 90
        0
 10
0.0
 20
0.0
 30
0.0
  0
ACDBASSOCEDGEACTIONPARAM
  5
80B
330
804
100
AcDbAssocActionParam
 90
        1
 90
        0
  1
RowProfile
100
AcDbAssocSingleDependencyActionParam
 90
        0
330
0
100
AcDbAssocEdgeActionParam
 90
        0
330
0
290
     1
 90
       47
 90
        5
 90
       23
 10
2233.664717572747
 20
2234.478822645767
 30
0.0
 10
53.05000000000018
 20
0.0
 30
0.0
 90
       11
 10
2286.714717572748
 20
2230.228822645767
 30
0.0
 10
0.0
 20
0.0
 30
-1.0
 10
1.0
 20
0.0
 30
0.0
 40
4.25
 40
4.712388980384688
 40
6.283185307179585
 40
0.0
 90
       23
 10
2290.964717572748
 20
2230.228822645767
 30
0.0
 10
0.0
 20
-92.30000000000018
 30
0.0
 90
       11
 10
2286.714717572748
 20
2137.928822645767
 30
0.0
 10
0.0
 20
0.0
 30
-1.0
 10
1.0
 20
0.0
 30
0.0
 40
4.25
 40
6.283185307179585
 40
7.853981633974482
 40
0.0
 90
       23
 10
2286.714717572748
 20
2133.678822645767
 30
0.0
 10
-53.05000000000018
 20
0.0
 30
0.0
  0
ACDBASSOCVERTEXACTIONPARAM
  5
80C
330
804
100
AcDbAssocActionParam
 90
        1
 90
        0
  1
basePoint
100
AcDbAssocSingleDependencyActionParam
 90
        0
330
0
100
AcDbAssocVertexActionParam
 90
        0
 10
0.0
 20
0.0
 30
0.0
  0
ACDBASSOCARRAYACTIONBODY
  5
84A
330
849
100
AcDbAssocActionBody
 90
        2
100
AcDbAssocArrayActionBody
 90
        1
  1
AcDbAssocArrayPathParameters
 90
        0
 90
       38
  1
AcDbAssocArrayItem
100
AcDbAssocArrayItem
 90
        0
 90
        0
 90
        0
 90
        0
 90
       12
 40
-1.0
 40
0.0
 40
0.0
 40
2198.864717572748
 40
0.0
 40
-1.0
 40
0.0
 40
2234.478822645767
 40
0.0
 40
0.0
 40
1.0
 40
0.0
 40
0.0
 40
0.0
 40
0.0
 40
1.0
330
854
100
AcDbAssocArrayItem
 90
        0
 90
        1
 90
        0
 90
        0
 90
       12
 40
-1.0
 40
0.0
 40
0.0
 40
2193.217372470646
 40
0.0
 40
-1.0
 40
0.0
 40
2234.478822645767
 40
0.0
 40
0.0
 40
1.0
 40
0.0
 40
0.0
 40
0.0
 40
0.0
 40
1.0
330
855
100
AcDbAssocArrayItem
 90
        0
 90
        2
 90
        0
 90
        0
 90
       12
 40
-1.0
 40
0.0
 40
0.0
 40
2187.570027368545
 40
0.0
 40
-1.0
 40
0.0
 40
2234.478822645767
 40
0.0
 40
0.0
 40
1.0
 40
0.0
 40
0.0
 40
0.0
 40
0.0
 40
1.0
330
856
100
AcDbAssocArrayItem
 90
        0
 90
        3
 90
        0
 90
        0
 90
       12
 40
-1.0
 40
0.0
 40
0.0
 40
2181.922682266443
 40
0.0
 40
-1.0
 40
0.0
 40
2234.478822645767
 40
0.0
 40
0.0
 40
1.0
 40
0.0
 40
0.0
 40
0.0
 40
0.0
 40
1.0
330
857
100
AcDbAssocArrayItem
 90
        0
 90
        4
 90
        0
 90
        0
 90
       12
 40
-1.0
 40
0.0
 40
0.0
 40
2176.275337164342
 40
0.0
 40
-1.0
 40
0.0
 40
2234.478822645767
 40
0.0
 40
0.0
 40
1.0
 40
0.0
 40
0.0
 40
0.0
 40
0.0
 40
1.0
330
858
100
AcDbAssocArrayItem
 90
        0
 90
        5
 90
        0
 90
        0
 90
       12
 40
-1.0
 40
0.0
 40
0.0
 40
2170.62799206224
 40
0.0
 40
-1.0
 40
0.0
 40
2234.478822645767
 40
0.0
 40
0.0
 40
1.0
 40
0.0
 40
0.0
 40
0.0
 40
0.0
 40
1.0
330
859
100
AcDbAssocArrayItem
 90
        0
 90
        6
 90
        0
 90
        0
 90
       12
 40
-1.0
 40
0.0
 40
0.0
 40
2164.980646960139
 40
0.0
 40
-1.0
 40
0.0
 40
2234.478822645767
 40
0.0
 40
0.0
 40
1.0
 40
0.0
 40
0.0
 40
0.0
 40
0.0
 40
1.0
330
85A
100
AcDbAssocArrayItem
 90
        0
 90
        7
 90
        0
 90
        0
 90
       12
 40
-1.0
 40
0.0
 40
0.0
 40
2159.333301858037
 40
0.0
 40
-1.0
 40
0.0
 40
2234.478822645767
 40
0.0
 40
0.0
 40
1.0
 40
0.0
 40
0.0
 40
0.0
 40
0.0
 40
1.0
330
85B
100
AcDbAssocArrayItem
 90
        0
 90
        8
 90
        0
 90
        0
 90
       12
 40
-1.0
 40
0.0
 40
0.0
 40
2153.685956755936
 40
0.0
 40
-1.0
 40
0.0
 40
2234.478822645767
 40
0.0
 40
0.0
 40
1.0
 40
0.0
 40
0.0
 40
0.0
 40
0.0
 40
1.0
330
85C
100
AcDbAssocArrayItem
 90
        0
 90
        9
 90
        0
 90
        0
 90
       12
 40
-1.0
 40
0.0
 40
0.0
 40
2148.038611653834
 40
0.0
 40
-1.0
 40
0.0
 40
2234.478822645767
 40
0.0
 40
0.0
 40
1.0
 40
0.0
 40
0.0
 40
0.0
 40
0.0
 40
1.0
330
85D
100
AcDbAssocArrayItem
 90
        0
 90
       10
 90
        0
 90
        0
 90
       12
 40
-0.4221962044069222
 40
0.9065044759869575
 40
0.0
 40
2143.362073549803
 40
-0.9065044759869575
 40
-0.4221962044069222
 40
0.0
 40
2232.023156514497
 40
0.0
 40
0.0
 40
1.0
 40
0.0
 40
0.0
 40
0.0
 40
0.0
 40
1.0
330
85E
100
AcDbAssocArrayItem
 90
        0
 90
       11
 90
        0
 90
        0
 90
       12
 40
-0.0000000000000005
 40
1.0
 40
0.0
 40
2142.964717572748
 40
-1.0
 40
-0.0000000000000005
 40
0.0
 40
2226.433910911528
 40
0.0
 40
0.0
 40
1.0
 40
0.0
 40
0.0
 40
0.0
 40
0.0
 40
1.0
330
85F
100
AcDbAssocArrayItem
 90
        0
 90
       12
 90
        0
 90
        0
 90
       12
 40
-0.0000000000000005
 40
1.0
 40
0.0
 40
2142.964717572748
 40
-1.0
 40
-0.0000000000000005
 40
0.0
 40
2220.786565809427
 40
0.0
 40
0.0
 40
1.0
 40
0.0
 40
0.0
 40
0.0
 40
0.0
 40
1.0
330
860
100
AcDbAssocArrayItem
 90
        0
 90
       13
 90
        0
 90
        0
 90
       12
 40
-0.0000000000000005
 40
1.0
 40
0.0
 40
2142.964717572748
 40
-1.0
 40
-0.0000000000000005
 40
0.0
 40
2215.139220707325
 40
0.0
 40
0.0
 40
1.0
 40
0.0
 40
0.0
 40
0.0
 40
0.0
 40
1.0
330
861
100
AcDbAssocArrayItem
 90
        0
 90
       14
 90
        0
 90
        0
 90
       12
 40
-0.0000000000000005
 40
1.0
 40
0.0
 40
2142.964717572748
 40
-1.0
 40
-0.0000000000000005
 40
0.0
 40
2209.491875605223
 40
0.0
 40
0.0
 40
1.0
 40
0.0
 40
0.0
 40
0.0
 40
0.0
 40
1.0
330
862
100
AcDbAssocArrayItem
 90
        0
 90
       15
 90
        0
 90
        0
 90
       12
 40
-0.0000000000000005
 40
1.0
 40
0.0
 40
2142.964717572748
 40
-1.0
 40
-0.0000000000000005
 40
0.0
 40
2203.844530503122
 40
0.0
 40
0.0
 40
1.0
 40
0.0
 40
0.0
 40
0.0
 40
0.0
 40
1.0
330
863
100
AcDbAssocArrayItem
 90
        0
 90
       16
 90
        0
 90
        0
 90
       12
 40
-0.0000000000000005
 40
1.0
 40
0.0
 40
2142.964717572748
 40
-1.0
 40
-0.0000000000000005
 40
0.0
 40
2198.197185401021
 40
0.0
 40
0.0
 40
1.0
 40
0.0
 40
0.0
 40
0.0
 40
0.0
 40
1.0
330
864
100
AcDbAssocArrayItem
 90
        0
 90
       17
 90
        0
 90
        0
 90
       12
 40
-0.0000000000000005
 40
1.0
 40
0.0
 40
2142.964717572748
 40
-1.0
 40
-0.0000000000000005
 40
0.0
 40
2192.549840298919
 40
0.0
 40
0.0
 40
1.0
 40
0.0
 40
0.0
 40
0.0
 40
0.0
 40
1.0
330
865
100
AcDbAssocArrayItem
 90
        0
 90
       18
 90
        0
 90
        0
 90
       12
 40
-0.0000000000000005
 40
1.0
 40
0.0
 40
2142.964717572748
 40
-1.0
 40
-0.0000000000000005
 40
0.0
 40
2186.902495196818
 40
0.0
 40
0.0
 40
1.0
 40
0.0
 40
0.0
 40
0.0
 40
0.0
 40
1.0
330
866
100
AcDbAssocArrayItem
 90
        0
 90
       19
 90
        0
 90
        0
 90
       12
 40
-0.0000000000000005
 40
1.0
 40
0.0
 40
2142.964717572748
 40
-1.0
 40
-0.0000000000000005
 40
0.0
 40
2181.255150094716
 40
0.0
 40
0.0
 40
1.0
 40
0.0
 40
0.0
 40
0.0
 40
0.0
 40
1.0
330
867
100
AcDbAssocArrayItem
 90
        0
 90
       20
 90
        0
 90
        0
 90
       12
 40
-0.0000000000000005
 40
1.0
 40
0.0
 40
2142.964717572748
 40
-1.0
 40
-0.0000000000000005
 40
0.0
 40
2175.607804992615
 40
0.0
 40
0.0
 40
1.0
 40
0.0
 40
0.0
 40
0.0
 40
0.0
 40
1.0
330
868
100
AcDbAssocArrayItem
 90
        0
 90
       21
 90
        0
 90
        0
 90
       12
 40
-0.0000000000000005
 40
1.0
 40
0.0
 40
2142.964717572748
 40
-1.0
 40
-0.0000000000000005
 40
0.0
 40
2169.960459890513
 40
0.0
 40
0.0
 40
1.0
 40
0.0
 40
0.0
 40
0.0
 40
0.0
 40
1.0
330
869
100
AcDbAssocArrayItem
 90
        0
 90
       22
 90
        0
 90
        0
 90
       12
 40
-0.0000000000000005
 40
1.0
 40
0.0
 40
2142.964717572748
 40
-1.0
 40
-0.0000000000000005
 40
0.0
 40
2164.313114788412
 40
0.0
 40
0.0
 40
1.0
 40
0.0
 40
0.0
 40
0.0
 40
0.0
 40
1.0
330
86A
100
AcDbAssocArrayItem
 90
        0
 90
       23
 90
        0
 90
        0
 90
       12
 40
-0.0000000000000005
 40
1.0
 40
0.0
 40
2142.964717572748
 40
-1.0
 40
-0.0000000000000005
 40
0.0
 40
2158.66576968631
 40
0.0
 40
0.0
 40
1.0
 40
0.0
 40
0.0
 40
0.0
 40
0.0
 40
1.0
330
86B
100
AcDbAssocArrayItem
 90
        0
 90
       24
 90
        0
 90
        0
 90
       12
 40
-0.0000000000000005
 40
1.0
 40
0.0
 40
2142.964717572748
 40
-1.0
 40
-0.0000000000000005
 40
0.0
 40
2153.018424584209
 40
0.0
 40
0.0
 40
1.0
 40
0.0
 40
0.0
 40
0.0
 40
0.0
 40
1.0
330
86C
100
AcDbAssocArrayItem
 90
        0
 90
       25
 90
        0
 90
        0
 90
       12
 40
-0.0000000000000005
 40
1.0
 40
0.0
 40
2142.964717572748
 40
-1.0
 40
-0.0000000000000005
 40
0.0
 40
2147.371079482107
 40
0.0
 40
0.0
 40
1.0
 40
0.0
 40
0.0
 40
0.0
 40
0.0
 40
1.0
330
86D
100
AcDbAssocArrayItem
 90
        0
 90
       26
 90
        0
 90
        0
 90
       12
 40
-0.0000000000000005
 40
1.0
 40
0.0
 40
2142.964717572748
 40
-1.0
 40
-0.0000000000000005
 40
0.0
 40
2141.723734380005
 40
0.0
 40
0.0
 40
1.0
 40
0.0
 40
0.0
 40
0.0
 40
0.0
 40
1.0
330
86E
100
AcDbAssocArrayItem
 90
        0
 90
       27
 90
        0
 90
        0
 90
       12
 40
0.4221962044069095
 40
0.9065044759869634
 40
0.0
 40
2143.362073549803
 40
-0.9065044759869634
 40
0.4221962044069095
 40
0.0
 40
2136.134488777038
 40
0.0
 40
0.0
 40
1.0
 40
0.0
 40
0.0
 40
0.0
 40
0.0
 40
1.0
330
86F
100
AcDbAssocArrayItem
 90
        0
 90
       28
 90
        0
 90
        0
 90
        8
 11
2148.038611653834
 21
2133.678822645767
 31
0.0
330
870
100
AcDbAssocArrayItem
 90
        0
 90
       29
 90
        0
 90
        0
 90
        8
 11
2153.685956755936
 21
2133.678822645767
 31
0.0
330
871
100
AcDbAssocArrayItem
 90
        0
 90
       30
 90
        0
 90
        0
 90
        8
 11
2159.333301858037
 21
2133.678822645767
 31
0.0
330
872
100
AcDbAssocArrayItem
 90
        0
 90
       31
 90
        0
 90
        0
 90
        8
 11
2164.980646960139
 21
2133.678822645767
 31
0.0
330
873
100
AcDbAssocArrayItem
 90
        0
 90
       32
 90
        0
 90
        0
 90
        8
 11
2170.62799206224
 21
2133.678822645767
 31
0.0
330
874
100
AcDbAssocArrayItem
 90
        0
 90
       33
 90
        0
 90
        0
 90
        8
 11
2176.275337164342
 21
2133.678822645767
 31
0.0
330
875
100
AcDbAssocArrayItem
 90
        0
 90
       34
 90
        0
 90
        0
 90
        8
 11
2181.922682266443
 21
2133.678822645767
 31
0.0
330
876
100
AcDbAssocArrayItem
 90
        0
 90
       35
 90
        0
 90
        0
 90
        8
 11
2187.570027368545
 21
2133.678822645767
 31
0.0
330
877
100
AcDbAssocArrayItem
 90
        0
 90
       36
 90
        0
 90
        0
 90
        8
 11
2193.217372470646
 21
2133.678822645767
 31
0.0
330
878
100
AcDbAssocArrayItem
 90
        0
 90
       37
 90
        0
 90
        0
 90
        8
 11
2198.864717572748
 21
2133.678822645767
 31
0.0
330
879
 40
1.0
 40
0.0
 40
0.0
 40
-26.26977707519472
 40
0.0
 40
1.0
 40
0.0
 40
9.805035056404904
 40
0.0
 40
0.0
 40
1.0
 40
0.0
 40
0.0
 40
0.0
 40
0.0
 40
1.0
  0
ACDBASSOCDEPENDENCY
  5
84F
330
849
100
AcDbAssocDependency
 90
        2
 90
        0
290
     0
290
     1
290
     1
290
     1
 90
        0
330
843
290
     0
330
0
330
0
360
0
 90
        2
  0
ACDBASSOCDEPENDENCY
  5
850
330
849
100
AcDbAssocDependency
 90
        2
 90
        0
290
     1
290
     0
290
     1
290
     1
 90
        0
330
840
290
     0
330
0
330
0
360
0
 90
        3
  0
ACDBASSOCDEPENDENCY
  5
851
330
849
100
AcDbAssocDependency
 90
        2
 90
        0
290
     1
290
     1
290
     1
290
     1
 90
-2147483648
330
846
290
     0
330
0
330
0
360
0
 90
        4
  0
ACDBASSOCVERTEXACTIONPARAM
  5
84B
330
849
100
AcDbAssocActionParam
 90
        1
 90
        0
  1
BaseNormal
100
AcDbAssocSingleDependencyActionParam
 90
        0
330
0
100
AcDbAssocVertexActionParam
 90
        0
 10
0.0
 20
0.0
 30
1.0
  0
ACDBASSOCVERTEXACTIONPARAM
  5
84C
330
849
100
AcDbAssocActionParam
 90
        1
 90
        0
  1
Origin
100
AcDbAssocSingleDependencyActionParam
 90
        0
330
0
100
AcDbAssocVertexActionParam
 90
        0
 10
0.0
 20
0.0
 30
0.0
  0
ACDBASSOCEDGEACTIONPARAM
  5
84D
330
849
100
AcDbAssocActionParam
 90
        1
 90
        0
  1
RowProfile
100
AcDbAssocSingleDependencyActionParam
 90
        0
330
0
100
AcDbAssocEdgeActionParam
 90
        0
330
0
290
     1
 90
       47
 90
        5
 90
       23
 10
2198.864717572748
 20
2133.678822645767
 30
0.0
 10
-51.65000000000009
 20
0.0
 30
0.0
 90
       11
 10
2147.214717572748
 20
2137.928822645767
 30
0.0
 10
0.0
 20
0.0
 30
-1.0
 10
1.0
 20
0.0
 30
0.0
 40
4.25
 40
1.570796326794896
 40
3.141592653589792
 40
0.0
 90
       23
 10
2142.964717572748
 20
2137.928822645767
 30
0.0
 10
0.0
 20
92.30000000000018
 30
0.0
 90
       11
 10
2147.214717572748
 20
2230.228822645767
 30
0.0
 10
0.0
 20
0.0
 30
-1.0
 10
1.0
 20
0.0
 30
0.0
 40
4.25
 40
3.141592653589792
 40
4.712388980384688
 40
0.0
 90
       23
 10
2147.214717572748
 20
2234.478822645767
 30
0.0
 10
51.65000000000009
 20
0.0
 30
0.0
  0
ACDBASSOCVERTEXACTIONPARAM
  5
852
330
849
100
AcDbAssocActionParam
 90
        1
 90
        0
  1
basePoint
100
AcDbAssocSingleDependencyActionParam
 90
        0
330
0
100
AcDbAssocVertexActionParam
 90
        0
 10
0.0
 20
0.0
 30
0.0
  0
ACDBASSOCARRAYACTIONBODY
  5
D14
330
D13
100
AcDbAssocActionBody
 90
        2
100
AcDbAssocArrayActionBody
 90
        1
  1
AcDbAssocArrayPathParameters
 90
        0
 90
       39
  1
AcDbAssocArrayItem
100
AcDbAssocArrayItem
 90
        0
 90
        0
 90
        0
 90
        0
 90
        8
 11
2233.664717572747
 21
2234.478822645767
 31
0.0
330
CC3
100
AcDbAssocArrayItem
 90
        0
 90
        1
 90
        0
 90
        0
 90
        8
 11
2239.237132540583
 21
2234.478822645767
 31
0.0
330
CC4
100
AcDbAssocArrayItem
 90
        0
 90
        2
 90
        0
 90
        0
 90
        8
 11
2244.809547508419
 21
2234.478822645767
 31
0.0
330
CC5
100
AcDbAssocArrayItem
 90
        0
 90
        3
 90
        0
 90
        0
 90
        8
 11
2250.381962476255
 21
2234.478822645767
 31
0.0
330
CC6
100
AcDbAssocArrayItem
 90
        0
 90
        4
 90
        0
 90
        0
 90
        8
 11
2255.954377444091
 21
2234.478822645767
 31
0.0
330
CC7
100
AcDbAssocArrayItem
 90
        0
 90
        5
 90
        0
 90
        0
 90
        8
 11
2261.526792411926
 21
2234.478822645767
 31
0.0
330
CC8
100
AcDbAssocArrayItem
 90
        0
 90
        6
 90
        0
 90
        0
 90
        8
 11
2267.099207379762
 21
2234.478822645767
 31
0.0
330
CC9
100
AcDbAssocArrayItem
 90
        0
 90
        7
 90
        0
 90
        0
 90
        8
 11
2272.671622347598
 21
2234.478822645767
 31
0.0
330
CCA
100
AcDbAssocArrayItem
 90
        0
 90
        8
 90
        0
 90
        0
 90
        8
 11
2278.244037315433
 21
2234.478822645767
 31
0.0
330
CCB
100
AcDbAssocArrayItem
 90
        0
 90
        9
 90
        0
 90
        0
 90
        8
 11
2283.816452283269
 21
2234.478822645767
 31
0.0
330
CCC
100
AcDbAssocArrayItem
 90
        0
 90
       10
 90
        0
 90
        0
 90
       12
 40
0.8084916864745515
 40
0.5885075979981358
 40
0.0
 40
2289.21587486424
 40
-0.5885075979981358
 40
0.8084916864745515
 40
0.0
 40
2233.664912313283
 40
0.0
 40
0.0
 40
1.0
 40
0.0
 40
0.0
 40
0.0
 40
0.0
 40
1.0
330
CCD
100
AcDbAssocArrayItem
 90
        0
 90
       11
 90
        0
 90
        0
 90
       12
 40
0.0
 40
1.0
 40
0.0
 40
2290.964717572748
 40
-1.0
 40
0.0
 40
0.0
 40
2228.658142388452
 40
0.0
 40
0.0
 40
1.0
 40
0.0
 40
0.0
 40
0.0
 40
0.0
 40
1.0
330
CCE
100
AcDbAssocArrayItem
 90
        0
 90
       12
 90
        0
 90
        0
 90
       12
 40
0.0
 40
1.0
 40
0.0
 40
2290.964717572748
 40
-1.0
 40
0.0
 40
0.0
 40
2223.085727420617
 40
0.0
 40
0.0
 40
1.0
 40
0.0
 40
0.0
 40
0.0
 40
0.0
 40
1.0
330
CCF
100
AcDbAssocArrayItem
 90
        0
 90
       13
 90
        0
 90
        0
 90
       12
 40
0.0
 40
1.0
 40
0.0
 40
2290.964717572748
 40
-1.0
 40
0.0
 40
0.0
 40
2217.513312452781
 40
0.0
 40
0.0
 40
1.0
 40
0.0
 40
0.0
 40
0.0
 40
0.0
 40
1.0
330
CD0
100
AcDbAssocArrayItem
 90
        0
 90
       14
 90
        0
 90
        0
 90
       12
 40
0.0
 40
1.0
 40
0.0
 40
2290.964717572748
 40
-1.0
 40
0.0
 40
0.0
 40
2211.940897484945
 40
0.0
 40
0.0
 40
1.0
 40
0.0
 40
0.0
 40
0.0
 40
0.0
 40
1.0
330
CD1
100
AcDbAssocArrayItem
 90
        0
 90
       15
 90
        0
 90
        0
 90
       12
 40
0.0
 40
1.0
 40
0.0
 40
2290.964717572748
 40
-1.0
 40
0.0
 40
0.0
 40
2206.368482517111
 40
0.0
 40
0.0
 40
1.0
 40
0.0
 40
0.0
 40
0.0
 40
0.0
 40
1.0
330
CD2
100
AcDbAssocArrayItem
 90
        0
 90
       16
 90
        0
 90
        0
 90
       12
 40
0.0
 40
1.0
 40
0.0
 40
2290.964717572748
 40
-1.0
 40
0.0
 40
0.0
 40
2200.796067549274
 40
0.0
 40
0.0
 40
1.0
 40
0.0
 40
0.0
 40
0.0
 40
0.0
 40
1.0
330
CD3
100
AcDbAssocArrayItem
 90
        0
 90
       17
 90
        0
 90
        0
 90
       12
 40
0.0
 40
1.0
 40
0.0
 40
2290.964717572748
 40
-1.0
 40
0.0
 40
0.0
 40
2195.223652581438
 40
0.0
 40
0.0
 40
1.0
 40
0.0
 40
0.0
 40
0.0
 40
0.0
 40
1.0
330
CD4
100
AcDbAssocArrayItem
 90
        0
 90
       18
 90
        0
 90
        0
 90
       12
 40
0.0
 40
1.0
 40
0.0
 40
2290.964717572748
 40
-1.0
 40
0.0
 40
0.0
 40
2189.651237613603
 40
0.0
 40
0.0
 40
1.0
 40
0.0
 40
0.0
 40
0.0
 40
0.0
 40
1.0
330
CD5
100
AcDbAssocArrayItem
 90
        0
 90
       19
 90
        0
 90
        0
 90
       12
 40
0.0
 40
1.0
 40
0.0
 40
2290.964717572748
 40
-1.0
 40
0.0
 40
0.0
 40
2184.078822645767
 40
0.0
 40
0.0
 40
1.0
 40
0.0
 40
0.0
 40
0.0
 40
0.0
 40
1.0
330
CD6
100
AcDbAssocArrayItem
 90
        0
 90
       20
 90
        0
 90
        0
 90
       12
 40
0.0
 40
1.0
 40
0.0
 40
2290.964717572748
 40
-1.0
 40
0.0
 40
0.0
 40
2178.506407677931
 40
0.0
 40
0.0
 40
1.0
 40
0.0
 40
0.0
 40
0.0
 40
0.0
 40
1.0
330
CD7
100
AcDbAssocArrayItem
 90
        0
 90
       21
 90
        0
 90
        0
 90
       12
 40
0.0
 40
1.0
 40
0.0
 40
2290.964717572748
 40
-1.0
 40
0.0
 40
0.0
 40
2172.933992710095
 40
0.0
 40
0.0
 40
1.0
 40
0.0
 40
0.0
 40
0.0
 40
0.0
 40
1.0
330
CD8
100
AcDbAssocArrayItem
 90
        0
 90
       22
 90
        0
 90
        0
 90
       12
 40
0.0
 40
1.0
 40
0.0
 40
2290.964717572748
 40
-1.0
 40
0.0
 40
0.0
 40
2167.36157774226
 40
0.0
 40
0.0
 40
1.0
 40
0.0
 40
0.0
 40
0.0
 40
0.0
 40
1.0
330
CD9
100
AcDbAssocArrayItem
 90
        0
 90
       23
 90
        0
 90
        0
 90
       12
 40
0.0
 40
1.0
 40
0.0
 40
2290.964717572748
 40
-1.0
 40
0.0
 40
0.0
 40
2161.789162774424
 40
0.0
 40
0.0
 40
1.0
 40
0.0
 40
0.0
 40
0.0
 40
0.0
 40
1.0
330
CDA
100
AcDbAssocArrayItem
 90
        0
 90
       24
 90
        0
 90
        0
 90
       12
 40
0.0
 40
1.0
 40
0.0
 40
2290.964717572748
 40
-1.0
 40
0.0
 40
0.0
 40
2156.216747806588
 40
0.0
 40
0.0
 40
1.0
 40
0.0
 40
0.0
 40
0.0
 40
0.0
 40
1.0
330
CDB
100
AcDbAssocArrayItem
 90
        0
 90
       25
 90
        0
 90
        0
 90
       12
 40
0.0
 40
1.0
 40
0.0
 40
2290.964717572748
 40
-1.0
 40
0.0
 40
0.0
 40
2150.644332838752
 40
0.0
 40
0.0
 40
1.0
 40
0.0
 40
0.0
 40
0.0
 40
0.0
 40
1.0
330
CDC
100
AcDbAssocArrayItem
 90
        0
 90
       26
 90
        0
 90
        0
 90
       12
 40
0.0
 40
1.0
 40
0.0
 40
2290.964717572748
 40
-1.0
 40
0.0
 40
0.0
 40
2145.071917870917
 40
0.0
 40
0.0
 40
1.0
 40
0.0
 40
0.0
 40
0.0
 40
0.0
 40
1.0
330
CDD
100
AcDbAssocArrayItem
 90
        0
 90
       27
 90
        0
 90
        0
 90
       12
 40
0.0
 40
1.0
 40
0.0
 40
2290.964717572748
 40
-1.0
 40
0.0
 40
0.0
 40
2139.499502903081
 40
0.0
 40
0.0
 40
1.0
 40
0.0
 40
0.0
 40
0.0
 40
0.0
 40
1.0
330
CDE
100
AcDbAssocArrayItem
 90
        0
 90
       28
 90
        0
 90
        0
 90
       12
 40
-0.8084916864745508
 40
0.5885075979981367
 40
0.0
 40
2289.21587486424
 40
-0.5885075979981367
 40
-0.8084916864745508
 40
0.0
 40
2134.49273297825
 40
0.0
 40
0.0
 40
1.0
 40
0.0
 40
0.0
 40
0.0
 40
0.0
 40
1.0
330
CDF
100
AcDbAssocArrayItem
 90
        0
 90
       29
 90
        0
 90
        0
 90
       12
 40
-1.0
 40
0.0000000000000002
 40
0.0
 40
2283.816452283269
 40
-0.0000000000000002
 40
-1.0
 40
0.0
 40
2133.678822645767
 40
0.0
 40
0.0
 40
1.0
 40
0.0
 40
0.0
 40
0.0
 40
0.0
 40
1.0
330
CE0
100
AcDbAssocArrayItem
 90
        0
 90
       30
 90
        0
 90
        0
 90
       12
 40
-1.0
 40
0.0000000000000002
 40
0.0
 40
2278.244037315433
 40
-0.0000000000000002
 40
-1.0
 40
0.0
 40
2133.678822645767
 40
0.0
 40
0.0
 40
1.0
 40
0.0
 40
0.0
 40
0.0
 40
0.0
 40
1.0
330
CE1
100
AcDbAssocArrayItem
 90
        0
 90
       31
 90
        0
 90
        0
 90
       12
 40
-1.0
 40
0.0000000000000002
 40
0.0
 40
2272.671622347598
 40
-0.0000000000000002
 40
-1.0
 40
0.0
 40
2133.678822645767
 40
0.0
 40
0.0
 40
1.0
 40
0.0
 40
0.0
 40
0.0
 40
0.0
 40
1.0
330
CE2
100
AcDbAssocArrayItem
 90
        0
 90
       32
 90
        0
 90
        0
 90
       12
 40
-1.0
 40
0.0000000000000002
 40
0.0
 40
2267.099207379762
 40
-0.0000000000000002
 40
-1.0
 40
0.0
 40
2133.678822645767
 40
0.0
 40
0.0
 40
1.0
 40
0.0
 40
0.0
 40
0.0
 40
0.0
 40
1.0
330
CE3
100
AcDbAssocArrayItem
 90
        0
 90
       33
 90
        0
 90
        0
 90
       12
 40
-1.0
 40
0.0000000000000002
 40
0.0
 40
2261.526792411926
 40
-0.0000000000000002
 40
-1.0
 40
0.0
 40
2133.678822645767
 40
0.0
 40
0.0
 40
1.0
 40
0.0
 40
0.0
 40
0.0
 40
0.0
 40
1.0
330
CE4
100
AcDbAssocArrayItem
 90
        0
 90
       34
 90
        0
 90
        0
 90
       12
 40
-1.0
 40
0.0000000000000002
 40
0.0
 40
2255.954377444091
 40
-0.0000000000000002
 40
-1.0
 40
0.0
 40
2133.678822645767
 40
0.0
 40
0.0
 40
1.0
 40
0.0
 40
0.0
 40
0.0
 40
0.0
 40
1.0
330
CE5
100
AcDbAssocArrayItem
 90
        0
 90
       35
 90
        0
 90
        0
 90
       12
 40
-1.0
 40
0.0000000000000002
 40
0.0
 40
2250.381962476255
 40
-0.0000000000000002
 40
-1.0
 40
0.0
 40
2133.678822645767
 40
0.0
 40
0.0
 40
1.0
 40
0.0
 40
0.0
 40
0.0
 40
0.0
 40
1.0
330
CE6
100
AcDbAssocArrayItem
 90
        0
 90
       36
 90
        0
 90
        0
 90
       12
 40
-1.0
 40
0.0000000000000002
 40
0.0
 40
2244.809547508419
 40
-0.0000000000000002
 40
-1.0
 40
0.0
 40
2133.678822645767
 40
0.0
 40
0.0
 40
1.0
 40
0.0
 40
0.0
 40
0.0
 40
0.0
 40
1.0
330
CE7
100
AcDbAssocArrayItem
 90
        0
 90
       37
 90
        0
 90
        0
 90
       12
 40
-1.0
 40
0.0000000000000002
 40
0.0
 40
2239.237132540583
 40
-0.0000000000000002
 40
-1.0
 40
0.0
 40
2133.678822645767
 40
0.0
 40
0.0
 40
1.0
 40
0.0
 40
0.0
 40
0.0
 40
0.0
 40
1.0
330
CE8
100
AcDbAssocArrayItem
 90
        0
 90
       38
 90
        0
 90
        0
 90
       12
 40
-1.0
 40
0.0000000000000002
 40
0.0
 40
2233.664717572747
 40
-0.0000000000000002
 40
-1.0
 40
0.0
 40
2133.678822645767
 40
0.0
 40
0.0
 40
1.0
 40
0.0
 40
0.0
 40
0.0
 40
0.0
 40
1.0
330
CE9
 40
1.0
 40
0.0
 40
0.0
 40
-2229.914717572747
 40
0.0
 40
1.0
 40
0.0
 40
-2129.928822645767
 40
0.0
 40
0.0
 40
1.0
 40
0.0
 40
0.0
 40
0.0
 40
0.0
 40
1.0
  0
ACDBASSOCDEPENDENCY
  5
D15
330
D13
100
AcDbAssocDependency
 90
        2
 90
        0
290
     0
290
     1
290
     1
290
     1
 90
        0
330
CC1
290
     0
330
0
330
0
360
0
 90
        2
  0
ACDBASSOCDEPENDENCY
  5
D16
330
D13
100
AcDbAssocDependency
 90
        2
 90
        0
290
     1
290
     0
290
     1
290
     1
 90
        0
330
CBD
290
     0
330
0
330
0
360
0
 90
        3
  0
ACDBASSOCDEPENDENCY
  5
D17
330
D13
100
AcDbAssocDependency
 90
        2
 90
        0
290
     1
290
     1
290
     1
290
     1
 90
-2147483648
330
D07
290
     0
330
0
330
0
360
0
 90
        4
  0
ACDBASSOCVERTEXACTIONPARAM
  5
D18
330
D13
100
AcDbAssocActionParam
 90
        1
 90
        0
  1
BaseNormal
100
AcDbAssocSingleDependencyActionParam
 90
        0
330
0
100
AcDbAssocVertexActionParam
 90
        0
 10
0.0
 20
0.0
 30
1.0
  0
ACDBASSOCVERTEXACTIONPARAM
  5
D19
330
D13
100
AcDbAssocActionParam
 90
        1
 90
        0
  1
Origin
100
AcDbAssocSingleDependencyActionParam
 90
        0
330
0
100
AcDbAssocVertexActionParam
 90
        0
 10
0.0
 20
0.0
 30
0.0
  0
ACDBASSOCEDGEACTIONPARAM
  5
D1A
330
D13
100
AcDbAssocActionParam
 90
        1
 90
        0
  1
RowProfile
100
AcDbAssocSingleDependencyActionParam
 90
        0
330
0
100
AcDbAssocEdgeActionParam
 90
        0
330
0
290
     1
 90
       47
 90
        5
 90
       23
 10
2233.664717572747
 20
2234.478822645767
 30
0.0
 10
53.05000000000018
 20
0.0
 30
0.0
 90
       11
 10
2286.714717572748
 20
2230.228822645767
 30
0.0
 10
0.0
 20
0.0
 30
-1.0
 10
1.0
 20
0.0
 30
0.0
 40
4.25
 40
4.712388980384688
 40
6.283185307179585
 40
0.0
 90
       23
 10
2290.964717572748
 20
2230.228822645767
 30
0.0
 10
0.0
 20
-92.30000000000018
 30
0.0
 90
       11
 10
2286.714717572748
 20
2137.928822645767
 30
0.0
 10
0.0
 20
0.0
 30
-1.0
 10
1.0
 20
0.0
 30
0.0
 40
4.25
 40
6.283185307179585
 40
7.853981633974482
 40
0.0
 90
       23
 10
2286.714717572748
 20
2133.678822645767
 30
0.0
 10
-53.05000000000018
 20
0.0
 30
0.0
  0
ACDBASSOCVERTEXACTIONPARAM
  5
D1B
330
D13
100
AcDbAssocActionParam
 90
        1
 90
        0
  1
basePoint
100
AcDbAssocSingleDependencyActionParam
 90
        0
330
0
100
AcDbAssocVertexActionParam
 90
        0
 10
0.0
 20
0.0
 30
0.0
  0
ACDBASSOCARRAYACTIONBODY
  5
D1D
330
D1C
100
AcDbAssocActionBody
 90
        2
100
AcDbAssocArrayActionBody
 90
        1
  1
AcDbAssocArrayPathParameters
 90
        0
 90
       19
  1
AcDbAssocArrayItem
100
AcDbAssocArrayItem
 90
        0
 90
        0
 90
        0
 90
        0
 90
       12
 40
0.0
 40
-1.0
 40
0.0
 40
2233.664717572747
 40
1.0
 40
0.0
 40
0.0
 40
2133.678822645767
 40
0.0
 40
0.0
 40
1.0
 40
0.0
 40
0.0
 40
0.0
 40
0.0
 40
1.0
330
CF1
100
AcDbAssocArrayItem
 90
        0
 90
        1
 90
        0
 90
        0
 90
       12
 40
0.0
 40
-1.0
 40
0.0
 40
2233.664717572747
 40
1.0
 40
0.0
 40
0.0
 40
2139.278822645767
 40
0.0
 40
0.0
 40
1.0
 40
0.0
 40
0.0
 40
0.0
 40
0.0
 40
1.0
330
CF2
100
AcDbAssocArrayItem
 90
        0
 90
        2
 90
        0
 90
        0
 90
       12
 40
0.0
 40
-1.0
 40
0.0
 40
2233.664717572747
 40
1.0
 40
0.0
 40
0.0
 40
2144.878822645766
 40
0.0
 40
0.0
 40
1.0
 40
0.0
 40
0.0
 40
0.0
 40
0.0
 40
1.0
330
CF3
100
AcDbAssocArrayItem
 90
        0
 90
        3
 90
        0
 90
        0
 90
       12
 40
0.0
 40
-1.0
 40
0.0
 40
2233.664717572747
 40
1.0
 40
0.0
 40
0.0
 40
2150.478822645767
 40
0.0
 40
0.0
 40
1.0
 40
0.0
 40
0.0
 40
0.0
 40
0.0
 40
1.0
330
CF4
100
AcDbAssocArrayItem
 90
        0
 90
        4
 90
        0
 90
        0
 90
       12
 40
0.0
 40
-1.0
 40
0.0
 40
2233.664717572747
 40
1.0
 40
0.0
 40
0.0
 40
2156.078822645767
 40
0.0
 40
0.0
 40
1.0
 40
0.0
 40
0.0
 40
0.0
 40
0.0
 40
1.0
330
CF5
100
AcDbAssocArrayItem
 90
        0
 90
        5
 90
        0
 90
        0
 90
       12
 40
0.0
 40
-1.0
 40
0.0
 40
2233.664717572747
 40
1.0
 40
0.0
 40
0.0
 40
2161.678822645766
 40
0.0
 40
0.0
 40
1.0
 40
0.0
 40
0.0
 40
0.0
 40
0.0
 40
1.0
330
CF6
100
AcDbAssocArrayItem
 90
        0
 90
        6
 90
        0
 90
        0
 90
       12
 40
0.0
 40
-1.0
 40
0.0
 40
2233.664717572747
 40
1.0
 40
0.0
 40
0.0
 40
2167.278822645767
 40
0.0
 40
0.0
 40
1.0
 40
0.0
 40
0.0
 40
0.0
 40
0.0
 40
1.0
330
CF7
100
AcDbAssocArrayItem
 90
        0
 90
        7
 90
        0
 90
        0
 90
       12
 40
0.0
 40
-1.0
 40
0.0
 40
2233.664717572747
 40
1.0
 40
0.0
 40
0.0
 40
2172.878822645767
 40
0.0
 40
0.0
 40
1.0
 40
0.0
 40
0.0
 40
0.0
 40
0.0
 40
1.0
330
CF8
100
AcDbAssocArrayItem
 90
        0
 90
        8
 90
        0
 90
        0
 90
       12
 40
0.0
 40
-1.0
 40
0.0
 40
2233.664717572747
 40
1.0
 40
0.0
 40
0.0
 40
2178.478822645767
 40
0.0
 40
0.0
 40
1.0
 40
0.0
 40
0.0
 40
0.0
 40
0.0
 40
1.0
330
CF9
100
AcDbAssocArrayItem
 90
        0
 90
        9
 90
        0
 90
        0
 90
       12
 40
0.0
 40
-1.0
 40
0.0
 40
2233.664717572747
 40
1.0
 40
0.0
 40
0.0
 40
2184.078822645767
 40
0.0
 40
0.0
 40
1.0
 40
0.0
 40
0.0
 40
0.0
 40
0.0
 40
1.0
330
CFA
100
AcDbAssocArrayItem
 90
        0
 90
       10
 90
        0
 90
        0
 90
       12
 40
0.0
 40
-1.0
 40
0.0
 40
2233.664717572747
 40
1.0
 40
0.0
 40
0.0
 40
2189.678822645767
 40
0.0
 40
0.0
 40
1.0
 40
0.0
 40
0.0
 40
0.0
 40
0.0
 40
1.0
330
CFB
100
AcDbAssocArrayItem
 90
        0
 90
       11
 90
        0
 90
        0
 90
       12
 40
0.0
 40
-1.0
 40
0.0
 40
2233.664717572747
 40
1.0
 40
0.0
 40
0.0
 40
2195.278822645767
 40
0.0
 40
0.0
 40
1.0
 40
0.0
 40
0.0
 40
0.0
 40
0.0
 40
1.0
330
CFC
100
AcDbAssocArrayItem
 90
        0
 90
       12
 90
        0
 90
        0
 90
       12
 40
0.0
 40
-1.0
 40
0.0
 40
2233.664717572747
 40
1.0
 40
0.0
 40
0.0
 40
2200.878822645767
 40
0.0
 40
0.0
 40
1.0
 40
0.0
 40
0.0
 40
0.0
 40
0.0
 40
1.0
330
CFD
100
AcDbAssocArrayItem
 90
        0
 90
       13
 90
        0
 90
        0
 90
       12
 40
0.0
 40
-1.0
 40
0.0
 40
2233.664717572747
 40
1.0
 40
0.0
 40
0.0
 40
2206.478822645767
 40
0.0
 40
0.0
 40
1.0
 40
0.0
 40
0.0
 40
0.0
 40
0.0
 40
1.0
330
CFE
100
AcDbAssocArrayItem
 90
        0
 90
       14
 90
        0
 90
        0
 90
       12
 40
0.0
 40
-1.0
 40
0.0
 40
2233.664717572747
 40
1.0
 40
0.0
 40
0.0
 40
2212.078822645767
 40
0.0
 40
0.0
 40
1.0
 40
0.0
 40
0.0
 40
0.0
 40
0.0
 40
1.0
330
CFF
100
AcDbAssocArrayItem
 90
        0
 90
       15
 90
        0
 90
        0
 90
       12
 40
0.0
 40
-1.0
 40
0.0
 40
2233.664717572747
 40
1.0
 40
0.0
 40
0.0
 40
2217.678822645767
 40
0.0
 40
0.0
 40
1.0
 40
0.0
 40
0.0
 40
0.0
 40
0.0
 40
1.0
330
D00
100
AcDbAssocArrayItem
 90
        0
 90
       16
 90
        0
 90
        0
 90
       12
 40
0.0
 40
-1.0
 40
0.0
 40
2233.664717572747
 40
1.0
 40
0.0
 40
0.0
 40
2223.278822645767
 40
0.0
 40
0.0
 40
1.0
 40
0.0
 40
0.0
 40
0.0
 40
0.0
 40
1.0
330
D01
100
AcDbAssocArrayItem
 90
        0
 90
       17
 90
        0
 90
        0
 90
       12
 40
0.0
 40
-1.0
 40
0.0
 40
2233.664717572747
 40
1.0
 40
0.0
 40
0.0
 40
2228.878822645767
 40
0.0
 40
0.0
 40
1.0
 40
0.0
 40
0.0
 40
0.0
 40
0.0
 40
1.0
330
D02
100
AcDbAssocArrayItem
 90
        0
 90
       18
 90
        0
 90
        0
 90
       12
 40
0.0
 40
-1.0
 40
0.0
 40
2233.664717572747
 40
1.0
 40
0.0
 40
0.0
 40
2234.478822645767
 40
0.0
 40
0.0
 40
1.0
 40
0.0
 40
0.0
 40
0.0
 40
0.0
 40
1.0
330
D03
 40
1.0
 40
0.0
 40
0.0
 40
-2229.914717572747
 40
0.0
 40
1.0
 40
0.0
 40
-2129.928822645767
 40
0.0
 40
0.0
 40
1.0
 40
0.0
 40
0.0
 40
0.0
 40
0.0
 40
1.0
  0
ACDBASSOCDEPENDENCY
  5
D1E
330
D1C
100
AcDbAssocDependency
 90
        2
 90
        0
290
     0
290
     1
290
     1
290
     1
 90
        0
330
CEF
290
     0
330
0
330
0
360
0
 90
        2
  0
ACDBASSOCDEPENDENCY
  5
D1F
330
D1C
100
AcDbAssocDependency
 90
        2
 90
        0
290
     1
290
     0
290
     1
290
     1
 90
        0
330
CEB
290
     0
330
0
330
0
360
0
 90
        3
  0
ACDBASSOCDEPENDENCY
  5
D20
330
D1C
100
AcDbAssocDependency
 90
        2
 90
        0
290
     1
290
     1
290
     1
290
     1
 90
-2147483648
330
D08
290
     0
330
0
330
0
360
0
 90
        4
  0
ACDBASSOCVERTEXACTIONPARAM
  5
D21
330
D1C
100
AcDbAssocActionParam
 90
        1
 90
        0
  1
BaseNormal
100
AcDbAssocSingleDependencyActionParam
 90
        0
330
0
100
AcDbAssocVertexActionParam
 90
        0
 10
0.0
 20
0.0
 30
1.0
  0
ACDBASSOCVERTEXACTIONPARAM
  5
D22
330
D1C
100
AcDbAssocActionParam
 90
        1
 90
        0
  1
Origin
100
AcDbAssocSingleDependencyActionParam
 90
        0
330
0
100
AcDbAssocVertexActionParam
 90
        0
 10
0.0
 20
0.0
 30
0.0
  0
ACDBASSOCEDGEACTIONPARAM
  5
D23
330
D1C
100
AcDbAssocActionParam
 90
        1
 90
        0
  1
RowProfile
100
AcDbAssocSingleDependencyActionParam
 90
        0
330
0
100
AcDbAssocEdgeActionParam
 90
        0
330
0
290
     1
 90
       23
 10
2233.664717572747
 20
2133.678822645767
 30
0.0
 10
0.0
 20
100.8000000000002
 30
0.0
  0
ACDBASSOCVERTEXACTIONPARAM
  5
D24
330
D1C
100
AcDbAssocActionParam
 90
        1
 90
        0
  1
basePoint
100
AcDbAssocSingleDependencyActionParam
 90
        0
330
0
100
AcDbAssocVertexActionParam
 90
        0
 10
0.0
 20
0.0
 30
0.0
  0
ENDSEC
  0
SECTION
  2
ACDSDATA
 70
     2
 71
     8
  0
ACDSSCHEMA
 90
        0
  1
AcDb_Thumbnail_Schema
  2
AcDbDs::ID
280
    10
 91
        8
  2
Thumbnail_Data
280
    15
 91
        0
101
ACDSRECORD
 95
        0
 90
        1
  2
AcDbDs::TreatedAsObjectData
280
     1
291
     1
101
ACDSRECORD
 95
        0
 90
        2
  2
AcDbDs::Legacy
280
     1
291
     1
101
ACDSRECORD
  1
AcDbDs::ID
 90
        3
  2
AcDs:Indexable
280
     1
291
     1
101
ACDSRECORD
  1
AcDbDs::ID
 90
        4
  2
AcDbDs::HandleAttribute
280
     7
282
     1
  0
ACDSSCHEMA
 90
        1
  1
AcDbDs::TreatedAsObjectDataSchema
  2
AcDbDs::TreatedAsObjectData
280
     1
 91
        0
  0
ACDSSCHEMA
 90
        2
  1
AcDbDs::LegacySchema
  2
AcDbDs::Legacy
280
     1
 91
        0
  0
ACDSSCHEMA
 90
        3
  1
AcDbDs::IndexedPropertySchema
  2
AcDs:Indexable
280
     1
 91
        0
  0
ACDSSCHEMA
 90
        4
  1
AcDbDs::HandleAttributeSchema
  2
AcDbDs::HandleAttribute
280
     7
 91
        1
284
     1
  0
ACDSRECORD
 90
        0
  2
AcDbDs::ID
280
    10
320
22
  2
Thumbnail_Data
280
    15
 94
     1279
310
89504E470D0A1A0A0000000D49484452000001000000007408030000005D681C3700000300504C5445212830FFFFFF2128300000000000000000000000000000000000000000000000000000330000660000990000CC0000FF0033000033330033660033990033CC0033FF0066000066330066660066990066CC0066FF0099
310
000099330099660099990099CC0099FF00CC0000CC3300CC6600CC9900CCCC00CCFF00FF0000FF3300FF6600FF9900FFCC00FFFF3300003300333300663300993300CC3300FF3333003333333333663333993333CC3333FF3366003366333366663366993366CC3366FF3399003399333399663399993399CC3399FF33CC00
310
33CC3333CC6633CC9933CCCC33CCFF33FF0033FF3333FF6633FF9933FFCC33FFFF6600006600336600666600996600CC6600FF6633006633336633666633996633CC6633FF6666006666336666666666996666CC6666FF6699006699336699666699996699CC6699FF66CC0066CC3366CC6666CC9966CCCC66CCFF66FF0066
310
FF3366FF6666FF9966FFCC66FFFF9900009900339900669900999900CC9900FF9933009933339933669933999933CC9933FF9966009966339966669966999966CC9966FF9999009999339999669999999999CC9999FF99CC0099CC3399CC6699CC9999CCCC99CCFF99FF0099FF3399FF6699FF9999FFCC99FFFFCC0000CC00
310
33CC0066CC0099CC00CCCC00FFCC3300CC3333CC3366CC3399CC33CCCC33FFCC6600CC6633CC6666CC6699CC66CCCC66FFCC9900CC9933CC9966CC9999CC99CCCC99FFCCCC00CCCC33CCCC66CCCC99CCCCCCCCCCFFCCFF00CCFF33CCFF66CCFF99CCFFCCCCFFFFFF0000FF0033FF0066FF0099FF00CCFF00FFFF3300FF3333
310
FF3366FF3399FF33CCFF33FFFF6600FF6633FF6666FF6699FF66CCFF66FFFF9900FF9933FF9966FF9999FF99CCFF99FFFFCC00FFCC33FFCC66FFCC99FFCCCCFFCCFFFFFF00FFFF33FFFF66FFFF99FFFFCCFFFFFF0000000D0D0D1A1A1A2828283535354343435050505D5D5D6B6B6B787878868686939393A1A1A1AEAEAEBB
310
BBBBC9C9C9D6D6D6E4E4E4F1F1F1FFFFFF0000000000000000000000000000000000000000000000000000000000002E4550F1000000564944415478DAEDD4B10D0020084541F6DF97DE607403BA7F5710EB17B00A000000000000000000000000000000D8D563666C80EA17213940F4067C155FA0A36FE03E6203747600BF
310
0000000000000000000000C08203EAF4387870AD9FF30000000049454E44AE426082000000000000E0A30D945D89D1E2E07BB60000000049454E44AE42608233C04702026D929E4A0001AA02BA496FBB7131017E232064FCFD61484F807C069C4F83179B7F47807BA4F8C71DA12B01D1BA85E30CB088A79F7E2B3C688A86EC
310
815D0A106E8B43FFB75F24BE3F106B1E70F36622A887FBE792C3934530E0A38F03FE38FFC713E072026C2CC0C800046809B041493C961019800004B00C9201086019240310C02A4006FC6B01DFDE107300CBA08400F9AE3000000000344C35AF75CB3737C417508D5FEB4F1D737C03930D0598A280D4A228A07A860004E808
310
98AC08C8E5514E8A0272B2BC28C89F6B9AB3A080C5C072F948B09455056C3380214052802504480BB022207DEF7433605D0DF47682794F0104880B48A62B605ECE00494CC04F2DC04A2F24BE80734FB00E390B0838758573830100000000FC156F96B03801A66D7C4D0000000049454E44AE42608238258AEA2C3498000000
310
0049454E44AE426082
  0
ACDSRECORD
 90
        0
  2
AcDbDs::ID
280
    10
320
D3
  2
Thumbnail_Data
280
    15
 94
     1786
310
89504E470D0A1A0A0000000D4948445200000100000000B408030000004C80028300000300504C5445FFFFFFFFFFFFFFFFFF0000000000000000000000000000000000000000000000000000330000660000990000CC0000FF0033000033330033660033990033CC0033FF0066000066330066660066990066CC0066FF0099
310
000099330099660099990099CC0099FF00CC0000CC3300CC6600CC9900CCCC00CCFF00FF0000FF3300FF6600FF9900FFCC00FFFF3300003300333300663300993300CC3300FF3333003333333333663333993333CC3333FF3366003366333366663366993366CC3366FF3399003399333399663399993399CC3399FF33CC00
310
33CC3333CC6633CC9933CCCC33CCFF33FF0033FF3333FF6633FF9933FFCC33FFFF6600006600336600666600996600CC6600FF6633006633336633666633996633CC6633FF6666006666336666666666996666CC6666FF6699006699336699666699996699CC6699FF66CC0066CC3366CC6666CC9966CCCC66CCFF66FF0066
310
FF3366FF6666FF9966FFCC66FFFF9900009900339900669900999900CC9900FF9933009933339933669933999933CC9933FF9966009966339966669966999966CC9966FF9999009999339999669999999999CC9999FF99CC0099CC3399CC6699CC9999CCCC99CCFF99FF0099FF3399FF6699FF9999FFCC99FFFFCC0000CC00
310
33CC0066CC0099CC00CCCC00FFCC3300CC3333CC3366CC3399CC33CCCC33FFCC6600CC6633CC6666CC6699CC66CCCC66FFCC9900CC9933CC9966CC9999CC99CCCC99FFCCCC00CCCC33CCCC66CCCC99CCCCCCCCCCFFCCFF00CCFF33CCFF66CCFF99CCFFCCCCFFFFFF0000FF0033FF0066FF0099FF00CCFF00FFFF3300FF3333
310
FF3366FF3399FF33CCFF33FFFF6600FF6633FF6666FF6699FF66CCFF66FFFF9900FF9933FF9966FF9999FF99CCFF99FFFFCC00FFCC33FFCC66FFCC99FFCCCCFFCCFFFFFF00FFFF33FFFF66FFFF99FFFFCCFFFFFF0000000D0D0D1A1A1A2828283535354343435050505D5D5D6B6B6B787878868686939393A1A1A1AEAEAEBB
310
BBBBC9C9C9D6D6D6E4E4E4F1F1F1FFFFFF000000000000000000000000000000000000000000000000000000000000AD4AB4E4000003B54944415478DAED9C5D76823010856739D965D6C25397D4A7BECC638F8B282AD4407E0C8892DCB9438F52504B3EEFDC49424EE5D7725C2E17311D044000044000EBD0F1670CCCC74A
310
00B04100D601D004AD03A007100001B00AB00AB00AD0030880005805369BA0F6168703E85DECAFA600011000010000306F826703C817AB9D55ACB714D0790B76A6F607C7EEBBA000129A48DDAF8005A0C90F5631032099141F54C0E92628AF2BA0B2E7DF0B80ED0A48A691769202F1A7EC00504BB60F0099145031AE00152A
310
E02D0A387F2CA0E72AA03D00050544E5ED7E2051F3B41F0FD8A2009D1B2D41ADD7B49148B700D20AD04562074A7850D89E148D4C88688D02B4DC2E2400350A88EC7E3F80064CB04E010A0BE09014589EDAA25890144002604E017BCA209402B6768432EFD7A71706D115CE17111C001F564057C3E17728A0AB0991E2C05F9F
310
5D1782024A1F0003A03029FA0E059C6D829BA6C59F2940F3AF12881B23E5C93F7D725900B7C6CA83BC67B7D1BBB939AAFB3C60A7625B5440BA5D99C450E91DC07A81447066BD4042B3CB290EF4AC9697C8EC5FFED9F48CD0A782CBE408A06D00C9FCCE27FDF695E28D0350CDF97E64FDFFD563F9EA42FDD05217B90913D4FA
310
2E71AEA354516F3100E4BACA15026B380572BD7CCD8D15040DC08614904353800AB0AE80564CF03405745806E901F4002AC09002EA274D69822C8334419A20154005B00AB00AD003E801EC0A330568822C833441280FD065B3A90076840CDD1CCDFD9315B42A706BD629EB031A5A21529702BAEBAF77B042C4FC1299F70701
310
346D8204C01420000220009A2001300508800008201743143FF358EF3B0E40131CE6ED7FE7673E35B6F7B64D4F020960888F3C00C42FFF064B8121D1FE22008944D03980AD0A880FF60E400A005C320C29C0A5DEE2F65D6FA32638A40E050A48B41F0DC05002B05F011DA7C0310AE8D804AD01186224B652404A009CF33E3C
310
E9BD8337C11080BF7EDDDEDF21DC9F9D78F032B800E027C1CF10AEEDF7D81E70FD3550C03AE39D88C7F68025001F03A002D015B0F280250127B50AE8B60AAC15601C404201E8292007A5004657D8AFBABE4E0C2A600D800A40EF0A87C3E11714803123E497E35F27163C2052C00A00BC075001C1B4B84D054400C686BBE9C1
310
84098600A66F7E714B08BC0C7E853747A36F1B3005860A05200390605D44BC40626CEC6D9B9EEE3B0206A0B444C6C72178005E0D2E942480A353A0B7381A0046108075002F982001300508800008802648004C01022000024037C1C73F34417C64192400022000025802F8B51C570017E3F1074CC41E4464AB959100000000
310
49454E44AE426082
  0
ENDSEC
  0
EOF
